target_key,rho,efficacy,collateral,neighbor_count,neighbors_observed,neighbors_full_correct,gap_term
1003582,0.95,1.0,0.0,15,15,15,0.0
1003582,0.9,0.0,0.0,15,15,15,1.0
1003582,0.85,0.0,0.0,15,15,15,1.0
1003582,0.8,1.0,0.06666666666666667,15,15,15,0.06666666666666667
1003582,0.75,1.0,0.0,15,15,15,0.0
1003582,0.7,1.0,0.06666666666666667,15,15,15,0.06666666666666667
1003583,0.95,0.0,0.0,14,14,14,1.0
1003583,0.9,0.0,0.0,14,14,14,1.0
1003583,0.85,0.0,0.07142857142857142,14,14,14,1.0714285714285714
1003583,0.8,1.0,0.0,14,14,14,0.0
1003583,0.75,1.0,0.0,14,14,14,0.0
1003583,0.7,1.0,0.0,14,14,14,0.0
1003808,0.95,1.0,0.0,20,20,20,0.0
1003808,0.9,1.0,0.0,20,20,20,0.0
1003808,0.85,0.0,0.0,20,20,20,1.0
1003808,0.8,0.0,0.0,20,20,20,1.0
1003808,0.75,1.0,0.0,20,20,20,0.0
1003808,0.7,0.0,0.0,20,20,20,1.0
1014859,0.95,0.0,0.0,20,20,20,1.0
1014859,0.9,0.0,0.0,20,20,20,1.0
1014859,0.85,0.0,0.0,20,20,20,1.0
1014859,0.8,0.0,0.0,20,20,20,1.0
1014859,0.75,1.0,0.0,20,20,20,0.0
1014859,0.7,1.0,0.0,20,20,20,0.0
1016663,0.95,1.0,0.0,13,13,13,0.0
1016663,0.9,1.0,0.0,13,13,13,0.0
1016663,0.85,0.0,0.0,13,13,13,1.0
1016663,0.8,1.0,0.0,13,13,13,0.0
1016663,0.75,1.0,0.0,13,13,13,0.0
1016663,0.7,1.0,0.0,13,13,13,0.0
1022353,0.95,0.0,0.0,20,20,20,1.0
1022353,0.9,0.0,0.0,20,20,20,1.0
1022353,0.85,0.0,0.0,20,20,20,1.0
1022353,0.8,1.0,0.0,20,20,20,0.0
1022353,0.75,1.0,0.0,20,20,20,0.0
1022353,0.7,1.0,0.0,20,20,20,0.0
1030164,0.95,0.0,0.0,5,5,5,1.0
1030164,0.9,0.0,0.0,5,5,5,1.0
1030164,0.85,0.0,0.0,5,5,5,1.0
1030164,0.8,0.0,0.0,5,5,5,1.0
1030164,0.75,1.0,0.0,5,5,5,0.0
1030164,0.7,1.0,0.0,5,5,5,0.0
1032898,0.95,0.0,0.0,20,20,20,1.0
1032898,0.9,1.0,0.0,20,20,20,0.0
1032898,0.85,0.0,0.0,20,20,20,1.0
1032898,0.8,0.0,0.0,20,20,20,1.0
1032898,0.75,1.0,0.0,20,20,20,0.0
1032898,0.7,1.0,0.0,20,20,20,0.0
103528,0.95,0.0,0.0,20,20,20,1.0
103528,0.9,0.0,0.0,20,20,20,1.0
103528,0.85,0.0,0.0,20,20,20,1.0
103528,0.8,0.0,0.0,20,20,20,1.0
103528,0.75,0.0,0.0,20,20,20,1.0
103528,0.7,0.0,0.0,20,20,20,1.0
104978,0.95,1.0,0.0,20,20,20,0.0
104978,0.9,1.0,0.0,20,20,20,0.0
104978,0.85,1.0,0.0,20,20,20,0.0
104978,0.8,1.0,0.0,20,20,20,0.0
104978,0.75,1.0,0.0,20,20,20,0.0
104978,0.7,1.0,0.0,20,20,20,0.0
1056699,0.95,0.0,0.0,20,20,20,1.0
1056699,0.9,0.0,0.0,20,20,20,1.0
1056699,0.85,1.0,0.0,20,20,20,0.0
1056699,0.8,0.0,0.0,20,20,20,1.0
1056699,0.75,0.0,0.0,20,20,20,1.0
1056699,0.7,1.0,0.0,20,20,20,0.0
1057843,0.95,0.0,0.0,20,20,20,1.0
1057843,0.9,0.0,0.0,20,20,20,1.0
1057843,0.85,1.0,0.0,20,20,20,0.0
1057843,0.8,1.0,0.0,20,20,20,0.0
1057843,0.75,1.0,0.0,20,20,20,0.0
1057843,0.7,1.0,0.0,20,20,20,0.0
1085503,0.95,0.0,0.0,5,5,5,1.0
1085503,0.9,1.0,0.0,5,5,5,0.0
1085503,0.85,1.0,0.0,5,5,5,0.0
1085503,0.8,1.0,0.0,5,5,5,0.0
1085503,0.75,1.0,0.0,5,5,5,0.0
1085503,0.7,1.0,0.0,5,5,5,0.0
10956,0.95,0.0,0.0,20,20,20,1.0
10956,0.9,0.0,0.0,20,20,20,1.0
10956,0.85,0.0,0.0,20,20,20,1.0
10956,0.8,1.0,0.0,20,20,20,0.0
10956,0.75,1.0,0.0,20,20,20,0.0
10956,0.7,1.0,0.05,20,20,20,0.05
110614,0.95,1.0,0.0,14,14,14,0.0
110614,0.9,1.0,0.0,14,14,14,0.0
110614,0.85,1.0,0.0,14,14,14,0.0
110614,0.8,1.0,0.0,14,14,14,0.0
110614,0.75,1.0,0.0,14,14,14,0.0
110614,0.7,1.0,0.0,14,14,14,0.0
1117259,0.95,0.0,0.0,20,20,20,1.0
1117259,0.9,0.0,0.0,20,20,20,1.0
1117259,0.85,0.0,0.0,20,20,20,1.0
1117259,0.8,1.0,0.0,20,20,20,0.0
1117259,0.75,1.0,0.0,20,20,20,0.0
1117259,0.7,1.0,0.0,20,20,20,0.0
1118624,0.95,0.0,0.0,20,20,20,1.0
1118624,0.9,1.0,0.0,20,20,20,0.0
1118624,0.85,1.0,0.0,20,20,20,0.0
1118624,0.8,1.0,0.0,20,20,20,0.0
1118624,0.75,1.0,0.0,20,20,20,0.0
1118624,0.7,1.0,0.0,20,20,20,0.0
1140403,0.95,0.0,0.0,20,20,20,1.0
1140403,0.9,0.0,0.0,20,20,20,1.0
1140403,0.85,1.0,0.05,20,20,20,0.05
1140403,0.8,1.0,0.05,20,20,20,0.05
1140403,0.75,1.0,0.05,20,20,20,0.05
1140403,0.7,1.0,0.1,20,20,20,0.1
1146607,0.95,0.0,0.0,20,20,20,1.0
1146607,0.9,1.0,0.0,20,20,20,0.0
1146607,0.85,0.0,0.0,20,20,20,1.0
1146607,0.8,0.0,0.0,20,20,20,1.0
1146607,0.75,1.0,0.0,20,20,20,0.0
1146607,0.7,1.0,0.0,20,20,20,0.0
1165631,0.95,0.0,0.0,20,20,20,1.0
1165631,0.9,0.0,0.0,20,20,20,1.0
1165631,0.85,0.0,0.0,20,20,20,1.0
1165631,0.8,1.0,0.0,20,20,20,0.0
1165631,0.75,1.0,0.0,20,20,20,0.0
1165631,0.7,1.0,0.0,20,20,20,0.0
1180105,0.95,1.0,0.0,18,18,18,0.0
1180105,0.9,1.0,0.0,18,18,18,0.0
1180105,0.85,1.0,0.0,18,18,18,0.0
1180105,0.8,1.0,0.0,18,18,18,0.0
1180105,0.75,1.0,0.0,18,18,18,0.0
1180105,0.7,1.0,0.0,18,18,18,0.0
1180121,0.95,0.0,0.0,20,20,20,1.0
1180121,0.9,0.0,0.0,20,20,20,1.0
1180121,0.85,0.0,0.0,20,20,20,1.0
1180121,0.8,1.0,0.0,20,20,20,0.0
1180121,0.75,1.0,0.0,20,20,20,0.0
1180121,0.7,1.0,0.0,20,20,20,0.0
1192195,0.95,0.0,0.0,20,20,20,1.0
1192195,0.9,0.0,0.0,20,20,20,1.0
1192195,0.85,0.0,0.0,20,20,20,1.0
1192195,0.8,0.0,0.0,20,20,20,1.0
1192195,0.75,1.0,0.0,20,20,20,0.0
1192195,0.7,0.0,0.0,20,20,20,1.0
1202712,0.95,0.0,0.0,20,20,20,1.0
1202712,0.9,0.0,0.0,20,20,20,1.0
1202712,0.85,0.0,0.0,20,20,20,1.0
1202712,0.8,1.0,0.1,20,20,20,0.1
1202712,0.75,1.0,0.1,20,20,20,0.1
1202712,0.7,0.0,0.05,20,20,20,1.05
1202713,0.95,0.0,0.0,20,20,20,1.0
1202713,0.9,0.0,0.0,20,20,20,1.0
1202713,0.85,0.0,0.0,20,20,20,1.0
1202713,0.8,1.0,0.1,20,20,20,0.1
1202713,0.75,1.0,0.1,20,20,20,0.1
1202713,0.7,0.0,0.05,20,20,20,1.05
1202714,0.95,0.0,0.0,20,20,20,1.0
1202714,0.9,0.0,0.0,20,20,20,1.0
1202714,0.85,0.0,0.0,20,20,20,1.0
1202714,0.8,1.0,0.1,20,20,20,0.1
1202714,0.75,1.0,0.1,20,20,20,0.1
1202714,0.7,0.0,0.05,20,20,20,1.05
1203961,0.95,1.0,0.0,20,20,20,0.0
1203961,0.9,0.0,0.0,20,20,20,1.0
1203961,0.85,0.0,0.0,20,20,20,1.0
1203961,0.8,0.0,0.0,20,20,20,1.0
1203961,0.75,0.0,0.0,20,20,20,1.0
1203961,0.7,1.0,0.05,20,20,20,0.05
1206290,0.95,0.0,0.0,5,5,5,1.0
1206290,0.9,0.0,0.0,5,5,5,1.0
1206290,0.85,1.0,0.0,5,5,5,0.0
1206290,0.8,1.0,0.0,5,5,5,0.0
1206290,0.75,1.0,0.0,5,5,5,0.0
1206290,0.7,1.0,0.0,5,5,5,0.0
1207361,0.95,0.0,0.0,20,20,20,1.0
1207361,0.9,0.0,0.0,20,20,20,1.0
1207361,0.85,0.0,0.0,20,20,20,1.0
1207361,0.8,1.0,0.0,20,20,20,0.0
1207361,0.75,1.0,0.0,20,20,20,0.0
1207361,0.7,1.0,0.0,20,20,20,0.0
1213220,0.95,1.0,0.0,20,20,20,0.0
1213220,0.9,1.0,0.0,20,20,20,0.0
1213220,0.85,0.0,0.0,20,20,20,1.0
1213220,0.8,0.0,0.0,20,20,20,1.0
1213220,0.75,1.0,0.0,20,20,20,0.0
1213220,0.7,0.0,0.0,20,20,20,1.0
1222235,0.95,0.0,0.0,17,17,17,1.0
1222235,0.9,0.0,0.0,17,17,17,1.0
1222235,0.85,0.0,0.0,17,17,17,1.0
1222235,0.8,1.0,0.0,17,17,17,0.0
1222235,0.75,1.0,0.0,17,17,17,0.0
1222235,0.7,1.0,0.0,17,17,17,0.0
1223420,0.95,0.0,0.0,14,14,14,1.0
1223420,0.9,0.0,0.0,14,14,14,1.0
1223420,0.85,0.0,0.0,14,14,14,1.0
1223420,0.8,1.0,0.35714285714285715,14,14,14,0.35714285714285715
1223420,0.75,1.0,0.35714285714285715,14,14,14,0.35714285714285715
1223420,0.7,0.0,0.0,14,14,14,1.0
1223421,0.95,0.0,0.0,14,14,14,1.0
1223421,0.9,0.0,0.0,14,14,14,1.0
1223421,0.85,0.0,0.0,14,14,14,1.0
1223421,0.8,1.0,0.35714285714285715,14,14,14,0.35714285714285715
1223421,0.75,1.0,0.35714285714285715,14,14,14,0.35714285714285715
1223421,0.7,0.0,0.0,14,14,14,1.0
1223422,0.95,0.0,0.0,14,14,14,1.0
1223422,0.9,0.0,0.0,14,14,14,1.0
1223422,0.85,0.0,0.0,14,14,14,1.0
1223422,0.8,1.0,0.35714285714285715,14,14,14,0.35714285714285715
1223422,0.75,1.0,0.35714285714285715,14,14,14,0.35714285714285715
1223422,0.7,0.0,0.0,14,14,14,1.0
1223423,0.95,0.0,0.0,14,14,14,1.0
1223423,0.9,0.0,0.0,14,14,14,1.0
1223423,0.85,0.0,0.0,14,14,14,1.0
1223423,0.8,1.0,0.35714285714285715,14,14,14,0.35714285714285715
1223423,0.75,1.0,0.35714285714285715,14,14,14,0.35714285714285715
1223423,0.7,0.0,0.0,14,14,14,1.0
1223424,0.95,0.0,0.0,14,14,14,1.0
1223424,0.9,0.0,0.0,14,14,14,1.0
1223424,0.85,0.0,0.0,14,14,14,1.0
1223424,0.8,1.0,0.35714285714285715,14,14,14,0.35714285714285715
1223424,0.75,1.0,0.35714285714285715,14,14,14,0.35714285714285715
1223424,0.7,0.0,0.0,14,14,14,1.0
1223425,0.95,0.0,0.0,14,14,14,1.0
1223425,0.9,0.0,0.0,14,14,14,1.0
1223425,0.85,0.0,0.0,14,14,14,1.0
1223425,0.8,1.0,0.35714285714285715,14,14,14,0.35714285714285715
1223425,0.75,1.0,0.35714285714285715,14,14,14,0.35714285714285715
1223425,0.7,0.0,0.0,14,14,14,1.0
1225029,0.95,0.0,0.0,20,20,20,1.0
1225029,0.9,0.0,0.0,20,20,20,1.0
1225029,0.85,0.0,0.0,20,20,20,1.0
1225029,0.8,0.0,0.0,20,20,20,1.0
1225029,0.75,1.0,0.05,20,20,20,0.05
1225029,0.7,1.0,0.05,20,20,20,0.05
122728,0.95,0.0,0.0,20,20,20,1.0
122728,0.9,0.0,0.0,20,20,20,1.0
122728,0.85,0.0,0.0,20,20,20,1.0
122728,0.8,0.0,0.0,20,20,20,1.0
122728,0.75,1.0,0.0,20,20,20,0.0
122728,0.7,1.0,0.0,20,20,20,0.0
1249362,0.95,0.0,0.0,20,20,20,1.0
1249362,0.9,0.0,0.0,20,20,20,1.0
1249362,0.85,0.0,0.0,20,20,20,1.0
1249362,0.8,1.0,0.15,20,20,20,0.15
1249362,0.75,1.0,0.15,20,20,20,0.15
1249362,0.7,1.0,0.15,20,20,20,0.15
1249363,0.95,0.0,0.0,20,20,20,1.0
1249363,0.9,0.0,0.0,20,20,20,1.0
1249363,0.85,0.0,0.0,20,20,20,1.0
1249363,0.8,1.0,0.15,20,20,20,0.15
1249363,0.75,1.0,0.15,20,20,20,0.15
1249363,0.7,1.0,0.15,20,20,20,0.15
1249364,0.95,0.0,0.0,20,20,20,1.0
1249364,0.9,0.0,0.0,20,20,20,1.0
1249364,0.85,0.0,0.0,20,20,20,1.0
1249364,0.8,1.0,0.15,20,20,20,0.15
1249364,0.75,1.0,0.15,20,20,20,0.15
1249364,0.7,1.0,0.15,20,20,20,0.15
1249365,0.95,0.0,0.0,20,20,20,1.0
1249365,0.9,0.0,0.0,20,20,20,1.0
1249365,0.85,0.0,0.0,20,20,20,1.0
1249365,0.8,1.0,0.15,20,20,20,0.15
1249365,0.75,1.0,0.15,20,20,20,0.15
1249365,0.7,1.0,0.15,20,20,20,0.15
1249920,0.95,0.0,0.0,15,15,15,1.0
1249920,0.9,0.0,0.0,15,15,15,1.0
1249920,0.85,0.0,0.0,15,15,15,1.0
1249920,0.8,0.0,0.0,15,15,15,1.0
1249920,0.75,1.0,0.0,15,15,15,0.0
1249920,0.7,1.0,0.0,15,15,15,0.0
1251752,0.95,0.0,0.0,6,6,6,1.0
1251752,0.9,0.0,0.0,6,6,6,1.0
1251752,0.85,0.0,0.0,6,6,6,1.0
1251752,0.8,1.0,0.0,6,6,6,0.0
1251752,0.75,1.0,0.0,6,6,6,0.0
1251752,0.7,1.0,0.0,6,6,6,0.0
1259497,0.95,0.0,0.0,20,20,20,1.0
1259497,0.9,0.0,0.0,20,20,20,1.0
1259497,0.85,0.0,0.0,20,20,20,1.0
1259497,0.8,1.0,0.05,20,20,20,0.05
1259497,0.75,1.0,0.05,20,20,20,0.05
1259497,0.7,0.0,0.1,20,20,20,1.1
1272890,0.95,0.0,0.0,20,20,20,1.0
1272890,0.9,0.0,0.0,20,20,20,1.0
1272890,0.85,1.0,0.0,20,20,20,0.0
1272890,0.8,0.0,0.0,20,20,20,1.0
1272890,0.75,1.0,0.0,20,20,20,0.0
1272890,0.7,1.0,0.0,20,20,20,0.0
1283737,0.95,1.0,0.0,5,5,5,0.0
1283737,0.9,1.0,0.0,5,5,5,0.0
1283737,0.85,1.0,0.0,5,5,5,0.0
1283737,0.8,1.0,0.0,5,5,5,0.0
1283737,0.75,1.0,0.0,5,5,5,0.0
1283737,0.7,1.0,0.0,5,5,5,0.0
1288919,0.95,0.0,0.0,20,20,20,1.0
1288919,0.9,0.0,0.0,20,20,20,1.0
1288919,0.85,1.0,0.05,20,20,20,0.05
1288919,0.8,0.0,0.0,20,20,20,1.0
1288919,0.75,1.0,0.05,20,20,20,0.05
1288919,0.7,1.0,0.05,20,20,20,0.05
1289558,0.95,0.0,0.0,16,16,16,1.0
1289558,0.9,0.0,0.0,16,16,16,1.0
1289558,0.85,0.0,0.0,16,16,16,1.0
1289558,0.8,0.0,0.0,16,16,16,1.0
1289558,0.75,1.0,0.0625,16,16,16,0.0625
1289558,0.7,0.0,0.0,16,16,16,1.0
1289559,0.95,0.0,0.0,16,16,16,1.0
1289559,0.9,0.0,0.0,16,16,16,1.0
1289559,0.85,0.0,0.0,16,16,16,1.0
1289559,0.8,0.0,0.0,16,16,16,1.0
1289559,0.75,1.0,0.0625,16,16,16,0.0625
1289559,0.7,0.0,0.0,16,16,16,1.0
1292419,0.95,0.0,0.0,14,14,14,1.0
1292419,0.9,1.0,0.0,14,14,14,0.0
1292419,0.85,1.0,0.0,14,14,14,0.0
1292419,0.8,1.0,0.0,14,14,14,0.0
1292419,0.75,1.0,0.0,14,14,14,0.0
1292419,0.7,1.0,0.07142857142857142,14,14,14,0.07142857142857142
1297664,0.95,0.0,0.0,20,20,20,1.0
1297664,0.9,0.0,0.0,20,20,20,1.0
1297664,0.85,0.0,0.0,20,20,20,1.0
1297664,0.8,1.0,0.0,20,20,20,0.0
1297664,0.75,1.0,0.0,20,20,20,0.0
1297664,0.7,1.0,0.0,20,20,20,0.0
13046,0.95,0.0,0.0,20,20,20,1.0
13046,0.9,0.0,0.0,20,20,20,1.0
13046,0.85,0.0,0.0,20,20,20,1.0
13046,0.8,0.0,0.0,20,20,20,1.0
13046,0.75,1.0,0.0,20,20,20,0.0
13046,0.7,1.0,0.0,20,20,20,0.0
1305830,0.95,0.0,0.0,20,20,20,1.0
1305830,0.9,0.0,0.0,20,20,20,1.0
1305830,0.85,0.0,0.0,20,20,20,1.0
1305830,0.8,0.0,0.0,20,20,20,1.0
1305830,0.75,0.0,0.0,20,20,20,1.0
1305830,0.7,0.0,0.1,20,20,20,1.1
1305831,0.95,0.0,0.0,20,20,20,1.0
1305831,0.9,0.0,0.0,20,20,20,1.0
1305831,0.85,0.0,0.0,20,20,20,1.0
1305831,0.8,0.0,0.0,20,20,20,1.0
1305831,0.75,0.0,0.0,20,20,20,1.0
1305831,0.7,0.0,0.1,20,20,20,1.1
1305832,0.95,0.0,0.0,20,20,20,1.0
1305832,0.9,0.0,0.0,20,20,20,1.0
1305832,0.85,0.0,0.0,20,20,20,1.0
1305832,0.8,0.0,0.0,20,20,20,1.0
1305832,0.75,0.0,0.0,20,20,20,1.0
1305832,0.7,0.0,0.1,20,20,20,1.1
1305833,0.95,0.0,0.0,20,20,20,1.0
1305833,0.9,0.0,0.0,20,20,20,1.0
1305833,0.85,0.0,0.0,20,20,20,1.0
1305833,0.8,0.0,0.0,20,20,20,1.0
1305833,0.75,0.0,0.0,20,20,20,1.0
1305833,0.7,0.0,0.1,20,20,20,1.1
1307804,0.95,0.0,0.0,19,19,19,1.0
1307804,0.9,0.0,0.0,19,19,19,1.0
1307804,0.85,0.0,0.0,19,19,19,1.0
1307804,0.8,1.0,0.0,19,19,19,0.0
1307804,0.75,1.0,0.0,19,19,19,0.0
1307804,0.7,1.0,0.0,19,19,19,0.0
1307811,0.95,1.0,0.0,20,20,20,0.0
1307811,0.9,1.0,0.0,20,20,20,0.0
1307811,0.85,1.0,0.0,20,20,20,0.0
1307811,0.8,1.0,0.0,20,20,20,0.0
1307811,0.75,1.0,0.0,20,20,20,0.0
1307811,0.7,1.0,0.0,20,20,20,0.0
1336640,0.95,1.0,0.0,20,20,20,0.0
1336640,0.9,1.0,0.0,20,20,20,0.0
1336640,0.85,1.0,0.0,20,20,20,0.0
1336640,0.8,1.0,0.0,20,20,20,0.0
1336640,0.75,1.0,0.0,20,20,20,0.0
1336640,0.7,1.0,0.0,20,20,20,0.0
1340076,0.95,0.0,0.0,5,5,5,1.0
1340076,0.9,0.0,0.0,5,5,5,1.0
1340076,0.85,0.0,0.0,5,5,5,1.0
1340076,0.8,1.0,0.0,5,5,5,0.0
1340076,0.75,1.0,0.0,5,5,5,0.0
1340076,0.7,1.0,0.0,5,5,5,0.0
1346306,0.95,0.0,0.0,5,5,5,1.0
1346306,0.9,0.0,0.0,5,5,5,1.0
1346306,0.85,0.0,0.0,5,5,5,1.0
1346306,0.8,1.0,0.0,5,5,5,0.0
1346306,0.75,0.0,0.0,5,5,5,1.0
1346306,0.7,1.0,0.0,5,5,5,0.0
1348054,0.95,1.0,0.0,5,5,5,0.0
1348054,0.9,1.0,0.0,5,5,5,0.0
1348054,0.85,1.0,0.0,5,5,5,0.0
1348054,0.8,1.0,0.0,5,5,5,0.0
1348054,0.75,1.0,0.0,5,5,5,0.0
1348054,0.7,1.0,0.0,5,5,5,0.0
1357592,0.95,0.0,0.0,20,20,20,1.0
1357592,0.9,0.0,0.0,20,20,20,1.0
1357592,0.85,0.0,0.0,20,20,20,1.0
1357592,0.8,1.0,0.0,20,20,20,0.0
1357592,0.75,1.0,0.0,20,20,20,0.0
1357592,0.7,1.0,0.0,20,20,20,0.0
1362626,0.95,0.0,0.0,16,16,16,1.0
1362626,0.9,0.0,0.0,16,16,16,1.0
1362626,0.85,0.0,0.0,16,16,16,1.0
1362626,0.8,0.0,0.0,16,16,16,1.0
1362626,0.75,1.0,0.0,16,16,16,0.0
1362626,0.7,1.0,0.0,16,16,16,0.0
1363778,0.95,0.0,0.0,20,20,20,1.0
1363778,0.9,0.0,0.0,20,20,20,1.0
1363778,0.85,0.0,0.0,20,20,20,1.0
1363778,0.8,0.0,0.05,20,20,20,1.05
1363778,0.75,0.0,0.05,20,20,20,1.05
1363778,0.7,1.0,0.1,20,20,20,0.1
1364500,0.95,1.0,0.0,5,5,5,0.0
1364500,0.9,1.0,0.0,5,5,5,0.0
1364500,0.85,1.0,0.0,5,5,5,0.0
1364500,0.8,1.0,0.0,5,5,5,0.0
1364500,0.75,1.0,0.0,5,5,5,0.0
1364500,0.7,1.0,0.0,5,5,5,0.0
1366262,0.95,0.0,0.0,20,20,20,1.0
1366262,0.9,0.0,0.0,20,20,20,1.0
1366262,0.85,0.0,0.0,20,20,20,1.0
1366262,0.8,0.0,0.0,20,20,20,1.0
1366262,0.75,1.0,0.0,20,20,20,0.0
1366262,0.7,1.0,0.0,20,20,20,0.0
1388910,0.95,0.0,0.0,20,20,20,1.0
1388910,0.9,0.0,0.0,20,20,20,1.0
1388910,0.85,1.0,0.0,20,20,20,0.0
1388910,0.8,0.0,0.0,20,20,20,1.0
1388910,0.75,0.0,0.0,20,20,20,1.0
1388910,0.7,1.0,0.0,20,20,20,0.0
1390922,0.95,0.0,0.0,16,16,16,1.0
1390922,0.9,0.0,0.0,16,16,16,1.0
1390922,0.85,0.0,0.0,16,16,16,1.0
1390922,0.8,1.0,0.0,16,16,16,0.0
1390922,0.75,1.0,0.0,16,16,16,0.0
1390922,0.7,1.0,0.0,16,16,16,0.0
1394968,0.95,1.0,0.0,5,5,5,0.0
1394968,0.9,0.0,0.0,5,5,5,1.0
1394968,0.85,1.0,0.0,5,5,5,0.0
1394968,0.8,1.0,0.0,5,5,5,0.0
1394968,0.75,1.0,0.0,5,5,5,0.0
1394968,0.7,1.0,0.0,5,5,5,0.0
1397707,0.95,1.0,0.0,5,5,5,0.0
1397707,0.9,1.0,0.0,5,5,5,0.0
1397707,0.85,1.0,0.0,5,5,5,0.0
1397707,0.8,0.0,0.0,5,5,5,1.0
1397707,0.75,1.0,0.0,5,5,5,0.0
1397707,0.7,0.0,0.0,5,5,5,1.0
13998,0.95,0.0,0.0,20,20,20,1.0
13998,0.9,0.0,0.0,20,20,20,1.0
13998,0.85,0.0,0.0,20,20,20,1.0
13998,0.8,0.0,0.0,20,20,20,1.0
13998,0.75,1.0,0.0,20,20,20,0.0
13998,0.7,1.0,0.0,20,20,20,0.0
1401026,0.95,0.0,0.0,5,5,5,1.0
1401026,0.9,0.0,0.0,5,5,5,1.0
1401026,0.85,1.0,0.0,5,5,5,0.0
1401026,0.8,1.0,0.0,5,5,5,0.0
1401026,0.75,1.0,0.0,5,5,5,0.0
1401026,0.7,1.0,0.0,5,5,5,0.0
1401999,0.95,1.0,0.0,12,12,12,0.0
1401999,0.9,1.0,0.0,12,12,12,0.0
1401999,0.85,1.0,0.0,12,12,12,0.0
1401999,0.8,0.0,0.0,12,12,12,1.0
1401999,0.75,1.0,0.0,12,12,12,0.0
1401999,0.7,1.0,0.0,12,12,12,0.0
1407469,0.95,1.0,0.0,20,20,20,0.0
1407469,0.9,1.0,0.0,20,20,20,0.0
1407469,0.85,1.0,0.0,20,20,20,0.0
1407469,0.8,1.0,0.0,20,20,20,0.0
1407469,0.75,1.0,0.0,20,20,20,0.0
1407469,0.7,1.0,0.0,20,20,20,0.0
1408084,0.95,0.0,0.0,16,16,16,1.0
1408084,0.9,0.0,0.0,16,16,16,1.0
1408084,0.85,0.0,0.0,16,16,16,1.0
1408084,0.8,0.0,0.0,16,16,16,1.0
1408084,0.75,1.0,0.0,16,16,16,0.0
1408084,0.7,1.0,0.0,16,16,16,0.0
1409534,0.95,1.0,0.1,20,20,20,0.1
1409534,0.9,1.0,0.1,20,20,20,0.1
1409534,0.85,1.0,0.1,20,20,20,0.1
1409534,0.8,1.0,0.1,20,20,20,0.1
1409534,0.75,1.0,0.1,20,20,20,0.1
1409534,0.7,1.0,0.15,20,20,20,0.15
1409535,0.95,1.0,0.1,20,20,20,0.1
1409535,0.9,1.0,0.1,20,20,20,0.1
1409535,0.85,1.0,0.1,20,20,20,0.1
1409535,0.8,1.0,0.1,20,20,20,0.1
1409535,0.75,1.0,0.1,20,20,20,0.1
1409535,0.7,1.0,0.15,20,20,20,0.15
1409536,0.95,1.0,0.1,20,20,20,0.1
1409536,0.9,1.0,0.1,20,20,20,0.1
1409536,0.85,1.0,0.1,20,20,20,0.1
1409536,0.8,1.0,0.1,20,20,20,0.1
1409536,0.75,1.0,0.1,20,20,20,0.1
1409536,0.7,1.0,0.15,20,20,20,0.15
1416437,0.95,1.0,0.15,20,20,20,0.15
1416437,0.9,0.0,0.0,20,20,20,1.0
1416437,0.85,1.0,0.15,20,20,20,0.15
1416437,0.8,1.0,0.15,20,20,20,0.15
1416437,0.75,1.0,0.15,20,20,20,0.15
1416437,0.7,1.0,0.15,20,20,20,0.15
1416438,0.95,1.0,0.15,20,20,20,0.15
1416438,0.9,0.0,0.0,20,20,20,1.0
1416438,0.85,1.0,0.15,20,20,20,0.15
1416438,0.8,1.0,0.15,20,20,20,0.15
1416438,0.75,1.0,0.15,20,20,20,0.15
1416438,0.7,1.0,0.15,20,20,20,0.15
1416439,0.95,1.0,0.15,20,20,20,0.15
1416439,0.9,0.0,0.0,20,20,20,1.0
1416439,0.85,1.0,0.15,20,20,20,0.15
1416439,0.8,1.0,0.15,20,20,20,0.15
1416439,0.75,1.0,0.15,20,20,20,0.15
1416439,0.7,1.0,0.15,20,20,20,0.15
1416440,0.95,1.0,0.15,20,20,20,0.15
1416440,0.9,0.0,0.0,20,20,20,1.0
1416440,0.85,1.0,0.15,20,20,20,0.15
1416440,0.8,1.0,0.15,20,20,20,0.15
1416440,0.75,1.0,0.15,20,20,20,0.15
1416440,0.7,1.0,0.15,20,20,20,0.15
1425545,0.95,0.0,0.0,5,5,5,1.0
1425545,0.9,0.0,0.0,5,5,5,1.0
1425545,0.85,0.0,0.0,5,5,5,1.0
1425545,0.8,1.0,0.0,5,5,5,0.0
1425545,0.75,1.0,0.0,5,5,5,0.0
1425545,0.7,1.0,0.0,5,5,5,0.0
1425603,0.95,0.0,0.0,11,11,11,1.0
1425603,0.9,0.0,0.0,11,11,11,1.0
1425603,0.85,0.0,0.0,11,11,11,1.0
1425603,0.8,1.0,0.0,11,11,11,0.0
1425603,0.75,1.0,0.0,11,11,11,0.0
1425603,0.7,1.0,0.0,11,11,11,0.0
1436355,0.95,0.0,0.0,20,20,20,1.0
1436355,0.9,0.0,0.0,20,20,20,1.0
1436355,0.85,0.0,0.0,20,20,20,1.0
1436355,0.8,0.0,0.0,20,20,20,1.0
1436355,0.75,1.0,0.1,20,20,20,0.1
1436355,0.7,0.0,0.1,20,20,20,1.1
1438772,0.95,0.0,0.0,13,13,13,1.0
1438772,0.9,0.0,0.0,13,13,13,1.0
1438772,0.85,0.0,0.0,13,13,13,1.0
1438772,0.8,0.0,0.0,13,13,13,1.0
1438772,0.75,0.0,0.0,13,13,13,1.0
1438772,0.7,1.0,0.0,13,13,13,0.0
1446356,0.95,0.0,0.0,20,20,20,1.0
1446356,0.9,0.0,0.0,20,20,20,1.0
1446356,0.85,0.0,0.0,20,20,20,1.0
1446356,0.8,0.0,0.0,20,20,20,1.0
1446356,0.75,1.0,0.05,20,20,20,0.05
1446356,0.7,1.0,0.0,20,20,20,0.0
1447370,0.95,1.0,0.0,20,20,20,0.0
1447370,0.9,1.0,0.0,20,20,20,0.0
1447370,0.85,1.0,0.0,20,20,20,0.0
1447370,0.8,1.0,0.0,20,20,20,0.0
1447370,0.75,1.0,0.0,20,20,20,0.0
1447370,0.7,1.0,0.0,20,20,20,0.0
1449028,0.95,0.0,0.0,20,20,20,1.0
1449028,0.9,0.0,0.0,20,20,20,1.0
1449028,0.85,0.0,0.0,20,20,20,1.0
1449028,0.8,0.0,0.0,20,20,20,1.0
1449028,0.75,1.0,0.05,20,20,20,0.05
1449028,0.7,1.0,0.0,20,20,20,0.0
1454544,0.95,0.0,0.0,20,20,20,1.0
1454544,0.9,0.0,0.0,20,20,20,1.0
1454544,0.85,1.0,0.0,20,20,20,0.0
1454544,0.8,1.0,0.0,20,20,20,0.0
1454544,0.75,1.0,0.05,20,20,20,0.05
1454544,0.7,1.0,0.1,20,20,20,0.1
1455040,0.95,0.0,0.0,5,5,5,1.0
1455040,0.9,0.0,0.0,5,5,5,1.0
1455040,0.85,0.0,0.0,5,5,5,1.0
1455040,0.8,0.0,0.0,5,5,5,1.0
1455040,0.75,1.0,0.0,5,5,5,0.0
1455040,0.7,1.0,0.0,5,5,5,0.0
1459024,0.95,1.0,0.0,5,5,5,0.0
1459024,0.9,1.0,0.0,5,5,5,0.0
1459024,0.85,1.0,0.0,5,5,5,0.0
1459024,0.8,1.0,0.0,5,5,5,0.0
1459024,0.75,1.0,0.0,5,5,5,0.0
1459024,0.7,1.0,0.0,5,5,5,0.0
1460182,0.95,1.0,0.0,20,20,20,0.0
1460182,0.9,1.0,0.0,20,20,20,0.0
1460182,0.85,1.0,0.0,20,20,20,0.0
1460182,0.8,1.0,0.0,20,20,20,0.0
1460182,0.75,1.0,0.0,20,20,20,0.0
1460182,0.7,1.0,0.0,20,20,20,0.0
1464242,0.95,0.0,0.0,20,20,20,1.0
1464242,0.9,0.0,0.0,20,20,20,1.0
1464242,0.85,0.0,0.0,20,20,20,1.0
1464242,0.8,1.0,0.0,20,20,20,0.0
1464242,0.75,1.0,0.0,20,20,20,0.0
1464242,0.7,1.0,0.0,20,20,20,0.0
1466594,0.95,0.0,0.0,20,20,20,1.0
1466594,0.9,0.0,0.0,20,20,20,1.0
1466594,0.85,0.0,0.0,20,20,20,1.0
1466594,0.8,0.0,0.0,20,20,20,1.0
1466594,0.75,1.0,0.0,20,20,20,0.0
1466594,0.7,1.0,0.0,20,20,20,0.0
1467376,0.95,0.0,0.0,5,5,5,1.0
1467376,0.9,0.0,0.0,5,5,5,1.0
1467376,0.85,0.0,0.0,5,5,5,1.0
1467376,0.8,1.0,0.0,5,5,5,0.0
1467376,0.75,1.0,0.0,5,5,5,0.0
1467376,0.7,1.0,0.0,5,5,5,0.0
1468148,0.95,1.0,0.0,20,20,20,0.0
1468148,0.9,1.0,0.0,20,20,20,0.0
1468148,0.85,1.0,0.0,20,20,20,0.0
1468148,0.8,1.0,0.0,20,20,20,0.0
1468148,0.75,1.0,0.0,20,20,20,0.0
1468148,0.7,1.0,0.0,20,20,20,0.0
1468996,0.95,0.0,0.0,20,20,20,1.0
1468996,0.9,0.0,0.0,20,20,20,1.0
1468996,0.85,0.0,0.0,20,20,20,1.0
1468996,0.8,0.0,0.0,20,20,20,1.0
1468996,0.75,1.0,0.0,20,20,20,0.0
1468996,0.7,1.0,0.0,20,20,20,0.0
1473125,0.95,0.0,0.0,20,20,20,1.0
1473125,0.9,0.0,0.0,20,20,20,1.0
1473125,0.85,1.0,0.0,20,20,20,0.0
1473125,0.8,1.0,0.0,20,20,20,0.0
1473125,0.75,1.0,0.0,20,20,20,0.0
1473125,0.7,1.0,0.0,20,20,20,0.0
1482020,0.95,1.0,0.0,18,18,18,0.0
1482020,0.9,1.0,0.0,18,18,18,0.0
1482020,0.85,1.0,0.0,18,18,18,0.0
1482020,0.8,1.0,0.0,18,18,18,0.0
1482020,0.75,1.0,0.0,18,18,18,0.0
1482020,0.7,1.0,0.0,18,18,18,0.0
1485443,0.95,1.0,0.0,20,20,20,0.0
1485443,0.9,1.0,0.0,20,20,20,0.0
1485443,0.85,1.0,0.0,20,20,20,0.0
1485443,0.8,1.0,0.0,20,20,20,0.0
1485443,0.75,1.0,0.0,20,20,20,0.0
1485443,0.7,1.0,0.0,20,20,20,0.0
1493515,0.95,1.0,0.0,6,6,6,0.0
1493515,0.9,1.0,0.0,6,6,6,0.0
1493515,0.85,1.0,0.0,6,6,6,0.0
1493515,0.8,1.0,0.0,6,6,6,0.0
1493515,0.75,1.0,0.0,6,6,6,0.0
1493515,0.7,1.0,0.0,6,6,6,0.0
1507294,0.95,0.0,0.0,5,5,5,1.0
1507294,0.9,0.0,0.0,5,5,5,1.0
1507294,0.85,0.0,0.0,5,5,5,1.0
1507294,0.8,0.0,0.0,5,5,5,1.0
1507294,0.75,1.0,0.0,5,5,5,0.0
1507294,0.7,1.0,0.0,5,5,5,0.0
1509169,0.95,0.0,0.0,20,20,20,1.0
1509169,0.9,0.0,0.0,20,20,20,1.0
1509169,0.85,0.0,0.0,20,20,20,1.0
1509169,0.8,1.0,0.0,20,20,20,0.0
1509169,0.75,1.0,0.0,20,20,20,0.0
1509169,0.7,1.0,0.0,20,20,20,0.0
1511830,0.95,0.0,0.0,20,20,20,1.0
1511830,0.9,0.0,0.0,20,20,20,1.0
1511830,0.85,0.0,0.0,20,20,20,1.0
1511830,0.8,1.0,0.0,20,20,20,0.0
1511830,0.75,1.0,0.0,20,20,20,0.0
1511830,0.7,1.0,0.0,20,20,20,0.0
1515801,0.95,0.0,0.0,20,20,20,1.0
1515801,0.9,0.0,0.0,20,20,20,1.0
1515801,0.85,1.0,0.0,20,20,20,0.0
1515801,0.8,1.0,0.0,20,20,20,0.0
1515801,0.75,1.0,0.0,20,20,20,0.0
1515801,0.7,1.0,0.0,20,20,20,0.0
152398,0.95,0.0,0.0,19,19,19,1.0
152398,0.9,0.0,0.0,19,19,19,1.0
152398,0.85,0.0,0.0,19,19,19,1.0
152398,0.8,0.0,0.0,19,19,19,1.0
152398,0.75,1.0,0.0,19,19,19,0.0
152398,0.7,1.0,0.0,19,19,19,0.0
152403,0.95,0.0,0.0,20,20,20,1.0
152403,0.9,0.0,0.0,20,20,20,1.0
152403,0.85,0.0,0.0,20,20,20,1.0
152403,0.8,1.0,0.05,20,20,20,0.05
152403,0.75,1.0,0.05,20,20,20,0.05
152403,0.7,1.0,0.05,20,20,20,0.05
152404,0.95,0.0,0.0,20,20,20,1.0
152404,0.9,0.0,0.0,20,20,20,1.0
152404,0.85,0.0,0.0,20,20,20,1.0
152404,0.8,1.0,0.05,20,20,20,0.05
152404,0.75,1.0,0.05,20,20,20,0.05
152404,0.7,1.0,0.05,20,20,20,0.05
1537651,0.95,0.0,0.0,20,20,20,1.0
1537651,0.9,0.0,0.0,20,20,20,1.0
1537651,0.85,1.0,0.0,20,20,20,0.0
1537651,0.8,1.0,0.0,20,20,20,0.0
1537651,0.75,1.0,0.0,20,20,20,0.0
1537651,0.7,1.0,0.0,20,20,20,0.0
1541610,0.95,0.0,0.0,5,5,5,1.0
1541610,0.9,0.0,0.0,5,5,5,1.0
1541610,0.85,0.0,0.0,5,5,5,1.0
1541610,0.8,1.0,0.0,5,5,5,0.0
1541610,0.75,1.0,0.0,5,5,5,0.0
1541610,0.7,1.0,0.0,5,5,5,0.0
1547297,0.95,0.0,0.0,14,14,14,1.0
1547297,0.9,0.0,0.0,14,14,14,1.0
1547297,0.85,0.0,0.0,14,14,14,1.0
1547297,0.8,1.0,0.0,14,14,14,0.0
1547297,0.75,1.0,0.0,14,14,14,0.0
1547297,0.7,0.0,0.0,14,14,14,1.0
1556437,0.95,0.0,0.0,8,8,8,1.0
1556437,0.9,0.0,0.0,8,8,8,1.0
1556437,0.85,0.0,0.0,8,8,8,1.0
1556437,0.8,0.0,0.0,8,8,8,1.0
1556437,0.75,0.0,0.0,8,8,8,1.0
1556437,0.7,1.0,0.0,8,8,8,0.0
1570040,0.95,0.0,0.0,20,20,20,1.0
1570040,0.9,0.0,0.0,20,20,20,1.0
1570040,0.85,0.0,0.0,20,20,20,1.0
1570040,0.8,1.0,0.0,20,20,20,0.0
1570040,0.75,1.0,0.0,20,20,20,0.0
1570040,0.7,1.0,0.0,20,20,20,0.0
1573571,0.95,0.0,0.0,20,20,20,1.0
1573571,0.9,0.0,0.0,20,20,20,1.0
1573571,0.85,0.0,0.0,20,20,20,1.0
1573571,0.8,1.0,0.0,20,20,20,0.0
1573571,0.75,1.0,0.0,20,20,20,0.0
1573571,0.7,1.0,0.0,20,20,20,0.0
1579959,0.95,0.0,0.0,20,20,20,1.0
1579959,0.9,0.0,0.0,20,20,20,1.0
1579959,0.85,1.0,0.0,20,20,20,0.0
1579959,0.8,1.0,0.0,20,20,20,0.0
1579959,0.75,1.0,0.0,20,20,20,0.0
1579959,0.7,1.0,0.05,20,20,20,0.05
1580390,0.95,0.0,0.0,20,20,20,1.0
1580390,0.9,0.0,0.0,20,20,20,1.0
1580390,0.85,0.0,0.0,20,20,20,1.0
1580390,0.8,1.0,0.0,20,20,20,0.0
1580390,0.75,1.0,0.0,20,20,20,0.0
1580390,0.7,1.0,0.0,20,20,20,0.0
15805,0.95,0.0,0.0,20,20,20,1.0
15805,0.9,0.0,0.0,20,20,20,1.0
15805,0.85,0.0,0.0,20,20,20,1.0
15805,0.8,0.0,0.0,20,20,20,1.0
15805,0.75,0.0,0.0,20,20,20,1.0
15805,0.7,1.0,0.0,20,20,20,0.0
1581906,0.95,0.0,0.0,20,20,20,1.0
1581906,0.9,0.0,0.0,20,20,20,1.0
1581906,0.85,0.0,0.0,20,20,20,1.0
1581906,0.8,1.0,0.0,20,20,20,0.0
1581906,0.75,1.0,0.0,20,20,20,0.0
1581906,0.7,1.0,0.0,20,20,20,0.0
1585747,0.95,0.0,0.0,15,15,15,1.0
1585747,0.9,0.0,0.0,15,15,15,1.0
1585747,0.85,0.0,0.0,15,15,15,1.0
1585747,0.8,0.0,0.0,15,15,15,1.0
1585747,0.75,1.0,0.0,15,15,15,0.0
1585747,0.7,1.0,0.0,15,15,15,0.0
1587871,0.95,0.0,0.0,20,20,20,1.0
1587871,0.9,0.0,0.0,20,20,20,1.0
1587871,0.85,0.0,0.0,20,20,20,1.0
1587871,0.8,0.0,0.0,20,20,20,1.0
1587871,0.75,1.0,0.0,20,20,20,0.0
1587871,0.7,1.0,0.0,20,20,20,0.0
1592930,0.95,0.0,0.0,20,20,20,1.0
1592930,0.9,0.0,0.0,20,20,20,1.0
1592930,0.85,0.0,0.0,20,20,20,1.0
1592930,0.8,1.0,0.0,20,20,20,0.0
1592930,0.75,1.0,0.0,20,20,20,0.0
1592930,0.7,1.0,0.0,20,20,20,0.0
1596743,0.95,1.0,0.058823529411764705,17,17,17,0.058823529411764705
1596743,0.9,1.0,0.058823529411764705,17,17,17,0.058823529411764705
1596743,0.85,1.0,0.058823529411764705,17,17,17,0.058823529411764705
1596743,0.8,1.0,0.058823529411764705,17,17,17,0.058823529411764705
1596743,0.75,1.0,0.058823529411764705,17,17,17,0.058823529411764705
1596743,0.7,1.0,0.058823529411764705,17,17,17,0.058823529411764705
1596744,0.95,1.0,0.058823529411764705,17,17,17,0.058823529411764705
1596744,0.9,1.0,0.058823529411764705,17,17,17,0.058823529411764705
1596744,0.85,1.0,0.058823529411764705,17,17,17,0.058823529411764705
1596744,0.8,1.0,0.058823529411764705,17,17,17,0.058823529411764705
1596744,0.75,1.0,0.058823529411764705,17,17,17,0.058823529411764705
1596744,0.7,1.0,0.058823529411764705,17,17,17,0.058823529411764705
1608927,0.95,0.0,0.0,20,20,20,1.0
1608927,0.9,0.0,0.0,20,20,20,1.0
1608927,0.85,0.0,0.0,20,20,20,1.0
1608927,0.8,1.0,0.0,20,20,20,0.0
1608927,0.75,1.0,0.0,20,20,20,0.0
1608927,0.7,1.0,0.0,20,20,20,0.0
162371,0.95,0.0,0.0,20,20,20,1.0
162371,0.9,0.0,0.0,20,20,20,1.0
162371,0.85,0.0,0.0,20,20,20,1.0
162371,0.8,0.0,0.0,20,20,20,1.0
162371,0.75,1.0,0.0,20,20,20,0.0
162371,0.7,1.0,0.0,20,20,20,0.0
1630172,0.95,1.0,0.1,20,20,20,0.1
1630172,0.9,1.0,0.1,20,20,20,0.1
1630172,0.85,1.0,0.1,20,20,20,0.1
1630172,0.8,1.0,0.1,20,20,20,0.1
1630172,0.75,1.0,0.1,20,20,20,0.1
1630172,0.7,1.0,0.1,20,20,20,0.1
1630173,0.95,1.0,0.1,20,20,20,0.1
1630173,0.9,1.0,0.1,20,20,20,0.1
1630173,0.85,1.0,0.1,20,20,20,0.1
1630173,0.8,1.0,0.1,20,20,20,0.1
1630173,0.75,1.0,0.1,20,20,20,0.1
1630173,0.7,1.0,0.1,20,20,20,0.1
1630174,0.95,1.0,0.1,20,20,20,0.1
1630174,0.9,1.0,0.1,20,20,20,0.1
1630174,0.85,1.0,0.1,20,20,20,0.1
1630174,0.8,1.0,0.1,20,20,20,0.1
1630174,0.75,1.0,0.1,20,20,20,0.1
1630174,0.7,1.0,0.1,20,20,20,0.1
1633965,0.95,0.0,0.0,7,7,7,1.0
1633965,0.9,0.0,0.0,7,7,7,1.0
1633965,0.85,0.0,0.0,7,7,7,1.0
1633965,0.8,1.0,0.0,7,7,7,0.0
1633965,0.75,0.0,0.0,7,7,7,1.0
1633965,0.7,1.0,0.0,7,7,7,0.0
1641120,0.95,0.0,0.0,8,8,8,1.0
1641120,0.9,0.0,0.0,8,8,8,1.0
1641120,0.85,1.0,0.0,8,8,8,0.0
1641120,0.8,0.0,0.0,8,8,8,1.0
1641120,0.75,1.0,0.0,8,8,8,0.0
1641120,0.7,1.0,0.0,8,8,8,0.0
1642787,0.95,1.0,0.0,20,20,20,0.0
1642787,0.9,1.0,0.0,20,20,20,0.0
1642787,0.85,1.0,0.0,20,20,20,0.0
1642787,0.8,1.0,0.0,20,20,20,0.0
1642787,0.75,1.0,0.0,20,20,20,0.0
1642787,0.7,1.0,0.0,20,20,20,0.0
1646487,0.95,0.0,0.0,5,5,5,1.0
1646487,0.9,0.0,0.0,5,5,5,1.0
1646487,0.85,0.0,0.0,5,5,5,1.0
1646487,0.8,0.0,0.0,5,5,5,1.0
1646487,0.75,1.0,0.0,5,5,5,0.0
1646487,0.7,1.0,0.0,5,5,5,0.0
1648052,0.95,1.0,0.0,8,8,8,0.0
1648052,0.9,0.0,0.0,8,8,8,1.0
1648052,0.85,0.0,0.0,8,8,8,1.0
1648052,0.8,0.0,0.0,8,8,8,1.0
1648052,0.75,0.0,0.0,8,8,8,1.0
1648052,0.7,1.0,0.0,8,8,8,0.0
1657474,0.95,1.0,0.0,13,13,13,0.0
1657474,0.9,1.0,0.0,13,13,13,0.0
1657474,0.85,1.0,0.0,13,13,13,0.0
1657474,0.8,1.0,0.0,13,13,13,0.0
1657474,0.75,1.0,0.0,13,13,13,0.0
1657474,0.7,1.0,0.0,13,13,13,0.0
1659966,0.95,1.0,0.0,5,5,5,0.0
1659966,0.9,1.0,0.0,5,5,5,0.0
1659966,0.85,1.0,0.0,5,5,5,0.0
1659966,0.8,1.0,0.0,5,5,5,0.0
1659966,0.75,1.0,0.0,5,5,5,0.0
1659966,0.7,1.0,0.0,5,5,5,0.0
1660531,0.95,0.0,0.0,20,20,20,1.0
1660531,0.9,0.0,0.0,20,20,20,1.0
1660531,0.85,0.0,0.0,20,20,20,1.0
1660531,0.8,1.0,0.0,20,20,20,0.0
1660531,0.75,1.0,0.1,20,20,20,0.1
1660531,0.7,1.0,0.45,20,20,20,0.45
1665931,0.95,0.0,0.0,20,20,20,1.0
1665931,0.9,0.0,0.0,20,20,20,1.0
1665931,0.85,0.0,0.0,20,20,20,1.0
1665931,0.8,1.0,0.0,20,20,20,0.0
1665931,0.75,1.0,0.0,20,20,20,0.0
1665931,0.7,1.0,0.05,20,20,20,0.05
1668604,0.95,1.0,0.0,18,18,18,0.0
1668604,0.9,1.0,0.0,18,18,18,0.0
1668604,0.85,1.0,0.0,18,18,18,0.0
1668604,0.8,1.0,0.0,18,18,18,0.0
1668604,0.75,1.0,0.0,18,18,18,0.0
1668604,0.7,1.0,0.0,18,18,18,0.0
1672533,0.95,0.0,0.0,20,20,20,1.0
1672533,0.9,0.0,0.0,20,20,20,1.0
1672533,0.85,0.0,0.0,20,20,20,1.0
1672533,0.8,0.0,0.0,20,20,20,1.0
1672533,0.75,1.0,0.0,20,20,20,0.0
1672533,0.7,1.0,0.0,20,20,20,0.0
1672868,0.95,0.0,0.0,20,20,20,1.0
1672868,0.9,0.0,0.0,20,20,20,1.0
1672868,0.85,0.0,0.0,20,20,20,1.0
1672868,0.8,1.0,0.0,20,20,20,0.0
1672868,0.75,1.0,0.0,20,20,20,0.0
1672868,0.7,1.0,0.0,20,20,20,0.0
1678688,0.95,0.0,0.0,20,20,20,1.0
1678688,0.9,0.0,0.0,20,20,20,1.0
1678688,0.85,1.0,0.0,20,20,20,0.0
1678688,0.8,0.0,0.0,20,20,20,1.0
1678688,0.75,1.0,0.05,20,20,20,0.05
1678688,0.7,1.0,0.05,20,20,20,0.05
1683089,0.95,0.0,0.0,5,5,5,1.0
1683089,0.9,0.0,0.0,5,5,5,1.0
1683089,0.85,0.0,0.0,5,5,5,1.0
1683089,0.8,0.0,0.0,5,5,5,1.0
1683089,0.75,1.0,0.0,5,5,5,0.0
1683089,0.7,1.0,0.0,5,5,5,0.0
1683267,0.95,0.0,0.0,5,5,5,1.0
1683267,0.9,0.0,0.0,5,5,5,1.0
1683267,0.85,1.0,0.0,5,5,5,0.0
1683267,0.8,1.0,0.0,5,5,5,0.0
1683267,0.75,1.0,0.0,5,5,5,0.0
1683267,0.7,1.0,0.0,5,5,5,0.0
1685298,0.95,0.0,0.0,20,20,20,1.0
1685298,0.9,0.0,0.0,20,20,20,1.0
1685298,0.85,0.0,0.0,20,20,20,1.0
1685298,0.8,0.0,0.0,20,20,20,1.0
1685298,0.75,1.0,0.0,20,20,20,0.0
1685298,0.7,1.0,0.0,20,20,20,0.0
1688690,0.95,0.0,0.0,20,20,20,1.0
1688690,0.9,0.0,0.0,20,20,20,1.0
1688690,0.85,0.0,0.0,20,20,20,1.0
1688690,0.8,1.0,0.0,20,20,20,0.0
1688690,0.75,1.0,0.0,20,20,20,0.0
1688690,0.7,0.0,0.05,20,20,20,1.05
1688733,0.95,0.0,0.0,20,20,20,1.0
1688733,0.9,0.0,0.0,20,20,20,1.0
1688733,0.85,0.0,0.0,20,20,20,1.0
1688733,0.8,1.0,0.0,20,20,20,0.0
1688733,0.75,1.0,0.0,20,20,20,0.0
1688733,0.7,1.0,0.0,20,20,20,0.0
1695062,0.95,1.0,0.0,20,20,20,0.0
1695062,0.9,1.0,0.0,20,20,20,0.0
1695062,0.85,1.0,0.0,20,20,20,0.0
1695062,0.8,1.0,0.0,20,20,20,0.0
1695062,0.75,1.0,0.0,20,20,20,0.0
1695062,0.7,1.0,0.0,20,20,20,0.0
1695842,0.95,0.0,0.0,16,16,16,1.0
1695842,0.9,0.0,0.0,16,16,16,1.0
1695842,0.85,0.0,0.0,16,16,16,1.0
1695842,0.8,0.0,0.0,16,16,16,1.0
1695842,0.75,1.0,0.0,16,16,16,0.0
1695842,0.7,1.0,0.0,16,16,16,0.0
1705816,0.95,0.0,0.0,20,20,20,1.0
1705816,0.9,0.0,0.0,20,20,20,1.0
1705816,0.85,0.0,0.0,20,20,20,1.0
1705816,0.8,1.0,0.0,20,20,20,0.0
1705816,0.75,1.0,0.0,20,20,20,0.0
1705816,0.7,1.0,0.0,20,20,20,0.0
1706404,0.95,0.0,0.0,5,5,5,1.0
1706404,0.9,0.0,0.0,5,5,5,1.0
1706404,0.85,0.0,0.0,5,5,5,1.0
1706404,0.8,0.0,0.0,5,5,5,1.0
1706404,0.75,0.0,0.0,5,5,5,1.0
1706404,0.7,1.0,0.0,5,5,5,0.0
1710478,0.95,1.0,0.0,20,20,20,0.0
1710478,0.9,1.0,0.0,20,20,20,0.0
1710478,0.85,0.0,0.0,20,20,20,1.0
1710478,0.8,0.0,0.0,20,20,20,1.0
1710478,0.75,1.0,0.0,20,20,20,0.0
1710478,0.7,1.0,0.0,20,20,20,0.0
1710487,0.95,0.0,0.0,20,20,20,1.0
1710487,0.9,0.0,0.0,20,20,20,1.0
1710487,0.85,1.0,0.0,20,20,20,0.0
1710487,0.8,1.0,0.0,20,20,20,0.0
1710487,0.75,1.0,0.0,20,20,20,0.0
1710487,0.7,1.0,0.0,20,20,20,0.0
1712488,0.95,0.0,0.0,20,20,20,1.0
1712488,0.9,0.0,0.0,20,20,20,1.0
1712488,0.85,0.0,0.0,20,20,20,1.0
1712488,0.8,0.0,0.0,20,20,20,1.0
1712488,0.75,1.0,0.0,20,20,20,0.0
1712488,0.7,1.0,0.0,20,20,20,0.0
1717233,0.95,0.0,0.0,20,20,20,1.0
1717233,0.9,0.0,0.0,20,20,20,1.0
1717233,0.85,0.0,0.0,20,20,20,1.0
1717233,0.8,0.0,0.0,20,20,20,1.0
1717233,0.75,1.0,0.05,20,20,20,0.05
1717233,0.7,1.0,0.0,20,20,20,0.0
1719327,0.95,1.0,0.0,9,9,9,0.0
1719327,0.9,1.0,0.0,9,9,9,0.0
1719327,0.85,1.0,0.0,9,9,9,0.0
1719327,0.8,1.0,0.0,9,9,9,0.0
1719327,0.75,1.0,0.0,9,9,9,0.0
1719327,0.7,1.0,0.0,9,9,9,0.0
1719999,0.95,0.0,0.0,10,10,10,1.0
1719999,0.9,0.0,0.0,10,10,10,1.0
1719999,0.85,1.0,0.0,10,10,10,0.0
1719999,0.8,1.0,0.0,10,10,10,0.0
1719999,0.75,0.0,0.0,10,10,10,1.0
1719999,0.7,1.0,0.0,10,10,10,0.0
1722391,0.95,0.0,0.0,20,20,20,1.0
1722391,0.9,0.0,0.0,20,20,20,1.0
1722391,0.85,0.0,0.0,20,20,20,1.0
1722391,0.8,1.0,0.0,20,20,20,0.0
1722391,0.75,1.0,0.0,20,20,20,0.0
1722391,0.7,1.0,0.0,20,20,20,0.0
1726948,0.95,1.0,0.0,20,20,20,0.0
1726948,0.9,1.0,0.0,20,20,20,0.0
1726948,0.85,1.0,0.0,20,20,20,0.0
1726948,0.8,1.0,0.0,20,20,20,0.0
1726948,0.75,1.0,0.0,20,20,20,0.0
1726948,0.7,1.0,0.0,20,20,20,0.0
1727462,0.95,0.0,0.0,20,20,20,1.0
1727462,0.9,0.0,0.0,20,20,20,1.0
1727462,0.85,0.0,0.0,20,20,20,1.0
1727462,0.8,1.0,0.0,20,20,20,0.0
1727462,0.75,1.0,0.0,20,20,20,0.0
1727462,0.7,1.0,0.0,20,20,20,0.0
1728179,0.95,0.0,0.0,20,20,20,1.0
1728179,0.9,0.0,0.0,20,20,20,1.0
1728179,0.85,1.0,0.1,20,20,20,0.1
1728179,0.8,0.0,0.0,20,20,20,1.0
1728179,0.75,1.0,0.1,20,20,20,0.1
1728179,0.7,1.0,0.1,20,20,20,0.1
1728180,0.95,0.0,0.0,20,20,20,1.0
1728180,0.9,0.0,0.0,20,20,20,1.0
1728180,0.85,1.0,0.1,20,20,20,0.1
1728180,0.8,0.0,0.0,20,20,20,1.0
1728180,0.75,1.0,0.1,20,20,20,0.1
1728180,0.7,1.0,0.1,20,20,20,0.1
1728181,0.95,0.0,0.0,20,20,20,1.0
1728181,0.9,0.0,0.0,20,20,20,1.0
1728181,0.85,1.0,0.1,20,20,20,0.1
1728181,0.8,0.0,0.0,20,20,20,1.0
1728181,0.75,1.0,0.1,20,20,20,0.1
1728181,0.7,1.0,0.1,20,20,20,0.1
1729733,0.95,0.0,0.0,5,5,5,1.0
1729733,0.9,0.0,0.0,5,5,5,1.0
1729733,0.85,0.0,0.0,5,5,5,1.0
1729733,0.8,0.0,0.0,5,5,5,1.0
1729733,0.75,1.0,0.0,5,5,5,0.0
1729733,0.7,1.0,0.0,5,5,5,0.0
1734901,0.95,0.0,0.0,20,20,20,1.0
1734901,0.9,0.0,0.0,20,20,20,1.0
1734901,0.85,0.0,0.0,20,20,20,1.0
1734901,0.8,0.0,0.0,20,20,20,1.0
1734901,0.75,1.0,0.0,20,20,20,0.0
1734901,0.7,1.0,0.0,20,20,20,0.0
1735082,0.95,0.0,0.0,8,8,8,1.0
1735082,0.9,0.0,0.0,8,8,8,1.0
1735082,0.85,0.0,0.0,8,8,8,1.0
1735082,0.8,1.0,0.0,8,8,8,0.0
1735082,0.75,1.0,0.0,8,8,8,0.0
1735082,0.7,1.0,0.0,8,8,8,0.0
173694,0.95,1.0,0.1111111111111111,9,9,9,0.1111111111111111
173694,0.9,1.0,0.1111111111111111,9,9,9,0.1111111111111111
173694,0.85,1.0,0.1111111111111111,9,9,9,0.1111111111111111
173694,0.8,1.0,0.1111111111111111,9,9,9,0.1111111111111111
173694,0.75,1.0,0.1111111111111111,9,9,9,0.1111111111111111
173694,0.7,1.0,0.1111111111111111,9,9,9,0.1111111111111111
173695,0.95,1.0,0.1111111111111111,9,9,9,0.1111111111111111
173695,0.9,1.0,0.1111111111111111,9,9,9,0.1111111111111111
173695,0.85,1.0,0.1111111111111111,9,9,9,0.1111111111111111
173695,0.8,1.0,0.1111111111111111,9,9,9,0.1111111111111111
173695,0.75,1.0,0.1111111111111111,9,9,9,0.1111111111111111
173695,0.7,1.0,0.1111111111111111,9,9,9,0.1111111111111111
173697,0.95,0.0,0.0,17,17,17,1.0
173697,0.9,0.0,0.0,17,17,17,1.0
173697,0.85,0.0,0.0,17,17,17,1.0
173697,0.8,1.0,0.058823529411764705,17,17,17,0.058823529411764705
173697,0.75,1.0,0.058823529411764705,17,17,17,0.058823529411764705
173697,0.7,1.0,0.058823529411764705,17,17,17,0.058823529411764705
1740588,0.95,0.0,0.0,20,20,20,1.0
1740588,0.9,0.0,0.0,20,20,20,1.0
1740588,0.85,0.0,0.0,20,20,20,1.0
1740588,0.8,1.0,0.0,20,20,20,0.0
1740588,0.75,1.0,0.0,20,20,20,0.0
1740588,0.7,1.0,0.05,20,20,20,0.05
1742649,0.95,1.0,0.0,5,5,5,0.0
1742649,0.9,1.0,0.0,5,5,5,0.0
1742649,0.85,1.0,0.0,5,5,5,0.0
1742649,0.8,1.0,0.0,5,5,5,0.0
1742649,0.75,1.0,0.0,5,5,5,0.0
1742649,0.7,1.0,0.0,5,5,5,0.0
1742797,0.95,0.0,0.0,20,20,20,1.0
1742797,0.9,0.0,0.0,20,20,20,1.0
1742797,0.85,1.0,0.0,20,20,20,0.0
1742797,0.8,1.0,0.0,20,20,20,0.0
1742797,0.75,1.0,0.0,20,20,20,0.0
1742797,0.7,1.0,0.05,20,20,20,0.05
1745955,0.95,1.0,0.0,11,11,11,0.0
1745955,0.9,1.0,0.0,11,11,11,0.0
1745955,0.85,0.0,0.0,11,11,11,1.0
1745955,0.8,0.0,0.0,11,11,11,1.0
1745955,0.75,0.0,0.0,11,11,11,1.0
1745955,0.7,1.0,0.0,11,11,11,0.0
1746524,0.95,0.0,0.0,20,20,20,1.0
1746524,0.9,0.0,0.0,20,20,20,1.0
1746524,0.85,1.0,0.0,20,20,20,0.0
1746524,0.8,0.0,0.0,20,20,20,1.0
1746524,0.75,1.0,0.0,20,20,20,0.0
1746524,0.7,1.0,0.0,20,20,20,0.0
1752279,0.95,0.0,0.0,20,20,20,1.0
1752279,0.9,0.0,0.0,20,20,20,1.0
1752279,0.85,0.0,0.0,20,20,20,1.0
1752279,0.8,1.0,0.0,20,20,20,0.0
1752279,0.75,1.0,0.05,20,20,20,0.05
1752279,0.7,1.0,0.0,20,20,20,0.0
1757186,0.95,0.0,0.0,13,13,13,1.0
1757186,0.9,0.0,0.0,13,13,13,1.0
1757186,0.85,0.0,0.0,13,13,13,1.0
1757186,0.8,1.0,0.0,13,13,13,0.0
1757186,0.75,1.0,0.0,13,13,13,0.0
1757186,0.7,1.0,0.0,13,13,13,0.0
1761959,0.95,1.0,0.0,8,8,8,0.0
1761959,0.9,1.0,0.0,8,8,8,0.0
1761959,0.85,1.0,0.0,8,8,8,0.0
1761959,0.8,1.0,0.0,8,8,8,0.0
1761959,0.75,1.0,0.0,8,8,8,0.0
1761959,0.7,1.0,0.0,8,8,8,0.0
1762842,0.95,1.0,0.0,20,20,20,0.0
1762842,0.9,0.0,0.0,20,20,20,1.0
1762842,0.85,1.0,0.0,20,20,20,0.0
1762842,0.8,1.0,0.0,20,20,20,0.0
1762842,0.75,1.0,0.0,20,20,20,0.0
1762842,0.7,1.0,0.0,20,20,20,0.0
1763729,0.95,0.0,0.0,20,20,20,1.0
1763729,0.9,0.0,0.0,20,20,20,1.0
1763729,0.85,0.0,0.0,20,20,20,1.0
1763729,0.8,1.0,0.0,20,20,20,0.0
1763729,0.75,1.0,0.0,20,20,20,0.0
1763729,0.7,1.0,0.0,20,20,20,0.0
1775298,0.95,0.0,0.0,20,20,20,1.0
1775298,0.9,0.0,0.0,20,20,20,1.0
1775298,0.85,0.0,0.0,20,20,20,1.0
1775298,0.8,1.0,0.0,20,20,20,0.0
1775298,0.75,0.0,0.0,20,20,20,1.0
1775298,0.7,1.0,0.05,20,20,20,0.05
1779954,0.95,1.0,0.0,5,5,5,0.0
1779954,0.9,1.0,0.0,5,5,5,0.0
1779954,0.85,1.0,0.0,5,5,5,0.0
1779954,0.8,1.0,0.0,5,5,5,0.0
1779954,0.75,1.0,0.0,5,5,5,0.0
1779954,0.7,1.0,0.0,5,5,5,0.0
1780093,0.95,0.0,0.0,20,20,20,1.0
1780093,0.9,0.0,0.0,20,20,20,1.0
1780093,0.85,0.0,0.0,20,20,20,1.0
1780093,0.8,0.0,0.0,20,20,20,1.0
1780093,0.75,1.0,0.0,20,20,20,0.0
1780093,0.7,0.0,0.0,20,20,20,1.0
1780318,0.95,0.0,0.0,20,20,20,1.0
1780318,0.9,0.0,0.0,20,20,20,1.0
1780318,0.85,0.0,0.0,20,20,20,1.0
1780318,0.8,1.0,0.0,20,20,20,0.0
1780318,0.75,1.0,0.0,20,20,20,0.0
1780318,0.7,1.0,0.0,20,20,20,0.0
1782515,0.95,0.0,0.0,7,7,7,1.0
1782515,0.9,0.0,0.0,7,7,7,1.0
1782515,0.85,0.0,0.0,7,7,7,1.0
1782515,0.8,0.0,0.0,7,7,7,1.0
1782515,0.75,1.0,0.0,7,7,7,0.0
1782515,0.7,1.0,0.0,7,7,7,0.0
1782552,0.95,0.0,0.0,20,20,20,1.0
1782552,0.9,1.0,0.05,20,20,20,0.05
1782552,0.85,0.0,0.0,20,20,20,1.0
1782552,0.8,0.0,0.0,20,20,20,1.0
1782552,0.75,0.0,0.0,20,20,20,1.0
1782552,0.7,1.0,0.1,20,20,20,0.1
1782553,0.95,0.0,0.0,20,20,20,1.0
1782553,0.9,1.0,0.05,20,20,20,0.05
1782553,0.85,0.0,0.0,20,20,20,1.0
1782553,0.8,0.0,0.0,20,20,20,1.0
1782553,0.75,0.0,0.0,20,20,20,1.0
1782553,0.7,1.0,0.1,20,20,20,0.1
1788690,0.95,0.0,0.0,20,20,20,1.0
1788690,0.9,0.0,0.0,20,20,20,1.0
1788690,0.85,0.0,0.0,20,20,20,1.0
1788690,0.8,1.0,0.0,20,20,20,0.0
1788690,0.75,1.0,0.0,20,20,20,0.0
1788690,0.7,0.0,0.0,20,20,20,1.0
1789286,0.95,0.0,0.0,20,20,20,1.0
1789286,0.9,0.0,0.0,20,20,20,1.0
1789286,0.85,0.0,0.0,20,20,20,1.0
1789286,0.8,1.0,0.0,20,20,20,0.0
1789286,0.75,1.0,0.0,20,20,20,0.0
1789286,0.7,1.0,0.0,20,20,20,0.0
1789490,0.95,0.0,0.0,5,5,5,1.0
1789490,0.9,1.0,0.0,5,5,5,0.0
1789490,0.85,0.0,0.0,5,5,5,1.0
1789490,0.8,1.0,0.0,5,5,5,0.0
1789490,0.75,1.0,0.0,5,5,5,0.0
1789490,0.7,1.0,0.0,5,5,5,0.0
1790487,0.95,0.0,0.0,20,20,20,1.0
1790487,0.9,0.0,0.0,20,20,20,1.0
1790487,0.85,0.0,0.0,20,20,20,1.0
1790487,0.8,1.0,0.0,20,20,20,0.0
1790487,0.75,1.0,0.0,20,20,20,0.0
1790487,0.7,1.0,0.0,20,20,20,0.0
179252,0.95,0.0,0.0,5,5,5,1.0
179252,0.9,0.0,0.0,5,5,5,1.0
179252,0.85,1.0,0.0,5,5,5,0.0
179252,0.8,1.0,0.0,5,5,5,0.0
179252,0.75,1.0,0.0,5,5,5,0.0
179252,0.7,1.0,0.0,5,5,5,0.0
1793343,0.95,0.0,0.0,20,20,20,1.0
1793343,0.9,0.0,0.0,20,20,20,1.0
1793343,0.85,0.0,0.0,20,20,20,1.0
1793343,0.8,0.0,0.0,20,20,20,1.0
1793343,0.75,0.0,0.0,20,20,20,1.0
1793343,0.7,1.0,0.0,20,20,20,0.0
1793405,0.95,0.0,0.0,20,20,20,1.0
1793405,0.9,0.0,0.0,20,20,20,1.0
1793405,0.85,0.0,0.0,20,20,20,1.0
1793405,0.8,1.0,0.0,20,20,20,0.0
1793405,0.75,1.0,0.0,20,20,20,0.0
1793405,0.7,1.0,0.0,20,20,20,0.0
1794837,0.95,0.0,0.0,20,20,20,1.0
1794837,0.9,0.0,0.0,20,20,20,1.0
1794837,0.85,0.0,0.0,20,20,20,1.0
1794837,0.8,0.0,0.0,20,20,20,1.0
1794837,0.75,1.0,0.0,20,20,20,0.0
1794837,0.7,1.0,0.0,20,20,20,0.0
1796952,0.95,1.0,0.0,20,20,20,0.0
1796952,0.9,1.0,0.0,20,20,20,0.0
1796952,0.85,1.0,0.0,20,20,20,0.0
1796952,0.8,1.0,0.0,20,20,20,0.0
1796952,0.75,1.0,0.0,20,20,20,0.0
1796952,0.7,1.0,0.0,20,20,20,0.0
1802180,0.95,0.0,0.0,20,20,20,1.0
1802180,0.9,0.0,0.0,20,20,20,1.0
1802180,0.85,1.0,0.0,20,20,20,0.0
1802180,0.8,1.0,0.0,20,20,20,0.0
1802180,0.75,1.0,0.0,20,20,20,0.0
1802180,0.7,1.0,0.0,20,20,20,0.0
1802332,0.95,0.0,0.0,20,20,20,1.0
1802332,0.9,0.0,0.0,20,20,20,1.0
1802332,0.85,1.0,0.0,20,20,20,0.0
1802332,0.8,1.0,0.0,20,20,20,0.0
1802332,0.75,0.0,0.0,20,20,20,1.0
1802332,0.7,1.0,0.0,20,20,20,0.0
1811247,0.95,1.0,0.0,5,5,5,0.0
1811247,0.9,1.0,0.0,5,5,5,0.0
1811247,0.85,1.0,0.0,5,5,5,0.0
1811247,0.8,1.0,0.0,5,5,5,0.0
1811247,0.75,1.0,0.0,5,5,5,0.0
1811247,0.7,1.0,0.0,5,5,5,0.0
1812640,0.95,0.0,0.0,20,20,20,1.0
1812640,0.9,0.0,0.0,20,20,20,1.0
1812640,0.85,0.0,0.0,20,20,20,1.0
1812640,0.8,1.0,0.0,20,20,20,0.0
1812640,0.75,1.0,0.0,20,20,20,0.0
1812640,0.7,1.0,0.0,20,20,20,0.0
1822049,0.95,1.0,0.0,8,8,8,0.0
1822049,0.9,1.0,0.0,8,8,8,0.0
1822049,0.85,0.0,0.0,8,8,8,1.0
1822049,0.8,0.0,0.0,8,8,8,1.0
1822049,0.75,1.0,0.0,8,8,8,0.0
1822049,0.7,1.0,0.0,8,8,8,0.0
1826568,0.95,0.0,0.0,20,20,20,1.0
1826568,0.9,0.0,0.0,20,20,20,1.0
1826568,0.85,0.0,0.0,20,20,20,1.0
1826568,0.8,1.0,0.0,20,20,20,0.0
1826568,0.75,1.0,0.0,20,20,20,0.0
1826568,0.7,0.0,0.05,20,20,20,1.05
1829094,0.95,0.0,0.0,20,20,20,1.0
1829094,0.9,1.0,0.0,20,20,20,0.0
1829094,0.85,0.0,0.0,20,20,20,1.0
1829094,0.8,1.0,0.0,20,20,20,0.0
1829094,0.75,1.0,0.0,20,20,20,0.0
1829094,0.7,1.0,0.0,20,20,20,0.0
184850,0.95,1.0,0.0,20,20,20,0.0
184850,0.9,1.0,0.0,20,20,20,0.0
184850,0.85,1.0,0.0,20,20,20,0.0
184850,0.8,1.0,0.0,20,20,20,0.0
184850,0.75,1.0,0.0,20,20,20,0.0
184850,0.7,1.0,0.0,20,20,20,0.0
1853198,0.95,0.0,0.0,20,20,20,1.0
1853198,0.9,0.0,0.0,20,20,20,1.0
1853198,0.85,0.0,0.0,20,20,20,1.0
1853198,0.8,0.0,0.0,20,20,20,1.0
1853198,0.75,0.0,0.0,20,20,20,1.0
1853198,0.7,0.0,0.0,20,20,20,1.0
1860029,0.95,0.0,0.0,20,20,20,1.0
1860029,0.9,0.0,0.0,20,20,20,1.0
1860029,0.85,0.0,0.0,20,20,20,1.0
1860029,0.8,1.0,0.0,20,20,20,0.0
1860029,0.75,1.0,0.0,20,20,20,0.0
1860029,0.7,1.0,0.0,20,20,20,0.0
1867834,0.95,0.0,0.0,20,20,20,1.0
1867834,0.9,1.0,0.0,20,20,20,0.0
1867834,0.85,1.0,0.0,20,20,20,0.0
1867834,0.8,1.0,0.0,20,20,20,0.0
1867834,0.75,1.0,0.0,20,20,20,0.0
1867834,0.7,1.0,0.0,20,20,20,0.0
1882504,0.95,0.0,0.0,20,20,20,1.0
1882504,0.9,0.0,0.0,20,20,20,1.0
1882504,0.85,0.0,0.0,20,20,20,1.0
1882504,0.8,1.0,0.0,20,20,20,0.0
1882504,0.75,1.0,0.05,20,20,20,0.05
1882504,0.7,1.0,0.0,20,20,20,0.0
189068,0.95,0.0,0.0,5,5,5,1.0
189068,0.9,0.0,0.0,5,5,5,1.0
189068,0.85,1.0,0.0,5,5,5,0.0
189068,0.8,1.0,0.0,5,5,5,0.0
189068,0.75,0.0,0.0,5,5,5,1.0
189068,0.7,1.0,0.0,5,5,5,0.0
189200,0.95,0.0,0.0,20,20,20,1.0
189200,0.9,0.0,0.0,20,20,20,1.0
189200,0.85,0.0,0.0,20,20,20,1.0
189200,0.8,0.0,0.0,20,20,20,1.0
189200,0.75,1.0,0.0,20,20,20,0.0
189200,0.7,1.0,0.0,20,20,20,0.0
1892618,0.95,1.0,0.0,5,5,5,0.0
1892618,0.9,1.0,0.0,5,5,5,0.0
1892618,0.85,1.0,0.0,5,5,5,0.0
1892618,0.8,1.0,0.0,5,5,5,0.0
1892618,0.75,1.0,0.0,5,5,5,0.0
1892618,0.7,1.0,0.0,5,5,5,0.0
1900420,0.95,1.0,0.1,20,20,20,0.1
1900420,0.9,1.0,0.1,20,20,20,0.1
1900420,0.85,1.0,0.1,20,20,20,0.1
1900420,0.8,1.0,0.1,20,20,20,0.1
1900420,0.75,1.0,0.1,20,20,20,0.1
1900420,0.7,1.0,0.1,20,20,20,0.1
1900421,0.95,1.0,0.1,20,20,20,0.1
1900421,0.9,1.0,0.1,20,20,20,0.1
1900421,0.85,1.0,0.1,20,20,20,0.1
1900421,0.8,1.0,0.1,20,20,20,0.1
1900421,0.75,1.0,0.1,20,20,20,0.1
1900421,0.7,1.0,0.1,20,20,20,0.1
1900422,0.95,1.0,0.1,20,20,20,0.1
1900422,0.9,1.0,0.1,20,20,20,0.1
1900422,0.85,1.0,0.1,20,20,20,0.1
1900422,0.8,1.0,0.1,20,20,20,0.1
1900422,0.75,1.0,0.1,20,20,20,0.1
1900422,0.7,1.0,0.1,20,20,20,0.1
1919215,0.95,0.0,0.0,12,12,12,1.0
1919215,0.9,0.0,0.0,12,12,12,1.0
1919215,0.85,0.0,0.0,12,12,12,1.0
1919215,0.8,0.0,0.0,12,12,12,1.0
1919215,0.75,0.0,0.0,12,12,12,1.0
1919215,0.7,1.0,0.0,12,12,12,0.0
1927140,0.95,0.0,0.0,20,20,20,1.0
1927140,0.9,0.0,0.0,20,20,20,1.0
1927140,0.85,1.0,0.0,20,20,20,0.0
1927140,0.8,1.0,0.0,20,20,20,0.0
1927140,0.75,1.0,0.0,20,20,20,0.0
1927140,0.7,1.0,0.0,20,20,20,0.0
1927933,0.95,0.0,0.0,10,10,10,1.0
1927933,0.9,0.0,0.0,10,10,10,1.0
1927933,0.85,0.0,0.0,10,10,10,1.0
1927933,0.8,0.0,0.0,10,10,10,1.0
1927933,0.75,1.0,0.0,10,10,10,0.0
1927933,0.7,1.0,0.0,10,10,10,0.0
1939901,0.95,0.0,0.0,20,20,20,1.0
1939901,0.9,0.0,0.0,20,20,20,1.0
1939901,0.85,0.0,0.0,20,20,20,1.0
1939901,0.8,1.0,0.0,20,20,20,0.0
1939901,0.75,1.0,0.0,20,20,20,0.0
1939901,0.7,1.0,0.0,20,20,20,0.0
1941759,0.95,0.0,0.0,5,5,5,1.0
1941759,0.9,0.0,0.0,5,5,5,1.0
1941759,0.85,0.0,0.0,5,5,5,1.0
1941759,0.8,0.0,0.0,5,5,5,1.0
1941759,0.75,0.0,0.0,5,5,5,1.0
1941759,0.7,0.0,0.0,5,5,5,1.0
1941761,0.95,1.0,0.0,20,20,20,0.0
1941761,0.9,0.0,0.0,20,20,20,1.0
1941761,0.85,1.0,0.0,20,20,20,0.0
1941761,0.8,1.0,0.0,20,20,20,0.0
1941761,0.75,1.0,0.0,20,20,20,0.0
1941761,0.7,1.0,0.0,20,20,20,0.0
1941949,0.95,0.0,0.0,20,20,20,1.0
1941949,0.9,1.0,0.0,20,20,20,0.0
1941949,0.85,0.0,0.0,20,20,20,1.0
1941949,0.8,0.0,0.0,20,20,20,1.0
1941949,0.75,0.0,0.0,20,20,20,1.0
1941949,0.7,1.0,0.05,20,20,20,0.05
1942600,0.95,1.0,0.0,5,5,5,0.0
1942600,0.9,1.0,0.0,5,5,5,0.0
1942600,0.85,1.0,0.0,5,5,5,0.0
1942600,0.8,0.0,0.0,5,5,5,1.0
1942600,0.75,0.0,0.0,5,5,5,1.0
1942600,0.7,1.0,0.0,5,5,5,0.0
1944925,0.95,0.0,0.0,20,20,20,1.0
1944925,0.9,0.0,0.0,20,20,20,1.0
1944925,0.85,0.0,0.0,20,20,20,1.0
1944925,0.8,1.0,0.0,20,20,20,0.0
1944925,0.75,1.0,0.0,20,20,20,0.0
1944925,0.7,1.0,0.0,20,20,20,0.0
1946956,0.95,0.0,0.0,20,20,20,1.0
1946956,0.9,0.0,0.0,20,20,20,1.0
1946956,0.85,0.0,0.0,20,20,20,1.0
1946956,0.8,0.0,0.0,20,20,20,1.0
1946956,0.75,0.0,0.0,20,20,20,1.0
1946956,0.7,1.0,0.0,20,20,20,0.0
19472,0.95,0.0,0.0,20,20,20,1.0
19472,0.9,0.0,0.0,20,20,20,1.0
19472,0.85,0.0,0.0,20,20,20,1.0
19472,0.8,0.0,0.0,20,20,20,1.0
19472,0.75,1.0,0.0,20,20,20,0.0
19472,0.7,1.0,0.0,20,20,20,0.0
196737,0.95,0.0,0.0,5,5,5,1.0
196737,0.9,0.0,0.0,5,5,5,1.0
196737,0.85,0.0,0.0,5,5,5,1.0
196737,0.8,1.0,0.0,5,5,5,0.0
196737,0.75,1.0,0.0,5,5,5,0.0
196737,0.7,1.0,0.0,5,5,5,0.0
1980780,0.95,1.0,0.0,20,20,20,0.0
1980780,0.9,1.0,0.0,20,20,20,0.0
1980780,0.85,1.0,0.0,20,20,20,0.0
1980780,0.8,1.0,0.0,20,20,20,0.0
1980780,0.75,1.0,0.0,20,20,20,0.0
1980780,0.7,1.0,0.0,20,20,20,0.0
1980835,0.95,0.0,0.0,20,20,20,1.0
1980835,0.9,0.0,0.0,20,20,20,1.0
1980835,0.85,0.0,0.0,20,20,20,1.0
1980835,0.8,0.0,0.0,20,20,20,1.0
1980835,0.75,1.0,0.0,20,20,20,0.0
1980835,0.7,1.0,0.0,20,20,20,0.0
1981146,0.95,1.0,0.1,20,20,20,0.1
1981146,0.9,0.0,0.0,20,20,20,1.0
1981146,0.85,1.0,0.1,20,20,20,0.1
1981146,0.8,0.0,0.0,20,20,20,1.0
1981146,0.75,0.0,0.0,20,20,20,1.0
1981146,0.7,1.0,0.1,20,20,20,0.1
1981147,0.95,1.0,0.1,20,20,20,0.1
1981147,0.9,0.0,0.0,20,20,20,1.0
1981147,0.85,1.0,0.1,20,20,20,0.1
1981147,0.8,0.0,0.0,20,20,20,1.0
1981147,0.75,0.0,0.0,20,20,20,1.0
1981147,0.7,1.0,0.1,20,20,20,0.1
1981148,0.95,1.0,0.1,20,20,20,0.1
1981148,0.9,0.0,0.0,20,20,20,1.0
1981148,0.85,1.0,0.1,20,20,20,0.1
1981148,0.8,0.0,0.0,20,20,20,1.0
1981148,0.75,0.0,0.0,20,20,20,1.0
1981148,0.7,1.0,0.1,20,20,20,0.1
199300,0.95,1.0,0.0,14,14,14,0.0
199300,0.9,1.0,0.0,14,14,14,0.0
199300,0.85,1.0,0.0,14,14,14,0.0
199300,0.8,1.0,0.0,14,14,14,0.0
199300,0.75,1.0,0.0,14,14,14,0.0
199300,0.7,1.0,0.0,14,14,14,0.0
1993670,0.95,0.0,0.0,20,20,20,1.0
1993670,0.9,0.0,0.0,20,20,20,1.0
1993670,0.85,1.0,0.0,20,20,20,0.0
1993670,0.8,0.0,0.0,20,20,20,1.0
1993670,0.75,1.0,0.0,20,20,20,0.0
1993670,0.7,1.0,0.0,20,20,20,0.0
200353,0.95,0.0,0.0,5,5,5,1.0
200353,0.9,0.0,0.0,5,5,5,1.0
200353,0.85,0.0,0.0,5,5,5,1.0
200353,0.8,0.0,0.0,5,5,5,1.0
200353,0.75,0.0,0.0,5,5,5,1.0
200353,0.7,1.0,0.0,5,5,5,0.0
200414,0.95,1.0,0.0,20,20,20,0.0
200414,0.9,1.0,0.0,20,20,20,0.0
200414,0.85,1.0,0.0,20,20,20,0.0
200414,0.8,1.0,0.0,20,20,20,0.0
200414,0.75,1.0,0.0,20,20,20,0.0
200414,0.7,1.0,0.0,20,20,20,0.0
200416,0.95,0.0,0.0,15,15,15,1.0
200416,0.9,0.0,0.0,15,15,15,1.0
200416,0.85,0.0,0.0,15,15,15,1.0
200416,0.8,0.0,0.0,15,15,15,1.0
200416,0.75,0.0,0.0,15,15,15,1.0
200416,0.7,1.0,0.0,15,15,15,0.0
2013401,0.95,0.0,0.0,5,5,5,1.0
2013401,0.9,0.0,0.0,5,5,5,1.0
2013401,0.85,0.0,0.0,5,5,5,1.0
2013401,0.8,1.0,0.0,5,5,5,0.0
2013401,0.75,1.0,0.0,5,5,5,0.0
2013401,0.7,1.0,0.0,5,5,5,0.0
2014194,0.95,1.0,0.0,5,5,5,0.0
2014194,0.9,1.0,0.0,5,5,5,0.0
2014194,0.85,1.0,0.0,5,5,5,0.0
2014194,0.8,1.0,0.0,5,5,5,0.0
2014194,0.75,1.0,0.0,5,5,5,0.0
2014194,0.7,1.0,0.0,5,5,5,0.0
2014345,0.95,1.0,0.0,13,13,13,0.0
2014345,0.9,1.0,0.0,13,13,13,0.0
2014345,0.85,1.0,0.0,13,13,13,0.0
2014345,0.8,1.0,0.0,13,13,13,0.0
2014345,0.75,1.0,0.0,13,13,13,0.0
2014345,0.7,1.0,0.0,13,13,13,0.0
20250,0.95,0.0,0.0,20,20,20,1.0
20250,0.9,0.0,0.0,20,20,20,1.0
20250,0.85,0.0,0.0,20,20,20,1.0
20250,0.8,0.0,0.0,20,20,20,1.0
20250,0.75,1.0,0.0,20,20,20,0.0
20250,0.7,1.0,0.0,20,20,20,0.0
203437,0.95,0.0,0.0,20,20,20,1.0
203437,0.9,0.0,0.0,20,20,20,1.0
203437,0.85,0.0,0.0,20,20,20,1.0
203437,0.8,0.0,0.0,20,20,20,1.0
203437,0.75,1.0,0.0,20,20,20,0.0
203437,0.7,1.0,0.0,20,20,20,0.0
2036135,0.95,0.0,0.0,20,20,20,1.0
2036135,0.9,0.0,0.0,20,20,20,1.0
2036135,0.85,0.0,0.0,20,20,20,1.0
2036135,0.8,0.0,0.0,20,20,20,1.0
2036135,0.75,1.0,0.05,20,20,20,0.05
2036135,0.7,1.0,0.0,20,20,20,0.0
203754,0.95,0.0,0.0,5,5,5,1.0
203754,0.9,0.0,0.0,5,5,5,1.0
203754,0.85,0.0,0.0,5,5,5,1.0
203754,0.8,1.0,0.0,5,5,5,0.0
203754,0.75,1.0,0.0,5,5,5,0.0
203754,0.7,1.0,0.0,5,5,5,0.0
204048,0.95,0.0,0.0,12,12,12,1.0
204048,0.9,0.0,0.0,12,12,12,1.0
204048,0.85,1.0,0.0,12,12,12,0.0
204048,0.8,0.0,0.0,12,12,12,1.0
204048,0.75,1.0,0.08333333333333333,12,12,12,0.08333333333333333
204048,0.7,1.0,0.0,12,12,12,0.0
2045728,0.95,1.0,0.0,15,15,15,0.0
2045728,0.9,1.0,0.0,15,15,15,0.0
2045728,0.85,1.0,0.0,15,15,15,0.0
2045728,0.8,1.0,0.0,15,15,15,0.0
2045728,0.75,1.0,0.0,15,15,15,0.0
2045728,0.7,1.0,0.0,15,15,15,0.0
2051232,0.95,0.0,0.0,20,20,20,1.0
2051232,0.9,1.0,0.0,20,20,20,0.0
2051232,0.85,1.0,0.0,20,20,20,0.0
2051232,0.8,1.0,0.0,20,20,20,0.0
2051232,0.75,1.0,0.0,20,20,20,0.0
2051232,0.7,0.0,0.0,20,20,20,1.0
205531,0.95,1.0,0.0,5,5,5,0.0
205531,0.9,1.0,0.0,5,5,5,0.0
205531,0.85,1.0,0.0,5,5,5,0.0
205531,0.8,1.0,0.0,5,5,5,0.0
205531,0.75,1.0,0.0,5,5,5,0.0
205531,0.7,1.0,0.0,5,5,5,0.0
2055647,0.95,0.0,0.0,10,10,10,1.0
2055647,0.9,0.0,0.0,10,10,10,1.0
2055647,0.85,0.0,0.0,10,10,10,1.0
2055647,0.8,1.0,0.0,10,10,10,0.0
2055647,0.75,0.0,0.0,10,10,10,1.0
2055647,0.7,1.0,0.0,10,10,10,0.0
205570,0.95,1.0,0.0,20,20,20,0.0
205570,0.9,1.0,0.0,20,20,20,0.0
205570,0.85,1.0,0.0,20,20,20,0.0
205570,0.8,1.0,0.0,20,20,20,0.0
205570,0.75,1.0,0.0,20,20,20,0.0
205570,0.7,1.0,0.0,20,20,20,0.0
205996,0.95,1.0,0.0,20,20,20,0.0
205996,0.9,1.0,0.0,20,20,20,0.0
205996,0.85,1.0,0.0,20,20,20,0.0
205996,0.8,1.0,0.0,20,20,20,0.0
205996,0.75,1.0,0.0,20,20,20,0.0
205996,0.7,1.0,0.0,20,20,20,0.0
2064852,0.95,1.0,0.0,20,20,20,0.0
2064852,0.9,1.0,0.0,20,20,20,0.0
2064852,0.85,1.0,0.0,20,20,20,0.0
2064852,0.8,1.0,0.0,20,20,20,0.0
2064852,0.75,1.0,0.0,20,20,20,0.0
2064852,0.7,1.0,0.0,20,20,20,0.0
2065688,0.95,0.0,0.0,5,5,5,1.0
2065688,0.9,0.0,0.0,5,5,5,1.0
2065688,0.85,0.0,0.0,5,5,5,1.0
2065688,0.8,1.0,0.0,5,5,5,0.0
2065688,0.75,1.0,0.0,5,5,5,0.0
2065688,0.7,1.0,0.0,5,5,5,0.0
2068848,0.95,0.0,0.0,20,20,20,1.0
2068848,0.9,1.0,0.0,20,20,20,0.0
2068848,0.85,0.0,0.0,20,20,20,1.0
2068848,0.8,1.0,0.0,20,20,20,0.0
2068848,0.75,1.0,0.0,20,20,20,0.0
2068848,0.7,1.0,0.0,20,20,20,0.0
2069235,0.95,0.0,0.0,8,8,8,1.0
2069235,0.9,0.0,0.0,8,8,8,1.0
2069235,0.85,0.0,0.0,8,8,8,1.0
2069235,0.8,0.0,0.0,8,8,8,1.0
2069235,0.75,0.0,0.0,8,8,8,1.0
2069235,0.7,1.0,0.0,8,8,8,0.0
2070124,0.95,0.0,0.0,20,20,20,1.0
2070124,0.9,0.0,0.0,20,20,20,1.0
2070124,0.85,1.0,0.0,20,20,20,0.0
2070124,0.8,1.0,0.0,20,20,20,0.0
2070124,0.75,1.0,0.05,20,20,20,0.05
2070124,0.7,1.0,0.0,20,20,20,0.0
2085291,0.95,0.0,0.0,20,20,20,1.0
2085291,0.9,0.0,0.0,20,20,20,1.0
2085291,0.85,0.0,0.0,20,20,20,1.0
2085291,0.8,1.0,0.0,20,20,20,0.0
2085291,0.75,1.0,0.0,20,20,20,0.0
2085291,0.7,1.0,0.05,20,20,20,0.05
2085709,0.95,0.0,0.0,20,20,20,1.0
2085709,0.9,0.0,0.0,20,20,20,1.0
2085709,0.85,0.0,0.0,20,20,20,1.0
2085709,0.8,0.0,0.0,20,20,20,1.0
2085709,0.75,1.0,0.0,20,20,20,0.0
2085709,0.7,1.0,0.0,20,20,20,0.0
2091182,0.95,1.0,0.0,20,20,20,0.0
2091182,0.9,1.0,0.0,20,20,20,0.0
2091182,0.85,1.0,0.0,20,20,20,0.0
2091182,0.8,1.0,0.0,20,20,20,0.0
2091182,0.75,1.0,0.0,20,20,20,0.0
2091182,0.7,1.0,0.0,20,20,20,0.0
2115021,0.95,1.0,0.0,5,5,5,0.0
2115021,0.9,1.0,0.0,5,5,5,0.0
2115021,0.85,1.0,0.0,5,5,5,0.0
2115021,0.8,1.0,0.0,5,5,5,0.0
2115021,0.75,1.0,0.0,5,5,5,0.0
2115021,0.7,1.0,0.0,5,5,5,0.0
2115553,0.95,0.0,0.0,5,5,5,1.0
2115553,0.9,0.0,0.0,5,5,5,1.0
2115553,0.85,0.0,0.0,5,5,5,1.0
2115553,0.8,1.0,0.2,5,5,5,0.2
2115553,0.75,1.0,0.2,5,5,5,0.2
2115553,0.7,1.0,0.2,5,5,5,0.2
2122202,0.95,0.0,0.0,5,5,5,1.0
2122202,0.9,0.0,0.0,5,5,5,1.0
2122202,0.85,0.0,0.0,5,5,5,1.0
2122202,0.8,0.0,0.0,5,5,5,1.0
2122202,0.75,1.0,0.0,5,5,5,0.0
2122202,0.7,1.0,0.0,5,5,5,0.0
2131105,0.95,0.0,0.0,20,20,20,1.0
2131105,0.9,0.0,0.0,20,20,20,1.0
2131105,0.85,0.0,0.0,20,20,20,1.0
2131105,0.8,1.0,0.0,20,20,20,0.0
2131105,0.75,1.0,0.0,20,20,20,0.0
2131105,0.7,1.0,0.0,20,20,20,0.0
2139200,0.95,0.0,0.0,20,20,20,1.0
2139200,0.9,0.0,0.0,20,20,20,1.0
2139200,0.85,0.0,0.0,20,20,20,1.0
2139200,0.8,0.0,0.0,20,20,20,1.0
2139200,0.75,1.0,0.0,20,20,20,0.0
2139200,0.7,1.0,0.0,20,20,20,0.0
2142166,0.95,0.0,0.0,8,8,8,1.0
2142166,0.9,0.0,0.0,8,8,8,1.0
2142166,0.85,0.0,0.0,8,8,8,1.0
2142166,0.8,1.0,0.0,8,8,8,0.0
2142166,0.75,1.0,0.0,8,8,8,0.0
2142166,0.7,1.0,0.0,8,8,8,0.0
2142170,0.95,0.0,0.0,7,7,7,1.0
2142170,0.9,0.0,0.0,7,7,7,1.0
2142170,0.85,0.0,0.0,7,7,7,1.0
2142170,0.8,1.0,0.0,7,7,7,0.0
2142170,0.75,1.0,0.0,7,7,7,0.0
2142170,0.7,1.0,0.0,7,7,7,0.0
2147549,0.95,0.0,0.0,5,5,5,1.0
2147549,0.9,0.0,0.0,5,5,5,1.0
2147549,0.85,1.0,0.0,5,5,5,0.0
2147549,0.8,0.0,0.0,5,5,5,1.0
2147549,0.75,1.0,0.0,5,5,5,0.0
2147549,0.7,1.0,0.0,5,5,5,0.0
2155468,0.95,1.0,0.0,19,19,19,0.0
2155468,0.9,1.0,0.0,19,19,19,0.0
2155468,0.85,1.0,0.0,19,19,19,0.0
2155468,0.8,1.0,0.0,19,19,19,0.0
2155468,0.75,1.0,0.0,19,19,19,0.0
2155468,0.7,1.0,0.0,19,19,19,0.0
217415,0.95,0.0,0.0,20,20,20,1.0
217415,0.9,0.0,0.0,20,20,20,1.0
217415,0.85,0.0,0.0,20,20,20,1.0
217415,0.8,0.0,0.0,20,20,20,1.0
217415,0.75,0.0,0.0,20,20,20,1.0
217415,0.7,1.0,0.0,20,20,20,0.0
2180839,0.95,0.0,0.0,12,12,12,1.0
2180839,0.9,0.0,0.0,12,12,12,1.0
2180839,0.85,0.0,0.0,12,12,12,1.0
2180839,0.8,0.0,0.0,12,12,12,1.0
2180839,0.75,1.0,0.08333333333333333,12,12,12,0.08333333333333333
2180839,0.7,0.0,0.0,12,12,12,1.0
2180840,0.95,0.0,0.0,12,12,12,1.0
2180840,0.9,0.0,0.0,12,12,12,1.0
2180840,0.85,0.0,0.0,12,12,12,1.0
2180840,0.8,0.0,0.0,12,12,12,1.0
2180840,0.75,1.0,0.08333333333333333,12,12,12,0.08333333333333333
2180840,0.7,0.0,0.0,12,12,12,1.0
2187915,0.95,1.0,0.0,5,5,5,0.0
2187915,0.9,1.0,0.0,5,5,5,0.0
2187915,0.85,1.0,0.0,5,5,5,0.0
2187915,0.8,1.0,0.0,5,5,5,0.0
2187915,0.75,0.0,0.0,5,5,5,1.0
2187915,0.7,1.0,0.0,5,5,5,0.0
2192092,0.95,0.0,0.0,20,20,20,1.0
2192092,0.9,1.0,0.0,20,20,20,0.0
2192092,0.85,0.0,0.0,20,20,20,1.0
2192092,0.8,0.0,0.0,20,20,20,1.0
2192092,0.75,1.0,0.0,20,20,20,0.0
2192092,0.7,1.0,0.0,20,20,20,0.0
2199670,0.95,1.0,0.0,6,6,6,0.0
2199670,0.9,1.0,0.0,6,6,6,0.0
2199670,0.85,1.0,0.0,6,6,6,0.0
2199670,0.8,1.0,0.0,6,6,6,0.0
2199670,0.75,0.0,0.0,6,6,6,1.0
2199670,0.7,1.0,0.0,6,6,6,0.0
2203041,0.95,0.0,0.0,16,16,16,1.0
2203041,0.9,0.0,0.0,16,16,16,1.0
2203041,0.85,0.0,0.0,16,16,16,1.0
2203041,0.8,1.0,0.0,16,16,16,0.0
2203041,0.75,1.0,0.0,16,16,16,0.0
2203041,0.7,1.0,0.0,16,16,16,0.0
2203391,0.95,0.0,0.0,20,20,20,1.0
2203391,0.9,0.0,0.0,20,20,20,1.0
2203391,0.85,1.0,0.05,20,20,20,0.05
2203391,0.8,0.0,0.0,20,20,20,1.0
2203391,0.75,1.0,0.05,20,20,20,0.05
2203391,0.7,1.0,0.05,20,20,20,0.05
2228775,0.95,1.0,0.0,20,20,20,0.0
2228775,0.9,1.0,0.0,20,20,20,0.0
2228775,0.85,1.0,0.0,20,20,20,0.0
2228775,0.8,1.0,0.0,20,20,20,0.0
2228775,0.75,1.0,0.0,20,20,20,0.0
2228775,0.7,1.0,0.0,20,20,20,0.0
2238655,0.95,0.0,0.0,5,5,5,1.0
2238655,0.9,0.0,0.0,5,5,5,1.0
2238655,0.85,0.0,0.0,5,5,5,1.0
2238655,0.8,1.0,0.0,5,5,5,0.0
2238655,0.75,1.0,0.0,5,5,5,0.0
2238655,0.7,1.0,0.0,5,5,5,0.0
2254982,0.95,0.0,0.0,20,20,20,1.0
2254982,0.9,0.0,0.0,20,20,20,1.0
2254982,0.85,1.0,0.0,20,20,20,0.0
2254982,0.8,1.0,0.05,20,20,20,0.05
2254982,0.75,1.0,0.05,20,20,20,0.05
2254982,0.7,1.0,0.05,20,20,20,0.05
2266140,0.95,0.0,0.0,20,20,20,1.0
2266140,0.9,0.0,0.0,20,20,20,1.0
2266140,0.85,0.0,0.0,20,20,20,1.0
2266140,0.8,0.0,0.1,20,20,20,1.1
2266140,0.75,0.0,0.0,20,20,20,1.0
2266140,0.7,1.0,0.0,20,20,20,0.0
2281512,0.95,0.0,0.0,20,20,20,1.0
2281512,0.9,1.0,0.05,20,20,20,0.05
2281512,0.85,1.0,0.05,20,20,20,0.05
2281512,0.8,1.0,0.05,20,20,20,0.05
2281512,0.75,1.0,0.05,20,20,20,0.05
2281512,0.7,1.0,0.05,20,20,20,0.05
2281513,0.95,0.0,0.0,20,20,20,1.0
2281513,0.9,1.0,0.05,20,20,20,0.05
2281513,0.85,1.0,0.05,20,20,20,0.05
2281513,0.8,1.0,0.05,20,20,20,0.05
2281513,0.75,1.0,0.05,20,20,20,0.05
2281513,0.7,1.0,0.05,20,20,20,0.05
2292083,0.95,0.0,0.0,20,20,20,1.0
2292083,0.9,0.0,0.0,20,20,20,1.0
2292083,0.85,1.0,0.0,20,20,20,0.0
2292083,0.8,1.0,0.0,20,20,20,0.0
2292083,0.75,1.0,0.0,20,20,20,0.0
2292083,0.7,1.0,0.0,20,20,20,0.0
2292839,0.95,0.0,0.0,20,20,20,1.0
2292839,0.9,0.0,0.0,20,20,20,1.0
2292839,0.85,0.0,0.0,20,20,20,1.0
2292839,0.8,0.0,0.0,20,20,20,1.0
2292839,0.75,1.0,0.0,20,20,20,0.0
2292839,0.7,1.0,0.0,20,20,20,0.0
2300772,0.95,0.0,0.0,7,7,7,1.0
2300772,0.9,0.0,0.0,7,7,7,1.0
2300772,0.85,0.0,0.0,7,7,7,1.0
2300772,0.8,1.0,0.0,7,7,7,0.0
2300772,0.75,1.0,0.0,7,7,7,0.0
2300772,0.7,1.0,0.0,7,7,7,0.0
232130,0.95,0.0,0.0,8,8,8,1.0
232130,0.9,0.0,0.0,8,8,8,1.0
232130,0.85,0.0,0.0,8,8,8,1.0
232130,0.8,0.0,0.0,8,8,8,1.0
232130,0.75,0.0,0.0,8,8,8,1.0
232130,0.7,1.0,0.0,8,8,8,0.0
2342140,0.95,0.0,0.0,20,20,20,1.0
2342140,0.9,0.0,0.0,20,20,20,1.0
2342140,0.85,1.0,0.0,20,20,20,0.0
2342140,0.8,1.0,0.0,20,20,20,0.0
2342140,0.75,1.0,0.05,20,20,20,0.05
2342140,0.7,1.0,0.0,20,20,20,0.0
234484,0.95,0.0,0.0,13,13,13,1.0
234484,0.9,0.0,0.0,13,13,13,1.0
234484,0.85,0.0,0.0,13,13,13,1.0
234484,0.8,0.0,0.0,13,13,13,1.0
234484,0.75,0.0,0.0,13,13,13,1.0
234484,0.7,1.0,0.0,13,13,13,0.0
234486,0.95,0.0,0.0,20,20,20,1.0
234486,0.9,0.0,0.0,20,20,20,1.0
234486,0.85,0.0,0.0,20,20,20,1.0
234486,0.8,1.0,0.0,20,20,20,0.0
234486,0.75,1.0,0.0,20,20,20,0.0
234486,0.7,1.0,0.05,20,20,20,0.05
2350332,0.95,1.0,0.0,20,20,20,0.0
2350332,0.9,1.0,0.0,20,20,20,0.0
2350332,0.85,1.0,0.0,20,20,20,0.0
2350332,0.8,1.0,0.0,20,20,20,0.0
2350332,0.75,1.0,0.0,20,20,20,0.0
2350332,0.7,1.0,0.0,20,20,20,0.0
2350775,0.95,1.0,0.0,10,10,10,0.0
2350775,0.9,1.0,0.0,10,10,10,0.0
2350775,0.85,0.0,0.0,10,10,10,1.0
2350775,0.8,0.0,0.0,10,10,10,1.0
2350775,0.75,0.0,0.0,10,10,10,1.0
2350775,0.7,1.0,0.0,10,10,10,0.0
2357044,0.95,0.0,0.0,9,9,9,1.0
2357044,0.9,0.0,0.0,9,9,9,1.0
2357044,0.85,1.0,0.0,9,9,9,0.0
2357044,0.8,0.0,0.0,9,9,9,1.0
2357044,0.75,1.0,0.0,9,9,9,0.0
2357044,0.7,1.0,0.0,9,9,9,0.0
2373230,0.95,0.0,0.0,5,5,5,1.0
2373230,0.9,0.0,0.0,5,5,5,1.0
2373230,0.85,1.0,0.0,5,5,5,0.0
2373230,0.8,1.0,0.0,5,5,5,0.0
2373230,0.75,0.0,0.0,5,5,5,1.0
2373230,0.7,1.0,0.0,5,5,5,0.0
237675,0.95,0.0,0.0,5,5,5,1.0
237675,0.9,0.0,0.0,5,5,5,1.0
237675,0.85,0.0,0.0,5,5,5,1.0
237675,0.8,0.0,0.0,5,5,5,1.0
237675,0.75,0.0,0.0,5,5,5,1.0
237675,0.7,1.0,0.2,5,5,5,0.2
237677,0.95,0.0,0.0,5,5,5,1.0
237677,0.9,0.0,0.0,5,5,5,1.0
237677,0.85,0.0,0.0,5,5,5,1.0
237677,0.8,0.0,0.0,5,5,5,1.0
237677,0.75,0.0,0.0,5,5,5,1.0
237677,0.7,1.0,0.2,5,5,5,0.2
2380062,0.95,1.0,0.0,5,5,5,0.0
2380062,0.9,1.0,0.0,5,5,5,0.0
2380062,0.85,1.0,0.0,5,5,5,0.0
2380062,0.8,1.0,0.0,5,5,5,0.0
2380062,0.75,1.0,0.0,5,5,5,0.0
2380062,0.7,1.0,0.0,5,5,5,0.0
239951,0.95,0.0,0.0,20,20,20,1.0
239951,0.9,0.0,0.0,20,20,20,1.0
239951,0.85,0.0,0.0,20,20,20,1.0
239951,0.8,1.0,0.0,20,20,20,0.0
239951,0.75,0.0,0.0,20,20,20,1.0
239951,0.7,1.0,0.0,20,20,20,0.0
2415240,0.95,0.0,0.0,5,5,5,1.0
2415240,0.9,0.0,0.0,5,5,5,1.0
2415240,0.85,0.0,0.0,5,5,5,1.0
2415240,0.8,0.0,0.0,5,5,5,1.0
2415240,0.75,1.0,0.0,5,5,5,0.0
2415240,0.7,1.0,0.0,5,5,5,0.0
2419759,0.95,0.0,0.0,20,20,20,1.0
2419759,0.9,0.0,0.0,20,20,20,1.0
2419759,0.85,1.0,0.0,20,20,20,0.0
2419759,0.8,1.0,0.0,20,20,20,0.0
2419759,0.75,1.0,0.1,20,20,20,0.1
2419759,0.7,0.0,0.2,20,20,20,1.2
2438406,0.95,0.0,0.0,20,20,20,1.0
2438406,0.9,0.0,0.0,20,20,20,1.0
2438406,0.85,0.0,0.0,20,20,20,1.0
2438406,0.8,1.0,0.0,20,20,20,0.0
2438406,0.75,1.0,0.0,20,20,20,0.0
2438406,0.7,1.0,0.0,20,20,20,0.0
2440723,0.95,0.0,0.0,19,19,19,1.0
2440723,0.9,0.0,0.0,19,19,19,1.0
2440723,0.85,0.0,0.0,19,19,19,1.0
2440723,0.8,1.0,0.0,19,19,19,0.0
2440723,0.75,1.0,0.0,19,19,19,0.0
2440723,0.7,1.0,0.0,19,19,19,0.0
2449609,0.95,0.0,0.0,20,20,20,1.0
2449609,0.9,0.0,0.0,20,20,20,1.0
2449609,0.85,1.0,0.0,20,20,20,0.0
2449609,0.8,1.0,0.0,20,20,20,0.0
2449609,0.75,1.0,0.0,20,20,20,0.0
2449609,0.7,1.0,0.15,20,20,20,0.15
245609,0.95,0.0,0.0,5,5,5,1.0
245609,0.9,0.0,0.0,5,5,5,1.0
245609,0.85,0.0,0.0,5,5,5,1.0
245609,0.8,1.0,0.0,5,5,5,0.0
245609,0.75,1.0,0.0,5,5,5,0.0
245609,0.7,1.0,0.0,5,5,5,0.0
2456508,0.95,0.0,0.0,20,20,20,1.0
2456508,0.9,0.0,0.0,20,20,20,1.0
2456508,0.85,0.0,0.0,20,20,20,1.0
2456508,0.8,1.0,0.0,20,20,20,0.0
2456508,0.75,1.0,0.0,20,20,20,0.0
2456508,0.7,1.0,0.0,20,20,20,0.0
2461657,0.95,0.0,0.0,5,5,5,1.0
2461657,0.9,0.0,0.0,5,5,5,1.0
2461657,0.85,0.0,0.0,5,5,5,1.0
2461657,0.8,0.0,0.0,5,5,5,1.0
2461657,0.75,0.0,0.0,5,5,5,1.0
2461657,0.7,1.0,0.0,5,5,5,0.0
246233,0.95,0.0,0.0,20,20,20,1.0
246233,0.9,0.0,0.0,20,20,20,1.0
246233,0.85,0.0,0.0,20,20,20,1.0
246233,0.8,1.0,0.0,20,20,20,0.0
246233,0.75,1.0,0.0,20,20,20,0.0
246233,0.7,1.0,0.05,20,20,20,0.05
2477193,0.95,0.0,0.0,6,6,6,1.0
2477193,0.9,0.0,0.0,6,6,6,1.0
2477193,0.85,0.0,0.0,6,6,6,1.0
2477193,0.8,1.0,0.0,6,6,6,0.0
2477193,0.75,0.0,0.0,6,6,6,1.0
2477193,0.7,1.0,0.0,6,6,6,0.0
2480048,0.95,0.0,0.0,5,5,5,1.0
2480048,0.9,0.0,0.0,5,5,5,1.0
2480048,0.85,0.0,0.0,5,5,5,1.0
2480048,0.8,1.0,0.0,5,5,5,0.0
2480048,0.75,1.0,0.0,5,5,5,0.0
2480048,0.7,1.0,0.0,5,5,5,0.0
2481597,0.95,1.0,0.0,16,16,16,0.0
2481597,0.9,1.0,0.0,16,16,16,0.0
2481597,0.85,1.0,0.0,16,16,16,0.0
2481597,0.8,0.0,0.0,16,16,16,1.0
2481597,0.75,1.0,0.0,16,16,16,0.0
2481597,0.7,1.0,0.0,16,16,16,0.0
248641,0.95,0.0,0.0,20,20,20,1.0
248641,0.9,0.0,0.0,20,20,20,1.0
248641,0.85,0.0,0.0,20,20,20,1.0
248641,0.8,0.0,0.0,20,20,20,1.0
248641,0.75,0.0,0.0,20,20,20,1.0
248641,0.7,1.0,0.0,20,20,20,0.0
2490440,0.95,0.0,0.0,5,5,5,1.0
2490440,0.9,0.0,0.0,5,5,5,1.0
2490440,0.85,0.0,0.0,5,5,5,1.0
2490440,0.8,0.0,0.0,5,5,5,1.0
2490440,0.75,0.0,0.0,5,5,5,1.0
2490440,0.7,0.0,0.0,5,5,5,1.0
2507186,0.95,0.0,0.0,20,20,20,1.0
2507186,0.9,0.0,0.0,20,20,20,1.0
2507186,0.85,0.0,0.05,20,20,20,1.05
2507186,0.8,0.0,0.05,20,20,20,1.05
2507186,0.75,0.0,0.0,20,20,20,1.0
2507186,0.7,1.0,0.05,20,20,20,0.05
2510882,0.95,0.0,0.0,20,20,20,1.0
2510882,0.9,0.0,0.0,20,20,20,1.0
2510882,0.85,0.0,0.0,20,20,20,1.0
2510882,0.8,0.0,0.0,20,20,20,1.0
2510882,0.75,1.0,0.0,20,20,20,0.0
2510882,0.7,1.0,0.1,20,20,20,0.1
2533106,0.95,0.0,0.0,8,8,8,1.0
2533106,0.9,0.0,0.0,8,8,8,1.0
2533106,0.85,0.0,0.0,8,8,8,1.0
2533106,0.8,0.0,0.0,8,8,8,1.0
2533106,0.75,1.0,0.0,8,8,8,0.0
2533106,0.7,1.0,0.0,8,8,8,0.0
2562742,0.95,0.0,0.0,20,20,20,1.0
2562742,0.9,0.0,0.0,20,20,20,1.0
2562742,0.85,0.0,0.0,20,20,20,1.0
2562742,0.8,0.0,0.0,20,20,20,1.0
2562742,0.75,0.0,0.0,20,20,20,1.0
2562742,0.7,1.0,0.0,20,20,20,0.0
25674,0.95,0.0,0.0,20,20,20,1.0
25674,0.9,0.0,0.0,20,20,20,1.0
25674,0.85,0.0,0.0,20,20,20,1.0
25674,0.8,1.0,0.0,20,20,20,0.0
25674,0.75,1.0,0.0,20,20,20,0.0
25674,0.7,1.0,0.0,20,20,20,0.0
2569888,0.95,0.0,0.0,20,20,20,1.0
2569888,0.9,0.0,0.0,20,20,20,1.0
2569888,0.85,0.0,0.0,20,20,20,1.0
2569888,0.8,0.0,0.0,20,20,20,1.0
2569888,0.75,1.0,0.0,20,20,20,0.0
2569888,0.7,1.0,0.0,20,20,20,0.0
2579813,0.95,0.0,0.0,20,20,20,1.0
2579813,0.9,0.0,0.0,20,20,20,1.0
2579813,0.85,0.0,0.0,20,20,20,1.0
2579813,0.8,1.0,0.0,20,20,20,0.0
2579813,0.75,1.0,0.0,20,20,20,0.0
2579813,0.7,1.0,0.05,20,20,20,0.05
2583275,0.95,0.0,0.0,20,20,20,1.0
2583275,0.9,0.0,0.0,20,20,20,1.0
2583275,0.85,0.0,0.0,20,20,20,1.0
2583275,0.8,0.0,0.0,20,20,20,1.0
2583275,0.75,1.0,0.0,20,20,20,0.0
2583275,0.7,1.0,0.2,20,20,20,0.2
2584513,0.95,0.0,0.0,12,12,12,1.0
2584513,0.9,0.0,0.0,12,12,12,1.0
2584513,0.85,0.0,0.0,12,12,12,1.0
2584513,0.8,0.0,0.0,12,12,12,1.0
2584513,0.75,0.0,0.0,12,12,12,1.0
2584513,0.7,1.0,0.0,12,12,12,0.0
2584594,0.95,0.0,0.0,20,20,20,1.0
2584594,0.9,0.0,0.0,20,20,20,1.0
2584594,0.85,0.0,0.0,20,20,20,1.0
2584594,0.8,1.0,0.0,20,20,20,0.0
2584594,0.75,1.0,0.0,20,20,20,0.0
2584594,0.7,1.0,0.0,20,20,20,0.0
258682,0.95,0.0,0.0,20,20,20,1.0
258682,0.9,0.0,0.0,20,20,20,1.0
258682,0.85,0.0,0.0,20,20,20,1.0
258682,0.8,1.0,0.0,20,20,20,0.0
258682,0.75,1.0,0.0,20,20,20,0.0
258682,0.7,1.0,0.0,20,20,20,0.0
2603584,0.95,1.0,0.0,5,5,5,0.0
2603584,0.9,1.0,0.0,5,5,5,0.0
2603584,0.85,1.0,0.0,5,5,5,0.0
2603584,0.8,1.0,0.0,5,5,5,0.0
2603584,0.75,1.0,0.0,5,5,5,0.0
2603584,0.7,1.0,0.0,5,5,5,0.0
2606277,0.95,1.0,0.0,5,5,5,0.0
2606277,0.9,1.0,0.0,5,5,5,0.0
2606277,0.85,0.0,0.0,5,5,5,1.0
2606277,0.8,0.0,0.0,5,5,5,1.0
2606277,0.75,0.0,0.0,5,5,5,1.0
2606277,0.7,1.0,0.0,5,5,5,0.0
2606349,0.95,1.0,0.0,20,20,20,0.0
2606349,0.9,1.0,0.0,20,20,20,0.0
2606349,0.85,1.0,0.0,20,20,20,0.0
2606349,0.8,1.0,0.0,20,20,20,0.0
2606349,0.75,1.0,0.0,20,20,20,0.0
2606349,0.7,1.0,0.0,20,20,20,0.0
2611738,0.95,0.0,0.0,20,20,20,1.0
2611738,0.9,0.0,0.0,20,20,20,1.0
2611738,0.85,0.0,0.0,20,20,20,1.0
2611738,0.8,1.0,0.0,20,20,20,0.0
2611738,0.75,0.0,0.0,20,20,20,1.0
2611738,0.7,1.0,0.1,20,20,20,0.1
2612485,0.95,0.0,0.0,20,20,20,1.0
2612485,0.9,0.0,0.0,20,20,20,1.0
2612485,0.85,0.0,0.0,20,20,20,1.0
2612485,0.8,0.0,0.05,20,20,20,1.05
2612485,0.75,1.0,0.0,20,20,20,0.0
2612485,0.7,1.0,0.0,20,20,20,0.0
2630371,0.95,1.0,0.0,5,5,5,0.0
2630371,0.9,1.0,0.0,5,5,5,0.0
2630371,0.85,1.0,0.0,5,5,5,0.0
2630371,0.8,1.0,0.0,5,5,5,0.0
2630371,0.75,1.0,0.0,5,5,5,0.0
2630371,0.7,0.0,0.0,5,5,5,1.0
2634781,0.95,0.0,0.0,20,20,20,1.0
2634781,0.9,0.0,0.0,20,20,20,1.0
2634781,0.85,0.0,0.0,20,20,20,1.0
2634781,0.8,0.0,0.0,20,20,20,1.0
2634781,0.75,1.0,0.0,20,20,20,0.0
2634781,0.7,1.0,0.05,20,20,20,0.05
263924,0.95,0.0,0.0,10,10,10,1.0
263924,0.9,0.0,0.0,10,10,10,1.0
263924,0.85,1.0,0.0,10,10,10,0.0
263924,0.8,0.0,0.0,10,10,10,1.0
263924,0.75,1.0,0.0,10,10,10,0.0
263924,0.7,1.0,0.0,10,10,10,0.0
2651225,0.95,0.0,0.0,20,20,20,1.0
2651225,0.9,0.0,0.0,20,20,20,1.0
2651225,0.85,0.0,0.0,20,20,20,1.0
2651225,0.8,1.0,0.05,20,20,20,0.05
2651225,0.75,1.0,0.05,20,20,20,0.05
2651225,0.7,0.0,0.1,20,20,20,1.1
2651226,0.95,0.0,0.0,20,20,20,1.0
2651226,0.9,0.0,0.0,20,20,20,1.0
2651226,0.85,0.0,0.0,20,20,20,1.0
2651226,0.8,1.0,0.05,20,20,20,0.05
2651226,0.75,1.0,0.05,20,20,20,0.05
2651226,0.7,0.0,0.1,20,20,20,1.1
265754,0.95,0.0,0.0,20,20,20,1.0
265754,0.9,0.0,0.0,20,20,20,1.0
265754,0.85,0.0,0.0,20,20,20,1.0
265754,0.8,0.0,0.0,20,20,20,1.0
265754,0.75,1.0,0.0,20,20,20,0.0
265754,0.7,1.0,0.0,20,20,20,0.0
2658151,0.95,0.0,0.0,20,20,20,1.0
2658151,0.9,0.0,0.0,20,20,20,1.0
2658151,0.85,0.0,0.0,20,20,20,1.0
2658151,0.8,1.0,0.0,20,20,20,0.0
2658151,0.75,0.0,0.05,20,20,20,1.05
2658151,0.7,1.0,0.0,20,20,20,0.0
2665279,0.95,0.0,0.0,20,20,20,1.0
2665279,0.9,1.0,0.0,20,20,20,0.0
2665279,0.85,0.0,0.0,20,20,20,1.0
2665279,0.8,1.0,0.0,20,20,20,0.0
2665279,0.75,1.0,0.0,20,20,20,0.0
2665279,0.7,1.0,0.0,20,20,20,0.0
2669469,0.95,0.0,0.0,20,20,20,1.0
2669469,0.9,0.0,0.0,20,20,20,1.0
2669469,0.85,0.0,0.0,20,20,20,1.0
2669469,0.8,0.0,0.0,20,20,20,1.0
2669469,0.75,1.0,0.0,20,20,20,0.0
2669469,0.7,1.0,0.0,20,20,20,0.0
2670586,0.95,0.0,0.0,20,20,20,1.0
2670586,0.9,0.0,0.0,20,20,20,1.0
2670586,0.85,0.0,0.0,20,20,20,1.0
2670586,0.8,0.0,0.05,20,20,20,1.05
2670586,0.75,1.0,0.05,20,20,20,0.05
2670586,0.7,0.0,0.15,20,20,20,1.15
2672349,0.95,0.0,0.0,5,5,5,1.0
2672349,0.9,0.0,0.0,5,5,5,1.0
2672349,0.85,0.0,0.0,5,5,5,1.0
2672349,0.8,0.0,0.0,5,5,5,1.0
2672349,0.75,0.0,0.0,5,5,5,1.0
2672349,0.7,1.0,0.0,5,5,5,0.0
2672350,0.95,1.0,0.0,20,20,20,0.0
2672350,0.9,1.0,0.0,20,20,20,0.0
2672350,0.85,1.0,0.0,20,20,20,0.0
2672350,0.8,0.0,0.0,20,20,20,1.0
2672350,0.75,1.0,0.0,20,20,20,0.0
2672350,0.7,1.0,0.0,20,20,20,0.0
2684047,0.95,1.0,0.2,5,5,5,0.2
2684047,0.9,1.0,0.2,5,5,5,0.2
2684047,0.85,0.0,0.0,5,5,5,1.0
2684047,0.8,0.0,0.0,5,5,5,1.0
2684047,0.75,0.0,0.0,5,5,5,1.0
2684047,0.7,1.0,0.2,5,5,5,0.2
2684048,0.95,1.0,0.2,5,5,5,0.2
2684048,0.9,1.0,0.2,5,5,5,0.2
2684048,0.85,0.0,0.0,5,5,5,1.0
2684048,0.8,0.0,0.0,5,5,5,1.0
2684048,0.75,0.0,0.0,5,5,5,1.0
2684048,0.7,1.0,0.2,5,5,5,0.2
2696170,0.95,0.0,0.0,5,5,5,1.0
2696170,0.9,0.0,0.0,5,5,5,1.0
2696170,0.85,0.0,0.0,5,5,5,1.0
2696170,0.8,1.0,0.0,5,5,5,0.0
2696170,0.75,1.0,0.0,5,5,5,0.0
2696170,0.7,1.0,0.0,5,5,5,0.0
2712847,0.95,0.0,0.0,20,20,20,1.0
2712847,0.9,0.0,0.0,20,20,20,1.0
2712847,0.85,0.0,0.0,20,20,20,1.0
2712847,0.8,0.0,0.0,20,20,20,1.0
2712847,0.75,1.0,0.0,20,20,20,0.0
2712847,0.7,1.0,0.1,20,20,20,0.1
2725932,0.95,0.0,0.0,20,20,20,1.0
2725932,0.9,0.0,0.0,20,20,20,1.0
2725932,0.85,0.0,0.0,20,20,20,1.0
2725932,0.8,0.0,0.0,20,20,20,1.0
2725932,0.75,1.0,0.0,20,20,20,0.0
2725932,0.7,0.0,0.0,20,20,20,1.0
2731195,0.95,0.0,0.0,5,5,5,1.0
2731195,0.9,0.0,0.0,5,5,5,1.0
2731195,0.85,1.0,0.0,5,5,5,0.0
2731195,0.8,0.0,0.0,5,5,5,1.0
2731195,0.75,1.0,0.0,5,5,5,0.0
2731195,0.7,1.0,0.0,5,5,5,0.0
2763878,0.95,0.0,0.0,20,20,20,1.0
2763878,0.9,0.0,0.0,20,20,20,1.0
2763878,0.85,0.0,0.0,20,20,20,1.0
2763878,0.8,1.0,0.0,20,20,20,0.0
2763878,0.75,1.0,0.1,20,20,20,0.1
2763878,0.7,1.0,0.1,20,20,20,0.1
2765336,0.95,0.0,0.0,5,5,5,1.0
2765336,0.9,1.0,0.0,5,5,5,0.0
2765336,0.85,0.0,0.0,5,5,5,1.0
2765336,0.8,1.0,0.0,5,5,5,0.0
2765336,0.75,1.0,0.0,5,5,5,0.0
2765336,0.7,0.0,0.0,5,5,5,1.0
2765337,0.95,0.0,0.0,5,5,5,1.0
2765337,0.9,0.0,0.0,5,5,5,1.0
2765337,0.85,0.0,0.0,5,5,5,1.0
2765337,0.8,1.0,0.0,5,5,5,0.0
2765337,0.75,1.0,0.0,5,5,5,0.0
2765337,0.7,1.0,0.0,5,5,5,0.0
276787,0.95,1.0,0.0,5,5,5,0.0
276787,0.9,1.0,0.0,5,5,5,0.0
276787,0.85,1.0,0.0,5,5,5,0.0
276787,0.8,1.0,0.0,5,5,5,0.0
276787,0.75,1.0,0.0,5,5,5,0.0
276787,0.7,1.0,0.0,5,5,5,0.0
2776008,0.95,0.0,0.0,20,20,20,1.0
2776008,0.9,0.0,0.0,20,20,20,1.0
2776008,0.85,0.0,0.0,20,20,20,1.0
2776008,0.8,0.0,0.0,20,20,20,1.0
2776008,0.75,1.0,0.0,20,20,20,0.0
2776008,0.7,1.0,0.0,20,20,20,0.0
2777708,0.95,1.0,0.2,5,5,5,0.2
2777708,0.9,1.0,0.2,5,5,5,0.2
2777708,0.85,1.0,0.2,5,5,5,0.2
2777708,0.8,1.0,0.2,5,5,5,0.2
2777708,0.75,1.0,0.2,5,5,5,0.2
2777708,0.7,1.0,0.2,5,5,5,0.2
2777709,0.95,1.0,0.2,5,5,5,0.2
2777709,0.9,1.0,0.2,5,5,5,0.2
2777709,0.85,1.0,0.2,5,5,5,0.2
2777709,0.8,1.0,0.2,5,5,5,0.2
2777709,0.75,1.0,0.2,5,5,5,0.2
2777709,0.7,1.0,0.2,5,5,5,0.2
2791111,0.95,0.0,0.0,20,20,20,1.0
2791111,0.9,0.0,0.0,20,20,20,1.0
2791111,0.85,0.0,0.0,20,20,20,1.0
2791111,0.8,0.0,0.0,20,20,20,1.0
2791111,0.75,1.0,0.0,20,20,20,0.0
2791111,0.7,1.0,0.0,20,20,20,0.0
279768,0.95,0.0,0.0,20,20,20,1.0
279768,0.9,0.0,0.0,20,20,20,1.0
279768,0.85,0.0,0.0,20,20,20,1.0
279768,0.8,1.0,0.0,20,20,20,0.0
279768,0.75,1.0,0.0,20,20,20,0.0
279768,0.7,0.0,0.0,20,20,20,1.0
2797971,0.95,0.0,0.0,20,20,20,1.0
2797971,0.9,0.0,0.0,20,20,20,1.0
2797971,0.85,0.0,0.0,20,20,20,1.0
2797971,0.8,0.0,0.0,20,20,20,1.0
2797971,0.75,1.0,0.0,20,20,20,0.0
2797971,0.7,1.0,0.0,20,20,20,0.0
2797972,0.95,0.0,0.0,15,15,15,1.0
2797972,0.9,0.0,0.0,15,15,15,1.0
2797972,0.85,1.0,0.0,15,15,15,0.0
2797972,0.8,0.0,0.0,15,15,15,1.0
2797972,0.75,1.0,0.06666666666666667,15,15,15,0.06666666666666667
2797972,0.7,1.0,0.0,15,15,15,0.0
2819275,0.95,1.0,0.0,5,5,5,0.0
2819275,0.9,1.0,0.0,5,5,5,0.0
2819275,0.85,1.0,0.0,5,5,5,0.0
2819275,0.8,0.0,0.0,5,5,5,1.0
2819275,0.75,1.0,0.0,5,5,5,0.0
2819275,0.7,0.0,0.0,5,5,5,1.0
2821000,0.95,0.0,0.0,20,20,20,1.0
2821000,0.9,0.0,0.0,20,20,20,1.0
2821000,0.85,0.0,0.0,20,20,20,1.0
2821000,0.8,0.0,0.0,20,20,20,1.0
2821000,0.75,1.0,0.0,20,20,20,0.0
2821000,0.7,1.0,0.0,20,20,20,0.0
282938,0.95,0.0,0.0,20,20,20,1.0
282938,0.9,0.0,0.0,20,20,20,1.0
282938,0.85,0.0,0.0,20,20,20,1.0
282938,0.8,0.0,0.0,20,20,20,1.0
282938,0.75,1.0,0.0,20,20,20,0.0
282938,0.7,1.0,0.05,20,20,20,0.05
2839162,0.95,0.0,0.0,20,20,20,1.0
2839162,0.9,1.0,0.0,20,20,20,0.0
2839162,0.85,1.0,0.0,20,20,20,0.0
2839162,0.8,1.0,0.15,20,20,20,0.15
2839162,0.75,1.0,0.15,20,20,20,0.15
2839162,0.7,0.0,0.2,20,20,20,1.2
284073,0.95,1.0,0.0,15,15,15,0.0
284073,0.9,1.0,0.0,15,15,15,0.0
284073,0.85,1.0,0.0,15,15,15,0.0
284073,0.8,1.0,0.0,15,15,15,0.0
284073,0.75,1.0,0.0,15,15,15,0.0
284073,0.7,1.0,0.0,15,15,15,0.0
2854229,0.95,0.0,0.0,7,7,7,1.0
2854229,0.9,0.0,0.0,7,7,7,1.0
2854229,0.85,0.0,0.0,7,7,7,1.0
2854229,0.8,1.0,0.0,7,7,7,0.0
2854229,0.75,1.0,0.0,7,7,7,0.0
2854229,0.7,1.0,0.0,7,7,7,0.0
287593,0.95,0.0,0.0,20,20,20,1.0
287593,0.9,0.0,0.0,20,20,20,1.0
287593,0.85,0.0,0.0,20,20,20,1.0
287593,0.8,0.0,0.0,20,20,20,1.0
287593,0.75,1.0,0.0,20,20,20,0.0
287593,0.7,1.0,0.0,20,20,20,0.0
2891138,0.95,0.0,0.0,11,11,11,1.0
2891138,0.9,0.0,0.0,11,11,11,1.0
2891138,0.85,0.0,0.0,11,11,11,1.0
2891138,0.8,0.0,0.0,11,11,11,1.0
2891138,0.75,1.0,0.0,11,11,11,0.0
2891138,0.7,1.0,0.0,11,11,11,0.0
28977,0.95,1.0,0.0,20,20,20,0.0
28977,0.9,0.0,0.0,20,20,20,1.0
28977,0.85,0.0,0.0,20,20,20,1.0
28977,0.8,1.0,0.0,20,20,20,0.0
28977,0.75,1.0,0.0,20,20,20,0.0
28977,0.7,1.0,0.05,20,20,20,0.05
2899839,0.95,0.0,0.0,20,20,20,1.0
2899839,0.9,0.0,0.0,20,20,20,1.0
2899839,0.85,0.0,0.0,20,20,20,1.0
2899839,0.8,1.0,0.0,20,20,20,0.0
2899839,0.75,1.0,0.0,20,20,20,0.0
2899839,0.7,1.0,0.0,20,20,20,0.0
2904226,0.95,0.0,0.0,20,20,20,1.0
2904226,0.9,0.0,0.0,20,20,20,1.0
2904226,0.85,0.0,0.0,20,20,20,1.0
2904226,0.8,1.0,0.0,20,20,20,0.0
2904226,0.75,1.0,0.0,20,20,20,0.0
2904226,0.7,1.0,0.05,20,20,20,0.05
290656,0.95,0.0,0.0,20,20,20,1.0
290656,0.9,0.0,0.0,20,20,20,1.0
290656,0.85,0.0,0.0,20,20,20,1.0
290656,0.8,1.0,0.0,20,20,20,0.0
290656,0.75,1.0,0.0,20,20,20,0.0
290656,0.7,1.0,0.0,20,20,20,0.0
2909773,0.95,0.0,0.0,20,20,20,1.0
2909773,0.9,1.0,0.1,20,20,20,0.1
2909773,0.85,1.0,0.1,20,20,20,0.1
2909773,0.8,1.0,0.1,20,20,20,0.1
2909773,0.75,1.0,0.1,20,20,20,0.1
2909773,0.7,1.0,0.1,20,20,20,0.1
2909774,0.95,0.0,0.0,20,20,20,1.0
2909774,0.9,1.0,0.1,20,20,20,0.1
2909774,0.85,1.0,0.1,20,20,20,0.1
2909774,0.8,1.0,0.1,20,20,20,0.1
2909774,0.75,1.0,0.1,20,20,20,0.1
2909774,0.7,1.0,0.1,20,20,20,0.1
2909775,0.95,0.0,0.0,20,20,20,1.0
2909775,0.9,1.0,0.1,20,20,20,0.1
2909775,0.85,1.0,0.1,20,20,20,0.1
2909775,0.8,1.0,0.1,20,20,20,0.1
2909775,0.75,1.0,0.1,20,20,20,0.1
2909775,0.7,1.0,0.1,20,20,20,0.1
2918829,0.95,0.0,0.0,5,5,5,1.0
2918829,0.9,0.0,0.0,5,5,5,1.0
2918829,0.85,0.0,0.0,5,5,5,1.0
2918829,0.8,1.0,0.0,5,5,5,0.0
2918829,0.75,1.0,0.0,5,5,5,0.0
2918829,0.7,1.0,0.0,5,5,5,0.0
2920105,0.95,0.0,0.0,20,20,20,1.0
2920105,0.9,0.0,0.0,20,20,20,1.0
2920105,0.85,0.0,0.0,20,20,20,1.0
2920105,0.8,1.0,0.0,20,20,20,0.0
2920105,0.75,1.0,0.0,20,20,20,0.0
2920105,0.7,1.0,0.0,20,20,20,0.0
293318,0.95,0.0,0.0,20,20,20,1.0
293318,0.9,0.0,0.0,20,20,20,1.0
293318,0.85,0.0,0.0,20,20,20,1.0
293318,0.8,1.0,0.0,20,20,20,0.0
293318,0.75,1.0,0.0,20,20,20,0.0
293318,0.7,1.0,0.05,20,20,20,0.05
2935548,0.95,0.0,0.0,20,20,20,1.0
2935548,0.9,0.0,0.0,20,20,20,1.0
2935548,0.85,0.0,0.0,20,20,20,1.0
2935548,0.8,0.0,0.0,20,20,20,1.0
2935548,0.75,1.0,0.0,20,20,20,0.0
2935548,0.7,1.0,0.0,20,20,20,0.0
2938102,0.95,0.0,0.0,12,12,12,1.0
2938102,0.9,0.0,0.0,12,12,12,1.0
2938102,0.85,1.0,0.0,12,12,12,0.0
2938102,0.8,1.0,0.0,12,12,12,0.0
2938102,0.75,1.0,0.0,12,12,12,0.0
2938102,0.7,1.0,0.0,12,12,12,0.0
2939807,0.95,0.0,0.0,20,20,20,1.0
2939807,0.9,0.0,0.0,20,20,20,1.0
2939807,0.85,0.0,0.0,20,20,20,1.0
2939807,0.8,0.0,0.0,20,20,20,1.0
2939807,0.75,1.0,0.0,20,20,20,0.0
2939807,0.7,1.0,0.0,20,20,20,0.0
2940712,0.95,1.0,0.0,20,20,20,0.0
2940712,0.9,0.0,0.0,20,20,20,1.0
2940712,0.85,1.0,0.0,20,20,20,0.0
2940712,0.8,1.0,0.0,20,20,20,0.0
2940712,0.75,1.0,0.0,20,20,20,0.0
2940712,0.7,1.0,0.0,20,20,20,0.0
2941704,0.95,0.0,0.0,5,5,5,1.0
2941704,0.9,0.0,0.0,5,5,5,1.0
2941704,0.85,0.0,0.0,5,5,5,1.0
2941704,0.8,0.0,0.0,5,5,5,1.0
2941704,0.75,0.0,0.0,5,5,5,1.0
2941704,0.7,1.0,0.0,5,5,5,0.0
2942698,0.95,0.0,0.0,5,5,5,1.0
2942698,0.9,0.0,0.0,5,5,5,1.0
2942698,0.85,1.0,0.0,5,5,5,0.0
2942698,0.8,1.0,0.0,5,5,5,0.0
2942698,0.75,1.0,0.0,5,5,5,0.0
2942698,0.7,0.0,0.0,5,5,5,1.0
2950925,0.95,0.0,0.0,20,20,20,1.0
2950925,0.9,0.0,0.0,20,20,20,1.0
2950925,0.85,0.0,0.0,20,20,20,1.0
2950925,0.8,0.0,0.0,20,20,20,1.0
2950925,0.75,1.0,0.0,20,20,20,0.0
2950925,0.7,1.0,0.0,20,20,20,0.0
2955066,0.95,0.0,0.0,5,5,5,1.0
2955066,0.9,1.0,0.0,5,5,5,0.0
2955066,0.85,1.0,0.0,5,5,5,0.0
2955066,0.8,1.0,0.0,5,5,5,0.0
2955066,0.75,1.0,0.0,5,5,5,0.0
2955066,0.7,1.0,0.0,5,5,5,0.0
2955693,0.95,1.0,0.0,20,20,20,0.0
2955693,0.9,0.0,0.0,20,20,20,1.0
2955693,0.85,1.0,0.0,20,20,20,0.0
2955693,0.8,1.0,0.0,20,20,20,0.0
2955693,0.75,1.0,0.0,20,20,20,0.0
2955693,0.7,1.0,0.05,20,20,20,0.05
2965573,0.95,0.0,0.0,20,20,20,1.0
2965573,0.9,0.0,0.0,20,20,20,1.0
2965573,0.85,0.0,0.0,20,20,20,1.0
2965573,0.8,0.0,0.0,20,20,20,1.0
2965573,0.75,1.0,0.0,20,20,20,0.0
2965573,0.7,1.0,0.0,20,20,20,0.0
2965793,0.95,1.0,0.0,15,15,15,0.0
2965793,0.9,0.0,0.0,15,15,15,1.0
2965793,0.85,1.0,0.0,15,15,15,0.0
2965793,0.8,1.0,0.0,15,15,15,0.0
2965793,0.75,1.0,0.0,15,15,15,0.0
2965793,0.7,1.0,0.0,15,15,15,0.0
2967643,0.95,0.0,0.0,20,20,20,1.0
2967643,0.9,0.0,0.0,20,20,20,1.0
2967643,0.85,0.0,0.0,20,20,20,1.0
2967643,0.8,1.0,0.0,20,20,20,0.0
2967643,0.75,1.0,0.0,20,20,20,0.0
2967643,0.7,1.0,0.2,20,20,20,0.2
2972379,0.95,0.0,0.0,20,20,20,1.0
2972379,0.9,0.0,0.0,20,20,20,1.0
2972379,0.85,0.0,0.0,20,20,20,1.0
2972379,0.8,1.0,0.0,20,20,20,0.0
2972379,0.75,1.0,0.0,20,20,20,0.0
2972379,0.7,1.0,0.0,20,20,20,0.0
297952,0.95,0.0,0.0,20,20,20,1.0
297952,0.9,0.0,0.0,20,20,20,1.0
297952,0.85,1.0,0.0,20,20,20,0.0
297952,0.8,1.0,0.0,20,20,20,0.0
297952,0.75,1.0,0.0,20,20,20,0.0
297952,0.7,1.0,0.0,20,20,20,0.0
2984079,0.95,0.0,0.0,20,20,20,1.0
2984079,0.9,0.0,0.0,20,20,20,1.0
2984079,0.85,1.0,0.0,20,20,20,0.0
2984079,0.8,1.0,0.0,20,20,20,0.0
2984079,0.75,0.0,0.0,20,20,20,1.0
2984079,0.7,1.0,0.05,20,20,20,0.05
2986069,0.95,0.0,0.0,20,20,20,1.0
2986069,0.9,0.0,0.0,20,20,20,1.0
2986069,0.85,0.0,0.0,20,20,20,1.0
2986069,0.8,1.0,0.0,20,20,20,0.0
2986069,0.75,1.0,0.05,20,20,20,0.05
2986069,0.7,0.0,0.0,20,20,20,1.0
2998350,0.95,0.0,0.0,20,20,20,1.0
2998350,0.9,0.0,0.0,20,20,20,1.0
2998350,0.85,0.0,0.0,20,20,20,1.0
2998350,0.8,0.0,0.0,20,20,20,1.0
2998350,0.75,1.0,0.0,20,20,20,0.0
2998350,0.7,1.0,0.0,20,20,20,0.0
3008151,0.95,0.0,0.0,20,20,20,1.0
3008151,0.9,0.0,0.0,20,20,20,1.0
3008151,0.85,0.0,0.0,20,20,20,1.0
3008151,0.8,1.0,0.0,20,20,20,0.0
3008151,0.75,1.0,0.0,20,20,20,0.0
3008151,0.7,1.0,0.0,20,20,20,0.0
3022356,0.95,1.0,0.0,5,5,5,0.0
3022356,0.9,1.0,0.0,5,5,5,0.0
3022356,0.85,1.0,0.0,5,5,5,0.0
3022356,0.8,1.0,0.0,5,5,5,0.0
3022356,0.75,1.0,0.0,5,5,5,0.0
3022356,0.7,1.0,0.0,5,5,5,0.0
3024026,0.95,0.0,0.0,20,20,20,1.0
3024026,0.9,0.0,0.0,20,20,20,1.0
3024026,0.85,0.0,0.0,20,20,20,1.0
3024026,0.8,1.0,0.0,20,20,20,0.0
3024026,0.75,1.0,0.0,20,20,20,0.0
3024026,0.7,1.0,0.0,20,20,20,0.0
3026512,0.95,0.0,0.0,10,10,10,1.0
3026512,0.9,0.0,0.0,10,10,10,1.0
3026512,0.85,0.0,0.0,10,10,10,1.0
3026512,0.8,1.0,0.0,10,10,10,0.0
3026512,0.75,1.0,0.1,10,10,10,0.1
3026512,0.7,1.0,0.0,10,10,10,0.0
302854,0.95,0.0,0.0,20,20,20,1.0
302854,0.9,0.0,0.0,20,20,20,1.0
302854,0.85,1.0,0.0,20,20,20,0.0
302854,0.8,1.0,0.0,20,20,20,0.0
302854,0.75,1.0,0.0,20,20,20,0.0
302854,0.7,1.0,0.0,20,20,20,0.0
3028806,0.95,0.0,0.0,15,15,15,1.0
3028806,0.9,0.0,0.0,15,15,15,1.0
3028806,0.85,0.0,0.0,15,15,15,1.0
3028806,0.8,0.0,0.06666666666666667,15,15,15,1.0666666666666667
3028806,0.75,1.0,0.0,15,15,15,0.0
3028806,0.7,1.0,0.0,15,15,15,0.0
3030578,0.95,0.0,0.0,20,20,20,1.0
3030578,0.9,0.0,0.0,20,20,20,1.0
3030578,0.85,0.0,0.0,20,20,20,1.0
3030578,0.8,1.0,0.0,20,20,20,0.0
3030578,0.75,1.0,0.0,20,20,20,0.0
3030578,0.7,1.0,0.0,20,20,20,0.0
3041429,0.95,0.0,0.0,5,5,5,1.0
3041429,0.9,0.0,0.0,5,5,5,1.0
3041429,0.85,0.0,0.0,5,5,5,1.0
3041429,0.8,1.0,0.0,5,5,5,0.0
3041429,0.75,1.0,0.0,5,5,5,0.0
3041429,0.7,1.0,0.0,5,5,5,0.0
3041936,0.95,1.0,0.0,5,5,5,0.0
3041936,0.9,1.0,0.0,5,5,5,0.0
3041936,0.85,1.0,0.0,5,5,5,0.0
3041936,0.8,1.0,0.0,5,5,5,0.0
3041936,0.75,1.0,0.0,5,5,5,0.0
3041936,0.7,1.0,0.0,5,5,5,0.0
3058589,0.95,0.0,0.0,8,8,8,1.0
3058589,0.9,0.0,0.0,8,8,8,1.0
3058589,0.85,0.0,0.0,8,8,8,1.0
3058589,0.8,1.0,0.0,8,8,8,0.0
3058589,0.75,1.0,0.25,8,8,8,0.25
3058589,0.7,1.0,0.25,8,8,8,0.25
3059089,0.95,1.0,0.0,5,5,5,0.0
3059089,0.9,1.0,0.0,5,5,5,0.0
3059089,0.85,1.0,0.0,5,5,5,0.0
3059089,0.8,1.0,0.0,5,5,5,0.0
3059089,0.75,1.0,0.0,5,5,5,0.0
3059089,0.7,1.0,0.0,5,5,5,0.0
3064464,0.95,0.0,0.0,7,7,7,1.0
3064464,0.9,0.0,0.0,7,7,7,1.0
3064464,0.85,0.0,0.0,7,7,7,1.0
3064464,0.8,1.0,0.0,7,7,7,0.0
3064464,0.75,1.0,0.0,7,7,7,0.0
3064464,0.7,1.0,0.0,7,7,7,0.0
306840,0.95,0.0,0.0,20,20,20,1.0
306840,0.9,0.0,0.0,20,20,20,1.0
306840,0.85,0.0,0.0,20,20,20,1.0
306840,0.8,0.0,0.0,20,20,20,1.0
306840,0.75,1.0,0.0,20,20,20,0.0
306840,0.7,1.0,0.0,20,20,20,0.0
3072581,0.95,0.0,0.0,11,11,11,1.0
3072581,0.9,0.0,0.0,11,11,11,1.0
3072581,0.85,0.0,0.0,11,11,11,1.0
3072581,0.8,0.0,0.0,11,11,11,1.0
3072581,0.75,0.0,0.0,11,11,11,1.0
3072581,0.7,1.0,0.0,11,11,11,0.0
3073298,0.95,0.0,0.0,12,12,12,1.0
3073298,0.9,0.0,0.0,12,12,12,1.0
3073298,0.85,0.0,0.0,12,12,12,1.0
3073298,0.8,1.0,0.0,12,12,12,0.0
3073298,0.75,1.0,0.0,12,12,12,0.0
3073298,0.7,1.0,0.0,12,12,12,0.0
307727,0.95,0.0,0.0,20,20,20,1.0
307727,0.9,0.0,0.0,20,20,20,1.0
307727,0.85,0.0,0.0,20,20,20,1.0
307727,0.8,1.0,0.0,20,20,20,0.0
307727,0.75,1.0,0.0,20,20,20,0.0
307727,0.7,1.0,0.0,20,20,20,0.0
3081622,0.95,0.0,0.0,7,7,7,1.0
3081622,0.9,0.0,0.0,7,7,7,1.0
3081622,0.85,0.0,0.0,7,7,7,1.0
3081622,0.8,0.0,0.0,7,7,7,1.0
3081622,0.75,1.0,0.0,7,7,7,0.0
3081622,0.7,1.0,0.0,7,7,7,0.0
30821,0.95,0.0,0.0,20,20,20,1.0
30821,0.9,0.0,0.0,20,20,20,1.0
30821,0.85,0.0,0.0,20,20,20,1.0
30821,0.8,1.0,0.0,20,20,20,0.0
30821,0.75,1.0,0.0,20,20,20,0.0
30821,0.7,1.0,0.0,20,20,20,0.0
3082150,0.95,0.0,0.0,20,20,20,1.0
3082150,0.9,0.0,0.0,20,20,20,1.0
3082150,0.85,1.0,0.0,20,20,20,0.0
3082150,0.8,1.0,0.0,20,20,20,0.0
3082150,0.75,1.0,0.0,20,20,20,0.0
3082150,0.7,0.0,0.0,20,20,20,1.0
3084024,0.95,0.0,0.0,15,15,15,1.0
3084024,0.9,0.0,0.0,15,15,15,1.0
3084024,0.85,0.0,0.0,15,15,15,1.0
3084024,0.8,0.0,0.0,15,15,15,1.0
3084024,0.75,1.0,0.06666666666666667,15,15,15,0.06666666666666667
3084024,0.7,1.0,0.06666666666666667,15,15,15,0.06666666666666667
3084025,0.95,0.0,0.0,15,15,15,1.0
3084025,0.9,0.0,0.0,15,15,15,1.0
3084025,0.85,0.0,0.0,15,15,15,1.0
3084025,0.8,0.0,0.0,15,15,15,1.0
3084025,0.75,1.0,0.06666666666666667,15,15,15,0.06666666666666667
3084025,0.7,1.0,0.06666666666666667,15,15,15,0.06666666666666667
308584,0.95,0.0,0.0,20,20,20,1.0
308584,0.9,0.0,0.0,20,20,20,1.0
308584,0.85,0.0,0.0,20,20,20,1.0
308584,0.8,1.0,0.0,20,20,20,0.0
308584,0.75,1.0,0.0,20,20,20,0.0
308584,0.7,1.0,0.0,20,20,20,0.0
3108719,0.95,0.0,0.0,20,20,20,1.0
3108719,0.9,0.0,0.0,20,20,20,1.0
3108719,0.85,0.0,0.0,20,20,20,1.0
3108719,0.8,0.0,0.0,20,20,20,1.0
3108719,0.75,0.0,0.0,20,20,20,1.0
3108719,0.7,1.0,0.0,20,20,20,0.0
3134758,0.95,0.0,0.0,20,20,20,1.0
3134758,0.9,0.0,0.0,20,20,20,1.0
3134758,0.85,0.0,0.0,20,20,20,1.0
3134758,0.8,1.0,0.0,20,20,20,0.0
3134758,0.75,1.0,0.0,20,20,20,0.0
3134758,0.7,1.0,0.0,20,20,20,0.0
3148563,0.95,0.0,0.0,19,19,19,1.0
3148563,0.9,0.0,0.0,19,19,19,1.0
3148563,0.85,0.0,0.0,19,19,19,1.0
3148563,0.8,1.0,0.0,19,19,19,0.0
3148563,0.75,1.0,0.0,19,19,19,0.0
3148563,0.7,1.0,0.0,19,19,19,0.0
3148564,0.95,1.0,0.0,12,12,12,0.0
3148564,0.9,1.0,0.0,12,12,12,0.0
3148564,0.85,0.0,0.0,12,12,12,1.0
3148564,0.8,1.0,0.0,12,12,12,0.0
3148564,0.75,1.0,0.0,12,12,12,0.0
3148564,0.7,1.0,0.0,12,12,12,0.0
3149188,0.95,0.0,0.0,20,20,20,1.0
3149188,0.9,0.0,0.0,20,20,20,1.0
3149188,0.85,0.0,0.0,20,20,20,1.0
3149188,0.8,0.0,0.0,20,20,20,1.0
3149188,0.75,0.0,0.0,20,20,20,1.0
3149188,0.7,1.0,0.05,20,20,20,0.05
3149189,0.95,0.0,0.0,20,20,20,1.0
3149189,0.9,0.0,0.0,20,20,20,1.0
3149189,0.85,0.0,0.0,20,20,20,1.0
3149189,0.8,0.0,0.0,20,20,20,1.0
3149189,0.75,0.0,0.0,20,20,20,1.0
3149189,0.7,1.0,0.05,20,20,20,0.05
3170152,0.95,0.0,0.0,15,15,15,1.0
3170152,0.9,0.0,0.0,15,15,15,1.0
3170152,0.85,0.0,0.0,15,15,15,1.0
3170152,0.8,0.0,0.0,15,15,15,1.0
3170152,0.75,1.0,0.0,15,15,15,0.0
3170152,0.7,1.0,0.0,15,15,15,0.0
3172724,0.95,0.0,0.0,5,5,5,1.0
3172724,0.9,0.0,0.0,5,5,5,1.0
3172724,0.85,0.0,0.0,5,5,5,1.0
3172724,0.8,1.0,0.0,5,5,5,0.0
3172724,0.75,1.0,0.0,5,5,5,0.0
3172724,0.7,1.0,0.0,5,5,5,0.0
3172727,0.95,0.0,0.0,13,13,13,1.0
3172727,0.9,1.0,0.0,13,13,13,0.0
3172727,0.85,1.0,0.0,13,13,13,0.0
3172727,0.8,0.0,0.0,13,13,13,1.0
3172727,0.75,0.0,0.0,13,13,13,1.0
3172727,0.7,1.0,0.0,13,13,13,0.0
3178644,0.95,0.0,0.0,10,10,10,1.0
3178644,0.9,0.0,0.0,10,10,10,1.0
3178644,0.85,0.0,0.0,10,10,10,1.0
3178644,0.8,1.0,0.0,10,10,10,0.0
3178644,0.75,1.0,0.0,10,10,10,0.0
3178644,0.7,1.0,0.0,10,10,10,0.0
3181355,0.95,0.0,0.0,20,20,20,1.0
3181355,0.9,0.0,0.0,20,20,20,1.0
3181355,0.85,0.0,0.0,20,20,20,1.0
3181355,0.8,0.0,0.0,20,20,20,1.0
3181355,0.75,1.0,0.0,20,20,20,0.0
3181355,0.7,1.0,0.0,20,20,20,0.0
318560,0.95,0.0,0.0,20,20,20,1.0
318560,0.9,0.0,0.0,20,20,20,1.0
318560,0.85,0.0,0.0,20,20,20,1.0
318560,0.8,0.0,0.0,20,20,20,1.0
318560,0.75,1.0,0.0,20,20,20,0.0
318560,0.7,1.0,0.05,20,20,20,0.05
3194701,0.95,1.0,0.0,20,20,20,0.0
3194701,0.9,1.0,0.0,20,20,20,0.0
3194701,0.85,1.0,0.0,20,20,20,0.0
3194701,0.8,1.0,0.0,20,20,20,0.0
3194701,0.75,1.0,0.0,20,20,20,0.0
3194701,0.7,1.0,0.0,20,20,20,0.0
321759,0.95,0.0,0.0,8,8,8,1.0
321759,0.9,0.0,0.0,8,8,8,1.0
321759,0.85,1.0,0.0,8,8,8,0.0
321759,0.8,1.0,0.0,8,8,8,0.0
321759,0.75,0.0,0.0,8,8,8,1.0
321759,0.7,1.0,0.0,8,8,8,0.0
3234177,0.95,1.0,0.0,20,20,20,0.0
3234177,0.9,1.0,0.0,20,20,20,0.0
3234177,0.85,1.0,0.0,20,20,20,0.0
3234177,0.8,1.0,0.0,20,20,20,0.0
3234177,0.75,0.0,0.0,20,20,20,1.0
3234177,0.7,1.0,0.0,20,20,20,0.0
3286131,0.95,0.0,0.0,20,20,20,1.0
3286131,0.9,1.0,0.0,20,20,20,0.0
3286131,0.85,0.0,0.0,20,20,20,1.0
3286131,0.8,1.0,0.0,20,20,20,0.0
3286131,0.75,1.0,0.0,20,20,20,0.0
3286131,0.7,1.0,0.0,20,20,20,0.0
3349797,0.95,1.0,0.0,5,5,5,0.0
3349797,0.9,1.0,0.0,5,5,5,0.0
3349797,0.85,1.0,0.0,5,5,5,0.0
3349797,0.8,1.0,0.0,5,5,5,0.0
3349797,0.75,1.0,0.0,5,5,5,0.0
3349797,0.7,1.0,0.0,5,5,5,0.0
336967,0.95,0.0,0.0,20,20,20,1.0
336967,0.9,0.0,0.0,20,20,20,1.0
336967,0.85,0.0,0.0,20,20,20,1.0
336967,0.8,0.0,0.0,20,20,20,1.0
336967,0.75,0.0,0.0,20,20,20,1.0
336967,0.7,0.0,0.0,20,20,20,1.0
3370313,0.95,1.0,0.0,5,5,5,0.0
3370313,0.9,1.0,0.0,5,5,5,0.0
3370313,0.85,1.0,0.0,5,5,5,0.0
3370313,0.8,1.0,0.0,5,5,5,0.0
3370313,0.75,1.0,0.0,5,5,5,0.0
3370313,0.7,1.0,0.0,5,5,5,0.0
3403435,0.95,0.0,0.0,5,5,5,1.0
3403435,0.9,0.0,0.0,5,5,5,1.0
3403435,0.85,1.0,0.0,5,5,5,0.0
3403435,0.8,0.0,0.0,5,5,5,1.0
3403435,0.75,0.0,0.0,5,5,5,1.0
3403435,0.7,1.0,0.0,5,5,5,0.0
34246,0.95,0.0,0.0,20,20,20,1.0
34246,0.9,0.0,0.0,20,20,20,1.0
34246,0.85,0.0,0.0,20,20,20,1.0
34246,0.8,0.0,0.0,20,20,20,1.0
34246,0.75,1.0,0.0,20,20,20,0.0
34246,0.7,1.0,0.0,20,20,20,0.0
3435929,0.95,1.0,0.0,20,20,20,0.0
3435929,0.9,1.0,0.0,20,20,20,0.0
3435929,0.85,1.0,0.0,20,20,20,0.0
3435929,0.8,1.0,0.0,20,20,20,0.0
3435929,0.75,1.0,0.0,20,20,20,0.0
3435929,0.7,1.0,0.0,20,20,20,0.0
3441419,0.95,0.0,0.0,5,5,5,1.0
3441419,0.9,0.0,0.0,5,5,5,1.0
3441419,0.85,0.0,0.0,5,5,5,1.0
3441419,0.8,0.0,0.0,5,5,5,1.0
3441419,0.75,1.0,0.0,5,5,5,0.0
3441419,0.7,1.0,0.0,5,5,5,0.0
3453821,0.95,0.0,0.0,5,5,5,1.0
3453821,0.9,0.0,0.0,5,5,5,1.0
3453821,0.85,0.0,0.0,5,5,5,1.0
3453821,0.8,0.0,0.0,5,5,5,1.0
3453821,0.75,1.0,0.0,5,5,5,0.0
3453821,0.7,1.0,0.0,5,5,5,0.0
3473657,0.95,0.0,0.0,20,20,20,1.0
3473657,0.9,0.0,0.0,20,20,20,1.0
3473657,0.85,0.0,0.0,20,20,20,1.0
3473657,0.8,1.0,0.0,20,20,20,0.0
3473657,0.75,0.0,0.0,20,20,20,1.0
3473657,0.7,1.0,0.0,20,20,20,0.0
3483611,0.95,1.0,0.0,5,5,5,0.0
3483611,0.9,1.0,0.0,5,5,5,0.0
3483611,0.85,1.0,0.0,5,5,5,0.0
3483611,0.8,1.0,0.0,5,5,5,0.0
3483611,0.75,1.0,0.0,5,5,5,0.0
3483611,0.7,1.0,0.0,5,5,5,0.0
3487405,0.95,1.0,0.0,5,5,5,0.0
3487405,0.9,1.0,0.0,5,5,5,0.0
3487405,0.85,1.0,0.0,5,5,5,0.0
3487405,0.8,1.0,0.0,5,5,5,0.0
3487405,0.75,1.0,0.0,5,5,5,0.0
3487405,0.7,1.0,0.0,5,5,5,0.0
349957,0.95,0.0,0.0,20,20,20,1.0
349957,0.9,1.0,0.0,20,20,20,0.0
349957,0.85,0.0,0.0,20,20,20,1.0
349957,0.8,0.0,0.0,20,20,20,1.0
349957,0.75,1.0,0.0,20,20,20,0.0
349957,0.7,0.0,0.0,20,20,20,1.0
35,0.95,0.0,0.0,20,20,20,1.0
35,0.9,0.0,0.0,20,20,20,1.0
35,0.85,0.0,0.0,20,20,20,1.0
35,0.8,1.0,0.0,20,20,20,0.0
35,0.75,1.0,0.0,20,20,20,0.0
35,0.7,1.0,0.0,20,20,20,0.0
3514599,0.95,1.0,0.0,20,20,20,0.0
3514599,0.9,1.0,0.0,20,20,20,0.0
3514599,0.85,1.0,0.0,20,20,20,0.0
3514599,0.8,1.0,0.0,20,20,20,0.0
3514599,0.75,1.0,0.0,20,20,20,0.0
3514599,0.7,1.0,0.0,20,20,20,0.0
351663,0.95,0.0,0.0,7,7,7,1.0
351663,0.9,0.0,0.0,7,7,7,1.0
351663,0.85,0.0,0.0,7,7,7,1.0
351663,0.8,0.0,0.0,7,7,7,1.0
351663,0.75,1.0,0.0,7,7,7,0.0
351663,0.7,1.0,0.0,7,7,7,0.0
353886,0.95,0.0,0.0,11,11,11,1.0
353886,0.9,0.0,0.0,11,11,11,1.0
353886,0.85,0.0,0.0,11,11,11,1.0
353886,0.8,1.0,0.0,11,11,11,0.0
353886,0.75,1.0,0.0,11,11,11,0.0
353886,0.7,1.0,0.0,11,11,11,0.0
3543824,0.95,0.0,0.0,20,20,20,1.0
3543824,0.9,0.0,0.0,20,20,20,1.0
3543824,0.85,0.0,0.0,20,20,20,1.0
3543824,0.8,0.0,0.0,20,20,20,1.0
3543824,0.75,1.0,0.0,20,20,20,0.0
3543824,0.7,1.0,0.0,20,20,20,0.0
355719,0.95,0.0,0.0,20,20,20,1.0
355719,0.9,0.0,0.0,20,20,20,1.0
355719,0.85,0.0,0.0,20,20,20,1.0
355719,0.8,1.0,0.0,20,20,20,0.0
355719,0.75,1.0,0.0,20,20,20,0.0
355719,0.7,1.0,0.0,20,20,20,0.0
357926,0.95,0.0,0.0,20,20,20,1.0
357926,0.9,0.0,0.0,20,20,20,1.0
357926,0.85,0.0,0.0,20,20,20,1.0
357926,0.8,1.0,0.0,20,20,20,0.0
357926,0.75,1.0,0.05,20,20,20,0.05
357926,0.7,1.0,0.0,20,20,20,0.0
3602648,0.95,1.0,0.0,20,20,20,0.0
3602648,0.9,1.0,0.0,20,20,20,0.0
3602648,0.85,1.0,0.0,20,20,20,0.0
3602648,0.8,1.0,0.0,20,20,20,0.0
3602648,0.75,1.0,0.0,20,20,20,0.0
3602648,0.7,1.0,0.0,20,20,20,0.0
3635640,0.95,0.0,0.0,5,5,5,1.0
3635640,0.9,0.0,0.0,5,5,5,1.0
3635640,0.85,0.0,0.0,5,5,5,1.0
3635640,0.8,1.0,0.0,5,5,5,0.0
3635640,0.75,1.0,0.0,5,5,5,0.0
3635640,0.7,1.0,0.0,5,5,5,0.0
3647092,0.95,1.0,0.0,5,5,5,0.0
3647092,0.9,1.0,0.0,5,5,5,0.0
3647092,0.85,1.0,0.0,5,5,5,0.0
3647092,0.8,1.0,0.0,5,5,5,0.0
3647092,0.75,1.0,0.0,5,5,5,0.0
3647092,0.7,1.0,0.0,5,5,5,0.0
367189,0.95,0.0,0.0,20,20,20,1.0
367189,0.9,0.0,0.0,20,20,20,1.0
367189,0.85,0.0,0.0,20,20,20,1.0
367189,0.8,1.0,0.0,20,20,20,0.0
367189,0.75,1.0,0.0,20,20,20,0.0
367189,0.7,1.0,0.0,20,20,20,0.0
3731897,0.95,0.0,0.0,20,20,20,1.0
3731897,0.9,0.0,0.0,20,20,20,1.0
3731897,0.85,1.0,0.0,20,20,20,0.0
3731897,0.8,1.0,0.0,20,20,20,0.0
3731897,0.75,1.0,0.1,20,20,20,0.1
3731897,0.7,1.0,0.05,20,20,20,0.05
37500,0.95,0.0,0.0,20,20,20,1.0
37500,0.9,0.0,0.0,20,20,20,1.0
37500,0.85,1.0,0.0,20,20,20,0.0
37500,0.8,0.0,0.0,20,20,20,1.0
37500,0.75,1.0,0.0,20,20,20,0.0
37500,0.7,1.0,0.0,20,20,20,0.0
376088,0.95,0.0,0.0,20,20,20,1.0
376088,0.9,0.0,0.0,20,20,20,1.0
376088,0.85,1.0,0.0,20,20,20,0.0
376088,0.8,1.0,0.0,20,20,20,0.0
376088,0.75,1.0,0.0,20,20,20,0.0
376088,0.7,1.0,0.0,20,20,20,0.0
3772898,0.95,1.0,0.0,5,5,5,0.0
3772898,0.9,1.0,0.0,5,5,5,0.0
3772898,0.85,1.0,0.0,5,5,5,0.0
3772898,0.8,1.0,0.0,5,5,5,0.0
3772898,0.75,1.0,0.0,5,5,5,0.0
3772898,0.7,1.0,0.0,5,5,5,0.0
3774112,0.95,1.0,0.0,5,5,5,0.0
3774112,0.9,1.0,0.0,5,5,5,0.0
3774112,0.85,1.0,0.0,5,5,5,0.0
3774112,0.8,1.0,0.0,5,5,5,0.0
3774112,0.75,1.0,0.0,5,5,5,0.0
3774112,0.7,1.0,0.0,5,5,5,0.0
3803719,0.95,0.0,0.0,20,20,20,1.0
3803719,0.9,0.0,0.0,20,20,20,1.0
3803719,0.85,0.0,0.0,20,20,20,1.0
3803719,0.8,1.0,0.05,20,20,20,0.05
3803719,0.75,1.0,0.05,20,20,20,0.05
3803719,0.7,1.0,0.05,20,20,20,0.05
3868065,0.95,0.0,0.0,5,5,5,1.0
3868065,0.9,0.0,0.0,5,5,5,1.0
3868065,0.85,0.0,0.0,5,5,5,1.0
3868065,0.8,0.0,0.0,5,5,5,1.0
3868065,0.75,1.0,0.0,5,5,5,0.0
3868065,0.7,1.0,0.0,5,5,5,0.0
389221,0.95,0.0,0.0,5,5,5,1.0
389221,0.9,0.0,0.0,5,5,5,1.0
389221,0.85,0.0,0.0,5,5,5,1.0
389221,0.8,0.0,0.0,5,5,5,1.0
389221,0.75,1.0,0.0,5,5,5,0.0
389221,0.7,1.0,0.0,5,5,5,0.0
3908749,0.95,0.0,0.0,14,14,14,1.0
3908749,0.9,0.0,0.0,14,14,14,1.0
3908749,0.85,1.0,0.0,14,14,14,0.0
3908749,0.8,1.0,0.07142857142857142,14,14,14,0.07142857142857142
3908749,0.75,1.0,0.07142857142857142,14,14,14,0.07142857142857142
3908749,0.7,1.0,0.07142857142857142,14,14,14,0.07142857142857142
3908750,0.95,0.0,0.0,12,12,12,1.0
3908750,0.9,0.0,0.0,12,12,12,1.0
3908750,0.85,1.0,0.0,12,12,12,0.0
3908750,0.8,1.0,0.0,12,12,12,0.0
3908750,0.75,1.0,0.08333333333333333,12,12,12,0.08333333333333333
3908750,0.7,1.0,0.0,12,12,12,0.0
39178,0.95,0.0,0.0,20,20,20,1.0
39178,0.9,1.0,0.0,20,20,20,0.0
39178,0.85,0.0,0.0,20,20,20,1.0
39178,0.8,1.0,0.0,20,20,20,0.0
39178,0.75,1.0,0.0,20,20,20,0.0
39178,0.7,1.0,0.0,20,20,20,0.0
392039,0.95,0.0,0.0,20,20,20,1.0
392039,0.9,0.0,0.0,20,20,20,1.0
392039,0.85,0.0,0.0,20,20,20,1.0
392039,0.8,1.0,0.0,20,20,20,0.0
392039,0.75,1.0,0.0,20,20,20,0.0
392039,0.7,1.0,0.05,20,20,20,0.05
392271,0.95,0.0,0.0,15,15,15,1.0
392271,0.9,0.0,0.0,15,15,15,1.0
392271,0.85,0.0,0.0,15,15,15,1.0
392271,0.8,1.0,0.0,15,15,15,0.0
392271,0.75,1.0,0.0,15,15,15,0.0
392271,0.7,1.0,0.0,15,15,15,0.0
3924452,0.95,0.0,0.0,20,20,20,1.0
3924452,0.9,0.0,0.0,20,20,20,1.0
3924452,0.85,0.0,0.0,20,20,20,1.0
3924452,0.8,0.0,0.0,20,20,20,1.0
3924452,0.75,0.0,0.0,20,20,20,1.0
3924452,0.7,1.0,0.0,20,20,20,0.0
392466,0.95,1.0,0.0,20,20,20,0.0
392466,0.9,1.0,0.0,20,20,20,0.0
392466,0.85,1.0,0.0,20,20,20,0.0
392466,0.8,1.0,0.0,20,20,20,0.0
392466,0.75,1.0,0.0,20,20,20,0.0
392466,0.7,1.0,0.05,20,20,20,0.05
398096,0.95,0.0,0.0,5,5,5,1.0
398096,0.9,0.0,0.0,5,5,5,1.0
398096,0.85,1.0,0.0,5,5,5,0.0
398096,0.8,1.0,0.0,5,5,5,0.0
398096,0.75,1.0,0.0,5,5,5,0.0
398096,0.7,1.0,0.0,5,5,5,0.0
4019380,0.95,0.0,0.0,5,5,5,1.0
4019380,0.9,0.0,0.0,5,5,5,1.0
4019380,0.85,0.0,0.0,5,5,5,1.0
4019380,0.8,1.0,0.0,5,5,5,0.0
4019380,0.75,1.0,0.0,5,5,5,0.0
4019380,0.7,1.0,0.0,5,5,5,0.0
411147,0.95,1.0,0.0,20,20,20,0.0
411147,0.9,1.0,0.0,20,20,20,0.0
411147,0.85,1.0,0.0,20,20,20,0.0
411147,0.8,1.0,0.0,20,20,20,0.0
411147,0.75,1.0,0.0,20,20,20,0.0
411147,0.7,1.0,0.0,20,20,20,0.0
412570,0.95,0.0,0.0,8,8,8,1.0
412570,0.9,0.0,0.0,8,8,8,1.0
412570,0.85,0.0,0.0,8,8,8,1.0
412570,0.8,1.0,0.0,8,8,8,0.0
412570,0.75,1.0,0.0,8,8,8,0.0
412570,0.7,1.0,0.0,8,8,8,0.0
4145108,0.95,1.0,0.0,18,18,18,0.0
4145108,0.9,1.0,0.0,18,18,18,0.0
4145108,0.85,1.0,0.0,18,18,18,0.0
4145108,0.8,0.0,0.0,18,18,18,1.0
4145108,0.75,1.0,0.0,18,18,18,0.0
4145108,0.7,1.0,0.0,18,18,18,0.0
4146112,0.95,0.0,0.0,5,5,5,1.0
4146112,0.9,0.0,0.0,5,5,5,1.0
4146112,0.85,0.0,0.0,5,5,5,1.0
4146112,0.8,0.0,0.0,5,5,5,1.0
4146112,0.75,1.0,0.0,5,5,5,0.0
4146112,0.7,1.0,0.0,5,5,5,0.0
4165947,0.95,0.0,0.0,20,20,20,1.0
4165947,0.9,0.0,0.0,20,20,20,1.0
4165947,0.85,0.0,0.0,20,20,20,1.0
4165947,0.8,0.0,0.0,20,20,20,1.0
4165947,0.75,0.0,0.0,20,20,20,1.0
4165947,0.7,1.0,0.05,20,20,20,0.05
4165948,0.95,0.0,0.0,20,20,20,1.0
4165948,0.9,0.0,0.0,20,20,20,1.0
4165948,0.85,0.0,0.0,20,20,20,1.0
4165948,0.8,0.0,0.0,20,20,20,1.0
4165948,0.75,0.0,0.0,20,20,20,1.0
4165948,0.7,1.0,0.05,20,20,20,0.05
417829,0.95,0.0,0.0,20,20,20,1.0
417829,0.9,0.0,0.0,20,20,20,1.0
417829,0.85,0.0,0.0,20,20,20,1.0
417829,0.8,0.0,0.0,20,20,20,1.0
417829,0.75,0.0,0.0,20,20,20,1.0
417829,0.7,0.0,0.0,20,20,20,1.0
4212451,0.95,0.0,0.0,7,7,7,1.0
4212451,0.9,0.0,0.0,7,7,7,1.0
4212451,0.85,0.0,0.0,7,7,7,1.0
4212451,0.8,0.0,0.0,7,7,7,1.0
4212451,0.75,0.0,0.0,7,7,7,1.0
4212451,0.7,1.0,0.0,7,7,7,0.0
4212454,0.95,0.0,0.0,19,19,19,1.0
4212454,0.9,0.0,0.0,19,19,19,1.0
4212454,0.85,0.0,0.0,19,19,19,1.0
4212454,0.8,0.0,0.0,19,19,19,1.0
4212454,0.75,0.0,0.0,19,19,19,1.0
4212454,0.7,1.0,0.0,19,19,19,0.0
4269062,0.95,1.0,0.05,20,20,20,0.05
4269062,0.9,1.0,0.05,20,20,20,0.05
4269062,0.85,1.0,0.05,20,20,20,0.05
4269062,0.8,1.0,0.05,20,20,20,0.05
4269062,0.75,1.0,0.05,20,20,20,0.05
4269062,0.7,1.0,0.05,20,20,20,0.05
4269063,0.95,1.0,0.05,20,20,20,0.05
4269063,0.9,1.0,0.05,20,20,20,0.05
4269063,0.85,1.0,0.05,20,20,20,0.05
4269063,0.8,1.0,0.05,20,20,20,0.05
4269063,0.75,1.0,0.05,20,20,20,0.05
4269063,0.7,1.0,0.05,20,20,20,0.05
4288607,0.95,1.0,0.0,18,18,18,0.0
4288607,0.9,1.0,0.0,18,18,18,0.0
4288607,0.85,1.0,0.0,18,18,18,0.0
4288607,0.8,1.0,0.0,18,18,18,0.0
4288607,0.75,1.0,0.0,18,18,18,0.0
4288607,0.7,1.0,0.0,18,18,18,0.0
43108,0.95,0.0,0.0,20,20,20,1.0
43108,0.9,0.0,0.0,20,20,20,1.0
43108,0.85,1.0,0.0,20,20,20,0.0
43108,0.8,1.0,0.0,20,20,20,0.0
43108,0.75,1.0,0.0,20,20,20,0.0
43108,0.7,1.0,0.0,20,20,20,0.0
4385256,0.95,1.0,0.0,19,19,19,0.0
4385256,0.9,1.0,0.0,19,19,19,0.0
4385256,0.85,1.0,0.0,19,19,19,0.0
4385256,0.8,1.0,0.0,19,19,19,0.0
4385256,0.75,1.0,0.0,19,19,19,0.0
4385256,0.7,1.0,0.0,19,19,19,0.0
4394181,0.95,0.0,0.0,20,20,20,1.0
4394181,0.9,0.0,0.0,20,20,20,1.0
4394181,0.85,1.0,0.0,20,20,20,0.0
4394181,0.8,0.0,0.0,20,20,20,1.0
4394181,0.75,0.0,0.0,20,20,20,1.0
4394181,0.7,1.0,0.0,20,20,20,0.0
4420065,0.95,0.0,0.0,20,20,20,1.0
4420065,0.9,0.0,0.0,20,20,20,1.0
4420065,0.85,1.0,0.0,20,20,20,0.0
4420065,0.8,1.0,0.0,20,20,20,0.0
4420065,0.75,1.0,0.0,20,20,20,0.0
4420065,0.7,1.0,0.0,20,20,20,0.0
44382,0.95,0.0,0.0,20,20,20,1.0
44382,0.9,0.0,0.0,20,20,20,1.0
44382,0.85,0.0,0.0,20,20,20,1.0
44382,0.8,1.0,0.0,20,20,20,0.0
44382,0.75,1.0,0.0,20,20,20,0.0
44382,0.7,1.0,0.0,20,20,20,0.0
4483945,0.95,1.0,0.0,15,15,15,0.0
4483945,0.9,1.0,0.0,15,15,15,0.0
4483945,0.85,1.0,0.0,15,15,15,0.0
4483945,0.8,1.0,0.0,15,15,15,0.0
4483945,0.75,1.0,0.0,15,15,15,0.0
4483945,0.7,1.0,0.0,15,15,15,0.0
4494197,0.95,0.0,0.0,8,8,8,1.0
4494197,0.9,0.0,0.0,8,8,8,1.0
4494197,0.85,0.0,0.0,8,8,8,1.0
4494197,0.8,0.0,0.0,8,8,8,1.0
4494197,0.75,0.0,0.0,8,8,8,1.0
4494197,0.7,1.0,0.0,8,8,8,0.0
451808,0.95,0.0,0.0,20,20,20,1.0
451808,0.9,0.0,0.0,20,20,20,1.0
451808,0.85,0.0,0.0,20,20,20,1.0
451808,0.8,0.0,0.0,20,20,20,1.0
451808,0.75,1.0,0.05,20,20,20,0.05
451808,0.7,1.0,0.05,20,20,20,0.05
451809,0.95,0.0,0.0,20,20,20,1.0
451809,0.9,0.0,0.0,20,20,20,1.0
451809,0.85,0.0,0.0,20,20,20,1.0
451809,0.8,0.0,0.0,20,20,20,1.0
451809,0.75,1.0,0.05,20,20,20,0.05
451809,0.7,1.0,0.05,20,20,20,0.05
4526742,0.95,0.0,0.0,8,8,8,1.0
4526742,0.9,0.0,0.0,8,8,8,1.0
4526742,0.85,0.0,0.0,8,8,8,1.0
4526742,0.8,0.0,0.0,8,8,8,1.0
4526742,0.75,0.0,0.0,8,8,8,1.0
4526742,0.7,1.0,0.0,8,8,8,0.0
4549798,0.95,0.0,0.0,5,5,5,1.0
4549798,0.9,0.0,0.0,5,5,5,1.0
4549798,0.85,1.0,0.2,5,5,5,0.2
4549798,0.8,0.0,0.0,5,5,5,1.0
4549798,0.75,0.0,0.0,5,5,5,1.0
4549798,0.7,1.0,0.2,5,5,5,0.2
4549803,0.95,0.0,0.0,5,5,5,1.0
4549803,0.9,0.0,0.0,5,5,5,1.0
4549803,0.85,1.0,0.2,5,5,5,0.2
4549803,0.8,0.0,0.0,5,5,5,1.0
4549803,0.75,0.0,0.0,5,5,5,1.0
4549803,0.7,1.0,0.2,5,5,5,0.2
4557333,0.95,0.0,0.0,20,20,20,1.0
4557333,0.9,0.0,0.0,20,20,20,1.0
4557333,0.85,0.0,0.0,20,20,20,1.0
4557333,0.8,0.0,0.0,20,20,20,1.0
4557333,0.75,1.0,0.0,20,20,20,0.0
4557333,0.7,1.0,0.0,20,20,20,0.0
4576218,0.95,1.0,0.0,13,13,13,0.0
4576218,0.9,1.0,0.0,13,13,13,0.0
4576218,0.85,1.0,0.0,13,13,13,0.0
4576218,0.8,1.0,0.0,13,13,13,0.0
4576218,0.75,1.0,0.0,13,13,13,0.0
4576218,0.7,1.0,0.0,13,13,13,0.0
4604790,0.95,0.0,0.0,14,14,14,1.0
4604790,0.9,0.0,0.0,14,14,14,1.0
4604790,0.85,0.0,0.0,14,14,14,1.0
4604790,0.8,0.0,0.0,14,14,14,1.0
4604790,0.75,0.0,0.0,14,14,14,1.0
4604790,0.7,1.0,0.0,14,14,14,0.0
4607987,0.95,1.0,0.0,20,20,20,0.0
4607987,0.9,1.0,0.0,20,20,20,0.0
4607987,0.85,1.0,0.05,20,20,20,0.05
4607987,0.8,1.0,0.05,20,20,20,0.05
4607987,0.75,1.0,0.15,20,20,20,0.15
4607987,0.7,0.0,0.15,20,20,20,1.15
4608347,0.95,0.0,0.0,20,20,20,1.0
4608347,0.9,0.0,0.0,20,20,20,1.0
4608347,0.85,0.0,0.0,20,20,20,1.0
4608347,0.8,0.0,0.0,20,20,20,1.0
4608347,0.75,0.0,0.0,20,20,20,1.0
4608347,0.7,1.0,0.05,20,20,20,0.05
4617076,0.95,0.0,0.0,20,20,20,1.0
4617076,0.9,1.0,0.0,20,20,20,0.0
4617076,0.85,1.0,0.05,20,20,20,0.05
4617076,0.8,1.0,0.05,20,20,20,0.05
4617076,0.75,1.0,0.1,20,20,20,0.1
4617076,0.7,0.0,0.15,20,20,20,1.15
4635,0.95,1.0,0.0,20,20,20,0.0
4635,0.9,1.0,0.0,20,20,20,0.0
4635,0.85,1.0,0.0,20,20,20,0.0
4635,0.8,1.0,0.0,20,20,20,0.0
4635,0.75,1.0,0.0,20,20,20,0.0
4635,0.7,1.0,0.0,20,20,20,0.0
4664593,0.95,1.0,0.0,20,20,20,0.0
4664593,0.9,1.0,0.0,20,20,20,0.0
4664593,0.85,1.0,0.0,20,20,20,0.0
4664593,0.8,1.0,0.0,20,20,20,0.0
4664593,0.75,1.0,0.0,20,20,20,0.0
4664593,0.7,1.0,0.0,20,20,20,0.0
469339,0.95,1.0,0.0,20,20,20,0.0
469339,0.9,1.0,0.0,20,20,20,0.0
469339,0.85,1.0,0.0,20,20,20,0.0
469339,0.8,1.0,0.0,20,20,20,0.0
469339,0.75,1.0,0.0,20,20,20,0.0
469339,0.7,1.0,0.0,20,20,20,0.0
471864,0.95,0.0,0.0,20,20,20,1.0
471864,0.9,0.0,0.0,20,20,20,1.0
471864,0.85,0.0,0.0,20,20,20,1.0
471864,0.8,1.0,0.0,20,20,20,0.0
471864,0.75,1.0,0.0,20,20,20,0.0
471864,0.7,1.0,0.05,20,20,20,0.05
4735194,0.95,1.0,0.0,5,5,5,0.0
4735194,0.9,0.0,0.0,5,5,5,1.0
4735194,0.85,0.0,0.0,5,5,5,1.0
4735194,0.8,0.0,0.0,5,5,5,1.0
4735194,0.75,1.0,0.0,5,5,5,0.0
4735194,0.7,1.0,0.0,5,5,5,0.0
4740507,0.95,0.0,0.0,20,20,20,1.0
4740507,0.9,0.0,0.0,20,20,20,1.0
4740507,0.85,0.0,0.0,20,20,20,1.0
4740507,0.8,0.0,0.0,20,20,20,1.0
4740507,0.75,0.0,0.0,20,20,20,1.0
4740507,0.7,1.0,0.0,20,20,20,0.0
4742010,0.95,0.0,0.0,20,20,20,1.0
4742010,0.9,0.0,0.0,20,20,20,1.0
4742010,0.85,0.0,0.0,20,20,20,1.0
4742010,0.8,0.0,0.0,20,20,20,1.0
4742010,0.75,0.0,0.0,20,20,20,1.0
4742010,0.7,1.0,0.0,20,20,20,0.0
4767525,0.95,1.0,0.0,5,5,5,0.0
4767525,0.9,1.0,0.0,5,5,5,0.0
4767525,0.85,1.0,0.0,5,5,5,0.0
4767525,0.8,1.0,0.0,5,5,5,0.0
4767525,0.75,1.0,0.0,5,5,5,0.0
4767525,0.7,1.0,0.0,5,5,5,0.0
4795088,0.95,1.0,0.0,19,19,19,0.0
4795088,0.9,1.0,0.0,19,19,19,0.0
4795088,0.85,0.0,0.0,19,19,19,1.0
4795088,0.8,0.0,0.0,19,19,19,1.0
4795088,0.75,1.0,0.0,19,19,19,0.0
4795088,0.7,1.0,0.0,19,19,19,0.0
4795090,0.95,0.0,0.0,20,20,20,1.0
4795090,0.9,0.0,0.0,20,20,20,1.0
4795090,0.85,1.0,0.1,20,20,20,0.1
4795090,0.8,1.0,0.1,20,20,20,0.1
4795090,0.75,1.0,0.1,20,20,20,0.1
4795090,0.7,1.0,0.1,20,20,20,0.1
4795091,0.95,0.0,0.0,20,20,20,1.0
4795091,0.9,0.0,0.0,20,20,20,1.0
4795091,0.85,1.0,0.1,20,20,20,0.1
4795091,0.8,1.0,0.1,20,20,20,0.1
4795091,0.75,1.0,0.1,20,20,20,0.1
4795091,0.7,1.0,0.1,20,20,20,0.1
4795092,0.95,0.0,0.0,20,20,20,1.0
4795092,0.9,0.0,0.0,20,20,20,1.0
4795092,0.85,1.0,0.1,20,20,20,0.1
4795092,0.8,1.0,0.1,20,20,20,0.1
4795092,0.75,1.0,0.1,20,20,20,0.1
4795092,0.7,1.0,0.1,20,20,20,0.1
4807954,0.95,1.0,0.0,5,5,5,0.0
4807954,0.9,1.0,0.0,5,5,5,0.0
4807954,0.85,1.0,0.0,5,5,5,0.0
4807954,0.8,1.0,0.0,5,5,5,0.0
4807954,0.75,1.0,0.0,5,5,5,0.0
4807954,0.7,1.0,0.0,5,5,5,0.0
4812412,0.95,0.0,0.0,20,20,20,1.0
4812412,0.9,0.0,0.0,20,20,20,1.0
4812412,0.85,0.0,0.0,20,20,20,1.0
4812412,0.8,0.0,0.0,20,20,20,1.0
4812412,0.75,1.0,0.0,20,20,20,0.0
4812412,0.7,1.0,0.0,20,20,20,0.0
4814729,0.95,1.0,0.0,5,5,5,0.0
4814729,0.9,1.0,0.0,5,5,5,0.0
4814729,0.85,1.0,0.0,5,5,5,0.0
4814729,0.8,1.0,0.0,5,5,5,0.0
4814729,0.75,1.0,0.0,5,5,5,0.0
4814729,0.7,1.0,0.0,5,5,5,0.0
482181,0.95,0.0,0.0,19,19,19,1.0
482181,0.9,0.0,0.0,19,19,19,1.0
482181,0.85,0.0,0.0,19,19,19,1.0
482181,0.8,1.0,0.0,19,19,19,0.0
482181,0.75,1.0,0.0,19,19,19,0.0
482181,0.7,0.0,0.05263157894736842,19,19,19,1.0526315789473684
4851283,0.95,0.0,0.0,5,5,5,1.0
4851283,0.9,0.0,0.0,5,5,5,1.0
4851283,0.85,0.0,0.0,5,5,5,1.0
4851283,0.8,0.0,0.0,5,5,5,1.0
4851283,0.75,0.0,0.0,5,5,5,1.0
4851283,0.7,1.0,0.0,5,5,5,0.0
4857665,0.95,0.0,0.0,20,20,20,1.0
4857665,0.9,0.0,0.0,20,20,20,1.0
4857665,0.85,0.0,0.0,20,20,20,1.0
4857665,0.8,1.0,0.0,20,20,20,0.0
4857665,0.75,1.0,0.0,20,20,20,0.0
4857665,0.7,1.0,0.05,20,20,20,0.05
4864774,0.95,1.0,0.0,5,5,5,0.0
4864774,0.9,0.0,0.0,5,5,5,1.0
4864774,0.85,1.0,0.0,5,5,5,0.0
4864774,0.8,1.0,0.0,5,5,5,0.0
4864774,0.75,1.0,0.0,5,5,5,0.0
4864774,0.7,1.0,0.0,5,5,5,0.0
4877533,0.95,0.0,0.0,17,17,17,1.0
4877533,0.9,0.0,0.0,17,17,17,1.0
4877533,0.85,0.0,0.0,17,17,17,1.0
4877533,0.8,0.0,0.0,17,17,17,1.0
4877533,0.75,1.0,0.0,17,17,17,0.0
4877533,0.7,1.0,0.0,17,17,17,0.0
4977219,0.95,1.0,0.0,20,20,20,0.0
4977219,0.9,1.0,0.0,20,20,20,0.0
4977219,0.85,1.0,0.0,20,20,20,0.0
4977219,0.8,1.0,0.0,20,20,20,0.0
4977219,0.75,1.0,0.0,20,20,20,0.0
4977219,0.7,1.0,0.0,20,20,20,0.0
4987163,0.95,0.0,0.0,20,20,20,1.0
4987163,0.9,0.0,0.0,20,20,20,1.0
4987163,0.85,0.0,0.0,20,20,20,1.0
4987163,0.8,1.0,0.0,20,20,20,0.0
4987163,0.75,1.0,0.0,20,20,20,0.0
4987163,0.7,1.0,0.0,20,20,20,0.0
4990166,0.95,0.0,0.0,15,15,15,1.0
4990166,0.9,0.0,0.0,15,15,15,1.0
4990166,0.85,0.0,0.0,15,15,15,1.0
4990166,0.8,0.0,0.0,15,15,15,1.0
4990166,0.75,0.0,0.0,15,15,15,1.0
4990166,0.7,1.0,0.0,15,15,15,0.0
4995155,0.95,0.0,0.0,20,20,20,1.0
4995155,0.9,0.0,0.0,20,20,20,1.0
4995155,0.85,0.0,0.0,20,20,20,1.0
4995155,0.8,1.0,0.0,20,20,20,0.0
4995155,0.75,1.0,0.0,20,20,20,0.0
4995155,0.7,1.0,0.0,20,20,20,0.0
501017,0.95,1.0,0.0,20,20,20,0.0
501017,0.9,1.0,0.0,20,20,20,0.0
501017,0.85,1.0,0.0,20,20,20,0.0
501017,0.8,1.0,0.0,20,20,20,0.0
501017,0.75,1.0,0.0,20,20,20,0.0
501017,0.7,1.0,0.0,20,20,20,0.0
5015775,0.95,0.0,0.0,20,20,20,1.0
5015775,0.9,1.0,0.0,20,20,20,0.0
5015775,0.85,1.0,0.0,20,20,20,0.0
5015775,0.8,1.0,0.0,20,20,20,0.0
5015775,0.75,1.0,0.05,20,20,20,0.05
5015775,0.7,1.0,0.05,20,20,20,0.05
5046329,0.95,0.0,0.0,20,20,20,1.0
5046329,0.9,0.0,0.0,20,20,20,1.0
5046329,0.85,1.0,0.0,20,20,20,0.0
5046329,0.8,1.0,0.0,20,20,20,0.0
5046329,0.75,1.0,0.0,20,20,20,0.0
5046329,0.7,1.0,0.05,20,20,20,0.05
504663,0.95,0.0,0.0,20,20,20,1.0
504663,0.9,0.0,0.0,20,20,20,1.0
504663,0.85,0.0,0.0,20,20,20,1.0
504663,0.8,1.0,0.0,20,20,20,0.0
504663,0.75,1.0,0.0,20,20,20,0.0
504663,0.7,1.0,0.0,20,20,20,0.0
51112,0.95,0.0,0.0,20,20,20,1.0
51112,0.9,0.0,0.0,20,20,20,1.0
51112,0.85,1.0,0.0,20,20,20,0.0
51112,0.8,1.0,0.0,20,20,20,0.0
51112,0.75,1.0,0.05,20,20,20,0.05
51112,0.7,1.0,0.0,20,20,20,0.0
512880,0.95,1.0,0.0,20,20,20,0.0
512880,0.9,0.0,0.0,20,20,20,1.0
512880,0.85,1.0,0.0,20,20,20,0.0
512880,0.8,1.0,0.0,20,20,20,0.0
512880,0.75,1.0,0.0,20,20,20,0.0
512880,0.7,1.0,0.0,20,20,20,0.0
5152223,0.95,0.0,0.0,20,20,20,1.0
5152223,0.9,0.0,0.0,20,20,20,1.0
5152223,0.85,0.0,0.0,20,20,20,1.0
5152223,0.8,1.0,0.0,20,20,20,0.0
5152223,0.75,1.0,0.0,20,20,20,0.0
5152223,0.7,1.0,0.0,20,20,20,0.0
5175831,0.95,0.0,0.0,20,20,20,1.0
5175831,0.9,0.0,0.0,20,20,20,1.0
5175831,0.85,0.0,0.0,20,20,20,1.0
5175831,0.8,1.0,0.0,20,20,20,0.0
5175831,0.75,1.0,0.0,20,20,20,0.0
5175831,0.7,1.0,0.05,20,20,20,0.05
5189715,0.95,0.0,0.0,16,16,16,1.0
5189715,0.9,0.0,0.0,16,16,16,1.0
5189715,0.85,0.0,0.0,16,16,16,1.0
5189715,0.8,0.0,0.0,16,16,16,1.0
5189715,0.75,1.0,0.0,16,16,16,0.0
5189715,0.7,1.0,0.0,16,16,16,0.0
5210420,0.95,0.0,0.0,20,20,20,1.0
5210420,0.9,1.0,0.0,20,20,20,0.0
5210420,0.85,0.0,0.0,20,20,20,1.0
5210420,0.8,1.0,0.0,20,20,20,0.0
5210420,0.75,1.0,0.0,20,20,20,0.0
5210420,0.7,1.0,0.0,20,20,20,0.0
523639,0.95,0.0,0.0,20,20,20,1.0
523639,0.9,0.0,0.0,20,20,20,1.0
523639,0.85,0.0,0.0,20,20,20,1.0
523639,0.8,0.0,0.0,20,20,20,1.0
523639,0.75,0.0,0.0,20,20,20,1.0
523639,0.7,1.0,0.0,20,20,20,0.0
5241281,0.95,0.0,0.0,5,5,5,1.0
5241281,0.9,0.0,0.0,5,5,5,1.0
5241281,0.85,0.0,0.0,5,5,5,1.0
5241281,0.8,0.0,0.0,5,5,5,1.0
5241281,0.75,1.0,0.0,5,5,5,0.0
5241281,0.7,1.0,0.0,5,5,5,0.0
5247805,0.95,0.0,0.0,20,20,20,1.0
5247805,0.9,0.0,0.0,20,20,20,1.0
5247805,0.85,0.0,0.0,20,20,20,1.0
5247805,0.8,1.0,0.0,20,20,20,0.0
5247805,0.75,1.0,0.05,20,20,20,0.05
5247805,0.7,1.0,0.1,20,20,20,0.1
5255828,0.95,1.0,0.0,20,20,20,0.0
5255828,0.9,0.0,0.0,20,20,20,1.0
5255828,0.85,1.0,0.0,20,20,20,0.0
5255828,0.8,1.0,0.0,20,20,20,0.0
5255828,0.75,1.0,0.0,20,20,20,0.0
5255828,0.7,1.0,0.05,20,20,20,0.05
527593,0.95,0.0,0.0,20,20,20,1.0
527593,0.9,1.0,0.0,20,20,20,0.0
527593,0.85,0.0,0.0,20,20,20,1.0
527593,0.8,0.0,0.0,20,20,20,1.0
527593,0.75,1.0,0.0,20,20,20,0.0
527593,0.7,1.0,0.0,20,20,20,0.0
5282300,0.95,0.0,0.0,20,20,20,1.0
5282300,0.9,0.0,0.0,20,20,20,1.0
5282300,0.85,0.0,0.0,20,20,20,1.0
5282300,0.8,0.0,0.0,20,20,20,1.0
5282300,0.75,0.0,0.0,20,20,20,1.0
5282300,0.7,1.0,0.0,20,20,20,0.0
528873,0.95,0.0,0.0,20,20,20,1.0
528873,0.9,0.0,0.0,20,20,20,1.0
528873,0.85,0.0,0.0,20,20,20,1.0
528873,0.8,1.0,0.0,20,20,20,0.0
528873,0.75,1.0,0.0,20,20,20,0.0
528873,0.7,1.0,0.0,20,20,20,0.0
52919,0.95,0.0,0.0,20,20,20,1.0
52919,0.9,0.0,0.0,20,20,20,1.0
52919,0.85,0.0,0.0,20,20,20,1.0
52919,0.8,1.0,0.0,20,20,20,0.0
52919,0.75,1.0,0.0,20,20,20,0.0
52919,0.7,1.0,0.0,20,20,20,0.0
529887,0.95,0.0,0.0,5,5,5,1.0
529887,0.9,0.0,0.0,5,5,5,1.0
529887,0.85,1.0,0.0,5,5,5,0.0
529887,0.8,1.0,0.0,5,5,5,0.0
529887,0.75,1.0,0.0,5,5,5,0.0
529887,0.7,1.0,0.0,5,5,5,0.0
5302153,0.95,0.0,0.0,20,20,20,1.0
5302153,0.9,0.0,0.0,20,20,20,1.0
5302153,0.85,0.0,0.0,20,20,20,1.0
5302153,0.8,1.0,0.0,20,20,20,0.0
5302153,0.75,1.0,0.0,20,20,20,0.0
5302153,0.7,1.0,0.0,20,20,20,0.0
5316162,0.95,1.0,0.0,5,5,5,0.0
5316162,0.9,1.0,0.0,5,5,5,0.0
5316162,0.85,1.0,0.0,5,5,5,0.0
5316162,0.8,1.0,0.0,5,5,5,0.0
5316162,0.75,1.0,0.0,5,5,5,0.0
5316162,0.7,1.0,0.0,5,5,5,0.0
534816,0.95,0.0,0.0,20,20,20,1.0
534816,0.9,0.0,0.0,20,20,20,1.0
534816,0.85,0.0,0.0,20,20,20,1.0
534816,0.8,0.0,0.0,20,20,20,1.0
534816,0.75,1.0,0.0,20,20,20,0.0
534816,0.7,1.0,0.0,20,20,20,0.0
5366171,0.95,1.0,0.0,5,5,5,0.0
5366171,0.9,1.0,0.0,5,5,5,0.0
5366171,0.85,1.0,0.0,5,5,5,0.0
5366171,0.8,1.0,0.0,5,5,5,0.0
5366171,0.75,1.0,0.0,5,5,5,0.0
5366171,0.7,1.0,0.0,5,5,5,0.0
5409302,0.95,0.0,0.0,5,5,5,1.0
5409302,0.9,0.0,0.0,5,5,5,1.0
5409302,0.85,0.0,0.0,5,5,5,1.0
5409302,0.8,1.0,0.0,5,5,5,0.0
5409302,0.75,1.0,0.0,5,5,5,0.0
5409302,0.7,1.0,0.0,5,5,5,0.0
5421647,0.95,0.0,0.0,20,20,20,1.0
5421647,0.9,0.0,0.0,20,20,20,1.0
5421647,0.85,0.0,0.0,20,20,20,1.0
5421647,0.8,0.0,0.0,20,20,20,1.0
5421647,0.75,1.0,0.1,20,20,20,0.1
5421647,0.7,1.0,0.05,20,20,20,0.05
542552,0.95,0.0,0.0,20,20,20,1.0
542552,0.9,0.0,0.0,20,20,20,1.0
542552,0.85,0.0,0.0,20,20,20,1.0
542552,0.8,1.0,0.0,20,20,20,0.0
542552,0.75,1.0,0.0,20,20,20,0.0
542552,0.7,1.0,0.0,20,20,20,0.0
546090,0.95,0.0,0.0,20,20,20,1.0
546090,0.9,0.0,0.0,20,20,20,1.0
546090,0.85,0.0,0.0,20,20,20,1.0
546090,0.8,0.0,0.0,20,20,20,1.0
546090,0.75,0.0,0.0,20,20,20,1.0
546090,0.7,1.0,0.0,20,20,20,0.0
5467380,0.95,0.0,0.0,20,20,20,1.0
5467380,0.9,1.0,0.1,20,20,20,0.1
5467380,0.85,0.0,0.0,20,20,20,1.0
5467380,0.8,1.0,0.1,20,20,20,0.1
5467380,0.75,1.0,0.1,20,20,20,0.1
5467380,0.7,1.0,0.1,20,20,20,0.1
5467381,0.95,0.0,0.0,20,20,20,1.0
5467381,0.9,1.0,0.1,20,20,20,0.1
5467381,0.85,0.0,0.0,20,20,20,1.0
5467381,0.8,1.0,0.1,20,20,20,0.1
5467381,0.75,1.0,0.1,20,20,20,0.1
5467381,0.7,1.0,0.1,20,20,20,0.1
5467382,0.95,0.0,0.0,20,20,20,1.0
5467382,0.9,1.0,0.1,20,20,20,0.1
5467382,0.85,0.0,0.0,20,20,20,1.0
5467382,0.8,1.0,0.1,20,20,20,0.1
5467382,0.75,1.0,0.1,20,20,20,0.1
5467382,0.7,1.0,0.1,20,20,20,0.1
5478464,0.95,0.0,0.0,5,5,5,1.0
5478464,0.9,0.0,0.0,5,5,5,1.0
5478464,0.85,0.0,0.0,5,5,5,1.0
5478464,0.8,1.0,0.2,5,5,5,0.2
5478464,0.75,1.0,0.2,5,5,5,0.2
5478464,0.7,1.0,0.2,5,5,5,0.2
5489997,0.95,1.0,0.0,8,8,8,0.0
5489997,0.9,1.0,0.0,8,8,8,0.0
5489997,0.85,1.0,0.0,8,8,8,0.0
5489997,0.8,1.0,0.0,8,8,8,0.0
5489997,0.75,1.0,0.0,8,8,8,0.0
5489997,0.7,1.0,0.0,8,8,8,0.0
54966,0.95,1.0,0.0,5,5,5,0.0
54966,0.9,1.0,0.0,5,5,5,0.0
54966,0.85,1.0,0.0,5,5,5,0.0
54966,0.8,1.0,0.0,5,5,5,0.0
54966,0.75,0.0,0.0,5,5,5,1.0
54966,0.7,1.0,0.0,5,5,5,0.0
552289,0.95,0.0,0.0,20,20,20,1.0
552289,0.9,0.0,0.0,20,20,20,1.0
552289,0.85,0.0,0.0,20,20,20,1.0
552289,0.8,0.0,0.0,20,20,20,1.0
552289,0.75,1.0,0.0,20,20,20,0.0
552289,0.7,1.0,0.0,20,20,20,0.0
5547087,0.95,0.0,0.0,20,20,20,1.0
5547087,0.9,0.0,0.0,20,20,20,1.0
5547087,0.85,0.0,0.0,20,20,20,1.0
5547087,0.8,0.0,0.0,20,20,20,1.0
5547087,0.75,1.0,0.0,20,20,20,0.0
5547087,0.7,1.0,0.0,20,20,20,0.0
5575512,0.95,1.0,0.0,7,7,7,0.0
5575512,0.9,1.0,0.0,7,7,7,0.0
5575512,0.85,0.0,0.0,7,7,7,1.0
5575512,0.8,0.0,0.0,7,7,7,1.0
5575512,0.75,1.0,0.0,7,7,7,0.0
5575512,0.7,1.0,0.0,7,7,7,0.0
557793,0.95,0.0,0.0,20,20,20,1.0
557793,0.9,0.0,0.0,20,20,20,1.0
557793,0.85,0.0,0.0,20,20,20,1.0
557793,0.8,0.0,0.0,20,20,20,1.0
557793,0.75,1.0,0.0,20,20,20,0.0
557793,0.7,1.0,0.0,20,20,20,0.0
5580295,0.95,1.0,0.05,20,20,20,0.05
5580295,0.9,1.0,0.05,20,20,20,0.05
5580295,0.85,1.0,0.05,20,20,20,0.05
5580295,0.8,1.0,0.05,20,20,20,0.05
5580295,0.75,1.0,0.05,20,20,20,0.05
5580295,0.7,1.0,0.05,20,20,20,0.05
5580296,0.95,1.0,0.05,20,20,20,0.05
5580296,0.9,1.0,0.05,20,20,20,0.05
5580296,0.85,1.0,0.05,20,20,20,0.05
5580296,0.8,1.0,0.05,20,20,20,0.05
5580296,0.75,1.0,0.05,20,20,20,0.05
5580296,0.7,1.0,0.05,20,20,20,0.05
5592430,0.95,0.0,0.0,20,20,20,1.0
5592430,0.9,1.0,0.0,20,20,20,0.0
5592430,0.85,0.0,0.0,20,20,20,1.0
5592430,0.8,0.0,0.0,20,20,20,1.0
5592430,0.75,0.0,0.0,20,20,20,1.0
5592430,0.7,1.0,0.0,20,20,20,0.0
5623381,0.95,0.0,0.0,20,20,20,1.0
5623381,0.9,1.0,0.0,20,20,20,0.0
5623381,0.85,1.0,0.0,20,20,20,0.0
5623381,0.8,1.0,0.0,20,20,20,0.0
5623381,0.75,1.0,0.0,20,20,20,0.0
5623381,0.7,1.0,0.0,20,20,20,0.0
562847,0.95,0.0,0.0,20,20,20,1.0
562847,0.9,0.0,0.0,20,20,20,1.0
562847,0.85,0.0,0.0,20,20,20,1.0
562847,0.8,0.0,0.0,20,20,20,1.0
562847,0.75,1.0,0.0,20,20,20,0.0
562847,0.7,0.0,0.0,20,20,20,1.0
5631334,0.95,0.0,0.0,11,11,11,1.0
5631334,0.9,0.0,0.0,11,11,11,1.0
5631334,0.85,0.0,0.0,11,11,11,1.0
5631334,0.8,0.0,0.0,11,11,11,1.0
5631334,0.75,1.0,0.0,11,11,11,0.0
5631334,0.7,1.0,0.0,11,11,11,0.0
564720,0.95,1.0,0.0,5,5,5,0.0
564720,0.9,1.0,0.0,5,5,5,0.0
564720,0.85,1.0,0.0,5,5,5,0.0
564720,0.8,0.0,0.0,5,5,5,1.0
564720,0.75,1.0,0.0,5,5,5,0.0
564720,0.7,1.0,0.0,5,5,5,0.0
5660051,0.95,0.0,0.0,20,20,20,1.0
5660051,0.9,0.0,0.0,20,20,20,1.0
5660051,0.85,0.0,0.0,20,20,20,1.0
5660051,0.8,0.0,0.0,20,20,20,1.0
5660051,0.75,1.0,0.05,20,20,20,0.05
5660051,0.7,1.0,0.0,20,20,20,0.0
56722,0.95,0.0,0.0,20,20,20,1.0
56722,0.9,0.0,0.0,20,20,20,1.0
56722,0.85,0.0,0.0,20,20,20,1.0
56722,0.8,0.0,0.0,20,20,20,1.0
56722,0.75,1.0,0.0,20,20,20,0.0
56722,0.7,1.0,0.0,20,20,20,0.0
5679365,0.95,0.0,0.0,11,11,11,1.0
5679365,0.9,0.0,0.0,11,11,11,1.0
5679365,0.85,0.0,0.0,11,11,11,1.0
5679365,0.8,0.0,0.0,11,11,11,1.0
5679365,0.75,0.0,0.0,11,11,11,1.0
5679365,0.7,1.0,0.0,11,11,11,0.0
5698612,0.95,0.0,0.0,11,11,11,1.0
5698612,0.9,0.0,0.0,11,11,11,1.0
5698612,0.85,0.0,0.0,11,11,11,1.0
5698612,0.8,1.0,0.0,11,11,11,0.0
5698612,0.75,1.0,0.0,11,11,11,0.0
5698612,0.7,1.0,0.0,11,11,11,0.0
5703523,0.95,0.0,0.0,10,10,10,1.0
5703523,0.9,0.0,0.0,10,10,10,1.0
5703523,0.85,0.0,0.0,10,10,10,1.0
5703523,0.8,1.0,0.0,10,10,10,0.0
5703523,0.75,1.0,0.1,10,10,10,0.1
5703523,0.7,1.0,0.1,10,10,10,0.1
5729702,0.95,0.0,0.0,5,5,5,1.0
5729702,0.9,0.0,0.0,5,5,5,1.0
5729702,0.85,1.0,0.0,5,5,5,0.0
5729702,0.8,1.0,0.0,5,5,5,0.0
5729702,0.75,0.0,0.0,5,5,5,1.0
5729702,0.7,1.0,0.0,5,5,5,0.0
5776395,0.95,0.0,0.0,20,20,20,1.0
5776395,0.9,0.0,0.0,20,20,20,1.0
5776395,0.85,1.0,0.0,20,20,20,0.0
5776395,0.8,0.0,0.0,20,20,20,1.0
5776395,0.75,1.0,0.0,20,20,20,0.0
5776395,0.7,1.0,0.0,20,20,20,0.0
5788391,0.95,0.0,0.0,17,17,17,1.0
5788391,0.9,0.0,0.0,17,17,17,1.0
5788391,0.85,0.0,0.0,17,17,17,1.0
5788391,0.8,1.0,0.0,17,17,17,0.0
5788391,0.75,1.0,0.0,17,17,17,0.0
5788391,0.7,1.0,0.0,17,17,17,0.0
5795369,0.95,0.0,0.0,20,20,20,1.0
5795369,0.9,0.0,0.0,20,20,20,1.0
5795369,0.85,0.0,0.0,20,20,20,1.0
5795369,0.8,1.0,0.0,20,20,20,0.0
5795369,0.75,1.0,0.0,20,20,20,0.0
5795369,0.7,1.0,0.1,20,20,20,0.1
5806895,0.95,0.0,0.0,20,20,20,1.0
5806895,0.9,0.0,0.0,20,20,20,1.0
5806895,0.85,0.0,0.0,20,20,20,1.0
5806895,0.8,1.0,0.0,20,20,20,0.0
5806895,0.75,1.0,0.0,20,20,20,0.0
5806895,0.7,1.0,0.0,20,20,20,0.0
5815001,0.95,0.0,0.0,9,9,9,1.0
5815001,0.9,0.0,0.0,9,9,9,1.0
5815001,0.85,0.0,0.0,9,9,9,1.0
5815001,0.8,0.0,0.0,9,9,9,1.0
5815001,0.75,0.0,0.0,9,9,9,1.0
5815001,0.7,0.0,0.0,9,9,9,1.0
5815002,0.95,0.0,0.0,9,9,9,1.0
5815002,0.9,0.0,0.0,9,9,9,1.0
5815002,0.85,0.0,0.0,9,9,9,1.0
5815002,0.8,0.0,0.0,9,9,9,1.0
5815002,0.75,0.0,0.0,9,9,9,1.0
5815002,0.7,1.0,0.0,9,9,9,0.0
5815032,0.95,0.0,0.0,20,20,20,1.0
5815032,0.9,0.0,0.0,20,20,20,1.0
5815032,0.85,0.0,0.0,20,20,20,1.0
5815032,0.8,0.0,0.0,20,20,20,1.0
5815032,0.75,1.0,0.0,20,20,20,0.0
5815032,0.7,1.0,0.0,20,20,20,0.0
5817172,0.95,1.0,0.0,5,5,5,0.0
5817172,0.9,1.0,0.0,5,5,5,0.0
5817172,0.85,1.0,0.0,5,5,5,0.0
5817172,0.8,1.0,0.0,5,5,5,0.0
5817172,0.75,1.0,0.0,5,5,5,0.0
5817172,0.7,1.0,0.0,5,5,5,0.0
5817498,0.95,1.0,0.0,5,5,5,0.0
5817498,0.9,1.0,0.0,5,5,5,0.0
5817498,0.85,0.0,0.0,5,5,5,1.0
5817498,0.8,0.0,0.0,5,5,5,1.0
5817498,0.75,0.0,0.0,5,5,5,1.0
5817498,0.7,1.0,0.0,5,5,5,0.0
581753,0.95,0.0,0.0,20,20,20,1.0
581753,0.9,0.0,0.0,20,20,20,1.0
581753,0.85,1.0,0.0,20,20,20,0.0
581753,0.8,1.0,0.0,20,20,20,0.0
581753,0.75,1.0,0.0,20,20,20,0.0
581753,0.7,1.0,0.0,20,20,20,0.0
58303,0.95,1.0,0.0,20,20,20,0.0
58303,0.9,1.0,0.0,20,20,20,0.0
58303,0.85,0.0,0.0,20,20,20,1.0
58303,0.8,0.0,0.0,20,20,20,1.0
58303,0.75,1.0,0.0,20,20,20,0.0
58303,0.7,1.0,0.05,20,20,20,0.05
5844314,0.95,0.0,0.0,20,20,20,1.0
5844314,0.9,1.0,0.0,20,20,20,0.0
5844314,0.85,1.0,0.0,20,20,20,0.0
5844314,0.8,1.0,0.0,20,20,20,0.0
5844314,0.75,1.0,0.0,20,20,20,0.0
5844314,0.7,1.0,0.05,20,20,20,0.05
5864218,0.95,0.0,0.0,20,20,20,1.0
5864218,0.9,0.0,0.0,20,20,20,1.0
5864218,0.85,0.0,0.0,20,20,20,1.0
5864218,0.8,1.0,0.0,20,20,20,0.0
5864218,0.75,1.0,0.0,20,20,20,0.0
5864218,0.7,1.0,0.0,20,20,20,0.0
5895914,0.95,0.0,0.0,20,20,20,1.0
5895914,0.9,0.0,0.0,20,20,20,1.0
5895914,0.85,1.0,0.0,20,20,20,0.0
5895914,0.8,1.0,0.0,20,20,20,0.0
5895914,0.75,1.0,0.0,20,20,20,0.0
5895914,0.7,1.0,0.0,20,20,20,0.0
5895957,0.95,0.0,0.0,20,20,20,1.0
5895957,0.9,0.0,0.0,20,20,20,1.0
5895957,0.85,1.0,0.0,20,20,20,0.0
5895957,0.8,1.0,0.0,20,20,20,0.0
5895957,0.75,1.0,0.0,20,20,20,0.0
5895957,0.7,1.0,0.05,20,20,20,0.05
5902785,0.95,1.0,0.0,5,5,5,0.0
5902785,0.9,1.0,0.0,5,5,5,0.0
5902785,0.85,1.0,0.0,5,5,5,0.0
5902785,0.8,1.0,0.0,5,5,5,0.0
5902785,0.75,1.0,0.0,5,5,5,0.0
5902785,0.7,1.0,0.0,5,5,5,0.0
5904820,0.95,0.0,0.0,20,20,20,1.0
5904820,0.9,0.0,0.0,20,20,20,1.0
5904820,0.85,0.0,0.0,20,20,20,1.0
5904820,0.8,0.0,0.0,20,20,20,1.0
5904820,0.75,1.0,0.0,20,20,20,0.0
5904820,0.7,1.0,0.05,20,20,20,0.05
5925,0.95,0.0,0.0,20,20,20,1.0
5925,0.9,0.0,0.0,20,20,20,1.0
5925,0.85,0.0,0.0,20,20,20,1.0
5925,0.8,1.0,0.0,20,20,20,0.0
5925,0.75,1.0,0.0,20,20,20,0.0
5925,0.7,1.0,0.0,20,20,20,0.0
5932260,0.95,0.0,0.0,20,20,20,1.0
5932260,0.9,0.0,0.0,20,20,20,1.0
5932260,0.85,1.0,0.0,20,20,20,0.0
5932260,0.8,1.0,0.0,20,20,20,0.0
5932260,0.75,1.0,0.0,20,20,20,0.0
5932260,0.7,0.0,0.0,20,20,20,1.0
593981,0.95,0.0,0.0,20,20,20,1.0
593981,0.9,0.0,0.0,20,20,20,1.0
593981,0.85,0.0,0.0,20,20,20,1.0
593981,0.8,1.0,0.0,20,20,20,0.0
593981,0.75,1.0,0.05,20,20,20,0.05
593981,0.7,1.0,0.25,20,20,20,0.25
596053,0.95,0.0,0.0,8,8,8,1.0
596053,0.9,0.0,0.0,8,8,8,1.0
596053,0.85,0.0,0.0,8,8,8,1.0
596053,0.8,0.0,0.0,8,8,8,1.0
596053,0.75,1.0,0.0,8,8,8,0.0
596053,0.7,1.0,0.0,8,8,8,0.0
5978636,0.95,0.0,0.0,20,20,20,1.0
5978636,0.9,0.0,0.0,20,20,20,1.0
5978636,0.85,0.0,0.0,20,20,20,1.0
5978636,0.8,1.0,0.0,20,20,20,0.0
5978636,0.75,0.0,0.0,20,20,20,1.0
5978636,0.7,1.0,0.0,20,20,20,0.0
598694,0.95,0.0,0.0,20,20,20,1.0
598694,0.9,0.0,0.0,20,20,20,1.0
598694,0.85,0.0,0.0,20,20,20,1.0
598694,0.8,1.0,0.0,20,20,20,0.0
598694,0.75,1.0,0.0,20,20,20,0.0
598694,0.7,1.0,0.0,20,20,20,0.0
600223,0.95,0.0,0.0,20,20,20,1.0
600223,0.9,0.0,0.0,20,20,20,1.0
600223,0.85,0.0,0.0,20,20,20,1.0
600223,0.8,0.0,0.0,20,20,20,1.0
600223,0.75,1.0,0.0,20,20,20,0.0
600223,0.7,1.0,0.05,20,20,20,0.05
601478,0.95,0.0,0.0,18,18,18,1.0
601478,0.9,0.0,0.0,18,18,18,1.0
601478,0.85,0.0,0.0,18,18,18,1.0
601478,0.8,1.0,0.0,18,18,18,0.0
601478,0.75,1.0,0.0,18,18,18,0.0
601478,0.7,1.0,0.0,18,18,18,0.0
6015165,0.95,0.0,0.0,20,20,20,1.0
6015165,0.9,0.0,0.0,20,20,20,1.0
6015165,0.85,0.0,0.0,20,20,20,1.0
6015165,0.8,1.0,0.0,20,20,20,0.0
6015165,0.75,1.0,0.0,20,20,20,0.0
6015165,0.7,1.0,0.0,20,20,20,0.0
6029385,0.95,1.0,0.0,20,20,20,0.0
6029385,0.9,1.0,0.0,20,20,20,0.0
6029385,0.85,1.0,0.0,20,20,20,0.0
6029385,0.8,1.0,0.0,20,20,20,0.0
6029385,0.75,1.0,0.0,20,20,20,0.0
6029385,0.7,1.0,0.0,20,20,20,0.0
6029389,0.95,1.0,0.0,20,20,20,0.0
6029389,0.9,1.0,0.0,20,20,20,0.0
6029389,0.85,1.0,0.0,20,20,20,0.0
6029389,0.8,1.0,0.0,20,20,20,0.0
6029389,0.75,1.0,0.0,20,20,20,0.0
6029389,0.7,1.0,0.05,20,20,20,0.05
6033282,0.95,0.0,0.0,20,20,20,1.0
6033282,0.9,0.0,0.0,20,20,20,1.0
6033282,0.85,0.0,0.0,20,20,20,1.0
6033282,0.8,0.0,0.0,20,20,20,1.0
6033282,0.75,1.0,0.0,20,20,20,0.0
6033282,0.7,1.0,0.05,20,20,20,0.05
6049645,0.95,0.0,0.0,20,20,20,1.0
6049645,0.9,0.0,0.0,20,20,20,1.0
6049645,0.85,0.0,0.0,20,20,20,1.0
6049645,0.8,0.0,0.0,20,20,20,1.0
6049645,0.75,1.0,0.0,20,20,20,0.0
6049645,0.7,1.0,0.0,20,20,20,0.0
607684,0.95,1.0,0.0,20,20,20,0.0
607684,0.9,1.0,0.0,20,20,20,0.0
607684,0.85,1.0,0.0,20,20,20,0.0
607684,0.8,1.0,0.0,20,20,20,0.0
607684,0.75,1.0,0.0,20,20,20,0.0
607684,0.7,1.0,0.0,20,20,20,0.0
607797,0.95,1.0,0.0,15,15,15,0.0
607797,0.9,1.0,0.0,15,15,15,0.0
607797,0.85,1.0,0.0,15,15,15,0.0
607797,0.8,1.0,0.0,15,15,15,0.0
607797,0.75,1.0,0.0,15,15,15,0.0
607797,0.7,1.0,0.0,15,15,15,0.0
607803,0.95,0.0,0.0,20,20,20,1.0
607803,0.9,0.0,0.0,20,20,20,1.0
607803,0.85,0.0,0.0,20,20,20,1.0
607803,0.8,0.0,0.0,20,20,20,1.0
607803,0.75,1.0,0.0,20,20,20,0.0
607803,0.7,1.0,0.05,20,20,20,0.05
6083018,0.95,0.0,0.0,20,20,20,1.0
6083018,0.9,0.0,0.0,20,20,20,1.0
6083018,0.85,0.0,0.0,20,20,20,1.0
6083018,0.8,0.0,0.0,20,20,20,1.0
6083018,0.75,1.0,0.0,20,20,20,0.0
6083018,0.7,1.0,0.0,20,20,20,0.0
6083055,0.95,0.0,0.0,20,20,20,1.0
6083055,0.9,0.0,0.0,20,20,20,1.0
6083055,0.85,0.0,0.0,20,20,20,1.0
6083055,0.8,0.0,0.0,20,20,20,1.0
6083055,0.75,0.0,0.0,20,20,20,1.0
6083055,0.7,1.0,0.0,20,20,20,0.0
6098623,0.95,0.0,0.0,20,20,20,1.0
6098623,0.9,0.0,0.0,20,20,20,1.0
6098623,0.85,0.0,0.0,20,20,20,1.0
6098623,0.8,0.0,0.0,20,20,20,1.0
6098623,0.75,0.0,0.0,20,20,20,1.0
6098623,0.7,1.0,0.0,20,20,20,0.0
6117457,0.95,0.0,0.0,20,20,20,1.0
6117457,0.9,0.0,0.0,20,20,20,1.0
6117457,0.85,1.0,0.0,20,20,20,0.0
6117457,0.8,1.0,0.0,20,20,20,0.0
6117457,0.75,1.0,0.0,20,20,20,0.0
6117457,0.7,1.0,0.0,20,20,20,0.0
6133150,0.95,0.0,0.0,20,20,20,1.0
6133150,0.9,0.0,0.0,20,20,20,1.0
6133150,0.85,1.0,0.0,20,20,20,0.0
6133150,0.8,0.0,0.0,20,20,20,1.0
6133150,0.75,0.0,0.0,20,20,20,1.0
6133150,0.7,1.0,0.0,20,20,20,0.0
6145054,0.95,0.0,0.0,20,20,20,1.0
6145054,0.9,0.0,0.0,20,20,20,1.0
6145054,0.85,1.0,0.0,20,20,20,0.0
6145054,0.8,1.0,0.0,20,20,20,0.0
6145054,0.75,1.0,0.0,20,20,20,0.0
6145054,0.7,1.0,0.0,20,20,20,0.0
6152248,0.95,1.0,0.05,20,20,20,0.05
6152248,0.9,1.0,0.05,20,20,20,0.05
6152248,0.85,1.0,0.05,20,20,20,0.05
6152248,0.8,1.0,0.05,20,20,20,0.05
6152248,0.75,1.0,0.05,20,20,20,0.05
6152248,0.7,1.0,0.05,20,20,20,0.05
6152249,0.95,1.0,0.05,20,20,20,0.05
6152249,0.9,1.0,0.05,20,20,20,0.05
6152249,0.85,1.0,0.05,20,20,20,0.05
6152249,0.8,1.0,0.05,20,20,20,0.05
6152249,0.75,1.0,0.05,20,20,20,0.05
6152249,0.7,1.0,0.05,20,20,20,0.05
6184067,0.95,1.0,0.0,20,20,20,0.0
6184067,0.9,0.0,0.0,20,20,20,1.0
6184067,0.85,1.0,0.0,20,20,20,0.0
6184067,0.8,0.0,0.0,20,20,20,1.0
6184067,0.75,0.0,0.05,20,20,20,1.05
6184067,0.7,0.0,0.0,20,20,20,1.0
619060,0.95,0.0,0.0,20,20,20,1.0
619060,0.9,0.0,0.0,20,20,20,1.0
619060,0.85,0.0,0.0,20,20,20,1.0
619060,0.8,1.0,0.0,20,20,20,0.0
619060,0.75,0.0,0.0,20,20,20,1.0
619060,0.7,1.0,0.0,20,20,20,0.0
6216050,0.95,0.0,0.0,20,20,20,1.0
6216050,0.9,0.0,0.0,20,20,20,1.0
6216050,0.85,1.0,0.0,20,20,20,0.0
6216050,0.8,1.0,0.0,20,20,20,0.0
6216050,0.75,1.0,0.0,20,20,20,0.0
6216050,0.7,0.0,0.05,20,20,20,1.05
6217738,0.95,1.0,0.0,20,20,20,0.0
6217738,0.9,1.0,0.0,20,20,20,0.0
6217738,0.85,1.0,0.0,20,20,20,0.0
6217738,0.8,1.0,0.0,20,20,20,0.0
6217738,0.75,1.0,0.0,20,20,20,0.0
6217738,0.7,1.0,0.0,20,20,20,0.0
6224331,0.95,0.0,0.0,20,20,20,1.0
6224331,0.9,0.0,0.0,20,20,20,1.0
6224331,0.85,0.0,0.0,20,20,20,1.0
6224331,0.8,0.0,0.0,20,20,20,1.0
6224331,0.75,1.0,0.0,20,20,20,0.0
6224331,0.7,1.0,0.0,20,20,20,0.0
6256473,0.95,1.0,0.0,20,20,20,0.0
6256473,0.9,1.0,0.0,20,20,20,0.0
6256473,0.85,1.0,0.0,20,20,20,0.0
6256473,0.8,1.0,0.0,20,20,20,0.0
6256473,0.75,1.0,0.0,20,20,20,0.0
6256473,0.7,1.0,0.0,20,20,20,0.0
6256826,0.95,0.0,0.0,20,20,20,1.0
6256826,0.9,0.0,0.0,20,20,20,1.0
6256826,0.85,0.0,0.0,20,20,20,1.0
6256826,0.8,0.0,0.0,20,20,20,1.0
6256826,0.75,1.0,0.05,20,20,20,0.05
6256826,0.7,1.0,0.2,20,20,20,0.2
6257858,0.95,0.0,0.0,20,20,20,1.0
6257858,0.9,0.0,0.0,20,20,20,1.0
6257858,0.85,1.0,0.0,20,20,20,0.0
6257858,0.8,1.0,0.0,20,20,20,0.0
6257858,0.75,1.0,0.0,20,20,20,0.0
6257858,0.7,1.0,0.0,20,20,20,0.0
6258460,0.95,0.0,0.0,20,20,20,1.0
6258460,0.9,0.0,0.0,20,20,20,1.0
6258460,0.85,0.0,0.0,20,20,20,1.0
6258460,0.8,0.0,0.0,20,20,20,1.0
6258460,0.75,1.0,0.0,20,20,20,0.0
6258460,0.7,1.0,0.0,20,20,20,0.0
6259248,0.95,0.0,0.0,20,20,20,1.0
6259248,0.9,0.0,0.0,20,20,20,1.0
6259248,0.85,1.0,0.0,20,20,20,0.0
6259248,0.8,1.0,0.0,20,20,20,0.0
6259248,0.75,1.0,0.0,20,20,20,0.0
6259248,0.7,1.0,0.0,20,20,20,0.0
6262109,0.95,0.0,0.0,20,20,20,1.0
6262109,0.9,0.0,0.0,20,20,20,1.0
6262109,0.85,0.0,0.0,20,20,20,1.0
6262109,0.8,1.0,0.0,20,20,20,0.0
6262109,0.75,1.0,0.0,20,20,20,0.0
6262109,0.7,1.0,0.0,20,20,20,0.0
6263500,0.95,0.0,0.0,20,20,20,1.0
6263500,0.9,0.0,0.0,20,20,20,1.0
6263500,0.85,0.0,0.05,20,20,20,1.05
6263500,0.8,1.0,0.05,20,20,20,0.05
6263500,0.75,1.0,0.05,20,20,20,0.05
6263500,0.7,0.0,0.15,20,20,20,1.15
6267323,0.95,0.0,0.0,20,20,20,1.0
6267323,0.9,1.0,0.05,20,20,20,0.05
6267323,0.85,0.0,0.0,20,20,20,1.0
6267323,0.8,0.0,0.0,20,20,20,1.0
6267323,0.75,1.0,0.05,20,20,20,0.05
6267323,0.7,1.0,0.05,20,20,20,0.05
6267324,0.95,0.0,0.0,20,20,20,1.0
6267324,0.9,1.0,0.05,20,20,20,0.05
6267324,0.85,0.0,0.0,20,20,20,1.0
6267324,0.8,0.0,0.0,20,20,20,1.0
6267324,0.75,1.0,0.05,20,20,20,0.05
6267324,0.7,1.0,0.05,20,20,20,0.05
6269689,0.95,0.0,0.0,20,20,20,1.0
6269689,0.9,1.0,0.0,20,20,20,0.0
6269689,0.85,0.0,0.0,20,20,20,1.0
6269689,0.8,1.0,0.0,20,20,20,0.0
6269689,0.75,1.0,0.0,20,20,20,0.0
6269689,0.7,1.0,0.05,20,20,20,0.05
6270851,0.95,0.0,0.0,20,20,20,1.0
6270851,0.9,0.0,0.0,20,20,20,1.0
6270851,0.85,0.0,0.0,20,20,20,1.0
6270851,0.8,0.0,0.0,20,20,20,1.0
6270851,0.75,1.0,0.0,20,20,20,0.0
6270851,0.7,1.0,0.05,20,20,20,0.05
6273545,0.95,0.0,0.0,20,20,20,1.0
6273545,0.9,0.0,0.0,20,20,20,1.0
6273545,0.85,0.0,0.0,20,20,20,1.0
6273545,0.8,0.0,0.0,20,20,20,1.0
6273545,0.75,1.0,0.0,20,20,20,0.0
6273545,0.7,1.0,0.05,20,20,20,0.05
6279762,0.95,0.0,0.0,20,20,20,1.0
6279762,0.9,0.0,0.0,20,20,20,1.0
6279762,0.85,0.0,0.0,20,20,20,1.0
6279762,0.8,1.0,0.0,20,20,20,0.0
6279762,0.75,1.0,0.0,20,20,20,0.0
6279762,0.7,1.0,0.0,20,20,20,0.0
6284015,0.95,0.0,0.0,6,6,6,1.0
6284015,0.9,0.0,0.0,6,6,6,1.0
6284015,0.85,1.0,0.0,6,6,6,0.0
6284015,0.8,1.0,0.0,6,6,6,0.0
6284015,0.75,1.0,0.0,6,6,6,0.0
6284015,0.7,1.0,0.0,6,6,6,0.0
6286690,0.95,0.0,0.0,20,20,20,1.0
6286690,0.9,0.0,0.0,20,20,20,1.0
6286690,0.85,0.0,0.0,20,20,20,1.0
6286690,0.8,0.0,0.0,20,20,20,1.0
6286690,0.75,1.0,0.05,20,20,20,0.05
6286690,0.7,1.0,0.0,20,20,20,0.0
6290304,0.95,1.0,0.0,12,12,12,0.0
6290304,0.9,1.0,0.0,12,12,12,0.0
6290304,0.85,1.0,0.0,12,12,12,0.0
6290304,0.8,1.0,0.0,12,12,12,0.0
6290304,0.75,1.0,0.0,12,12,12,0.0
6290304,0.7,1.0,0.0,12,12,12,0.0
6290305,0.95,0.0,0.0,20,20,20,1.0
6290305,0.9,0.0,0.0,20,20,20,1.0
6290305,0.85,0.0,0.0,20,20,20,1.0
6290305,0.8,1.0,0.05,20,20,20,0.05
6290305,0.75,1.0,0.05,20,20,20,0.05
6290305,0.7,1.0,0.05,20,20,20,0.05
6290863,0.95,0.0,0.0,20,20,20,1.0
6290863,0.9,0.0,0.0,20,20,20,1.0
6290863,0.85,0.0,0.0,20,20,20,1.0
6290863,0.8,1.0,0.0,20,20,20,0.0
6290863,0.75,1.0,0.0,20,20,20,0.0
6290863,0.7,1.0,0.0,20,20,20,0.0
6291315,0.95,0.0,0.0,20,20,20,1.0
6291315,0.9,0.0,0.0,20,20,20,1.0
6291315,0.85,0.0,0.0,20,20,20,1.0
6291315,0.8,0.0,0.0,20,20,20,1.0
6291315,0.75,1.0,0.0,20,20,20,0.0
6291315,0.7,1.0,0.0,20,20,20,0.0
6292892,0.95,0.0,0.0,5,5,5,1.0
6292892,0.9,0.0,0.0,5,5,5,1.0
6292892,0.85,0.0,0.0,5,5,5,1.0
6292892,0.8,1.0,0.0,5,5,5,0.0
6292892,0.75,1.0,0.0,5,5,5,0.0
6292892,0.7,1.0,0.0,5,5,5,0.0
6293446,0.95,1.0,0.0,8,8,8,0.0
6293446,0.9,0.0,0.0,8,8,8,1.0
6293446,0.85,1.0,0.0,8,8,8,0.0
6293446,0.8,1.0,0.0,8,8,8,0.0
6293446,0.75,1.0,0.0,8,8,8,0.0
6293446,0.7,1.0,0.0,8,8,8,0.0
6297092,0.95,0.0,0.0,11,11,11,1.0
6297092,0.9,0.0,0.0,11,11,11,1.0
6297092,0.85,1.0,0.0,11,11,11,0.0
6297092,0.8,0.0,0.0,11,11,11,1.0
6297092,0.75,1.0,0.0,11,11,11,0.0
6297092,0.7,1.0,0.0,11,11,11,0.0
6297574,0.95,0.0,0.0,15,15,15,1.0
6297574,0.9,0.0,0.0,15,15,15,1.0
6297574,0.85,0.0,0.0,15,15,15,1.0
6297574,0.8,1.0,0.0,15,15,15,0.0
6297574,0.75,1.0,0.0,15,15,15,0.0
6297574,0.7,1.0,0.0,15,15,15,0.0
6298839,0.95,0.0,0.0,20,20,20,1.0
6298839,0.9,0.0,0.0,20,20,20,1.0
6298839,0.85,0.0,0.0,20,20,20,1.0
6298839,0.8,0.0,0.0,20,20,20,1.0
6298839,0.75,1.0,0.05,20,20,20,0.05
6298839,0.7,1.0,0.1,20,20,20,0.1
6300717,0.95,0.0,0.0,20,20,20,1.0
6300717,0.9,0.0,0.0,20,20,20,1.0
6300717,0.85,0.0,0.0,20,20,20,1.0
6300717,0.8,0.0,0.0,20,20,20,1.0
6300717,0.75,1.0,0.05,20,20,20,0.05
6300717,0.7,1.0,0.05,20,20,20,0.05
6302289,0.95,0.0,0.0,5,5,5,1.0
6302289,0.9,0.0,0.0,5,5,5,1.0
6302289,0.85,0.0,0.0,5,5,5,1.0
6302289,0.8,0.0,0.0,5,5,5,1.0
6302289,0.75,0.0,0.0,5,5,5,1.0
6302289,0.7,1.0,0.0,5,5,5,0.0
6304231,0.95,0.0,0.0,5,5,5,1.0
6304231,0.9,0.0,0.0,5,5,5,1.0
6304231,0.85,0.0,0.0,5,5,5,1.0
6304231,0.8,0.0,0.0,5,5,5,1.0
6304231,0.75,0.0,0.0,5,5,5,1.0
6304231,0.7,1.0,0.0,5,5,5,0.0
6305992,0.95,0.0,0.0,20,20,20,1.0
6305992,0.9,0.0,0.0,20,20,20,1.0
6305992,0.85,0.0,0.0,20,20,20,1.0
6305992,0.8,1.0,0.0,20,20,20,0.0
6305992,0.75,1.0,0.05,20,20,20,0.05
6305992,0.7,1.0,0.1,20,20,20,0.1
6310934,0.95,0.0,0.0,5,5,5,1.0
6310934,0.9,0.0,0.0,5,5,5,1.0
6310934,0.85,0.0,0.0,5,5,5,1.0
6310934,0.8,0.0,0.0,5,5,5,1.0
6310934,0.75,1.0,0.0,5,5,5,0.0
6310934,0.7,1.0,0.0,5,5,5,0.0
6311585,0.95,1.0,0.0,5,5,5,0.0
6311585,0.9,1.0,0.0,5,5,5,0.0
6311585,0.85,1.0,0.0,5,5,5,0.0
6311585,0.8,1.0,0.0,5,5,5,0.0
6311585,0.75,1.0,0.0,5,5,5,0.0
6311585,0.7,1.0,0.0,5,5,5,0.0
6312437,0.95,1.0,0.05,20,20,20,0.05
6312437,0.9,1.0,0.05,20,20,20,0.05
6312437,0.85,1.0,0.05,20,20,20,0.05
6312437,0.8,1.0,0.05,20,20,20,0.05
6312437,0.75,1.0,0.05,20,20,20,0.05
6312437,0.7,1.0,0.1,20,20,20,0.1
6312438,0.95,1.0,0.05,20,20,20,0.05
6312438,0.9,1.0,0.05,20,20,20,0.05
6312438,0.85,1.0,0.05,20,20,20,0.05
6312438,0.8,1.0,0.05,20,20,20,0.05
6312438,0.75,1.0,0.05,20,20,20,0.05
6312438,0.7,1.0,0.1,20,20,20,0.1
6313411,0.95,0.0,0.0,20,20,20,1.0
6313411,0.9,0.0,0.0,20,20,20,1.0
6313411,0.85,0.0,0.0,20,20,20,1.0
6313411,0.8,1.0,0.0,20,20,20,0.0
6313411,0.75,0.0,0.15,20,20,20,1.15
6313411,0.7,1.0,0.1,20,20,20,0.1
6317793,0.95,0.0,0.0,20,20,20,1.0
6317793,0.9,0.0,0.0,20,20,20,1.0
6317793,0.85,0.0,0.0,20,20,20,1.0
6317793,0.8,0.0,0.0,20,20,20,1.0
6317793,0.75,0.0,0.0,20,20,20,1.0
6317793,0.7,1.0,0.05,20,20,20,0.05
6317794,0.95,0.0,0.0,20,20,20,1.0
6317794,0.9,0.0,0.0,20,20,20,1.0
6317794,0.85,0.0,0.0,20,20,20,1.0
6317794,0.8,0.0,0.0,20,20,20,1.0
6317794,0.75,0.0,0.0,20,20,20,1.0
6317794,0.7,1.0,0.05,20,20,20,0.05
6322925,0.95,0.0,0.0,20,20,20,1.0
6322925,0.9,0.0,0.0,20,20,20,1.0
6322925,0.85,0.0,0.0,20,20,20,1.0
6322925,0.8,0.0,0.0,20,20,20,1.0
6322925,0.75,1.0,0.0,20,20,20,0.0
6322925,0.7,1.0,0.0,20,20,20,0.0
6325089,0.95,0.0,0.0,5,5,5,1.0
6325089,0.9,0.0,0.0,5,5,5,1.0
6325089,0.85,0.0,0.0,5,5,5,1.0
6325089,0.8,0.0,0.0,5,5,5,1.0
6325089,0.75,0.0,0.0,5,5,5,1.0
6325089,0.7,1.0,0.0,5,5,5,0.0
6329407,0.95,1.0,0.0,5,5,5,0.0
6329407,0.9,1.0,0.0,5,5,5,0.0
6329407,0.85,1.0,0.0,5,5,5,0.0
6329407,0.8,1.0,0.0,5,5,5,0.0
6329407,0.75,1.0,0.0,5,5,5,0.0
6329407,0.7,1.0,0.0,5,5,5,0.0
6329413,0.95,0.0,0.0,20,20,20,1.0
6329413,0.9,0.0,0.0,20,20,20,1.0
6329413,0.85,0.0,0.0,20,20,20,1.0
6329413,0.8,0.0,0.0,20,20,20,1.0
6329413,0.75,1.0,0.0,20,20,20,0.0
6329413,0.7,1.0,0.0,20,20,20,0.0
6329417,0.95,0.0,0.0,8,8,8,1.0
6329417,0.9,0.0,0.0,8,8,8,1.0
6329417,0.85,0.0,0.0,8,8,8,1.0
6329417,0.8,0.0,0.0,8,8,8,1.0
6329417,0.75,0.0,0.0,8,8,8,1.0
6329417,0.7,1.0,0.0,8,8,8,0.0
6330613,0.95,1.0,0.0,20,20,20,0.0
6330613,0.9,0.0,0.0,20,20,20,1.0
6330613,0.85,0.0,0.0,20,20,20,1.0
6330613,0.8,1.0,0.0,20,20,20,0.0
6330613,0.75,1.0,0.0,20,20,20,0.0
6330613,0.7,1.0,0.0,20,20,20,0.0
6333374,0.95,0.0,0.0,20,20,20,1.0
6333374,0.9,0.0,0.0,20,20,20,1.0
6333374,0.85,0.0,0.0,20,20,20,1.0
6333374,0.8,0.0,0.0,20,20,20,1.0
6333374,0.75,1.0,0.0,20,20,20,0.0
6333374,0.7,1.0,0.0,20,20,20,0.0
6338836,0.95,0.0,0.0,20,20,20,1.0
6338836,0.9,0.0,0.0,20,20,20,1.0
6338836,0.85,0.0,0.0,20,20,20,1.0
6338836,0.8,0.0,0.0,20,20,20,1.0
6338836,0.75,1.0,0.0,20,20,20,0.0
6338836,0.7,1.0,0.0,20,20,20,0.0
6340617,0.95,1.0,0.0,5,5,5,0.0
6340617,0.9,1.0,0.0,5,5,5,0.0
6340617,0.85,1.0,0.0,5,5,5,0.0
6340617,0.8,1.0,0.0,5,5,5,0.0
6340617,0.75,1.0,0.0,5,5,5,0.0
6340617,0.7,1.0,0.0,5,5,5,0.0
6345816,0.95,0.0,0.0,20,20,20,1.0
6345816,0.9,0.0,0.0,20,20,20,1.0
6345816,0.85,0.0,0.0,20,20,20,1.0
6345816,0.8,1.0,0.0,20,20,20,0.0
6345816,0.75,1.0,0.0,20,20,20,0.0
6345816,0.7,1.0,0.0,20,20,20,0.0
6351301,0.95,0.0,0.0,20,20,20,1.0
6351301,0.9,0.0,0.0,20,20,20,1.0
6351301,0.85,0.0,0.05,20,20,20,1.05
6351301,0.8,1.0,0.05,20,20,20,0.05
6351301,0.75,1.0,0.2,20,20,20,0.2
6351301,0.7,1.0,0.15,20,20,20,0.15
6355626,0.95,0.0,0.0,20,20,20,1.0
6355626,0.9,0.0,0.0,20,20,20,1.0
6355626,0.85,1.0,0.0,20,20,20,0.0
6355626,0.8,1.0,0.0,20,20,20,0.0
6355626,0.75,1.0,0.0,20,20,20,0.0
6355626,0.7,1.0,0.0,20,20,20,0.0
635851,0.95,0.0,0.0,20,20,20,1.0
635851,0.9,0.0,0.0,20,20,20,1.0
635851,0.85,0.0,0.0,20,20,20,1.0
635851,0.8,1.0,0.0,20,20,20,0.0
635851,0.75,1.0,0.0,20,20,20,0.0
635851,0.7,1.0,0.0,20,20,20,0.0
6359560,0.95,0.0,0.0,20,20,20,1.0
6359560,0.9,0.0,0.0,20,20,20,1.0
6359560,0.85,0.0,0.0,20,20,20,1.0
6359560,0.8,0.0,0.0,20,20,20,1.0
6359560,0.75,1.0,0.0,20,20,20,0.0
6359560,0.7,0.0,0.0,20,20,20,1.0
6364486,0.95,1.0,0.0,17,17,17,0.0
6364486,0.9,1.0,0.0,17,17,17,0.0
6364486,0.85,1.0,0.0,17,17,17,0.0
6364486,0.8,1.0,0.0,17,17,17,0.0
6364486,0.75,1.0,0.0,17,17,17,0.0
6364486,0.7,1.0,0.0,17,17,17,0.0
636616,0.95,0.0,0.0,20,20,20,1.0
636616,0.9,0.0,0.0,20,20,20,1.0
636616,0.85,0.0,0.0,20,20,20,1.0
636616,0.8,1.0,0.1,20,20,20,0.1
636616,0.75,0.0,0.1,20,20,20,1.1
636616,0.7,1.0,0.1,20,20,20,0.1
6368178,0.95,0.0,0.0,5,5,5,1.0
6368178,0.9,1.0,0.0,5,5,5,0.0
6368178,0.85,1.0,0.0,5,5,5,0.0
6368178,0.8,1.0,0.0,5,5,5,0.0
6368178,0.75,0.0,0.0,5,5,5,1.0
6368178,0.7,1.0,0.0,5,5,5,0.0
6368219,0.95,0.0,0.0,20,20,20,1.0
6368219,0.9,0.0,0.0,20,20,20,1.0
6368219,0.85,0.0,0.0,20,20,20,1.0
6368219,0.8,0.0,0.0,20,20,20,1.0
6368219,0.75,1.0,0.0,20,20,20,0.0
6368219,0.7,1.0,0.0,20,20,20,0.0
6384232,0.95,1.0,0.0,20,20,20,0.0
6384232,0.9,1.0,0.0,20,20,20,0.0
6384232,0.85,1.0,0.0,20,20,20,0.0
6384232,0.8,1.0,0.0,20,20,20,0.0
6384232,0.75,1.0,0.0,20,20,20,0.0
6384232,0.7,1.0,0.0,20,20,20,0.0
6386307,0.95,0.0,0.0,20,20,20,1.0
6386307,0.9,0.0,0.0,20,20,20,1.0
6386307,0.85,0.0,0.0,20,20,20,1.0
6386307,0.8,0.0,0.0,20,20,20,1.0
6386307,0.75,0.0,0.0,20,20,20,1.0
6386307,0.7,1.0,0.0,20,20,20,0.0
6395978,0.95,0.0,0.0,15,15,15,1.0
6395978,0.9,0.0,0.0,15,15,15,1.0
6395978,0.85,0.0,0.0,15,15,15,1.0
6395978,0.8,1.0,0.0,15,15,15,0.0
6395978,0.75,1.0,0.0,15,15,15,0.0
6395978,0.7,1.0,0.0,15,15,15,0.0
6397607,0.95,0.0,0.0,11,11,11,1.0
6397607,0.9,0.0,0.0,11,11,11,1.0
6397607,0.85,0.0,0.0,11,11,11,1.0
6397607,0.8,0.0,0.0,11,11,11,1.0
6397607,0.75,1.0,0.0,11,11,11,0.0
6397607,0.7,1.0,0.0,11,11,11,0.0
6400080,0.95,0.0,0.0,16,16,16,1.0
6400080,0.9,1.0,0.0,16,16,16,0.0
6400080,0.85,1.0,0.0,16,16,16,0.0
6400080,0.8,1.0,0.0,16,16,16,0.0
6400080,0.75,1.0,0.0625,16,16,16,0.0625
6400080,0.7,1.0,0.0625,16,16,16,0.0625
6400081,0.95,0.0,0.0,8,8,8,1.0
6400081,0.9,1.0,0.0,8,8,8,0.0
6400081,0.85,1.0,0.0,8,8,8,0.0
6400081,0.8,1.0,0.0,8,8,8,0.0
6400081,0.75,1.0,0.0,8,8,8,0.0
6400081,0.7,1.0,0.0,8,8,8,0.0
6401414,0.95,0.0,0.0,20,20,20,1.0
6401414,0.9,0.0,0.0,20,20,20,1.0
6401414,0.85,0.0,0.0,20,20,20,1.0
6401414,0.8,1.0,0.0,20,20,20,0.0
6401414,0.75,1.0,0.0,20,20,20,0.0
6401414,0.7,1.0,0.0,20,20,20,0.0
6402884,0.95,0.0,0.0,20,20,20,1.0
6402884,0.9,0.0,0.0,20,20,20,1.0
6402884,0.85,0.0,0.0,20,20,20,1.0
6402884,0.8,0.0,0.0,20,20,20,1.0
6402884,0.75,0.0,0.0,20,20,20,1.0
6402884,0.7,1.0,0.0,20,20,20,0.0
6408054,0.95,0.0,0.0,14,14,14,1.0
6408054,0.9,0.0,0.0,14,14,14,1.0
6408054,0.85,0.0,0.0,14,14,14,1.0
6408054,0.8,0.0,0.0,14,14,14,1.0
6408054,0.75,0.0,0.0,14,14,14,1.0
6408054,0.7,1.0,0.0,14,14,14,0.0
6408056,0.95,0.0,0.0,20,20,20,1.0
6408056,0.9,0.0,0.0,20,20,20,1.0
6408056,0.85,0.0,0.0,20,20,20,1.0
6408056,0.8,1.0,0.0,20,20,20,0.0
6408056,0.75,1.0,0.0,20,20,20,0.0
6408056,0.7,1.0,0.0,20,20,20,0.0
6408743,0.95,0.0,0.0,20,20,20,1.0
6408743,0.9,0.0,0.0,20,20,20,1.0
6408743,0.85,0.0,0.0,20,20,20,1.0
6408743,0.8,0.0,0.0,20,20,20,1.0
6408743,0.75,1.0,0.0,20,20,20,0.0
6408743,0.7,1.0,0.0,20,20,20,0.0
6409891,0.95,0.0,0.0,20,20,20,1.0
6409891,0.9,0.0,0.0,20,20,20,1.0
6409891,0.85,0.0,0.0,20,20,20,1.0
6409891,0.8,1.0,0.0,20,20,20,0.0
6409891,0.75,1.0,0.05,20,20,20,0.05
6409891,0.7,1.0,0.0,20,20,20,0.0
6412434,0.95,0.0,0.0,10,10,10,1.0
6412434,0.9,0.0,0.0,10,10,10,1.0
6412434,0.85,0.0,0.0,10,10,10,1.0
6412434,0.8,1.0,0.0,10,10,10,0.0
6412434,0.75,1.0,0.0,10,10,10,0.0
6412434,0.7,1.0,0.0,10,10,10,0.0
6412453,0.95,0.0,0.0,20,20,20,1.0
6412453,0.9,0.0,0.0,20,20,20,1.0
6412453,0.85,0.0,0.0,20,20,20,1.0
6412453,0.8,1.0,0.0,20,20,20,0.0
6412453,0.75,1.0,0.0,20,20,20,0.0
6412453,0.7,1.0,0.0,20,20,20,0.0
6416077,0.95,1.0,0.2,5,5,5,0.2
6416077,0.9,1.0,0.2,5,5,5,0.2
6416077,0.85,1.0,0.2,5,5,5,0.2
6416077,0.8,1.0,0.2,5,5,5,0.2
6416077,0.75,1.0,0.2,5,5,5,0.2
6416077,0.7,1.0,0.2,5,5,5,0.2
6416078,0.95,1.0,0.2,5,5,5,0.2
6416078,0.9,1.0,0.2,5,5,5,0.2
6416078,0.85,1.0,0.2,5,5,5,0.2
6416078,0.8,1.0,0.2,5,5,5,0.2
6416078,0.75,1.0,0.2,5,5,5,0.2
6416078,0.7,1.0,0.2,5,5,5,0.2
6418167,0.95,0.0,0.0,20,20,20,1.0
6418167,0.9,0.0,0.0,20,20,20,1.0
6418167,0.85,0.0,0.0,20,20,20,1.0
6418167,0.8,1.0,0.0,20,20,20,0.0
6418167,0.75,1.0,0.0,20,20,20,0.0
6418167,0.7,1.0,0.0,20,20,20,0.0
6432170,0.95,0.0,0.05,20,20,20,1.05
6432170,0.9,0.0,0.0,20,20,20,1.0
6432170,0.85,0.0,0.0,20,20,20,1.0
6432170,0.8,1.0,0.05,20,20,20,0.05
6432170,0.75,1.0,0.1,20,20,20,0.1
6432170,0.7,1.0,0.1,20,20,20,0.1
64338,0.95,1.0,0.05,20,20,20,0.05
64338,0.9,1.0,0.05,20,20,20,0.05
64338,0.85,1.0,0.05,20,20,20,0.05
64338,0.8,0.0,0.0,20,20,20,1.0
64338,0.75,1.0,0.05,20,20,20,0.05
64338,0.7,1.0,0.05,20,20,20,0.05
64340,0.95,1.0,0.05,20,20,20,0.05
64340,0.9,1.0,0.05,20,20,20,0.05
64340,0.85,1.0,0.05,20,20,20,0.05
64340,0.8,0.0,0.0,20,20,20,1.0
64340,0.75,1.0,0.05,20,20,20,0.05
64340,0.7,1.0,0.05,20,20,20,0.05
643468,0.95,0.0,0.0,17,17,17,1.0
643468,0.9,0.0,0.0,17,17,17,1.0
643468,0.85,0.0,0.0,17,17,17,1.0
643468,0.8,1.0,0.058823529411764705,17,17,17,0.058823529411764705
643468,0.75,1.0,0.058823529411764705,17,17,17,0.058823529411764705
643468,0.7,1.0,0.058823529411764705,17,17,17,0.058823529411764705
6434714,0.95,0.0,0.0,20,20,20,1.0
6434714,0.9,0.0,0.0,20,20,20,1.0
6434714,0.85,0.0,0.0,20,20,20,1.0
6434714,0.8,1.0,0.0,20,20,20,0.0
6434714,0.75,1.0,0.0,20,20,20,0.0
6434714,0.7,1.0,0.0,20,20,20,0.0
6438570,0.95,1.0,0.0,20,20,20,0.0
6438570,0.9,1.0,0.0,20,20,20,0.0
6438570,0.85,1.0,0.0,20,20,20,0.0
6438570,0.8,1.0,0.0,20,20,20,0.0
6438570,0.75,1.0,0.0,20,20,20,0.0
6438570,0.7,1.0,0.05,20,20,20,0.05
6458710,0.95,0.0,0.0,20,20,20,1.0
6458710,0.9,0.0,0.0,20,20,20,1.0
6458710,0.85,0.0,0.0,20,20,20,1.0
6458710,0.8,0.0,0.0,20,20,20,1.0
6458710,0.75,1.0,0.0,20,20,20,0.0
6458710,0.7,1.0,0.0,20,20,20,0.0
6467777,0.95,0.0,0.0,7,7,7,1.0
6467777,0.9,0.0,0.0,7,7,7,1.0
6467777,0.85,0.0,0.0,7,7,7,1.0
6467777,0.8,0.0,0.0,7,7,7,1.0
6467777,0.75,1.0,0.0,7,7,7,0.0
6467777,0.7,1.0,0.0,7,7,7,0.0
6468445,0.95,1.0,0.0,5,5,5,0.0
6468445,0.9,1.0,0.0,5,5,5,0.0
6468445,0.85,1.0,0.0,5,5,5,0.0
6468445,0.8,1.0,0.0,5,5,5,0.0
6468445,0.75,1.0,0.0,5,5,5,0.0
6468445,0.7,0.0,0.0,5,5,5,1.0
6475333,0.95,0.0,0.0,20,20,20,1.0
6475333,0.9,0.0,0.0,20,20,20,1.0
6475333,0.85,0.0,0.0,20,20,20,1.0
6475333,0.8,0.0,0.0,20,20,20,1.0
6475333,0.75,1.0,0.0,20,20,20,0.0
6475333,0.7,1.0,0.0,20,20,20,0.0
6477052,0.95,0.0,0.0,20,20,20,1.0
6477052,0.9,0.0,0.0,20,20,20,1.0
6477052,0.85,0.0,0.0,20,20,20,1.0
6477052,0.8,0.0,0.0,20,20,20,1.0
6477052,0.75,0.0,0.0,20,20,20,1.0
6477052,0.7,1.0,0.0,20,20,20,0.0
6485353,0.95,0.0,0.0,5,5,5,1.0
6485353,0.9,0.0,0.0,5,5,5,1.0
6485353,0.85,1.0,0.0,5,5,5,0.0
6485353,0.8,1.0,0.0,5,5,5,0.0
6485353,0.75,1.0,0.0,5,5,5,0.0
6485353,0.7,1.0,0.0,5,5,5,0.0
6493078,0.95,0.0,0.0,5,5,5,1.0
6493078,0.9,0.0,0.0,5,5,5,1.0
6493078,0.85,0.0,0.0,5,5,5,1.0
6493078,0.8,1.0,0.0,5,5,5,0.0
6493078,0.75,0.0,0.0,5,5,5,1.0
6493078,0.7,0.0,0.0,5,5,5,1.0
6493088,0.95,0.0,0.0,5,5,5,1.0
6493088,0.9,0.0,0.0,5,5,5,1.0
6493088,0.85,0.0,0.0,5,5,5,1.0
6493088,0.8,0.0,0.0,5,5,5,1.0
6493088,0.75,1.0,0.0,5,5,5,0.0
6493088,0.7,1.0,0.0,5,5,5,0.0
6495030,0.95,0.0,0.0,20,20,20,1.0
6495030,0.9,0.0,0.0,20,20,20,1.0
6495030,0.85,0.0,0.0,20,20,20,1.0
6495030,0.8,0.0,0.0,20,20,20,1.0
6495030,0.75,0.0,0.0,20,20,20,1.0
6495030,0.7,1.0,0.05,20,20,20,0.05
6499110,0.95,0.0,0.0,20,20,20,1.0
6499110,0.9,1.0,0.0,20,20,20,0.0
6499110,0.85,1.0,0.05,20,20,20,0.05
6499110,0.8,1.0,0.05,20,20,20,0.05
6499110,0.75,1.0,0.05,20,20,20,0.05
6499110,0.7,0.0,0.0,20,20,20,1.0
6502612,0.95,0.0,0.0,5,5,5,1.0
6502612,0.9,0.0,0.0,5,5,5,1.0
6502612,0.85,0.0,0.0,5,5,5,1.0
6502612,0.8,0.0,0.0,5,5,5,1.0
6502612,0.75,0.0,0.0,5,5,5,1.0
6502612,0.7,1.0,0.0,5,5,5,0.0
6503240,0.95,1.0,0.0,20,20,20,0.0
6503240,0.9,0.0,0.0,20,20,20,1.0
6503240,0.85,1.0,0.0,20,20,20,0.0
6503240,0.8,1.0,0.0,20,20,20,0.0
6503240,0.75,1.0,0.0,20,20,20,0.0
6503240,0.7,1.0,0.0,20,20,20,0.0
6505231,0.95,0.0,0.0,20,20,20,1.0
6505231,0.9,0.0,0.0,20,20,20,1.0
6505231,0.85,1.0,0.0,20,20,20,0.0
6505231,0.8,1.0,0.0,20,20,20,0.0
6505231,0.75,1.0,0.0,20,20,20,0.0
6505231,0.7,1.0,0.15,20,20,20,0.15
651293,0.95,1.0,0.0,20,20,20,0.0
651293,0.9,1.0,0.0,20,20,20,0.0
651293,0.85,1.0,0.0,20,20,20,0.0
651293,0.8,1.0,0.0,20,20,20,0.0
651293,0.75,1.0,0.0,20,20,20,0.0
651293,0.7,1.0,0.0,20,20,20,0.0
6513436,0.95,0.0,0.0,20,20,20,1.0
6513436,0.9,0.0,0.0,20,20,20,1.0
6513436,0.85,0.0,0.0,20,20,20,1.0
6513436,0.8,1.0,0.0,20,20,20,0.0
6513436,0.75,1.0,0.0,20,20,20,0.0
6513436,0.7,1.0,0.0,20,20,20,0.0
651516,0.95,1.0,0.05263157894736842,19,19,19,0.05263157894736842
651516,0.9,0.0,0.0,19,19,19,1.0
651516,0.85,0.0,0.0,19,19,19,1.0
651516,0.8,0.0,0.0,19,19,19,1.0
651516,0.75,1.0,0.05263157894736842,19,19,19,0.05263157894736842
651516,0.7,1.0,0.05263157894736842,19,19,19,0.05263157894736842
651517,0.95,1.0,0.05263157894736842,19,19,19,0.05263157894736842
651517,0.9,0.0,0.0,19,19,19,1.0
651517,0.85,0.0,0.0,19,19,19,1.0
651517,0.8,0.0,0.0,19,19,19,1.0
651517,0.75,1.0,0.05263157894736842,19,19,19,0.05263157894736842
651517,0.7,1.0,0.05263157894736842,19,19,19,0.05263157894736842
6522266,0.95,0.0,0.0,6,6,6,1.0
6522266,0.9,0.0,0.0,6,6,6,1.0
6522266,0.85,0.0,0.0,6,6,6,1.0
6522266,0.8,1.0,0.0,6,6,6,0.0
6522266,0.75,0.0,0.0,6,6,6,1.0
6522266,0.7,1.0,0.0,6,6,6,0.0
6531264,0.95,0.0,0.0,20,20,20,1.0
6531264,0.9,0.0,0.0,20,20,20,1.0
6531264,0.85,0.0,0.0,20,20,20,1.0
6531264,0.8,1.0,0.0,20,20,20,0.0
6531264,0.75,1.0,0.0,20,20,20,0.0
6531264,0.7,0.0,0.0,20,20,20,1.0
6543416,0.95,0.0,0.0,20,20,20,1.0
6543416,0.9,0.0,0.0,20,20,20,1.0
6543416,0.85,0.0,0.0,20,20,20,1.0
6543416,0.8,1.0,0.0,20,20,20,0.0
6543416,0.75,1.0,0.0,20,20,20,0.0
6543416,0.7,1.0,0.0,20,20,20,0.0
654471,0.95,0.0,0.0,20,20,20,1.0
654471,0.9,0.0,0.0,20,20,20,1.0
654471,0.85,0.0,0.0,20,20,20,1.0
654471,0.8,0.0,0.0,20,20,20,1.0
654471,0.75,1.0,0.0,20,20,20,0.0
654471,0.7,1.0,0.0,20,20,20,0.0
6554019,0.95,0.0,0.0,20,20,20,1.0
6554019,0.9,0.0,0.0,20,20,20,1.0
6554019,0.85,0.0,0.0,20,20,20,1.0
6554019,0.8,0.0,0.0,20,20,20,1.0
6554019,0.75,0.0,0.0,20,20,20,1.0
6554019,0.7,1.0,0.0,20,20,20,0.0
6604,0.95,0.0,0.0,20,20,20,1.0
6604,0.9,0.0,0.0,20,20,20,1.0
6604,0.85,0.0,0.0,20,20,20,1.0
6604,0.8,0.0,0.0,20,20,20,1.0
6604,0.75,0.0,0.0,20,20,20,1.0
6604,0.7,1.0,0.0,20,20,20,0.0
66107,0.95,0.0,0.0,20,20,20,1.0
66107,0.9,0.0,0.0,20,20,20,1.0
66107,0.85,1.0,0.0,20,20,20,0.0
66107,0.8,0.0,0.0,20,20,20,1.0
66107,0.75,1.0,0.05,20,20,20,0.05
66107,0.7,1.0,0.05,20,20,20,0.05
662552,0.95,0.0,0.0,5,5,5,1.0
662552,0.9,0.0,0.0,5,5,5,1.0
662552,0.85,0.0,0.0,5,5,5,1.0
662552,0.8,0.0,0.0,5,5,5,1.0
662552,0.75,1.0,0.0,5,5,5,0.0
662552,0.7,1.0,0.0,5,5,5,0.0
66267,0.95,1.0,0.0,20,20,20,0.0
66267,0.9,1.0,0.0,20,20,20,0.0
66267,0.85,1.0,0.0,20,20,20,0.0
66267,0.8,0.0,0.0,20,20,20,1.0
66267,0.75,1.0,0.0,20,20,20,0.0
66267,0.7,1.0,0.05,20,20,20,0.05
664514,0.95,0.0,0.0,20,20,20,1.0
664514,0.9,0.0,0.0,20,20,20,1.0
664514,0.85,1.0,0.0,20,20,20,0.0
664514,0.8,0.0,0.0,20,20,20,1.0
664514,0.75,1.0,0.0,20,20,20,0.0
664514,0.7,1.0,0.0,20,20,20,0.0
665961,0.95,1.0,0.0,20,20,20,0.0
665961,0.9,1.0,0.0,20,20,20,0.0
665961,0.85,1.0,0.0,20,20,20,0.0
665961,0.8,1.0,0.0,20,20,20,0.0
665961,0.75,1.0,0.0,20,20,20,0.0
665961,0.7,1.0,0.0,20,20,20,0.0
665964,0.95,1.0,0.05,20,20,20,0.05
665964,0.9,1.0,0.05,20,20,20,0.05
665964,0.85,1.0,0.05,20,20,20,0.05
665964,0.8,1.0,0.05,20,20,20,0.05
665964,0.75,1.0,0.05,20,20,20,0.05
665964,0.7,1.0,0.05,20,20,20,0.05
665965,0.95,1.0,0.05,20,20,20,0.05
665965,0.9,1.0,0.05,20,20,20,0.05
665965,0.85,1.0,0.05,20,20,20,0.05
665965,0.8,1.0,0.05,20,20,20,0.05
665965,0.75,1.0,0.05,20,20,20,0.05
665965,0.7,1.0,0.05,20,20,20,0.05
669462,0.95,1.0,0.0,5,5,5,0.0
669462,0.9,1.0,0.0,5,5,5,0.0
669462,0.85,1.0,0.0,5,5,5,0.0
669462,0.8,1.0,0.0,5,5,5,0.0
669462,0.75,1.0,0.0,5,5,5,0.0
669462,0.7,1.0,0.0,5,5,5,0.0
669499,0.95,1.0,0.0,20,20,20,0.0
669499,0.9,1.0,0.0,20,20,20,0.0
669499,0.85,1.0,0.0,20,20,20,0.0
669499,0.8,1.0,0.0,20,20,20,0.0
669499,0.75,1.0,0.0,20,20,20,0.0
669499,0.7,1.0,0.0,20,20,20,0.0
670042,0.95,1.0,0.0,20,20,20,0.0
670042,0.9,1.0,0.0,20,20,20,0.0
670042,0.85,1.0,0.0,20,20,20,0.0
670042,0.8,1.0,0.0,20,20,20,0.0
670042,0.75,1.0,0.0,20,20,20,0.0
670042,0.7,1.0,0.05,20,20,20,0.05
672851,0.95,1.0,0.0,7,7,7,0.0
672851,0.9,0.0,0.0,7,7,7,1.0
672851,0.85,0.0,0.0,7,7,7,1.0
672851,0.8,1.0,0.0,7,7,7,0.0
672851,0.75,1.0,0.0,7,7,7,0.0
672851,0.7,1.0,0.0,7,7,7,0.0
681897,0.95,0.0,0.0,20,20,20,1.0
681897,0.9,0.0,0.0,20,20,20,1.0
681897,0.85,0.0,0.0,20,20,20,1.0
681897,0.8,1.0,0.0,20,20,20,0.0
681897,0.75,1.0,0.0,20,20,20,0.0
681897,0.7,1.0,0.0,20,20,20,0.0
694486,0.95,0.0,0.0,20,20,20,1.0
694486,0.9,0.0,0.0,20,20,20,1.0
694486,0.85,0.0,0.0,20,20,20,1.0
694486,0.8,0.0,0.0,20,20,20,1.0
694486,0.75,1.0,0.0,20,20,20,0.0
694486,0.7,1.0,0.05,20,20,20,0.05
695491,0.95,0.0,0.0,5,5,5,1.0
695491,0.9,0.0,0.0,5,5,5,1.0
695491,0.85,1.0,0.0,5,5,5,0.0
695491,0.8,0.0,0.0,5,5,5,1.0
695491,0.75,1.0,0.0,5,5,5,0.0
695491,0.7,1.0,0.0,5,5,5,0.0
695949,0.95,1.0,0.0,6,6,6,0.0
695949,0.9,1.0,0.0,6,6,6,0.0
695949,0.85,1.0,0.0,6,6,6,0.0
695949,0.8,1.0,0.0,6,6,6,0.0
695949,0.75,1.0,0.0,6,6,6,0.0
695949,0.7,1.0,0.0,6,6,6,0.0
696121,0.95,1.0,0.0,20,20,20,0.0
696121,0.9,1.0,0.0,20,20,20,0.0
696121,0.85,1.0,0.0,20,20,20,0.0
696121,0.8,1.0,0.0,20,20,20,0.0
696121,0.75,1.0,0.0,20,20,20,0.0
696121,0.7,1.0,0.0,20,20,20,0.0
701352,0.95,0.0,0.0,20,20,20,1.0
701352,0.9,0.0,0.0,20,20,20,1.0
701352,0.85,0.0,0.0,20,20,20,1.0
701352,0.8,1.0,0.0,20,20,20,0.0
701352,0.75,1.0,0.0,20,20,20,0.0
701352,0.7,1.0,0.0,20,20,20,0.0
715797,0.95,0.0,0.0,20,20,20,1.0
715797,0.9,0.0,0.0,20,20,20,1.0
715797,0.85,0.0,0.0,20,20,20,1.0
715797,0.8,1.0,0.0,20,20,20,0.0
715797,0.75,1.0,0.0,20,20,20,0.0
715797,0.7,1.0,0.0,20,20,20,0.0
719657,0.95,0.0,0.0,20,20,20,1.0
719657,0.9,0.0,0.0,20,20,20,1.0
719657,0.85,0.0,0.0,20,20,20,1.0
719657,0.8,0.0,0.0,20,20,20,1.0
719657,0.75,1.0,0.0,20,20,20,0.0
719657,0.7,1.0,0.0,20,20,20,0.0
725462,0.95,1.0,0.0,20,20,20,0.0
725462,0.9,1.0,0.0,20,20,20,0.0
725462,0.85,1.0,0.0,20,20,20,0.0
725462,0.8,0.0,0.0,20,20,20,1.0
725462,0.75,1.0,0.0,20,20,20,0.0
725462,0.7,1.0,0.05,20,20,20,0.05
728749,0.95,0.0,0.0,20,20,20,1.0
728749,0.9,0.0,0.0,20,20,20,1.0
728749,0.85,0.0,0.0,20,20,20,1.0
728749,0.8,1.0,0.0,20,20,20,0.0
728749,0.75,1.0,0.0,20,20,20,0.0
728749,0.7,1.0,0.05,20,20,20,0.05
736578,0.95,1.0,0.0,5,5,5,0.0
736578,0.9,1.0,0.0,5,5,5,0.0
736578,0.85,1.0,0.0,5,5,5,0.0
736578,0.8,1.0,0.0,5,5,5,0.0
736578,0.75,1.0,0.0,5,5,5,0.0
736578,0.7,1.0,0.0,5,5,5,0.0
754434,0.95,0.0,0.0,20,20,20,1.0
754434,0.9,0.0,0.0,20,20,20,1.0
754434,0.85,0.0,0.0,20,20,20,1.0
754434,0.8,0.0,0.0,20,20,20,1.0
754434,0.75,1.0,0.0,20,20,20,0.0
754434,0.7,1.0,0.0,20,20,20,0.0
756915,0.95,0.0,0.0,20,20,20,1.0
756915,0.9,0.0,0.0,20,20,20,1.0
756915,0.85,0.0,0.0,20,20,20,1.0
756915,0.8,1.0,0.0,20,20,20,0.0
756915,0.75,1.0,0.0,20,20,20,0.0
756915,0.7,1.0,0.0,20,20,20,0.0
761251,0.95,0.0,0.0,20,20,20,1.0
761251,0.9,0.0,0.0,20,20,20,1.0
761251,0.85,1.0,0.0,20,20,20,0.0
761251,0.8,1.0,0.0,20,20,20,0.0
761251,0.75,1.0,0.0,20,20,20,0.0
761251,0.7,1.0,0.0,20,20,20,0.0
778851,0.95,0.0,0.0,20,20,20,1.0
778851,0.9,0.0,0.0,20,20,20,1.0
778851,0.85,0.0,0.0,20,20,20,1.0
778851,0.8,1.0,0.05,20,20,20,0.05
778851,0.75,1.0,0.05,20,20,20,0.05
778851,0.7,1.0,0.05,20,20,20,0.05
778852,0.95,0.0,0.0,20,20,20,1.0
778852,0.9,0.0,0.0,20,20,20,1.0
778852,0.85,0.0,0.0,20,20,20,1.0
778852,0.8,1.0,0.05,20,20,20,0.05
778852,0.75,1.0,0.05,20,20,20,0.05
778852,0.7,1.0,0.05,20,20,20,0.05
781603,0.95,0.0,0.0,20,20,20,1.0
781603,0.9,0.0,0.0,20,20,20,1.0
781603,0.85,0.0,0.0,20,20,20,1.0
781603,0.8,1.0,0.0,20,20,20,0.0
781603,0.75,1.0,0.0,20,20,20,0.0
781603,0.7,1.0,0.0,20,20,20,0.0
791541,0.95,0.0,0.0,9,9,9,1.0
791541,0.9,1.0,0.0,9,9,9,0.0
791541,0.85,0.0,0.0,9,9,9,1.0
791541,0.8,1.0,0.0,9,9,9,0.0
791541,0.75,1.0,0.0,9,9,9,0.0
791541,0.7,1.0,0.1111111111111111,9,9,9,0.1111111111111111
793141,0.95,0.0,0.0,20,20,20,1.0
793141,0.9,0.0,0.0,20,20,20,1.0
793141,0.85,0.0,0.0,20,20,20,1.0
793141,0.8,1.0,0.0,20,20,20,0.0
793141,0.75,1.0,0.0,20,20,20,0.0
793141,0.7,1.0,0.0,20,20,20,0.0
798643,0.95,0.0,0.0,20,20,20,1.0
798643,0.9,0.0,0.0,20,20,20,1.0
798643,0.85,0.0,0.0,20,20,20,1.0
798643,0.8,1.0,0.0,20,20,20,0.0
798643,0.75,1.0,0.0,20,20,20,0.0
798643,0.7,1.0,0.0,20,20,20,0.0
800535,0.95,1.0,0.0,5,5,5,0.0
800535,0.9,1.0,0.0,5,5,5,0.0
800535,0.85,1.0,0.0,5,5,5,0.0
800535,0.8,1.0,0.0,5,5,5,0.0
800535,0.75,1.0,0.0,5,5,5,0.0
800535,0.7,1.0,0.0,5,5,5,0.0
802449,0.95,0.0,0.0,20,20,20,1.0
802449,0.9,0.0,0.0,20,20,20,1.0
802449,0.85,0.0,0.0,20,20,20,1.0
802449,0.8,1.0,0.0,20,20,20,0.0
802449,0.75,1.0,0.0,20,20,20,0.0
802449,0.7,1.0,0.0,20,20,20,0.0
804606,0.95,0.0,0.0,20,20,20,1.0
804606,0.9,0.0,0.0,20,20,20,1.0
804606,0.85,0.0,0.0,20,20,20,1.0
804606,0.8,1.0,0.05,20,20,20,0.05
804606,0.75,1.0,0.05,20,20,20,0.05
804606,0.7,0.0,0.05,20,20,20,1.05
812547,0.95,1.0,0.0,20,20,20,0.0
812547,0.9,1.0,0.0,20,20,20,0.0
812547,0.85,1.0,0.0,20,20,20,0.0
812547,0.8,1.0,0.0,20,20,20,0.0
812547,0.75,1.0,0.0,20,20,20,0.0
812547,0.7,1.0,0.05,20,20,20,0.05
832908,0.95,0.0,0.0,20,20,20,1.0
832908,0.9,0.0,0.0,20,20,20,1.0
832908,0.85,0.0,0.0,20,20,20,1.0
832908,0.8,1.0,0.05,20,20,20,0.05
832908,0.75,1.0,0.0,20,20,20,0.0
832908,0.7,1.0,0.0,20,20,20,0.0
861082,0.95,0.0,0.0,20,20,20,1.0
861082,0.9,0.0,0.0,20,20,20,1.0
861082,0.85,1.0,0.0,20,20,20,0.0
861082,0.8,1.0,0.0,20,20,20,0.0
861082,0.75,1.0,0.0,20,20,20,0.0
861082,0.7,1.0,0.0,20,20,20,0.0
88313,0.95,1.0,0.0,20,20,20,0.0
88313,0.9,1.0,0.0,20,20,20,0.0
88313,0.85,1.0,0.0,20,20,20,0.0
88313,0.8,1.0,0.0,20,20,20,0.0
88313,0.75,1.0,0.0,20,20,20,0.0
88313,0.7,1.0,0.0,20,20,20,0.0
894483,0.95,0.0,0.0,20,20,20,1.0
894483,0.9,0.0,0.0,20,20,20,1.0
894483,0.85,0.0,0.0,20,20,20,1.0
894483,0.8,0.0,0.0,20,20,20,1.0
894483,0.75,1.0,0.0,20,20,20,0.0
894483,0.7,1.0,0.05,20,20,20,0.05
914053,0.95,0.0,0.0,20,20,20,1.0
914053,0.9,0.0,0.05,20,20,20,1.05
914053,0.85,0.0,0.05,20,20,20,1.05
914053,0.8,0.0,0.0,20,20,20,1.0
914053,0.75,1.0,0.0,20,20,20,0.0
914053,0.7,1.0,0.15,20,20,20,0.15
950404,0.95,0.0,0.0,9,9,9,1.0
950404,0.9,0.0,0.0,9,9,9,1.0
950404,0.85,1.0,0.0,9,9,9,0.0
950404,0.8,1.0,0.0,9,9,9,0.0
950404,0.75,1.0,0.0,9,9,9,0.0
950404,0.7,1.0,0.0,9,9,9,0.0
984715,0.95,1.0,0.0,20,20,20,0.0
984715,0.9,1.0,0.0,20,20,20,0.0
984715,0.85,1.0,0.0,20,20,20,0.0
984715,0.8,1.0,0.0,20,20,20,0.0
984715,0.75,1.0,0.0,20,20,20,0.0
984715,0.7,1.0,0.0,20,20,20,0.0
