target_key,rho,efficacy,collateral,neighbor_count,neighbors_observed,neighbors_full_correct,gap_term
zsre-1000,0.95,0.0,0.05,20,20,20,1.05
zsre-1000,0.9,1.0,0.1,20,20,20,0.1
zsre-1000,0.85,1.0,0.0,20,20,20,0.0
zsre-1000,0.8,1.0,0.15,20,20,20,0.15
zsre-1000,0.75,1.0,0.15,20,20,20,0.15
zsre-1000,0.7,1.0,0.15,20,20,20,0.15
zsre-1001,0.95,0.0,0.0,15,15,15,1.0
zsre-1001,0.9,0.0,0.0,15,15,15,1.0
zsre-1001,0.85,0.0,0.0,15,15,15,1.0
zsre-1001,0.8,1.0,0.2,15,15,15,0.2
zsre-1001,0.75,1.0,0.2,15,15,15,0.2
zsre-1001,0.7,1.0,0.2,15,15,15,0.2
zsre-10017,0.95,0.0,0.0,9,9,9,1.0
zsre-10017,0.9,1.0,0.0,9,9,9,0.0
zsre-10017,0.85,1.0,0.1111111111111111,9,9,9,0.1111111111111111
zsre-10017,0.8,1.0,0.0,9,9,9,0.0
zsre-10017,0.75,1.0,0.1111111111111111,9,9,9,0.1111111111111111
zsre-10017,0.7,1.0,0.1111111111111111,9,9,9,0.1111111111111111
zsre-10018,0.95,0.0,0.0,12,12,12,1.0
zsre-10018,0.9,0.0,0.08333333333333333,12,12,12,1.0833333333333333
zsre-10018,0.85,1.0,0.08333333333333333,12,12,12,0.08333333333333333
zsre-10018,0.8,1.0,0.08333333333333333,12,12,12,0.08333333333333333
zsre-10018,0.75,1.0,0.08333333333333333,12,12,12,0.08333333333333333
zsre-10018,0.7,1.0,0.08333333333333333,12,12,12,0.08333333333333333
zsre-1002,0.95,1.0,0.0,16,16,16,0.0
zsre-1002,0.9,0.0,0.0625,16,16,16,1.0625
zsre-1002,0.85,0.0,0.0,16,16,16,1.0
zsre-1002,0.8,1.0,0.1875,16,16,16,0.1875
zsre-1002,0.75,1.0,0.1875,16,16,16,0.1875
zsre-1002,0.7,1.0,0.1875,16,16,16,0.1875
zsre-10024,0.95,0.0,0.0,5,5,5,1.0
zsre-10024,0.9,0.0,0.0,5,5,5,1.0
zsre-10024,0.85,0.0,0.0,5,5,5,1.0
zsre-10024,0.8,0.0,0.0,5,5,5,1.0
zsre-10024,0.75,0.0,0.0,5,5,5,1.0
zsre-10024,0.7,1.0,0.0,5,5,5,0.0
zsre-10026,0.95,1.0,0.0,5,5,5,0.0
zsre-10026,0.9,1.0,0.0,5,5,5,0.0
zsre-10026,0.85,1.0,0.0,5,5,5,0.0
zsre-10026,0.8,1.0,0.0,5,5,5,0.0
zsre-10026,0.75,0.0,0.0,5,5,5,1.0
zsre-10026,0.7,1.0,0.0,5,5,5,0.0
zsre-10034,0.95,0.0,0.0,5,5,5,1.0
zsre-10034,0.9,0.0,0.0,5,5,5,1.0
zsre-10034,0.85,1.0,0.0,5,5,5,0.0
zsre-10034,0.8,1.0,0.0,5,5,5,0.0
zsre-10034,0.75,1.0,0.0,5,5,5,0.0
zsre-10034,0.7,1.0,0.0,5,5,5,0.0
zsre-10045,0.95,1.0,0.15,20,20,20,0.15
zsre-10045,0.9,1.0,0.15,20,20,20,0.15
zsre-10045,0.85,1.0,0.15,20,20,20,0.15
zsre-10045,0.8,1.0,0.15,20,20,20,0.15
zsre-10045,0.75,1.0,0.15,20,20,20,0.15
zsre-10045,0.7,1.0,0.35,20,20,20,0.35
zsre-10046,0.95,1.0,0.15,20,20,20,0.15
zsre-10046,0.9,1.0,0.15,20,20,20,0.15
zsre-10046,0.85,1.0,0.15,20,20,20,0.15
zsre-10046,0.8,1.0,0.15,20,20,20,0.15
zsre-10046,0.75,1.0,0.15,20,20,20,0.15
zsre-10046,0.7,1.0,0.15,20,20,20,0.15
zsre-10047,0.95,1.0,0.15,20,20,20,0.15
zsre-10047,0.9,1.0,0.15,20,20,20,0.15
zsre-10047,0.85,1.0,0.15,20,20,20,0.15
zsre-10047,0.8,1.0,0.15,20,20,20,0.15
zsre-10047,0.75,1.0,0.15,20,20,20,0.15
zsre-10047,0.7,1.0,0.35,20,20,20,0.35
zsre-10048,0.95,1.0,0.15,20,20,20,0.15
zsre-10048,0.9,1.0,0.15,20,20,20,0.15
zsre-10048,0.85,1.0,0.15,20,20,20,0.15
zsre-10048,0.8,1.0,0.15,20,20,20,0.15
zsre-10048,0.75,1.0,0.15,20,20,20,0.15
zsre-10048,0.7,1.0,0.15,20,20,20,0.15
zsre-10059,0.95,1.0,0.0,5,5,5,0.0
zsre-10059,0.9,1.0,0.0,5,5,5,0.0
zsre-10059,0.85,1.0,0.0,5,5,5,0.0
zsre-10059,0.8,1.0,0.0,5,5,5,0.0
zsre-10059,0.75,1.0,0.0,5,5,5,0.0
zsre-10059,0.7,1.0,0.0,5,5,5,0.0
zsre-10062,0.95,0.0,0.0,20,20,20,1.0
zsre-10062,0.9,0.0,0.0,20,20,20,1.0
zsre-10062,0.85,0.0,0.0,20,20,20,1.0
zsre-10062,0.8,1.0,0.0,20,20,20,0.0
zsre-10062,0.75,1.0,0.0,20,20,20,0.0
zsre-10062,0.7,1.0,0.05,20,20,20,0.05
zsre-10063,0.95,1.0,0.0,20,20,20,0.0
zsre-10063,0.9,1.0,0.0,20,20,20,0.0
zsre-10063,0.85,1.0,0.0,20,20,20,0.0
zsre-10063,0.8,1.0,0.0,20,20,20,0.0
zsre-10063,0.75,1.0,0.0,20,20,20,0.0
zsre-10063,0.7,1.0,0.0,20,20,20,0.0
zsre-10064,0.95,0.0,0.0,20,20,20,1.0
zsre-10064,0.9,0.0,0.0,20,20,20,1.0
zsre-10064,0.85,0.0,0.0,20,20,20,1.0
zsre-10064,0.8,1.0,0.0,20,20,20,0.0
zsre-10064,0.75,1.0,0.0,20,20,20,0.0
zsre-10064,0.7,1.0,0.0,20,20,20,0.0
zsre-10096,0.95,1.0,0.0,5,5,5,0.0
zsre-10096,0.9,1.0,0.0,5,5,5,0.0
zsre-10096,0.85,1.0,0.0,5,5,5,0.0
zsre-10096,0.8,1.0,0.0,5,5,5,0.0
zsre-10096,0.75,1.0,0.0,5,5,5,0.0
zsre-10096,0.7,1.0,0.0,5,5,5,0.0
zsre-10097,0.95,1.0,0.0,5,5,5,0.0
zsre-10097,0.9,1.0,0.0,5,5,5,0.0
zsre-10097,0.85,1.0,0.0,5,5,5,0.0
zsre-10097,0.8,1.0,0.0,5,5,5,0.0
zsre-10097,0.75,1.0,0.0,5,5,5,0.0
zsre-10097,0.7,1.0,0.0,5,5,5,0.0
zsre-10104,0.95,1.0,0.0,5,5,5,0.0
zsre-10104,0.9,1.0,0.0,5,5,5,0.0
zsre-10104,0.85,1.0,0.0,5,5,5,0.0
zsre-10104,0.8,1.0,0.0,5,5,5,0.0
zsre-10104,0.75,1.0,0.0,5,5,5,0.0
zsre-10104,0.7,1.0,0.0,5,5,5,0.0
zsre-10109,0.95,1.0,0.0,9,9,9,0.0
zsre-10109,0.9,1.0,0.0,9,9,9,0.0
zsre-10109,0.85,1.0,0.0,9,9,9,0.0
zsre-10109,0.8,1.0,0.0,9,9,9,0.0
zsre-10109,0.75,1.0,0.0,9,9,9,0.0
zsre-10109,0.7,1.0,0.0,9,9,9,0.0
zsre-1012,0.95,1.0,0.0,5,5,5,0.0
zsre-1012,0.9,1.0,0.0,5,5,5,0.0
zsre-1012,0.85,1.0,0.0,5,5,5,0.0
zsre-1012,0.8,1.0,0.0,5,5,5,0.0
zsre-1012,0.75,1.0,0.0,5,5,5,0.0
zsre-1012,0.7,1.0,0.0,5,5,5,0.0
zsre-10121,0.95,0.0,0.0,12,12,12,1.0
zsre-10121,0.9,0.0,0.0,12,12,12,1.0
zsre-10121,0.85,0.0,0.0,12,12,12,1.0
zsre-10121,0.8,0.0,0.0,12,12,12,1.0
zsre-10121,0.75,1.0,0.08333333333333333,12,12,12,0.08333333333333333
zsre-10121,0.7,1.0,0.08333333333333333,12,12,12,0.08333333333333333
zsre-10122,0.95,0.0,0.0,9,9,9,1.0
zsre-10122,0.9,0.0,0.0,9,9,9,1.0
zsre-10122,0.85,0.0,0.0,9,9,9,1.0
zsre-10122,0.8,0.0,0.0,9,9,9,1.0
zsre-10122,0.75,1.0,0.1111111111111111,9,9,9,0.1111111111111111
zsre-10122,0.7,1.0,0.1111111111111111,9,9,9,0.1111111111111111
zsre-10140,0.95,1.0,0.2,5,5,5,0.2
zsre-10140,0.9,1.0,0.2,5,5,5,0.2
zsre-10140,0.85,1.0,0.2,5,5,5,0.2
zsre-10140,0.8,1.0,0.2,5,5,5,0.2
zsre-10140,0.75,1.0,0.2,5,5,5,0.2
zsre-10140,0.7,1.0,0.0,5,5,5,0.0
zsre-10141,0.95,1.0,0.2,5,5,5,0.2
zsre-10141,0.9,1.0,0.2,5,5,5,0.2
zsre-10141,0.85,1.0,0.2,5,5,5,0.2
zsre-10141,0.8,1.0,0.2,5,5,5,0.2
zsre-10141,0.75,0.0,0.0,5,5,5,1.0
zsre-10141,0.7,1.0,0.2,5,5,5,0.2
zsre-10154,0.95,1.0,0.0,5,5,5,0.0
zsre-10154,0.9,1.0,0.0,5,5,5,0.0
zsre-10154,0.85,1.0,0.0,5,5,5,0.0
zsre-10154,0.8,1.0,0.0,5,5,5,0.0
zsre-10154,0.75,1.0,0.0,5,5,5,0.0
zsre-10154,0.7,1.0,0.0,5,5,5,0.0
zsre-10166,0.95,1.0,0.0,8,8,8,0.0
zsre-10166,0.9,1.0,0.0,8,8,8,0.0
zsre-10166,0.85,1.0,0.0,8,8,8,0.0
zsre-10166,0.8,1.0,0.0,8,8,8,0.0
zsre-10166,0.75,1.0,0.0,8,8,8,0.0
zsre-10166,0.7,1.0,0.0,8,8,8,0.0
zsre-10212,0.95,0.0,0.0,5,5,5,1.0
zsre-10212,0.9,0.0,0.0,5,5,5,1.0
zsre-10212,0.85,0.0,0.0,5,5,5,1.0
zsre-10212,0.8,0.0,0.0,5,5,5,1.0
zsre-10212,0.75,0.0,0.0,5,5,5,1.0
zsre-10212,0.7,1.0,0.0,5,5,5,0.0
zsre-10218,0.95,1.0,0.0,5,5,5,0.0
zsre-10218,0.9,1.0,0.0,5,5,5,0.0
zsre-10218,0.85,1.0,0.0,5,5,5,0.0
zsre-10218,0.8,1.0,0.0,5,5,5,0.0
zsre-10218,0.75,1.0,0.0,5,5,5,0.0
zsre-10218,0.7,1.0,0.0,5,5,5,0.0
zsre-10225,0.95,1.0,0.0,5,5,5,0.0
zsre-10225,0.9,1.0,0.0,5,5,5,0.0
zsre-10225,0.85,1.0,0.0,5,5,5,0.0
zsre-10225,0.8,1.0,0.0,5,5,5,0.0
zsre-10225,0.75,0.0,0.0,5,5,5,1.0
zsre-10225,0.7,1.0,0.0,5,5,5,0.0
zsre-10227,0.95,0.0,0.0,6,6,6,1.0
zsre-10227,0.9,0.0,0.0,6,6,6,1.0
zsre-10227,0.85,0.0,0.0,6,6,6,1.0
zsre-10227,0.8,1.0,0.0,6,6,6,0.0
zsre-10227,0.75,1.0,0.0,6,6,6,0.0
zsre-10227,0.7,1.0,0.0,6,6,6,0.0
zsre-10233,0.95,1.0,0.3333333333333333,9,9,9,0.3333333333333333
zsre-10233,0.9,1.0,0.3333333333333333,9,9,9,0.3333333333333333
zsre-10233,0.85,1.0,0.3333333333333333,9,9,9,0.3333333333333333
zsre-10233,0.8,1.0,0.3333333333333333,9,9,9,0.3333333333333333
zsre-10233,0.75,1.0,0.3333333333333333,9,9,9,0.3333333333333333
zsre-10233,0.7,1.0,0.3333333333333333,9,9,9,0.3333333333333333
zsre-10235,0.95,1.0,0.375,8,8,8,0.375
zsre-10235,0.9,1.0,0.375,8,8,8,0.375
zsre-10235,0.85,1.0,0.375,8,8,8,0.375
zsre-10235,0.8,1.0,0.375,8,8,8,0.375
zsre-10235,0.75,1.0,0.375,8,8,8,0.375
zsre-10235,0.7,1.0,0.375,8,8,8,0.375
zsre-10236,0.95,1.0,0.2727272727272727,11,11,11,0.2727272727272727
zsre-10236,0.9,1.0,0.2727272727272727,11,11,11,0.2727272727272727
zsre-10236,0.85,1.0,0.2727272727272727,11,11,11,0.2727272727272727
zsre-10236,0.8,1.0,0.2727272727272727,11,11,11,0.2727272727272727
zsre-10236,0.75,1.0,0.2727272727272727,11,11,11,0.2727272727272727
zsre-10236,0.7,1.0,0.2727272727272727,11,11,11,0.2727272727272727
zsre-10237,0.95,1.0,0.2727272727272727,11,11,11,0.2727272727272727
zsre-10237,0.9,1.0,0.2727272727272727,11,11,11,0.2727272727272727
zsre-10237,0.85,1.0,0.2727272727272727,11,11,11,0.2727272727272727
zsre-10237,0.8,1.0,0.2727272727272727,11,11,11,0.2727272727272727
zsre-10237,0.75,0.0,0.2727272727272727,11,11,11,1.2727272727272727
zsre-10237,0.7,1.0,0.2727272727272727,11,11,11,0.2727272727272727
zsre-10247,0.95,1.0,0.0,5,5,5,0.0
zsre-10247,0.9,1.0,0.0,5,5,5,0.0
zsre-10247,0.85,1.0,0.0,5,5,5,0.0
zsre-10247,0.8,1.0,0.0,5,5,5,0.0
zsre-10247,0.75,1.0,0.0,5,5,5,0.0
zsre-10247,0.7,1.0,0.0,5,5,5,0.0
zsre-10312,0.95,1.0,0.0,5,5,5,0.0
zsre-10312,0.9,1.0,0.0,5,5,5,0.0
zsre-10312,0.85,1.0,0.0,5,5,5,0.0
zsre-10312,0.8,1.0,0.0,5,5,5,0.0
zsre-10312,0.75,1.0,0.0,5,5,5,0.0
zsre-10312,0.7,1.0,0.0,5,5,5,0.0
zsre-10318,0.95,0.0,0.0,5,5,5,1.0
zsre-10318,0.9,0.0,0.0,5,5,5,1.0
zsre-10318,0.85,0.0,0.0,5,5,5,1.0
zsre-10318,0.8,0.0,0.0,5,5,5,1.0
zsre-10318,0.75,0.0,0.0,5,5,5,1.0
zsre-10318,0.7,1.0,0.0,5,5,5,0.0
zsre-10339,0.95,1.0,0.0,5,5,5,0.0
zsre-10339,0.9,1.0,0.0,5,5,5,0.0
zsre-10339,0.85,1.0,0.0,5,5,5,0.0
zsre-10339,0.8,1.0,0.0,5,5,5,0.0
zsre-10339,0.75,1.0,0.0,5,5,5,0.0
zsre-10339,0.7,1.0,0.0,5,5,5,0.0
zsre-10342,0.95,0.0,0.0,5,5,5,1.0
zsre-10342,0.9,0.0,0.0,5,5,5,1.0
zsre-10342,0.85,0.0,0.0,5,5,5,1.0
zsre-10342,0.8,0.0,0.0,5,5,5,1.0
zsre-10342,0.75,0.0,0.0,5,5,5,1.0
zsre-10342,0.7,1.0,0.0,5,5,5,0.0
zsre-10362,0.95,0.0,0.0,6,6,6,1.0
zsre-10362,0.9,0.0,0.0,6,6,6,1.0
zsre-10362,0.85,0.0,0.0,6,6,6,1.0
zsre-10362,0.8,0.0,0.0,6,6,6,1.0
zsre-10362,0.75,0.0,0.0,6,6,6,1.0
zsre-10362,0.7,1.0,0.16666666666666666,6,6,6,0.16666666666666666
zsre-10366,0.95,0.0,0.0,20,20,20,1.0
zsre-10366,0.9,0.0,0.0,20,20,20,1.0
zsre-10366,0.85,0.0,0.0,20,20,20,1.0
zsre-10366,0.8,1.0,0.0,20,20,20,0.0
zsre-10366,0.75,1.0,0.0,20,20,20,0.0
zsre-10366,0.7,1.0,0.05,20,20,20,0.05
zsre-10372,0.95,0.0,0.0,5,5,5,1.0
zsre-10372,0.9,0.0,0.0,5,5,5,1.0
zsre-10372,0.85,0.0,0.0,5,5,5,1.0
zsre-10372,0.8,0.0,0.0,5,5,5,1.0
zsre-10372,0.75,0.0,0.0,5,5,5,1.0
zsre-10372,0.7,1.0,0.0,5,5,5,0.0
zsre-10389,0.95,0.0,0.0,5,5,5,1.0
zsre-10389,0.9,0.0,0.0,5,5,5,1.0
zsre-10389,0.85,0.0,0.0,5,5,5,1.0
zsre-10389,0.8,1.0,0.0,5,5,5,0.0
zsre-10389,0.75,1.0,0.0,5,5,5,0.0
zsre-10389,0.7,1.0,0.0,5,5,5,0.0
zsre-10390,0.95,1.0,0.125,8,8,8,0.125
zsre-10390,0.9,1.0,0.125,8,8,8,0.125
zsre-10390,0.85,1.0,0.125,8,8,8,0.125
zsre-10390,0.8,1.0,0.125,8,8,8,0.125
zsre-10390,0.75,1.0,0.125,8,8,8,0.125
zsre-10390,0.7,1.0,0.125,8,8,8,0.125
zsre-10392,0.95,1.0,0.14285714285714285,7,7,7,0.14285714285714285
zsre-10392,0.9,1.0,0.14285714285714285,7,7,7,0.14285714285714285
zsre-10392,0.85,1.0,0.14285714285714285,7,7,7,0.14285714285714285
zsre-10392,0.8,1.0,0.14285714285714285,7,7,7,0.14285714285714285
zsre-10392,0.75,1.0,0.14285714285714285,7,7,7,0.14285714285714285
zsre-10392,0.7,1.0,0.14285714285714285,7,7,7,0.14285714285714285
zsre-10404,0.95,0.0,0.0,5,5,5,1.0
zsre-10404,0.9,0.0,0.0,5,5,5,1.0
zsre-10404,0.85,0.0,0.0,5,5,5,1.0
zsre-10404,0.8,0.0,0.0,5,5,5,1.0
zsre-10404,0.75,1.0,0.0,5,5,5,0.0
zsre-10404,0.7,1.0,0.0,5,5,5,0.0
zsre-10411,0.95,0.0,0.0,5,5,5,1.0
zsre-10411,0.9,0.0,0.0,5,5,5,1.0
zsre-10411,0.85,0.0,0.0,5,5,5,1.0
zsre-10411,0.8,0.0,0.0,5,5,5,1.0
zsre-10411,0.75,0.0,0.0,5,5,5,1.0
zsre-10411,0.7,1.0,0.0,5,5,5,0.0
zsre-1042,0.95,0.0,0.0,7,7,7,1.0
zsre-1042,0.9,0.0,0.0,7,7,7,1.0
zsre-1042,0.85,0.0,0.0,7,7,7,1.0
zsre-1042,0.8,0.0,0.0,7,7,7,1.0
zsre-1042,0.75,1.0,0.0,7,7,7,0.0
zsre-1042,0.7,1.0,0.0,7,7,7,0.0
zsre-10422,0.95,1.0,0.0,5,5,5,0.0
zsre-10422,0.9,1.0,0.0,5,5,5,0.0
zsre-10422,0.85,1.0,0.0,5,5,5,0.0
zsre-10422,0.8,1.0,0.0,5,5,5,0.0
zsre-10422,0.75,1.0,0.0,5,5,5,0.0
zsre-10422,0.7,1.0,0.0,5,5,5,0.0
zsre-10423,0.95,0.0,0.0,5,5,5,1.0
zsre-10423,0.9,0.0,0.0,5,5,5,1.0
zsre-10423,0.85,0.0,0.0,5,5,5,1.0
zsre-10423,0.8,0.0,0.0,5,5,5,1.0
zsre-10423,0.75,1.0,0.0,5,5,5,0.0
zsre-10423,0.7,1.0,0.0,5,5,5,0.0
zsre-1043,0.95,0.0,0.0,6,6,6,1.0
zsre-1043,0.9,0.0,0.0,6,6,6,1.0
zsre-1043,0.85,1.0,0.0,6,6,6,0.0
zsre-1043,0.8,1.0,0.0,6,6,6,0.0
zsre-1043,0.75,1.0,0.0,6,6,6,0.0
zsre-1043,0.7,1.0,0.0,6,6,6,0.0
zsre-10431,0.95,1.0,0.0,5,5,5,0.0
zsre-10431,0.9,1.0,0.0,5,5,5,0.0
zsre-10431,0.85,1.0,0.0,5,5,5,0.0
zsre-10431,0.8,1.0,0.0,5,5,5,0.0
zsre-10431,0.75,1.0,0.0,5,5,5,0.0
zsre-10431,0.7,1.0,0.0,5,5,5,0.0
zsre-10433,0.95,0.0,0.0,20,20,20,1.0
zsre-10433,0.9,0.0,0.0,20,20,20,1.0
zsre-10433,0.85,0.0,0.0,20,20,20,1.0
zsre-10433,0.8,0.0,0.0,20,20,20,1.0
zsre-10433,0.75,0.0,0.0,20,20,20,1.0
zsre-10433,0.7,1.0,0.0,20,20,20,0.0
zsre-10434,0.95,0.0,0.0,20,20,20,1.0
zsre-10434,0.9,0.0,0.0,20,20,20,1.0
zsre-10434,0.85,0.0,0.0,20,20,20,1.0
zsre-10434,0.8,0.0,0.0,20,20,20,1.0
zsre-10434,0.75,0.0,0.0,20,20,20,1.0
zsre-10434,0.7,1.0,0.05,20,20,20,0.05
zsre-10435,0.95,0.0,0.0,20,20,20,1.0
zsre-10435,0.9,0.0,0.0,20,20,20,1.0
zsre-10435,0.85,0.0,0.0,20,20,20,1.0
zsre-10435,0.8,0.0,0.0,20,20,20,1.0
zsre-10435,0.75,0.0,0.0,20,20,20,1.0
zsre-10435,0.7,1.0,0.0,20,20,20,0.0
zsre-10438,0.95,1.0,0.0,5,5,5,0.0
zsre-10438,0.9,1.0,0.0,5,5,5,0.0
zsre-10438,0.85,1.0,0.0,5,5,5,0.0
zsre-10438,0.8,1.0,0.0,5,5,5,0.0
zsre-10438,0.75,1.0,0.0,5,5,5,0.0
zsre-10438,0.7,1.0,0.0,5,5,5,0.0
zsre-10445,0.95,1.0,0.2,5,5,5,0.2
zsre-10445,0.9,1.0,0.2,5,5,5,0.2
zsre-10445,0.85,1.0,0.2,5,5,5,0.2
zsre-10445,0.8,1.0,0.2,5,5,5,0.2
zsre-10445,0.75,1.0,0.2,5,5,5,0.2
zsre-10445,0.7,1.0,0.2,5,5,5,0.2
zsre-10447,0.95,1.0,0.2,5,5,5,0.2
zsre-10447,0.9,1.0,0.2,5,5,5,0.2
zsre-10447,0.85,1.0,0.2,5,5,5,0.2
zsre-10447,0.8,1.0,0.2,5,5,5,0.2
zsre-10447,0.75,1.0,0.2,5,5,5,0.2
zsre-10447,0.7,1.0,0.2,5,5,5,0.2
zsre-10456,0.95,1.0,0.0,12,12,12,0.0
zsre-10456,0.9,1.0,0.0,12,12,12,0.0
zsre-10456,0.85,1.0,0.0,12,12,12,0.0
zsre-10456,0.8,1.0,0.0,12,12,12,0.0
zsre-10456,0.75,1.0,0.0,12,12,12,0.0
zsre-10456,0.7,1.0,0.0,12,12,12,0.0
zsre-10460,0.95,0.0,0.0,5,5,5,1.0
zsre-10460,0.9,0.0,0.0,5,5,5,1.0
zsre-10460,0.85,0.0,0.0,5,5,5,1.0
zsre-10460,0.8,0.0,0.0,5,5,5,1.0
zsre-10460,0.75,0.0,0.0,5,5,5,1.0
zsre-10460,0.7,1.0,0.0,5,5,5,0.0
zsre-10461,0.95,0.0,0.0,5,5,5,1.0
zsre-10461,0.9,0.0,0.0,5,5,5,1.0
zsre-10461,0.85,0.0,0.0,5,5,5,1.0
zsre-10461,0.8,0.0,0.0,5,5,5,1.0
zsre-10461,0.75,0.0,0.0,5,5,5,1.0
zsre-10461,0.7,1.0,0.0,5,5,5,0.0
zsre-10465,0.95,0.0,0.0,20,20,20,1.0
zsre-10465,0.9,0.0,0.0,20,20,20,1.0
zsre-10465,0.85,0.0,0.0,20,20,20,1.0
zsre-10465,0.8,0.0,0.0,20,20,20,1.0
zsre-10465,0.75,0.0,0.0,20,20,20,1.0
zsre-10465,0.7,1.0,0.0,20,20,20,0.0
zsre-10466,0.95,1.0,0.0,20,20,20,0.0
zsre-10466,0.9,1.0,0.0,20,20,20,0.0
zsre-10466,0.85,1.0,0.0,20,20,20,0.0
zsre-10466,0.8,1.0,0.0,20,20,20,0.0
zsre-10466,0.75,1.0,0.0,20,20,20,0.0
zsre-10466,0.7,1.0,0.0,20,20,20,0.0
zsre-1047,0.95,1.0,0.0,5,5,5,0.0
zsre-1047,0.9,1.0,0.0,5,5,5,0.0
zsre-1047,0.85,1.0,0.0,5,5,5,0.0
zsre-1047,0.8,1.0,0.0,5,5,5,0.0
zsre-1047,0.75,1.0,0.0,5,5,5,0.0
zsre-1047,0.7,1.0,0.0,5,5,5,0.0
zsre-10481,0.95,1.0,0.0,5,5,5,0.0
zsre-10481,0.9,1.0,0.0,5,5,5,0.0
zsre-10481,0.85,1.0,0.0,5,5,5,0.0
zsre-10481,0.8,1.0,0.0,5,5,5,0.0
zsre-10481,0.75,1.0,0.0,5,5,5,0.0
zsre-10481,0.7,1.0,0.0,5,5,5,0.0
zsre-10487,0.95,1.0,0.0,5,5,5,0.0
zsre-10487,0.9,1.0,0.0,5,5,5,0.0
zsre-10487,0.85,1.0,0.0,5,5,5,0.0
zsre-10487,0.8,1.0,0.0,5,5,5,0.0
zsre-10487,0.75,1.0,0.0,5,5,5,0.0
zsre-10487,0.7,1.0,0.0,5,5,5,0.0
zsre-10488,0.95,0.0,0.0,20,20,20,1.0
zsre-10488,0.9,0.0,0.0,20,20,20,1.0
zsre-10488,0.85,1.0,0.05,20,20,20,0.05
zsre-10488,0.8,1.0,0.1,20,20,20,0.1
zsre-10488,0.75,1.0,0.1,20,20,20,0.1
zsre-10488,0.7,1.0,0.1,20,20,20,0.1
zsre-1049,0.95,1.0,0.0,5,5,5,0.0
zsre-1049,0.9,1.0,0.0,5,5,5,0.0
zsre-1049,0.85,1.0,0.0,5,5,5,0.0
zsre-1049,0.8,1.0,0.0,5,5,5,0.0
zsre-1049,0.75,1.0,0.0,5,5,5,0.0
zsre-1049,0.7,1.0,0.0,5,5,5,0.0
zsre-10490,0.95,0.0,0.0,20,20,20,1.0
zsre-10490,0.9,0.0,0.0,20,20,20,1.0
zsre-10490,0.85,1.0,0.1,20,20,20,0.1
zsre-10490,0.8,1.0,0.1,20,20,20,0.1
zsre-10490,0.75,1.0,0.1,20,20,20,0.1
zsre-10490,0.7,1.0,0.1,20,20,20,0.1
zsre-10492,0.95,0.0,0.0,20,20,20,1.0
zsre-10492,0.9,0.0,0.0,20,20,20,1.0
zsre-10492,0.85,1.0,0.1,20,20,20,0.1
zsre-10492,0.8,1.0,0.1,20,20,20,0.1
zsre-10492,0.75,1.0,0.1,20,20,20,0.1
zsre-10492,0.7,1.0,0.1,20,20,20,0.1
zsre-10496,0.95,0.0,0.0,13,13,13,1.0
zsre-10496,0.9,0.0,0.0,13,13,13,1.0
zsre-10496,0.85,0.0,0.0,13,13,13,1.0
zsre-10496,0.8,1.0,0.23076923076923078,13,13,13,0.23076923076923078
zsre-10496,0.75,1.0,0.23076923076923078,13,13,13,0.23076923076923078
zsre-10496,0.7,1.0,0.23076923076923078,13,13,13,0.23076923076923078
zsre-10497,0.95,0.0,0.0,13,13,13,1.0
zsre-10497,0.9,0.0,0.0,13,13,13,1.0
zsre-10497,0.85,0.0,0.0,13,13,13,1.0
zsre-10497,0.8,1.0,0.23076923076923078,13,13,13,0.23076923076923078
zsre-10497,0.75,1.0,0.23076923076923078,13,13,13,0.23076923076923078
zsre-10497,0.7,1.0,0.23076923076923078,13,13,13,0.23076923076923078
zsre-10498,0.95,0.0,0.0,16,16,16,1.0
zsre-10498,0.9,0.0,0.0,16,16,16,1.0
zsre-10498,0.85,1.0,0.1875,16,16,16,0.1875
zsre-10498,0.8,1.0,0.1875,16,16,16,0.1875
zsre-10498,0.75,1.0,0.1875,16,16,16,0.1875
zsre-10498,0.7,1.0,0.1875,16,16,16,0.1875
zsre-105,0.95,0.0,0.0,5,5,5,1.0
zsre-105,0.9,0.0,0.0,5,5,5,1.0
zsre-105,0.85,0.0,0.0,5,5,5,1.0
zsre-105,0.8,0.0,0.0,5,5,5,1.0
zsre-105,0.75,0.0,0.0,5,5,5,1.0
zsre-105,0.7,1.0,0.0,5,5,5,0.0
zsre-10500,0.95,0.0,0.0,16,16,16,1.0
zsre-10500,0.9,0.0,0.0,16,16,16,1.0
zsre-10500,0.85,0.0,0.0,16,16,16,1.0
zsre-10500,0.8,1.0,0.1875,16,16,16,0.1875
zsre-10500,0.75,1.0,0.1875,16,16,16,0.1875
zsre-10500,0.7,1.0,0.1875,16,16,16,0.1875
zsre-10502,0.95,1.0,0.0,5,5,5,0.0
zsre-10502,0.9,1.0,0.0,5,5,5,0.0
zsre-10502,0.85,1.0,0.0,5,5,5,0.0
zsre-10502,0.8,1.0,0.0,5,5,5,0.0
zsre-10502,0.75,1.0,0.0,5,5,5,0.0
zsre-10502,0.7,1.0,0.0,5,5,5,0.0
zsre-10517,0.95,1.0,0.0,5,5,5,0.0
zsre-10517,0.9,1.0,0.0,5,5,5,0.0
zsre-10517,0.85,1.0,0.0,5,5,5,0.0
zsre-10517,0.8,1.0,0.0,5,5,5,0.0
zsre-10517,0.75,1.0,0.0,5,5,5,0.0
zsre-10517,0.7,1.0,0.0,5,5,5,0.0
zsre-10568,0.95,0.0,0.0,15,15,15,1.0
zsre-10568,0.9,0.0,0.0,15,15,15,1.0
zsre-10568,0.85,0.0,0.0,15,15,15,1.0
zsre-10568,0.8,0.0,0.13333333333333333,15,15,15,1.1333333333333333
zsre-10568,0.75,0.0,0.13333333333333333,15,15,15,1.1333333333333333
zsre-10568,0.7,1.0,0.13333333333333333,15,15,15,0.13333333333333333
zsre-10569,0.95,0.0,0.0,10,10,10,1.0
zsre-10569,0.9,0.0,0.0,10,10,10,1.0
zsre-10569,0.85,0.0,0.0,10,10,10,1.0
zsre-10569,0.8,0.0,0.0,10,10,10,1.0
zsre-10569,0.75,1.0,0.1,10,10,10,0.1
zsre-10569,0.7,1.0,0.1,10,10,10,0.1
zsre-10570,0.95,0.0,0.0,13,13,13,1.0
zsre-10570,0.9,0.0,0.0,13,13,13,1.0
zsre-10570,0.85,0.0,0.0,13,13,13,1.0
zsre-10570,0.8,0.0,0.0,13,13,13,1.0
zsre-10570,0.75,1.0,0.07692307692307693,13,13,13,0.07692307692307693
zsre-10570,0.7,1.0,0.07692307692307693,13,13,13,0.07692307692307693
zsre-10574,0.95,1.0,0.0,5,5,5,0.0
zsre-10574,0.9,1.0,0.0,5,5,5,0.0
zsre-10574,0.85,1.0,0.0,5,5,5,0.0
zsre-10574,0.8,1.0,0.0,5,5,5,0.0
zsre-10574,0.75,1.0,0.0,5,5,5,0.0
zsre-10574,0.7,1.0,0.0,5,5,5,0.0
zsre-10577,0.95,0.0,0.0,12,12,12,1.0
zsre-10577,0.9,0.0,0.0,12,12,12,1.0
zsre-10577,0.85,0.0,0.0,12,12,12,1.0
zsre-10577,0.8,1.0,0.3333333333333333,12,12,12,0.3333333333333333
zsre-10577,0.75,1.0,0.3333333333333333,12,12,12,0.3333333333333333
zsre-10577,0.7,1.0,0.3333333333333333,12,12,12,0.3333333333333333
zsre-10578,0.95,0.0,0.0,8,8,8,1.0
zsre-10578,0.9,0.0,0.0,8,8,8,1.0
zsre-10578,0.85,1.0,0.5,8,8,8,0.5
zsre-10578,0.8,1.0,0.5,8,8,8,0.5
zsre-10578,0.75,1.0,0.5,8,8,8,0.5
zsre-10578,0.7,1.0,0.5,8,8,8,0.5
zsre-10580,0.95,0.0,0.0,12,12,12,1.0
zsre-10580,0.9,0.0,0.0,12,12,12,1.0
zsre-10580,0.85,0.0,0.0,12,12,12,1.0
zsre-10580,0.8,0.0,0.0,12,12,12,1.0
zsre-10580,0.75,1.0,0.3333333333333333,12,12,12,0.3333333333333333
zsre-10580,0.7,1.0,0.3333333333333333,12,12,12,0.3333333333333333
zsre-10581,0.95,0.0,0.0,12,12,12,1.0
zsre-10581,0.9,0.0,0.0,12,12,12,1.0
zsre-10581,0.85,0.0,0.0,12,12,12,1.0
zsre-10581,0.8,1.0,0.3333333333333333,12,12,12,0.3333333333333333
zsre-10581,0.75,1.0,0.3333333333333333,12,12,12,0.3333333333333333
zsre-10581,0.7,1.0,0.3333333333333333,12,12,12,0.3333333333333333
zsre-10582,0.95,0.0,0.0,10,10,10,1.0
zsre-10582,0.9,0.0,0.0,10,10,10,1.0
zsre-10582,0.85,0.0,0.0,10,10,10,1.0
zsre-10582,0.8,0.0,0.0,10,10,10,1.0
zsre-10582,0.75,0.0,0.0,10,10,10,1.0
zsre-10582,0.7,1.0,0.4,10,10,10,0.4
zsre-106,0.95,0.0,0.0,8,8,8,1.0
zsre-106,0.9,0.0,0.0,8,8,8,1.0
zsre-106,0.85,0.0,0.0,8,8,8,1.0
zsre-106,0.8,0.0,0.0,8,8,8,1.0
zsre-106,0.75,0.0,0.0,8,8,8,1.0
zsre-106,0.7,0.0,0.125,8,8,8,1.125
zsre-10622,0.95,1.0,0.25,20,20,20,0.25
zsre-10622,0.9,1.0,0.25,20,20,20,0.25
zsre-10622,0.85,1.0,0.25,20,20,20,0.25
zsre-10622,0.8,0.0,0.1,20,20,20,1.1
zsre-10622,0.75,1.0,0.2,20,20,20,0.2
zsre-10622,0.7,1.0,0.4,20,20,20,0.4
zsre-10623,0.95,1.0,0.25,20,20,20,0.25
zsre-10623,0.9,1.0,0.25,20,20,20,0.25
zsre-10623,0.85,1.0,0.25,20,20,20,0.25
zsre-10623,0.8,1.0,0.25,20,20,20,0.25
zsre-10623,0.75,1.0,0.25,20,20,20,0.25
zsre-10623,0.7,1.0,0.6,20,20,20,0.6
zsre-10625,0.95,1.0,0.25,20,20,20,0.25
zsre-10625,0.9,1.0,0.25,20,20,20,0.25
zsre-10625,0.85,1.0,0.25,20,20,20,0.25
zsre-10625,0.8,1.0,0.25,20,20,20,0.25
zsre-10625,0.75,0.0,0.25,20,20,20,1.25
zsre-10625,0.7,1.0,0.25,20,20,20,0.25
zsre-10626,0.95,1.0,0.29411764705882354,17,17,17,0.29411764705882354
zsre-10626,0.9,1.0,0.29411764705882354,17,17,17,0.29411764705882354
zsre-10626,0.85,1.0,0.29411764705882354,17,17,17,0.29411764705882354
zsre-10626,0.8,1.0,0.29411764705882354,17,17,17,0.29411764705882354
zsre-10626,0.75,1.0,0.29411764705882354,17,17,17,0.29411764705882354
zsre-10626,0.7,1.0,0.29411764705882354,17,17,17,0.29411764705882354
zsre-10627,0.95,1.0,0.25,20,20,20,0.25
zsre-10627,0.9,1.0,0.25,20,20,20,0.25
zsre-10627,0.85,1.0,0.25,20,20,20,0.25
zsre-10627,0.8,1.0,0.25,20,20,20,0.25
zsre-10627,0.75,1.0,0.25,20,20,20,0.25
zsre-10627,0.7,1.0,0.25,20,20,20,0.25
zsre-10628,0.95,1.0,0.2631578947368421,19,19,19,0.2631578947368421
zsre-10628,0.9,1.0,0.2631578947368421,19,19,19,0.2631578947368421
zsre-10628,0.85,1.0,0.2631578947368421,19,19,19,0.2631578947368421
zsre-10628,0.8,1.0,0.2631578947368421,19,19,19,0.2631578947368421
zsre-10628,0.75,1.0,0.2631578947368421,19,19,19,0.2631578947368421
zsre-10628,0.7,1.0,0.2631578947368421,19,19,19,0.2631578947368421
zsre-10633,0.95,1.0,0.0,5,5,5,0.0
zsre-10633,0.9,1.0,0.0,5,5,5,0.0
zsre-10633,0.85,1.0,0.0,5,5,5,0.0
zsre-10633,0.8,1.0,0.0,5,5,5,0.0
zsre-10633,0.75,1.0,0.0,5,5,5,0.0
zsre-10633,0.7,1.0,0.0,5,5,5,0.0
zsre-10634,0.95,0.0,0.0,5,5,5,1.0
zsre-10634,0.9,0.0,0.0,5,5,5,1.0
zsre-10634,0.85,0.0,0.0,5,5,5,1.0
zsre-10634,0.8,0.0,0.0,5,5,5,1.0
zsre-10634,0.75,0.0,0.0,5,5,5,1.0
zsre-10634,0.7,1.0,0.0,5,5,5,0.0
zsre-10638,0.95,1.0,0.0,5,5,5,0.0
zsre-10638,0.9,1.0,0.0,5,5,5,0.0
zsre-10638,0.85,1.0,0.0,5,5,5,0.0
zsre-10638,0.8,1.0,0.0,5,5,5,0.0
zsre-10638,0.75,1.0,0.0,5,5,5,0.0
zsre-10638,0.7,1.0,0.0,5,5,5,0.0
zsre-10648,0.95,1.0,0.0,5,5,5,0.0
zsre-10648,0.9,1.0,0.0,5,5,5,0.0
zsre-10648,0.85,1.0,0.0,5,5,5,0.0
zsre-10648,0.8,1.0,0.0,5,5,5,0.0
zsre-10648,0.75,1.0,0.0,5,5,5,0.0
zsre-10648,0.7,1.0,0.0,5,5,5,0.0
zsre-10652,0.95,0.0,0.0,16,16,16,1.0
zsre-10652,0.9,0.0,0.0,16,16,16,1.0
zsre-10652,0.85,0.0,0.0,16,16,16,1.0
zsre-10652,0.8,0.0,0.0,16,16,16,1.0
zsre-10652,0.75,0.0,0.0,16,16,16,1.0
zsre-10652,0.7,1.0,0.0,16,16,16,0.0
zsre-10653,0.95,0.0,0.0,17,17,17,1.0
zsre-10653,0.9,0.0,0.0,17,17,17,1.0
zsre-10653,0.85,0.0,0.0,17,17,17,1.0
zsre-10653,0.8,0.0,0.0,17,17,17,1.0
zsre-10653,0.75,1.0,0.058823529411764705,17,17,17,0.058823529411764705
zsre-10653,0.7,1.0,0.058823529411764705,17,17,17,0.058823529411764705
zsre-10654,0.95,1.0,0.3076923076923077,13,13,13,0.3076923076923077
zsre-10654,0.9,1.0,0.3076923076923077,13,13,13,0.3076923076923077
zsre-10654,0.85,1.0,0.3076923076923077,13,13,13,0.3076923076923077
zsre-10654,0.8,1.0,0.3076923076923077,13,13,13,0.3076923076923077
zsre-10654,0.75,1.0,0.3076923076923077,13,13,13,0.3076923076923077
zsre-10654,0.7,1.0,0.3076923076923077,13,13,13,0.3076923076923077
zsre-10655,0.95,1.0,0.3076923076923077,13,13,13,0.3076923076923077
zsre-10655,0.9,1.0,0.3076923076923077,13,13,13,0.3076923076923077
zsre-10655,0.85,1.0,0.3076923076923077,13,13,13,0.3076923076923077
zsre-10655,0.8,1.0,0.3076923076923077,13,13,13,0.3076923076923077
zsre-10655,0.75,1.0,0.3076923076923077,13,13,13,0.3076923076923077
zsre-10655,0.7,1.0,0.3076923076923077,13,13,13,0.3076923076923077
zsre-10656,0.95,1.0,0.23529411764705882,17,17,17,0.23529411764705882
zsre-10656,0.9,1.0,0.23529411764705882,17,17,17,0.23529411764705882
zsre-10656,0.85,1.0,0.23529411764705882,17,17,17,0.23529411764705882
zsre-10656,0.8,1.0,0.23529411764705882,17,17,17,0.23529411764705882
zsre-10656,0.75,1.0,0.23529411764705882,17,17,17,0.23529411764705882
zsre-10656,0.7,1.0,0.23529411764705882,17,17,17,0.23529411764705882
zsre-10657,0.95,1.0,0.2,20,20,20,0.2
zsre-10657,0.9,1.0,0.2,20,20,20,0.2
zsre-10657,0.85,1.0,0.2,20,20,20,0.2
zsre-10657,0.8,1.0,0.2,20,20,20,0.2
zsre-10657,0.75,1.0,0.2,20,20,20,0.2
zsre-10657,0.7,1.0,0.15,20,20,20,0.15
zsre-10658,0.95,1.0,0.2,20,20,20,0.2
zsre-10658,0.9,1.0,0.2,20,20,20,0.2
zsre-10658,0.85,1.0,0.2,20,20,20,0.2
zsre-10658,0.8,1.0,0.2,20,20,20,0.2
zsre-10658,0.75,1.0,0.2,20,20,20,0.2
zsre-10658,0.7,1.0,0.2,20,20,20,0.2
zsre-1066,0.95,1.0,0.0,5,5,5,0.0
zsre-1066,0.9,1.0,0.0,5,5,5,0.0
zsre-1066,0.85,1.0,0.0,5,5,5,0.0
zsre-1066,0.8,1.0,0.0,5,5,5,0.0
zsre-1066,0.75,1.0,0.0,5,5,5,0.0
zsre-1066,0.7,1.0,0.0,5,5,5,0.0
zsre-10736,0.95,0.0,0.0,5,5,5,1.0
zsre-10736,0.9,0.0,0.0,5,5,5,1.0
zsre-10736,0.85,0.0,0.0,5,5,5,1.0
zsre-10736,0.8,0.0,0.0,5,5,5,1.0
zsre-10736,0.75,0.0,0.0,5,5,5,1.0
zsre-10736,0.7,1.0,0.0,5,5,5,0.0
zsre-10757,0.95,1.0,0.0,5,5,5,0.0
zsre-10757,0.9,1.0,0.0,5,5,5,0.0
zsre-10757,0.85,1.0,0.0,5,5,5,0.0
zsre-10757,0.8,1.0,0.0,5,5,5,0.0
zsre-10757,0.75,1.0,0.0,5,5,5,0.0
zsre-10757,0.7,1.0,0.0,5,5,5,0.0
zsre-10763,0.95,1.0,0.3333333333333333,6,6,6,0.3333333333333333
zsre-10763,0.9,1.0,0.3333333333333333,6,6,6,0.3333333333333333
zsre-10763,0.85,1.0,0.3333333333333333,6,6,6,0.3333333333333333
zsre-10763,0.8,1.0,0.3333333333333333,6,6,6,0.3333333333333333
zsre-10763,0.75,1.0,0.3333333333333333,6,6,6,0.3333333333333333
zsre-10763,0.7,1.0,0.3333333333333333,6,6,6,0.3333333333333333
zsre-10764,0.95,1.0,0.2857142857142857,7,7,7,0.2857142857142857
zsre-10764,0.9,1.0,0.2857142857142857,7,7,7,0.2857142857142857
zsre-10764,0.85,1.0,0.2857142857142857,7,7,7,0.2857142857142857
zsre-10764,0.8,1.0,0.2857142857142857,7,7,7,0.2857142857142857
zsre-10764,0.75,1.0,0.2857142857142857,7,7,7,0.2857142857142857
zsre-10764,0.7,1.0,0.2857142857142857,7,7,7,0.2857142857142857
zsre-10773,0.95,1.0,0.3333333333333333,6,6,6,0.3333333333333333
zsre-10773,0.9,1.0,0.3333333333333333,6,6,6,0.3333333333333333
zsre-10773,0.85,1.0,0.3333333333333333,6,6,6,0.3333333333333333
zsre-10773,0.8,1.0,0.3333333333333333,6,6,6,0.3333333333333333
zsre-10773,0.75,1.0,0.3333333333333333,6,6,6,0.3333333333333333
zsre-10773,0.7,1.0,0.3333333333333333,6,6,6,0.3333333333333333
zsre-108,0.95,0.0,0.0,7,7,7,1.0
zsre-108,0.9,0.0,0.0,7,7,7,1.0
zsre-108,0.85,0.0,0.0,7,7,7,1.0
zsre-108,0.8,0.0,0.0,7,7,7,1.0
zsre-108,0.75,0.0,0.0,7,7,7,1.0
zsre-108,0.7,1.0,0.2857142857142857,7,7,7,0.2857142857142857
zsre-10806,0.95,0.0,0.0,20,20,20,1.0
zsre-10806,0.9,0.0,0.0,20,20,20,1.0
zsre-10806,0.85,0.0,0.0,20,20,20,1.0
zsre-10806,0.8,0.0,0.0,20,20,20,1.0
zsre-10806,0.75,1.0,0.15,20,20,20,0.15
zsre-10806,0.7,1.0,0.15,20,20,20,0.15
zsre-10807,0.95,0.0,0.0,20,20,20,1.0
zsre-10807,0.9,0.0,0.0,20,20,20,1.0
zsre-10807,0.85,0.0,0.0,20,20,20,1.0
zsre-10807,0.8,1.0,0.15,20,20,20,0.15
zsre-10807,0.75,1.0,0.15,20,20,20,0.15
zsre-10807,0.7,1.0,0.15,20,20,20,0.15
zsre-10808,0.95,0.0,0.0,16,16,16,1.0
zsre-10808,0.9,0.0,0.0,16,16,16,1.0
zsre-10808,0.85,0.0,0.0,16,16,16,1.0
zsre-10808,0.8,0.0,0.0,16,16,16,1.0
zsre-10808,0.75,0.0,0.0,16,16,16,1.0
zsre-10808,0.7,1.0,0.1875,16,16,16,0.1875
zsre-10809,0.95,0.0,0.0,20,20,20,1.0
zsre-10809,0.9,0.0,0.0,20,20,20,1.0
zsre-10809,0.85,0.0,0.0,20,20,20,1.0
zsre-10809,0.8,0.0,0.05,20,20,20,1.05
zsre-10809,0.75,1.0,0.15,20,20,20,0.15
zsre-10809,0.7,1.0,0.15,20,20,20,0.15
zsre-10811,0.95,1.0,0.0,5,5,5,0.0
zsre-10811,0.9,1.0,0.0,5,5,5,0.0
zsre-10811,0.85,1.0,0.0,5,5,5,0.0
zsre-10811,0.8,1.0,0.0,5,5,5,0.0
zsre-10811,0.75,1.0,0.0,5,5,5,0.0
zsre-10811,0.7,1.0,0.0,5,5,5,0.0
zsre-10814,0.95,1.0,0.0,5,5,5,0.0
zsre-10814,0.9,1.0,0.0,5,5,5,0.0
zsre-10814,0.85,1.0,0.0,5,5,5,0.0
zsre-10814,0.8,1.0,0.0,5,5,5,0.0
zsre-10814,0.75,1.0,0.0,5,5,5,0.0
zsre-10814,0.7,1.0,0.0,5,5,5,0.0
zsre-10820,0.95,1.0,0.0,5,5,5,0.0
zsre-10820,0.9,1.0,0.0,5,5,5,0.0
zsre-10820,0.85,1.0,0.0,5,5,5,0.0
zsre-10820,0.8,1.0,0.0,5,5,5,0.0
zsre-10820,0.75,1.0,0.0,5,5,5,0.0
zsre-10820,0.7,1.0,0.0,5,5,5,0.0
zsre-10829,0.95,0.0,0.0,5,5,5,1.0
zsre-10829,0.9,0.0,0.0,5,5,5,1.0
zsre-10829,0.85,0.0,0.0,5,5,5,1.0
zsre-10829,0.8,0.0,0.0,5,5,5,1.0
zsre-10829,0.75,0.0,0.0,5,5,5,1.0
zsre-10829,0.7,1.0,0.0,5,5,5,0.0
zsre-10832,0.95,1.0,0.0,5,5,5,0.0
zsre-10832,0.9,1.0,0.0,5,5,5,0.0
zsre-10832,0.85,1.0,0.0,5,5,5,0.0
zsre-10832,0.8,1.0,0.0,5,5,5,0.0
zsre-10832,0.75,1.0,0.0,5,5,5,0.0
zsre-10832,0.7,1.0,0.0,5,5,5,0.0
zsre-10838,0.95,1.0,0.1,20,20,20,0.1
zsre-10838,0.9,1.0,0.1,20,20,20,0.1
zsre-10838,0.85,1.0,0.1,20,20,20,0.1
zsre-10838,0.8,1.0,0.15,20,20,20,0.15
zsre-10838,0.75,1.0,0.15,20,20,20,0.15
zsre-10838,0.7,1.0,0.15,20,20,20,0.15
zsre-10839,0.95,1.0,0.1,20,20,20,0.1
zsre-10839,0.9,1.0,0.1,20,20,20,0.1
zsre-10839,0.85,1.0,0.1,20,20,20,0.1
zsre-10839,0.8,0.0,0.0,20,20,20,1.0
zsre-10839,0.75,1.0,0.15,20,20,20,0.15
zsre-10839,0.7,1.0,0.15,20,20,20,0.15
zsre-10840,0.95,0.0,0.15,20,20,20,1.15
zsre-10840,0.9,0.0,0.15,20,20,20,1.15
zsre-10840,0.85,0.0,0.15,20,20,20,1.15
zsre-10840,0.8,0.0,0.15,20,20,20,1.15
zsre-10840,0.75,1.0,0.15,20,20,20,0.15
zsre-10840,0.7,1.0,0.15,20,20,20,0.15
zsre-10841,0.95,1.0,0.1,20,20,20,0.1
zsre-10841,0.9,1.0,0.1,20,20,20,0.1
zsre-10841,0.85,1.0,0.1,20,20,20,0.1
zsre-10841,0.8,1.0,0.15,20,20,20,0.15
zsre-10841,0.75,1.0,0.15,20,20,20,0.15
zsre-10841,0.7,1.0,0.15,20,20,20,0.15
zsre-10853,0.95,0.0,0.0,5,5,5,1.0
zsre-10853,0.9,0.0,0.0,5,5,5,1.0
zsre-10853,0.85,1.0,0.0,5,5,5,0.0
zsre-10853,0.8,1.0,0.0,5,5,5,0.0
zsre-10853,0.75,1.0,0.0,5,5,5,0.0
zsre-10853,0.7,1.0,0.0,5,5,5,0.0
zsre-10865,0.95,1.0,0.0,5,5,5,0.0
zsre-10865,0.9,1.0,0.0,5,5,5,0.0
zsre-10865,0.85,1.0,0.0,5,5,5,0.0
zsre-10865,0.8,1.0,0.0,5,5,5,0.0
zsre-10865,0.75,1.0,0.0,5,5,5,0.0
zsre-10865,0.7,1.0,0.0,5,5,5,0.0
zsre-10875,0.95,1.0,0.0,6,6,6,0.0
zsre-10875,0.9,1.0,0.0,6,6,6,0.0
zsre-10875,0.85,1.0,0.0,6,6,6,0.0
zsre-10875,0.8,1.0,0.0,6,6,6,0.0
zsre-10875,0.75,1.0,0.0,6,6,6,0.0
zsre-10875,0.7,1.0,0.0,6,6,6,0.0
zsre-10879,0.95,1.0,0.0,5,5,5,0.0
zsre-10879,0.9,1.0,0.0,5,5,5,0.0
zsre-10879,0.85,1.0,0.0,5,5,5,0.0
zsre-10879,0.8,1.0,0.0,5,5,5,0.0
zsre-10879,0.75,1.0,0.0,5,5,5,0.0
zsre-10879,0.7,1.0,0.0,5,5,5,0.0
zsre-1089,0.95,0.0,0.0,16,16,16,1.0
zsre-1089,0.9,0.0,0.0,16,16,16,1.0
zsre-1089,0.85,0.0,0.0,16,16,16,1.0
zsre-1089,0.8,1.0,0.0625,16,16,16,0.0625
zsre-1089,0.75,1.0,0.0625,16,16,16,0.0625
zsre-1089,0.7,1.0,0.0625,16,16,16,0.0625
zsre-10892,0.95,1.0,0.0,10,10,10,0.0
zsre-10892,0.9,1.0,0.0,10,10,10,0.0
zsre-10892,0.85,1.0,0.0,10,10,10,0.0
zsre-10892,0.8,1.0,0.0,10,10,10,0.0
zsre-10892,0.75,1.0,0.0,10,10,10,0.0
zsre-10892,0.7,1.0,0.0,10,10,10,0.0
zsre-1091,0.95,0.0,0.0,5,5,5,1.0
zsre-1091,0.9,0.0,0.0,5,5,5,1.0
zsre-1091,0.85,0.0,0.0,5,5,5,1.0
zsre-1091,0.8,1.0,0.2,5,5,5,0.2
zsre-1091,0.75,1.0,0.2,5,5,5,0.2
zsre-1091,0.7,1.0,0.2,5,5,5,0.2
zsre-10913,0.95,1.0,0.0,5,5,5,0.0
zsre-10913,0.9,1.0,0.0,5,5,5,0.0
zsre-10913,0.85,1.0,0.0,5,5,5,0.0
zsre-10913,0.8,1.0,0.0,5,5,5,0.0
zsre-10913,0.75,1.0,0.0,5,5,5,0.0
zsre-10913,0.7,1.0,0.0,5,5,5,0.0
zsre-10927,0.95,0.0,0.0,5,5,5,1.0
zsre-10927,0.9,0.0,0.0,5,5,5,1.0
zsre-10927,0.85,0.0,0.0,5,5,5,1.0
zsre-10927,0.8,0.0,0.0,5,5,5,1.0
zsre-10927,0.75,0.0,0.0,5,5,5,1.0
zsre-10927,0.7,1.0,0.0,5,5,5,0.0
zsre-10937,0.95,1.0,0.2,5,5,5,0.2
zsre-10937,0.9,1.0,0.2,5,5,5,0.2
zsre-10937,0.85,1.0,0.2,5,5,5,0.2
zsre-10937,0.8,1.0,0.2,5,5,5,0.2
zsre-10937,0.75,1.0,0.2,5,5,5,0.2
zsre-10937,0.7,1.0,0.2,5,5,5,0.2
zsre-10938,0.95,1.0,0.2,5,5,5,0.2
zsre-10938,0.9,1.0,0.2,5,5,5,0.2
zsre-10938,0.85,1.0,0.2,5,5,5,0.2
zsre-10938,0.8,1.0,0.2,5,5,5,0.2
zsre-10938,0.75,1.0,0.2,5,5,5,0.2
zsre-10938,0.7,1.0,0.2,5,5,5,0.2
zsre-10946,0.95,1.0,0.0,5,5,5,0.0
zsre-10946,0.9,1.0,0.0,5,5,5,0.0
zsre-10946,0.85,1.0,0.0,5,5,5,0.0
zsre-10946,0.8,1.0,0.0,5,5,5,0.0
zsre-10946,0.75,1.0,0.0,5,5,5,0.0
zsre-10946,0.7,1.0,0.0,5,5,5,0.0
zsre-10954,0.95,0.0,0.0,20,20,20,1.0
zsre-10954,0.9,0.0,0.0,20,20,20,1.0
zsre-10954,0.85,0.0,0.0,20,20,20,1.0
zsre-10954,0.8,1.0,0.0,20,20,20,0.0
zsre-10954,0.75,1.0,0.0,20,20,20,0.0
zsre-10954,0.7,1.0,0.0,20,20,20,0.0
zsre-10955,0.95,1.0,0.0,20,20,20,0.0
zsre-10955,0.9,1.0,0.0,20,20,20,0.0
zsre-10955,0.85,1.0,0.0,20,20,20,0.0
zsre-10955,0.8,1.0,0.0,20,20,20,0.0
zsre-10955,0.75,1.0,0.0,20,20,20,0.0
zsre-10955,0.7,1.0,0.0,20,20,20,0.0
zsre-10958,0.95,1.0,0.0,5,5,5,0.0
zsre-10958,0.9,1.0,0.0,5,5,5,0.0
zsre-10958,0.85,1.0,0.0,5,5,5,0.0
zsre-10958,0.8,1.0,0.0,5,5,5,0.0
zsre-10958,0.75,1.0,0.0,5,5,5,0.0
zsre-10958,0.7,1.0,0.0,5,5,5,0.0
zsre-10969,0.95,1.0,0.14285714285714285,7,7,7,0.14285714285714285
zsre-10969,0.9,1.0,0.14285714285714285,7,7,7,0.14285714285714285
zsre-10969,0.85,1.0,0.14285714285714285,7,7,7,0.14285714285714285
zsre-10969,0.8,1.0,0.14285714285714285,7,7,7,0.14285714285714285
zsre-10969,0.75,1.0,0.14285714285714285,7,7,7,0.14285714285714285
zsre-10969,0.7,1.0,0.14285714285714285,7,7,7,0.14285714285714285
zsre-1097,0.95,0.0,0.0,5,5,5,1.0
zsre-1097,0.9,0.0,0.0,5,5,5,1.0
zsre-1097,0.85,0.0,0.0,5,5,5,1.0
zsre-1097,0.8,0.0,0.0,5,5,5,1.0
zsre-1097,0.75,0.0,0.0,5,5,5,1.0
zsre-1097,0.7,1.0,0.0,5,5,5,0.0
zsre-10970,0.95,1.0,0.125,8,8,8,0.125
zsre-10970,0.9,1.0,0.125,8,8,8,0.125
zsre-10970,0.85,1.0,0.125,8,8,8,0.125
zsre-10970,0.8,1.0,0.125,8,8,8,0.125
zsre-10970,0.75,1.0,0.125,8,8,8,0.125
zsre-10970,0.7,1.0,0.125,8,8,8,0.125
zsre-10981,0.95,1.0,0.0,13,13,13,0.0
zsre-10981,0.9,1.0,0.0,13,13,13,0.0
zsre-10981,0.85,1.0,0.0,13,13,13,0.0
zsre-10981,0.8,1.0,0.0,13,13,13,0.0
zsre-10981,0.75,1.0,0.0,13,13,13,0.0
zsre-10981,0.7,1.0,0.0,13,13,13,0.0
zsre-10989,0.95,1.0,0.0,8,8,8,0.0
zsre-10989,0.9,1.0,0.0,8,8,8,0.0
zsre-10989,0.85,1.0,0.0,8,8,8,0.0
zsre-10989,0.8,1.0,0.0,8,8,8,0.0
zsre-10989,0.75,1.0,0.0,8,8,8,0.0
zsre-10989,0.7,1.0,0.0,8,8,8,0.0
zsre-11000,0.95,1.0,0.0,5,5,5,0.0
zsre-11000,0.9,1.0,0.0,5,5,5,0.0
zsre-11000,0.85,1.0,0.0,5,5,5,0.0
zsre-11000,0.8,1.0,0.0,5,5,5,0.0
zsre-11000,0.75,0.0,0.0,5,5,5,1.0
zsre-11000,0.7,1.0,0.0,5,5,5,0.0
zsre-11017,0.95,1.0,0.0,5,5,5,0.0
zsre-11017,0.9,1.0,0.0,5,5,5,0.0
zsre-11017,0.85,1.0,0.0,5,5,5,0.0
zsre-11017,0.8,1.0,0.0,5,5,5,0.0
zsre-11017,0.75,1.0,0.0,5,5,5,0.0
zsre-11017,0.7,1.0,0.0,5,5,5,0.0
zsre-1102,0.95,0.0,0.0,5,5,5,1.0
zsre-1102,0.9,0.0,0.0,5,5,5,1.0
zsre-1102,0.85,0.0,0.0,5,5,5,1.0
zsre-1102,0.8,1.0,0.0,5,5,5,0.0
zsre-1102,0.75,1.0,0.0,5,5,5,0.0
zsre-1102,0.7,1.0,0.0,5,5,5,0.0
zsre-11042,0.95,1.0,0.0,5,5,5,0.0
zsre-11042,0.9,1.0,0.0,5,5,5,0.0
zsre-11042,0.85,1.0,0.0,5,5,5,0.0
zsre-11042,0.8,1.0,0.0,5,5,5,0.0
zsre-11042,0.75,1.0,0.0,5,5,5,0.0
zsre-11042,0.7,1.0,0.0,5,5,5,0.0
zsre-11054,0.95,1.0,0.2,5,5,5,0.2
zsre-11054,0.9,1.0,0.2,5,5,5,0.2
zsre-11054,0.85,1.0,0.2,5,5,5,0.2
zsre-11054,0.8,1.0,0.2,5,5,5,0.2
zsre-11054,0.75,1.0,0.2,5,5,5,0.2
zsre-11054,0.7,1.0,0.2,5,5,5,0.2
zsre-11055,0.95,1.0,0.2,5,5,5,0.2
zsre-11055,0.9,1.0,0.2,5,5,5,0.2
zsre-11055,0.85,1.0,0.2,5,5,5,0.2
zsre-11055,0.8,1.0,0.2,5,5,5,0.2
zsre-11055,0.75,1.0,0.2,5,5,5,0.2
zsre-11055,0.7,1.0,0.2,5,5,5,0.2
zsre-11056,0.95,1.0,0.0,5,5,5,0.0
zsre-11056,0.9,1.0,0.0,5,5,5,0.0
zsre-11056,0.85,1.0,0.0,5,5,5,0.0
zsre-11056,0.8,1.0,0.0,5,5,5,0.0
zsre-11056,0.75,1.0,0.0,5,5,5,0.0
zsre-11056,0.7,1.0,0.0,5,5,5,0.0
zsre-11080,0.95,1.0,0.0,5,5,5,0.0
zsre-11080,0.9,1.0,0.0,5,5,5,0.0
zsre-11080,0.85,1.0,0.0,5,5,5,0.0
zsre-11080,0.8,1.0,0.0,5,5,5,0.0
zsre-11080,0.75,1.0,0.0,5,5,5,0.0
zsre-11080,0.7,1.0,0.0,5,5,5,0.0
zsre-11082,0.95,1.0,0.0,9,9,9,0.0
zsre-11082,0.9,1.0,0.0,9,9,9,0.0
zsre-11082,0.85,1.0,0.0,9,9,9,0.0
zsre-11082,0.8,1.0,0.0,9,9,9,0.0
zsre-11082,0.75,1.0,0.0,9,9,9,0.0
zsre-11082,0.7,1.0,0.0,9,9,9,0.0
zsre-11090,0.95,1.0,0.0,5,5,5,0.0
zsre-11090,0.9,1.0,0.0,5,5,5,0.0
zsre-11090,0.85,1.0,0.0,5,5,5,0.0
zsre-11090,0.8,1.0,0.0,5,5,5,0.0
zsre-11090,0.75,1.0,0.0,5,5,5,0.0
zsre-11090,0.7,1.0,0.0,5,5,5,0.0
zsre-11091,0.95,0.0,0.0,20,20,20,1.0
zsre-11091,0.9,0.0,0.0,20,20,20,1.0
zsre-11091,0.85,0.0,0.0,20,20,20,1.0
zsre-11091,0.8,0.0,0.0,20,20,20,1.0
zsre-11091,0.75,1.0,0.0,20,20,20,0.0
zsre-11091,0.7,1.0,0.1,20,20,20,0.1
zsre-11092,0.95,0.0,0.0,20,20,20,1.0
zsre-11092,0.9,0.0,0.0,20,20,20,1.0
zsre-11092,0.85,0.0,0.0,20,20,20,1.0
zsre-11092,0.8,0.0,0.0,20,20,20,1.0
zsre-11092,0.75,0.0,0.0,20,20,20,1.0
zsre-11092,0.7,1.0,0.0,20,20,20,0.0
zsre-11093,0.95,0.0,0.0,20,20,20,1.0
zsre-11093,0.9,0.0,0.0,20,20,20,1.0
zsre-11093,0.85,0.0,0.0,20,20,20,1.0
zsre-11093,0.8,0.0,0.0,20,20,20,1.0
zsre-11093,0.75,0.0,0.0,20,20,20,1.0
zsre-11093,0.7,1.0,0.05,20,20,20,0.05
zsre-1110,0.95,1.0,0.0,5,5,5,0.0
zsre-1110,0.9,1.0,0.0,5,5,5,0.0
zsre-1110,0.85,1.0,0.0,5,5,5,0.0
zsre-1110,0.8,1.0,0.0,5,5,5,0.0
zsre-1110,0.75,1.0,0.0,5,5,5,0.0
zsre-1110,0.7,1.0,0.0,5,5,5,0.0
zsre-11110,0.95,1.0,0.0,5,5,5,0.0
zsre-11110,0.9,1.0,0.0,5,5,5,0.0
zsre-11110,0.85,1.0,0.0,5,5,5,0.0
zsre-11110,0.8,1.0,0.0,5,5,5,0.0
zsre-11110,0.75,1.0,0.0,5,5,5,0.0
zsre-11110,0.7,1.0,0.0,5,5,5,0.0
zsre-11125,0.95,1.0,0.0,15,15,15,0.0
zsre-11125,0.9,0.0,0.0,15,15,15,1.0
zsre-11125,0.85,0.0,0.0,15,15,15,1.0
zsre-11125,0.8,0.0,0.0,15,15,15,1.0
zsre-11125,0.75,1.0,0.0,15,15,15,0.0
zsre-11125,0.7,1.0,0.0,15,15,15,0.0
zsre-11134,0.95,1.0,0.0,8,8,8,0.0
zsre-11134,0.9,1.0,0.0,8,8,8,0.0
zsre-11134,0.85,1.0,0.0,8,8,8,0.0
zsre-11134,0.8,1.0,0.0,8,8,8,0.0
zsre-11134,0.75,1.0,0.0,8,8,8,0.0
zsre-11134,0.7,1.0,0.0,8,8,8,0.0
zsre-11136,0.95,0.0,0.0,5,5,5,1.0
zsre-11136,0.9,0.0,0.0,5,5,5,1.0
zsre-11136,0.85,0.0,0.0,5,5,5,1.0
zsre-11136,0.8,0.0,0.0,5,5,5,1.0
zsre-11136,0.75,1.0,0.0,5,5,5,0.0
zsre-11136,0.7,1.0,0.0,5,5,5,0.0
zsre-11137,0.95,1.0,0.125,8,8,8,0.125
zsre-11137,0.9,1.0,0.125,8,8,8,0.125
zsre-11137,0.85,1.0,0.125,8,8,8,0.125
zsre-11137,0.8,1.0,0.125,8,8,8,0.125
zsre-11137,0.75,1.0,0.125,8,8,8,0.125
zsre-11137,0.7,1.0,0.125,8,8,8,0.125
zsre-11138,0.95,1.0,0.0625,16,16,16,0.0625
zsre-11138,0.9,1.0,0.0625,16,16,16,0.0625
zsre-11138,0.85,1.0,0.0625,16,16,16,0.0625
zsre-11138,0.8,1.0,0.0625,16,16,16,0.0625
zsre-11138,0.75,1.0,0.0625,16,16,16,0.0625
zsre-11138,0.7,1.0,0.0625,16,16,16,0.0625
zsre-1119,0.95,1.0,0.0,5,5,5,0.0
zsre-1119,0.9,1.0,0.0,5,5,5,0.0
zsre-1119,0.85,1.0,0.0,5,5,5,0.0
zsre-1119,0.8,1.0,0.0,5,5,5,0.0
zsre-1119,0.75,1.0,0.0,5,5,5,0.0
zsre-1119,0.7,1.0,0.0,5,5,5,0.0
zsre-11190,0.95,1.0,0.0,5,5,5,0.0
zsre-11190,0.9,1.0,0.0,5,5,5,0.0
zsre-11190,0.85,1.0,0.0,5,5,5,0.0
zsre-11190,0.8,1.0,0.0,5,5,5,0.0
zsre-11190,0.75,1.0,0.0,5,5,5,0.0
zsre-11190,0.7,1.0,0.0,5,5,5,0.0
zsre-11194,0.95,0.0,0.0,18,18,18,1.0
zsre-11194,0.9,0.0,0.0,18,18,18,1.0
zsre-11194,0.85,0.0,0.0,18,18,18,1.0
zsre-11194,0.8,0.0,0.0,18,18,18,1.0
zsre-11194,0.75,0.0,0.0,18,18,18,1.0
zsre-11194,0.7,1.0,0.0,18,18,18,0.0
zsre-11208,0.95,1.0,0.0,5,5,5,0.0
zsre-11208,0.9,1.0,0.0,5,5,5,0.0
zsre-11208,0.85,1.0,0.0,5,5,5,0.0
zsre-11208,0.8,1.0,0.0,5,5,5,0.0
zsre-11208,0.75,1.0,0.0,5,5,5,0.0
zsre-11208,0.7,1.0,0.0,5,5,5,0.0
zsre-11216,0.95,0.0,0.0,5,5,5,1.0
zsre-11216,0.9,0.0,0.0,5,5,5,1.0
zsre-11216,0.85,0.0,0.0,5,5,5,1.0
zsre-11216,0.8,0.0,0.0,5,5,5,1.0
zsre-11216,0.75,1.0,0.0,5,5,5,0.0
zsre-11216,0.7,1.0,0.0,5,5,5,0.0
zsre-1124,0.95,1.0,0.0,5,5,5,0.0
zsre-1124,0.9,1.0,0.0,5,5,5,0.0
zsre-1124,0.85,1.0,0.0,5,5,5,0.0
zsre-1124,0.8,1.0,0.0,5,5,5,0.0
zsre-1124,0.75,1.0,0.0,5,5,5,0.0
zsre-1124,0.7,1.0,0.0,5,5,5,0.0
zsre-11247,0.95,1.0,0.0,5,5,5,0.0
zsre-11247,0.9,1.0,0.0,5,5,5,0.0
zsre-11247,0.85,1.0,0.0,5,5,5,0.0
zsre-11247,0.8,1.0,0.0,5,5,5,0.0
zsre-11247,0.75,1.0,0.0,5,5,5,0.0
zsre-11247,0.7,1.0,0.0,5,5,5,0.0
zsre-11256,0.95,1.0,0.0,11,11,11,0.0
zsre-11256,0.9,1.0,0.0,11,11,11,0.0
zsre-11256,0.85,1.0,0.0,11,11,11,0.0
zsre-11256,0.8,1.0,0.0,11,11,11,0.0
zsre-11256,0.75,1.0,0.0,11,11,11,0.0
zsre-11256,0.7,1.0,0.0,11,11,11,0.0
zsre-1126,0.95,1.0,0.0,5,5,5,0.0
zsre-1126,0.9,1.0,0.0,5,5,5,0.0
zsre-1126,0.85,1.0,0.0,5,5,5,0.0
zsre-1126,0.8,1.0,0.0,5,5,5,0.0
zsre-1126,0.75,1.0,0.0,5,5,5,0.0
zsre-1126,0.7,1.0,0.0,5,5,5,0.0
zsre-11264,0.95,0.0,0.0,20,20,20,1.0
zsre-11264,0.9,0.0,0.0,20,20,20,1.0
zsre-11264,0.85,0.0,0.0,20,20,20,1.0
zsre-11264,0.8,0.0,0.0,20,20,20,1.0
zsre-11264,0.75,1.0,0.0,20,20,20,0.0
zsre-11264,0.7,1.0,0.0,20,20,20,0.0
zsre-11267,0.95,1.0,0.0,14,14,14,0.0
zsre-11267,0.9,1.0,0.0,14,14,14,0.0
zsre-11267,0.85,1.0,0.0,14,14,14,0.0
zsre-11267,0.8,1.0,0.0,14,14,14,0.0
zsre-11267,0.75,1.0,0.0,14,14,14,0.0
zsre-11267,0.7,1.0,0.0,14,14,14,0.0
zsre-11271,0.95,0.0,0.0,5,5,5,1.0
zsre-11271,0.9,0.0,0.0,5,5,5,1.0
zsre-11271,0.85,0.0,0.0,5,5,5,1.0
zsre-11271,0.8,0.0,0.0,5,5,5,1.0
zsre-11271,0.75,0.0,0.0,5,5,5,1.0
zsre-11271,0.7,1.0,0.0,5,5,5,0.0
zsre-11274,0.95,1.0,0.0,5,5,5,0.0
zsre-11274,0.9,1.0,0.0,5,5,5,0.0
zsre-11274,0.85,1.0,0.0,5,5,5,0.0
zsre-11274,0.8,1.0,0.0,5,5,5,0.0
zsre-11274,0.75,1.0,0.0,5,5,5,0.0
zsre-11274,0.7,1.0,0.0,5,5,5,0.0
zsre-11282,0.95,1.0,0.0,5,5,5,0.0
zsre-11282,0.9,1.0,0.0,5,5,5,0.0
zsre-11282,0.85,1.0,0.0,5,5,5,0.0
zsre-11282,0.8,1.0,0.0,5,5,5,0.0
zsre-11282,0.75,1.0,0.0,5,5,5,0.0
zsre-11282,0.7,1.0,0.0,5,5,5,0.0
zsre-11287,0.95,1.0,0.0,5,5,5,0.0
zsre-11287,0.9,1.0,0.0,5,5,5,0.0
zsre-11287,0.85,1.0,0.0,5,5,5,0.0
zsre-11287,0.8,1.0,0.0,5,5,5,0.0
zsre-11287,0.75,1.0,0.0,5,5,5,0.0
zsre-11287,0.7,1.0,0.0,5,5,5,0.0
zsre-1130,0.95,0.0,0.0,9,9,9,1.0
zsre-1130,0.9,0.0,0.0,9,9,9,1.0
zsre-1130,0.85,0.0,0.0,9,9,9,1.0
zsre-1130,0.8,1.0,0.0,9,9,9,0.0
zsre-1130,0.75,1.0,0.0,9,9,9,0.0
zsre-1130,0.7,1.0,0.0,9,9,9,0.0
zsre-11308,0.95,1.0,0.0,5,5,5,0.0
zsre-11308,0.9,1.0,0.0,5,5,5,0.0
zsre-11308,0.85,1.0,0.0,5,5,5,0.0
zsre-11308,0.8,1.0,0.0,5,5,5,0.0
zsre-11308,0.75,1.0,0.0,5,5,5,0.0
zsre-11308,0.7,1.0,0.0,5,5,5,0.0
zsre-11313,0.95,1.0,0.0,5,5,5,0.0
zsre-11313,0.9,1.0,0.0,5,5,5,0.0
zsre-11313,0.85,1.0,0.0,5,5,5,0.0
zsre-11313,0.8,1.0,0.0,5,5,5,0.0
zsre-11313,0.75,1.0,0.0,5,5,5,0.0
zsre-11313,0.7,1.0,0.0,5,5,5,0.0
zsre-11352,0.95,1.0,0.0,5,5,5,0.0
zsre-11352,0.9,1.0,0.0,5,5,5,0.0
zsre-11352,0.85,1.0,0.0,5,5,5,0.0
zsre-11352,0.8,1.0,0.0,5,5,5,0.0
zsre-11352,0.75,1.0,0.0,5,5,5,0.0
zsre-11352,0.7,1.0,0.0,5,5,5,0.0
zsre-11356,0.95,1.0,0.16666666666666666,6,6,6,0.16666666666666666
zsre-11356,0.9,1.0,0.16666666666666666,6,6,6,0.16666666666666666
zsre-11356,0.85,1.0,0.16666666666666666,6,6,6,0.16666666666666666
zsre-11356,0.8,1.0,0.16666666666666666,6,6,6,0.16666666666666666
zsre-11356,0.75,1.0,0.16666666666666666,6,6,6,0.16666666666666666
zsre-11356,0.7,1.0,0.16666666666666666,6,6,6,0.16666666666666666
zsre-11357,0.95,1.0,0.14285714285714285,7,7,7,0.14285714285714285
zsre-11357,0.9,1.0,0.14285714285714285,7,7,7,0.14285714285714285
zsre-11357,0.85,1.0,0.14285714285714285,7,7,7,0.14285714285714285
zsre-11357,0.8,1.0,0.14285714285714285,7,7,7,0.14285714285714285
zsre-11357,0.75,1.0,0.14285714285714285,7,7,7,0.14285714285714285
zsre-11357,0.7,1.0,0.14285714285714285,7,7,7,0.14285714285714285
zsre-11362,0.95,1.0,0.0,16,16,16,0.0
zsre-11362,0.9,1.0,0.0,16,16,16,0.0
zsre-11362,0.85,1.0,0.0,16,16,16,0.0
zsre-11362,0.8,1.0,0.0,16,16,16,0.0
zsre-11362,0.75,1.0,0.0,16,16,16,0.0
zsre-11362,0.7,1.0,0.0,16,16,16,0.0
zsre-11367,0.95,0.0,0.0,11,11,11,1.0
zsre-11367,0.9,0.0,0.0,11,11,11,1.0
zsre-11367,0.85,0.0,0.0,11,11,11,1.0
zsre-11367,0.8,0.0,0.0,11,11,11,1.0
zsre-11367,0.75,1.0,0.0,11,11,11,0.0
zsre-11367,0.7,1.0,0.0,11,11,11,0.0
zsre-11386,0.95,1.0,0.0,12,12,12,0.0
zsre-11386,0.9,1.0,0.0,12,12,12,0.0
zsre-11386,0.85,1.0,0.0,12,12,12,0.0
zsre-11386,0.8,1.0,0.0,12,12,12,0.0
zsre-11386,0.75,1.0,0.0,12,12,12,0.0
zsre-11386,0.7,1.0,0.0,12,12,12,0.0
zsre-11419,0.95,1.0,0.0,6,6,6,0.0
zsre-11419,0.9,1.0,0.0,6,6,6,0.0
zsre-11419,0.85,1.0,0.0,6,6,6,0.0
zsre-11419,0.8,1.0,0.0,6,6,6,0.0
zsre-11419,0.75,1.0,0.0,6,6,6,0.0
zsre-11419,0.7,1.0,0.0,6,6,6,0.0
zsre-11422,0.95,1.0,0.0,5,5,5,0.0
zsre-11422,0.9,1.0,0.0,5,5,5,0.0
zsre-11422,0.85,1.0,0.0,5,5,5,0.0
zsre-11422,0.8,1.0,0.0,5,5,5,0.0
zsre-11422,0.75,1.0,0.0,5,5,5,0.0
zsre-11422,0.7,1.0,0.0,5,5,5,0.0
zsre-11445,0.95,0.0,0.0,17,17,17,1.0
zsre-11445,0.9,0.0,0.0,17,17,17,1.0
zsre-11445,0.85,0.0,0.0,17,17,17,1.0
zsre-11445,0.8,0.0,0.0,17,17,17,1.0
zsre-11445,0.75,0.0,0.0,17,17,17,1.0
zsre-11445,0.7,1.0,0.0,17,17,17,0.0
zsre-11446,0.95,1.0,0.0,5,5,5,0.0
zsre-11446,0.9,1.0,0.0,5,5,5,0.0
zsre-11446,0.85,1.0,0.0,5,5,5,0.0
zsre-11446,0.8,1.0,0.0,5,5,5,0.0
zsre-11446,0.75,1.0,0.0,5,5,5,0.0
zsre-11446,0.7,1.0,0.0,5,5,5,0.0
zsre-11447,0.95,0.0,0.0,5,5,5,1.0
zsre-11447,0.9,0.0,0.0,5,5,5,1.0
zsre-11447,0.85,0.0,0.0,5,5,5,1.0
zsre-11447,0.8,0.0,0.0,5,5,5,1.0
zsre-11447,0.75,1.0,0.0,5,5,5,0.0
zsre-11447,0.7,1.0,0.0,5,5,5,0.0
zsre-11458,0.95,1.0,0.0,5,5,5,0.0
zsre-11458,0.9,1.0,0.0,5,5,5,0.0
zsre-11458,0.85,1.0,0.0,5,5,5,0.0
zsre-11458,0.8,1.0,0.0,5,5,5,0.0
zsre-11458,0.75,1.0,0.0,5,5,5,0.0
zsre-11458,0.7,1.0,0.0,5,5,5,0.0
zsre-11463,0.95,1.0,0.0,5,5,5,0.0
zsre-11463,0.9,1.0,0.0,5,5,5,0.0
zsre-11463,0.85,1.0,0.0,5,5,5,0.0
zsre-11463,0.8,1.0,0.0,5,5,5,0.0
zsre-11463,0.75,1.0,0.0,5,5,5,0.0
zsre-11463,0.7,1.0,0.0,5,5,5,0.0
zsre-1147,0.95,0.0,0.0,5,5,5,1.0
zsre-1147,0.9,0.0,0.0,5,5,5,1.0
zsre-1147,0.85,0.0,0.0,5,5,5,1.0
zsre-1147,0.8,0.0,0.0,5,5,5,1.0
zsre-1147,0.75,0.0,0.0,5,5,5,1.0
zsre-1147,0.7,1.0,0.2,5,5,5,0.2
zsre-1148,0.95,0.0,0.0,7,7,7,1.0
zsre-1148,0.9,0.0,0.0,7,7,7,1.0
zsre-1148,0.85,0.0,0.0,7,7,7,1.0
zsre-1148,0.8,0.0,0.0,7,7,7,1.0
zsre-1148,0.75,0.0,0.0,7,7,7,1.0
zsre-1148,0.7,1.0,0.0,7,7,7,0.0
zsre-11490,0.95,1.0,0.6,5,5,5,0.6
zsre-11490,0.9,1.0,0.6,5,5,5,0.6
zsre-11490,0.85,1.0,0.6,5,5,5,0.6
zsre-11490,0.8,1.0,0.6,5,5,5,0.6
zsre-11490,0.75,1.0,0.6,5,5,5,0.6
zsre-11490,0.7,1.0,0.6,5,5,5,0.6
zsre-11491,0.95,1.0,0.6,5,5,5,0.6
zsre-11491,0.9,1.0,0.6,5,5,5,0.6
zsre-11491,0.85,1.0,0.6,5,5,5,0.6
zsre-11491,0.8,1.0,0.6,5,5,5,0.6
zsre-11491,0.75,1.0,0.6,5,5,5,0.6
zsre-11491,0.7,1.0,0.6,5,5,5,0.6
zsre-11492,0.95,1.0,0.6,5,5,5,0.6
zsre-11492,0.9,1.0,0.6,5,5,5,0.6
zsre-11492,0.85,1.0,0.6,5,5,5,0.6
zsre-11492,0.8,1.0,0.6,5,5,5,0.6
zsre-11492,0.75,1.0,0.6,5,5,5,0.6
zsre-11492,0.7,1.0,0.6,5,5,5,0.6
zsre-11493,0.95,1.0,0.6,5,5,5,0.6
zsre-11493,0.9,1.0,0.6,5,5,5,0.6
zsre-11493,0.85,1.0,0.6,5,5,5,0.6
zsre-11493,0.8,1.0,0.6,5,5,5,0.6
zsre-11493,0.75,1.0,0.6,5,5,5,0.6
zsre-11493,0.7,1.0,0.6,5,5,5,0.6
zsre-11494,0.95,0.0,0.0,5,5,5,1.0
zsre-11494,0.9,0.0,0.0,5,5,5,1.0
zsre-11494,0.85,0.0,0.0,5,5,5,1.0
zsre-11494,0.8,0.0,0.0,5,5,5,1.0
zsre-11494,0.75,0.0,0.0,5,5,5,1.0
zsre-11494,0.7,1.0,0.0,5,5,5,0.0
zsre-11496,0.95,1.0,0.0,15,15,15,0.0
zsre-11496,0.9,1.0,0.0,15,15,15,0.0
zsre-11496,0.85,1.0,0.0,15,15,15,0.0
zsre-11496,0.8,1.0,0.0,15,15,15,0.0
zsre-11496,0.75,1.0,0.0,15,15,15,0.0
zsre-11496,0.7,1.0,0.0,15,15,15,0.0
zsre-11499,0.95,0.0,0.0,5,5,5,1.0
zsre-11499,0.9,0.0,0.0,5,5,5,1.0
zsre-11499,0.85,0.0,0.0,5,5,5,1.0
zsre-11499,0.8,0.0,0.0,5,5,5,1.0
zsre-11499,0.75,0.0,0.0,5,5,5,1.0
zsre-11499,0.7,1.0,0.0,5,5,5,0.0
zsre-11500,0.95,1.0,0.0,5,5,5,0.0
zsre-11500,0.9,1.0,0.0,5,5,5,0.0
zsre-11500,0.85,1.0,0.0,5,5,5,0.0
zsre-11500,0.8,1.0,0.0,5,5,5,0.0
zsre-11500,0.75,1.0,0.0,5,5,5,0.0
zsre-11500,0.7,1.0,0.0,5,5,5,0.0
zsre-11532,0.95,0.0,0.0,5,5,5,1.0
zsre-11532,0.9,0.0,0.0,5,5,5,1.0
zsre-11532,0.85,0.0,0.0,5,5,5,1.0
zsre-11532,0.8,1.0,0.0,5,5,5,0.0
zsre-11532,0.75,1.0,0.0,5,5,5,0.0
zsre-11532,0.7,1.0,0.0,5,5,5,0.0
zsre-11535,0.95,1.0,0.0,5,5,5,0.0
zsre-11535,0.9,1.0,0.0,5,5,5,0.0
zsre-11535,0.85,1.0,0.0,5,5,5,0.0
zsre-11535,0.8,1.0,0.0,5,5,5,0.0
zsre-11535,0.75,1.0,0.0,5,5,5,0.0
zsre-11535,0.7,1.0,0.0,5,5,5,0.0
zsre-11536,0.95,1.0,0.0,10,10,10,0.0
zsre-11536,0.9,1.0,0.0,10,10,10,0.0
zsre-11536,0.85,1.0,0.0,10,10,10,0.0
zsre-11536,0.8,1.0,0.0,10,10,10,0.0
zsre-11536,0.75,1.0,0.0,10,10,10,0.0
zsre-11536,0.7,1.0,0.0,10,10,10,0.0
zsre-11564,0.95,1.0,0.0,5,5,5,0.0
zsre-11564,0.9,1.0,0.0,5,5,5,0.0
zsre-11564,0.85,1.0,0.0,5,5,5,0.0
zsre-11564,0.8,1.0,0.0,5,5,5,0.0
zsre-11564,0.75,1.0,0.0,5,5,5,0.0
zsre-11564,0.7,1.0,0.0,5,5,5,0.0
zsre-11599,0.95,0.0,0.0,5,5,5,1.0
zsre-11599,0.9,0.0,0.0,5,5,5,1.0
zsre-11599,0.85,0.0,0.0,5,5,5,1.0
zsre-11599,0.8,0.0,0.0,5,5,5,1.0
zsre-11599,0.75,0.0,0.0,5,5,5,1.0
zsre-11599,0.7,1.0,0.0,5,5,5,0.0
zsre-11606,0.95,1.0,0.3333333333333333,6,6,6,0.3333333333333333
zsre-11606,0.9,1.0,0.3333333333333333,6,6,6,0.3333333333333333
zsre-11606,0.85,1.0,0.3333333333333333,6,6,6,0.3333333333333333
zsre-11606,0.8,1.0,0.3333333333333333,6,6,6,0.3333333333333333
zsre-11606,0.75,1.0,0.3333333333333333,6,6,6,0.3333333333333333
zsre-11606,0.7,1.0,0.3333333333333333,6,6,6,0.3333333333333333
zsre-11607,0.95,1.0,0.4,5,5,5,0.4
zsre-11607,0.9,1.0,0.4,5,5,5,0.4
zsre-11607,0.85,1.0,0.4,5,5,5,0.4
zsre-11607,0.8,1.0,0.4,5,5,5,0.4
zsre-11607,0.75,1.0,0.4,5,5,5,0.4
zsre-11607,0.7,1.0,0.4,5,5,5,0.4
zsre-11608,0.95,1.0,0.3333333333333333,6,6,6,0.3333333333333333
zsre-11608,0.9,1.0,0.3333333333333333,6,6,6,0.3333333333333333
zsre-11608,0.85,1.0,0.3333333333333333,6,6,6,0.3333333333333333
zsre-11608,0.8,1.0,0.3333333333333333,6,6,6,0.3333333333333333
zsre-11608,0.75,1.0,0.3333333333333333,6,6,6,0.3333333333333333
zsre-11608,0.7,1.0,0.3333333333333333,6,6,6,0.3333333333333333
zsre-11643,0.95,1.0,0.0,5,5,5,0.0
zsre-11643,0.9,1.0,0.0,5,5,5,0.0
zsre-11643,0.85,1.0,0.0,5,5,5,0.0
zsre-11643,0.8,1.0,0.0,5,5,5,0.0
zsre-11643,0.75,1.0,0.0,5,5,5,0.0
zsre-11643,0.7,1.0,0.0,5,5,5,0.0
zsre-11645,0.95,1.0,0.0,5,5,5,0.0
zsre-11645,0.9,1.0,0.0,5,5,5,0.0
zsre-11645,0.85,1.0,0.0,5,5,5,0.0
zsre-11645,0.8,1.0,0.0,5,5,5,0.0
zsre-11645,0.75,1.0,0.0,5,5,5,0.0
zsre-11645,0.7,1.0,0.0,5,5,5,0.0
zsre-11655,0.95,0.0,0.0,7,7,7,1.0
zsre-11655,0.9,0.0,0.0,7,7,7,1.0
zsre-11655,0.85,0.0,0.0,7,7,7,1.0
zsre-11655,0.8,1.0,0.0,7,7,7,0.0
zsre-11655,0.75,1.0,0.0,7,7,7,0.0
zsre-11655,0.7,1.0,0.0,7,7,7,0.0
zsre-11668,0.95,0.0,0.0,6,6,6,1.0
zsre-11668,0.9,0.0,0.0,6,6,6,1.0
zsre-11668,0.85,0.0,0.0,6,6,6,1.0
zsre-11668,0.8,1.0,0.0,6,6,6,0.0
zsre-11668,0.75,1.0,0.0,6,6,6,0.0
zsre-11668,0.7,1.0,0.0,6,6,6,0.0
zsre-11669,0.95,1.0,0.2,5,5,5,0.2
zsre-11669,0.9,1.0,0.2,5,5,5,0.2
zsre-11669,0.85,1.0,0.2,5,5,5,0.2
zsre-11669,0.8,1.0,0.2,5,5,5,0.2
zsre-11669,0.75,1.0,0.2,5,5,5,0.2
zsre-11669,0.7,1.0,0.2,5,5,5,0.2
zsre-11670,0.95,1.0,0.2,5,5,5,0.2
zsre-11670,0.9,1.0,0.2,5,5,5,0.2
zsre-11670,0.85,1.0,0.2,5,5,5,0.2
zsre-11670,0.8,1.0,0.2,5,5,5,0.2
zsre-11670,0.75,1.0,0.2,5,5,5,0.2
zsre-11670,0.7,1.0,0.2,5,5,5,0.2
zsre-11694,0.95,1.0,0.05555555555555555,18,18,18,0.05555555555555555
zsre-11694,0.9,1.0,0.05555555555555555,18,18,18,0.05555555555555555
zsre-11694,0.85,1.0,0.05555555555555555,18,18,18,0.05555555555555555
zsre-11694,0.8,1.0,0.05555555555555555,18,18,18,0.05555555555555555
zsre-11694,0.75,1.0,0.05555555555555555,18,18,18,0.05555555555555555
zsre-11694,0.7,1.0,0.05555555555555555,18,18,18,0.05555555555555555
zsre-11695,0.95,1.0,0.0625,16,16,16,0.0625
zsre-11695,0.9,1.0,0.0625,16,16,16,0.0625
zsre-11695,0.85,1.0,0.0625,16,16,16,0.0625
zsre-11695,0.8,1.0,0.0625,16,16,16,0.0625
zsre-11695,0.75,0.0,0.0625,16,16,16,1.0625
zsre-11695,0.7,1.0,0.0625,16,16,16,0.0625
zsre-11703,0.95,1.0,0.0,5,5,5,0.0
zsre-11703,0.9,1.0,0.0,5,5,5,0.0
zsre-11703,0.85,1.0,0.0,5,5,5,0.0
zsre-11703,0.8,1.0,0.0,5,5,5,0.0
zsre-11703,0.75,1.0,0.0,5,5,5,0.0
zsre-11703,0.7,1.0,0.0,5,5,5,0.0
zsre-1172,0.95,1.0,0.0,5,5,5,0.0
zsre-1172,0.9,1.0,0.0,5,5,5,0.0
zsre-1172,0.85,1.0,0.0,5,5,5,0.0
zsre-1172,0.8,1.0,0.0,5,5,5,0.0
zsre-1172,0.75,1.0,0.0,5,5,5,0.0
zsre-1172,0.7,1.0,0.0,5,5,5,0.0
zsre-11732,0.95,1.0,0.0,5,5,5,0.0
zsre-11732,0.9,1.0,0.0,5,5,5,0.0
zsre-11732,0.85,0.0,0.0,5,5,5,1.0
zsre-11732,0.8,1.0,0.0,5,5,5,0.0
zsre-11732,0.75,1.0,0.0,5,5,5,0.0
zsre-11732,0.7,1.0,0.0,5,5,5,0.0
zsre-11734,0.95,0.0,0.0,6,6,6,1.0
zsre-11734,0.9,0.0,0.0,6,6,6,1.0
zsre-11734,0.85,0.0,0.0,6,6,6,1.0
zsre-11734,0.8,0.0,0.0,6,6,6,1.0
zsre-11734,0.75,1.0,0.3333333333333333,6,6,6,0.3333333333333333
zsre-11734,0.7,1.0,0.3333333333333333,6,6,6,0.3333333333333333
zsre-11735,0.95,0.0,0.0,8,8,8,1.0
zsre-11735,0.9,0.0,0.0,8,8,8,1.0
zsre-11735,0.85,0.0,0.0,8,8,8,1.0
zsre-11735,0.8,0.0,0.125,8,8,8,1.125
zsre-11735,0.75,1.0,0.25,8,8,8,0.25
zsre-11735,0.7,1.0,0.25,8,8,8,0.25
zsre-11736,0.95,0.0,0.0,5,5,5,1.0
zsre-11736,0.9,0.0,0.0,5,5,5,1.0
zsre-11736,0.85,0.0,0.0,5,5,5,1.0
zsre-11736,0.8,0.0,0.0,5,5,5,1.0
zsre-11736,0.75,0.0,0.0,5,5,5,1.0
zsre-11736,0.7,1.0,0.0,5,5,5,0.0
zsre-11739,0.95,1.0,0.0,13,13,13,0.0
zsre-11739,0.9,1.0,0.0,13,13,13,0.0
zsre-11739,0.85,1.0,0.0,13,13,13,0.0
zsre-11739,0.8,1.0,0.0,13,13,13,0.0
zsre-11739,0.75,1.0,0.0,13,13,13,0.0
zsre-11739,0.7,1.0,0.0,13,13,13,0.0
zsre-11741,0.95,0.0,0.0,5,5,5,1.0
zsre-11741,0.9,0.0,0.0,5,5,5,1.0
zsre-11741,0.85,0.0,0.0,5,5,5,1.0
zsre-11741,0.8,0.0,0.0,5,5,5,1.0
zsre-11741,0.75,1.0,0.0,5,5,5,0.0
zsre-11741,0.7,1.0,0.0,5,5,5,0.0
zsre-11750,0.95,1.0,0.0,5,5,5,0.0
zsre-11750,0.9,1.0,0.0,5,5,5,0.0
zsre-11750,0.85,1.0,0.0,5,5,5,0.0
zsre-11750,0.8,1.0,0.0,5,5,5,0.0
zsre-11750,0.75,1.0,0.0,5,5,5,0.0
zsre-11750,0.7,1.0,0.0,5,5,5,0.0
zsre-11751,0.95,1.0,0.0,5,5,5,0.0
zsre-11751,0.9,1.0,0.0,5,5,5,0.0
zsre-11751,0.85,1.0,0.0,5,5,5,0.0
zsre-11751,0.8,1.0,0.0,5,5,5,0.0
zsre-11751,0.75,1.0,0.0,5,5,5,0.0
zsre-11751,0.7,1.0,0.0,5,5,5,0.0
zsre-11754,0.95,1.0,0.07142857142857142,14,14,14,0.07142857142857142
zsre-11754,0.9,1.0,0.07142857142857142,14,14,14,0.07142857142857142
zsre-11754,0.85,1.0,0.07142857142857142,14,14,14,0.07142857142857142
zsre-11754,0.8,1.0,0.07142857142857142,14,14,14,0.07142857142857142
zsre-11754,0.75,1.0,0.07142857142857142,14,14,14,0.07142857142857142
zsre-11754,0.7,1.0,0.07142857142857142,14,14,14,0.07142857142857142
zsre-11775,0.95,1.0,0.0,5,5,5,0.0
zsre-11775,0.9,1.0,0.0,5,5,5,0.0
zsre-11775,0.85,1.0,0.0,5,5,5,0.0
zsre-11775,0.8,1.0,0.0,5,5,5,0.0
zsre-11775,0.75,1.0,0.0,5,5,5,0.0
zsre-11775,0.7,1.0,0.0,5,5,5,0.0
zsre-11777,0.95,1.0,0.0,8,8,8,0.0
zsre-11777,0.9,1.0,0.0,8,8,8,0.0
zsre-11777,0.85,1.0,0.0,8,8,8,0.0
zsre-11777,0.8,1.0,0.0,8,8,8,0.0
zsre-11777,0.75,0.0,0.0,8,8,8,1.0
zsre-11777,0.7,1.0,0.0,8,8,8,0.0
zsre-11778,0.95,0.0,0.1111111111111111,9,9,9,1.1111111111111112
zsre-11778,0.9,0.0,0.1111111111111111,9,9,9,1.1111111111111112
zsre-11778,0.85,0.0,0.1111111111111111,9,9,9,1.1111111111111112
zsre-11778,0.8,0.0,0.1111111111111111,9,9,9,1.1111111111111112
zsre-11778,0.75,0.0,0.1111111111111111,9,9,9,1.1111111111111112
zsre-11778,0.7,1.0,0.0,9,9,9,0.0
zsre-11780,0.95,1.0,0.0,14,14,14,0.0
zsre-11780,0.9,1.0,0.0,14,14,14,0.0
zsre-11780,0.85,1.0,0.0,14,14,14,0.0
zsre-11780,0.8,1.0,0.0,14,14,14,0.0
zsre-11780,0.75,1.0,0.0,14,14,14,0.0
zsre-11780,0.7,1.0,0.0,14,14,14,0.0
zsre-11802,0.95,1.0,0.0,5,5,5,0.0
zsre-11802,0.9,1.0,0.0,5,5,5,0.0
zsre-11802,0.85,1.0,0.0,5,5,5,0.0
zsre-11802,0.8,1.0,0.0,5,5,5,0.0
zsre-11802,0.75,1.0,0.0,5,5,5,0.0
zsre-11802,0.7,1.0,0.0,5,5,5,0.0
zsre-11804,0.95,1.0,0.0,11,11,11,0.0
zsre-11804,0.9,1.0,0.0,11,11,11,0.0
zsre-11804,0.85,1.0,0.0,11,11,11,0.0
zsre-11804,0.8,1.0,0.0,11,11,11,0.0
zsre-11804,0.75,1.0,0.0,11,11,11,0.0
zsre-11804,0.7,1.0,0.0,11,11,11,0.0
zsre-11808,0.95,0.0,0.0,5,5,5,1.0
zsre-11808,0.9,0.0,0.0,5,5,5,1.0
zsre-11808,0.85,0.0,0.0,5,5,5,1.0
zsre-11808,0.8,0.0,0.0,5,5,5,1.0
zsre-11808,0.75,1.0,0.0,5,5,5,0.0
zsre-11808,0.7,1.0,0.0,5,5,5,0.0
zsre-11827,0.95,1.0,0.0,5,5,5,0.0
zsre-11827,0.9,1.0,0.0,5,5,5,0.0
zsre-11827,0.85,1.0,0.0,5,5,5,0.0
zsre-11827,0.8,1.0,0.0,5,5,5,0.0
zsre-11827,0.75,1.0,0.0,5,5,5,0.0
zsre-11827,0.7,1.0,0.0,5,5,5,0.0
zsre-11832,0.95,1.0,0.0,20,20,20,0.0
zsre-11832,0.9,1.0,0.0,20,20,20,0.0
zsre-11832,0.85,1.0,0.0,20,20,20,0.0
zsre-11832,0.8,1.0,0.0,20,20,20,0.0
zsre-11832,0.75,1.0,0.0,20,20,20,0.0
zsre-11832,0.7,1.0,0.0,20,20,20,0.0
zsre-11836,0.95,0.0,0.0,14,14,14,1.0
zsre-11836,0.9,0.0,0.0,14,14,14,1.0
zsre-11836,0.85,0.0,0.0,14,14,14,1.0
zsre-11836,0.8,0.0,0.0,14,14,14,1.0
zsre-11836,0.75,1.0,0.21428571428571427,14,14,14,0.21428571428571427
zsre-11836,0.7,1.0,0.21428571428571427,14,14,14,0.21428571428571427
zsre-11837,0.95,0.0,0.0,14,14,14,1.0
zsre-11837,0.9,0.0,0.0,14,14,14,1.0
zsre-11837,0.85,0.0,0.0,14,14,14,1.0
zsre-11837,0.8,0.0,0.0,14,14,14,1.0
zsre-11837,0.75,1.0,0.21428571428571427,14,14,14,0.21428571428571427
zsre-11837,0.7,1.0,0.21428571428571427,14,14,14,0.21428571428571427
zsre-11838,0.95,0.0,0.0,8,8,8,1.0
zsre-11838,0.9,0.0,0.0,8,8,8,1.0
zsre-11838,0.85,0.0,0.0,8,8,8,1.0
zsre-11838,0.8,0.0,0.0,8,8,8,1.0
zsre-11838,0.75,1.0,0.375,8,8,8,0.375
zsre-11838,0.7,1.0,0.375,8,8,8,0.375
zsre-11839,0.95,0.0,0.0,13,13,13,1.0
zsre-11839,0.9,0.0,0.0,13,13,13,1.0
zsre-11839,0.85,0.0,0.0,13,13,13,1.0
zsre-11839,0.8,0.0,0.0,13,13,13,1.0
zsre-11839,0.75,1.0,0.23076923076923078,13,13,13,0.23076923076923078
zsre-11839,0.7,1.0,0.23076923076923078,13,13,13,0.23076923076923078
zsre-1185,0.95,1.0,0.0,5,5,5,0.0
zsre-1185,0.9,1.0,0.0,5,5,5,0.0
zsre-1185,0.85,1.0,0.0,5,5,5,0.0
zsre-1185,0.8,1.0,0.0,5,5,5,0.0
zsre-1185,0.75,1.0,0.0,5,5,5,0.0
zsre-1185,0.7,1.0,0.0,5,5,5,0.0
zsre-11854,0.95,1.0,0.0,5,5,5,0.0
zsre-11854,0.9,1.0,0.0,5,5,5,0.0
zsre-11854,0.85,1.0,0.0,5,5,5,0.0
zsre-11854,0.8,1.0,0.0,5,5,5,0.0
zsre-11854,0.75,1.0,0.0,5,5,5,0.0
zsre-11854,0.7,1.0,0.0,5,5,5,0.0
zsre-11857,0.95,0.0,0.0,5,5,5,1.0
zsre-11857,0.9,0.0,0.0,5,5,5,1.0
zsre-11857,0.85,0.0,0.0,5,5,5,1.0
zsre-11857,0.8,0.0,0.0,5,5,5,1.0
zsre-11857,0.75,0.0,0.0,5,5,5,1.0
zsre-11857,0.7,1.0,0.0,5,5,5,0.0
zsre-11859,0.95,0.0,0.0,5,5,5,1.0
zsre-11859,0.9,0.0,0.0,5,5,5,1.0
zsre-11859,0.85,0.0,0.0,5,5,5,1.0
zsre-11859,0.8,0.0,0.0,5,5,5,1.0
zsre-11859,0.75,1.0,0.0,5,5,5,0.0
zsre-11859,0.7,1.0,0.0,5,5,5,0.0
zsre-11863,0.95,1.0,0.0,17,17,17,0.0
zsre-11863,0.9,1.0,0.0,17,17,17,0.0
zsre-11863,0.85,1.0,0.0,17,17,17,0.0
zsre-11863,0.8,1.0,0.0,17,17,17,0.0
zsre-11863,0.75,1.0,0.0,17,17,17,0.0
zsre-11863,0.7,1.0,0.0,17,17,17,0.0
zsre-11865,0.95,1.0,0.16666666666666666,6,6,6,0.16666666666666666
zsre-11865,0.9,1.0,0.16666666666666666,6,6,6,0.16666666666666666
zsre-11865,0.85,1.0,0.16666666666666666,6,6,6,0.16666666666666666
zsre-11865,0.8,1.0,0.16666666666666666,6,6,6,0.16666666666666666
zsre-11865,0.75,1.0,0.16666666666666666,6,6,6,0.16666666666666666
zsre-11865,0.7,1.0,0.16666666666666666,6,6,6,0.16666666666666666
zsre-11866,0.95,1.0,0.14285714285714285,7,7,7,0.14285714285714285
zsre-11866,0.9,1.0,0.14285714285714285,7,7,7,0.14285714285714285
zsre-11866,0.85,1.0,0.14285714285714285,7,7,7,0.14285714285714285
zsre-11866,0.8,1.0,0.14285714285714285,7,7,7,0.14285714285714285
zsre-11866,0.75,1.0,0.14285714285714285,7,7,7,0.14285714285714285
zsre-11866,0.7,1.0,0.14285714285714285,7,7,7,0.14285714285714285
zsre-11889,0.95,0.0,0.0,11,11,11,1.0
zsre-11889,0.9,0.0,0.0,11,11,11,1.0
zsre-11889,0.85,0.0,0.0,11,11,11,1.0
zsre-11889,0.8,0.0,0.0,11,11,11,1.0
zsre-11889,0.75,0.0,0.0,11,11,11,1.0
zsre-11889,0.7,1.0,0.0,11,11,11,0.0
zsre-11890,0.95,0.0,0.0,5,5,5,1.0
zsre-11890,0.9,0.0,0.0,5,5,5,1.0
zsre-11890,0.85,0.0,0.0,5,5,5,1.0
zsre-11890,0.8,0.0,0.0,5,5,5,1.0
zsre-11890,0.75,1.0,0.0,5,5,5,0.0
zsre-11890,0.7,1.0,0.0,5,5,5,0.0
zsre-11903,0.95,1.0,0.0,5,5,5,0.0
zsre-11903,0.9,1.0,0.0,5,5,5,0.0
zsre-11903,0.85,1.0,0.0,5,5,5,0.0
zsre-11903,0.8,1.0,0.0,5,5,5,0.0
zsre-11903,0.75,1.0,0.0,5,5,5,0.0
zsre-11903,0.7,1.0,0.0,5,5,5,0.0
zsre-11907,0.95,1.0,0.6,5,5,5,0.6
zsre-11907,0.9,1.0,0.6,5,5,5,0.6
zsre-11907,0.85,1.0,0.6,5,5,5,0.6
zsre-11907,0.8,1.0,0.6,5,5,5,0.6
zsre-11907,0.75,1.0,0.6,5,5,5,0.6
zsre-11907,0.7,1.0,0.6,5,5,5,0.6
zsre-11908,0.95,1.0,0.6,5,5,5,0.6
zsre-11908,0.9,1.0,0.6,5,5,5,0.6
zsre-11908,0.85,1.0,0.6,5,5,5,0.6
zsre-11908,0.8,1.0,0.6,5,5,5,0.6
zsre-11908,0.75,1.0,0.6,5,5,5,0.6
zsre-11908,0.7,1.0,0.6,5,5,5,0.6
zsre-11911,0.95,1.0,0.6,5,5,5,0.6
zsre-11911,0.9,1.0,0.6,5,5,5,0.6
zsre-11911,0.85,1.0,0.6,5,5,5,0.6
zsre-11911,0.8,1.0,0.6,5,5,5,0.6
zsre-11911,0.75,1.0,0.6,5,5,5,0.6
zsre-11911,0.7,1.0,0.6,5,5,5,0.6
zsre-11912,0.95,1.0,0.6,5,5,5,0.6
zsre-11912,0.9,1.0,0.6,5,5,5,0.6
zsre-11912,0.85,1.0,0.6,5,5,5,0.6
zsre-11912,0.8,1.0,0.6,5,5,5,0.6
zsre-11912,0.75,1.0,0.6,5,5,5,0.6
zsre-11912,0.7,1.0,0.6,5,5,5,0.6
zsre-11947,0.95,0.0,0.0,5,5,5,1.0
zsre-11947,0.9,0.0,0.0,5,5,5,1.0
zsre-11947,0.85,0.0,0.0,5,5,5,1.0
zsre-11947,0.8,0.0,0.0,5,5,5,1.0
zsre-11947,0.75,1.0,0.0,5,5,5,0.0
zsre-11947,0.7,1.0,0.0,5,5,5,0.0
zsre-11950,0.95,0.0,0.0,5,5,5,1.0
zsre-11950,0.9,0.0,0.0,5,5,5,1.0
zsre-11950,0.85,0.0,0.0,5,5,5,1.0
zsre-11950,0.8,1.0,0.0,5,5,5,0.0
zsre-11950,0.75,1.0,0.0,5,5,5,0.0
zsre-11950,0.7,1.0,0.0,5,5,5,0.0
zsre-11957,0.95,1.0,0.0,5,5,5,0.0
zsre-11957,0.9,1.0,0.0,5,5,5,0.0
zsre-11957,0.85,1.0,0.0,5,5,5,0.0
zsre-11957,0.8,1.0,0.0,5,5,5,0.0
zsre-11957,0.75,1.0,0.0,5,5,5,0.0
zsre-11957,0.7,1.0,0.0,5,5,5,0.0
zsre-1196,0.95,1.0,0.0,5,5,5,0.0
zsre-1196,0.9,1.0,0.0,5,5,5,0.0
zsre-1196,0.85,1.0,0.0,5,5,5,0.0
zsre-1196,0.8,1.0,0.0,5,5,5,0.0
zsre-1196,0.75,1.0,0.0,5,5,5,0.0
zsre-1196,0.7,1.0,0.0,5,5,5,0.0
zsre-11998,0.95,0.0,0.2,5,5,5,1.2
zsre-11998,0.9,0.0,0.2,5,5,5,1.2
zsre-11998,0.85,0.0,0.2,5,5,5,1.2
zsre-11998,0.8,1.0,0.2,5,5,5,0.2
zsre-11998,0.75,1.0,0.2,5,5,5,0.2
zsre-11998,0.7,1.0,0.2,5,5,5,0.2
zsre-11999,0.95,1.0,0.0,5,5,5,0.0
zsre-11999,0.9,1.0,0.0,5,5,5,0.0
zsre-11999,0.85,1.0,0.0,5,5,5,0.0
zsre-11999,0.8,1.0,0.2,5,5,5,0.2
zsre-11999,0.75,1.0,0.2,5,5,5,0.2
zsre-11999,0.7,1.0,0.2,5,5,5,0.2
zsre-12003,0.95,1.0,0.0,5,5,5,0.0
zsre-12003,0.9,1.0,0.0,5,5,5,0.0
zsre-12003,0.85,1.0,0.0,5,5,5,0.0
zsre-12003,0.8,1.0,0.0,5,5,5,0.0
zsre-12003,0.75,1.0,0.0,5,5,5,0.0
zsre-12003,0.7,1.0,0.0,5,5,5,0.0
zsre-12021,0.95,0.0,0.0,20,20,20,1.0
zsre-12021,0.9,0.0,0.0,20,20,20,1.0
zsre-12021,0.85,0.0,0.0,20,20,20,1.0
zsre-12021,0.8,0.0,0.0,20,20,20,1.0
zsre-12021,0.75,1.0,0.0,20,20,20,0.0
zsre-12021,0.7,1.0,0.0,20,20,20,0.0
zsre-12027,0.95,0.0,0.0,5,5,5,1.0
zsre-12027,0.9,0.0,0.0,5,5,5,1.0
zsre-12027,0.85,0.0,0.0,5,5,5,1.0
zsre-12027,0.8,0.0,0.0,5,5,5,1.0
zsre-12027,0.75,1.0,0.0,5,5,5,0.0
zsre-12027,0.7,1.0,0.0,5,5,5,0.0
zsre-12037,0.95,1.0,0.0,5,5,5,0.0
zsre-12037,0.9,1.0,0.0,5,5,5,0.0
zsre-12037,0.85,1.0,0.0,5,5,5,0.0
zsre-12037,0.8,1.0,0.0,5,5,5,0.0
zsre-12037,0.75,0.0,0.0,5,5,5,1.0
zsre-12037,0.7,1.0,0.0,5,5,5,0.0
zsre-12066,0.95,0.0,0.0,20,20,20,1.0
zsre-12066,0.9,0.0,0.0,20,20,20,1.0
zsre-12066,0.85,1.0,0.0,20,20,20,0.0
zsre-12066,0.8,1.0,0.0,20,20,20,0.0
zsre-12066,0.75,1.0,0.0,20,20,20,0.0
zsre-12066,0.7,1.0,0.0,20,20,20,0.0
zsre-12068,0.95,0.0,0.0,20,20,20,1.0
zsre-12068,0.9,0.0,0.0,20,20,20,1.0
zsre-12068,0.85,0.0,0.0,20,20,20,1.0
zsre-12068,0.8,1.0,0.0,20,20,20,0.0
zsre-12068,0.75,1.0,0.0,20,20,20,0.0
zsre-12068,0.7,1.0,0.0,20,20,20,0.0
zsre-12092,0.95,0.0,0.0,5,5,5,1.0
zsre-12092,0.9,0.0,0.0,5,5,5,1.0
zsre-12092,0.85,0.0,0.0,5,5,5,1.0
zsre-12092,0.8,1.0,0.0,5,5,5,0.0
zsre-12092,0.75,1.0,0.0,5,5,5,0.0
zsre-12092,0.7,1.0,0.0,5,5,5,0.0
zsre-12096,0.95,0.0,0.0,9,9,9,1.0
zsre-12096,0.9,0.0,0.0,9,9,9,1.0
zsre-12096,0.85,0.0,0.0,9,9,9,1.0
zsre-12096,0.8,1.0,0.1111111111111111,9,9,9,0.1111111111111111
zsre-12096,0.75,1.0,0.3333333333333333,9,9,9,0.3333333333333333
zsre-12096,0.7,1.0,0.0,9,9,9,0.0
zsre-12097,0.95,1.0,0.0,11,11,11,0.0
zsre-12097,0.9,1.0,0.0,11,11,11,0.0
zsre-12097,0.85,1.0,0.0,11,11,11,0.0
zsre-12097,0.8,1.0,0.0,11,11,11,0.0
zsre-12097,0.75,1.0,0.0,11,11,11,0.0
zsre-12097,0.7,1.0,0.0,11,11,11,0.0
zsre-12098,0.95,0.0,0.0,14,14,14,1.0
zsre-12098,0.9,0.0,0.14285714285714285,14,14,14,1.1428571428571428
zsre-12098,0.85,1.0,0.21428571428571427,14,14,14,0.21428571428571427
zsre-12098,0.8,1.0,0.21428571428571427,14,14,14,0.21428571428571427
zsre-12098,0.75,0.0,0.07142857142857142,14,14,14,1.0714285714285714
zsre-12098,0.7,1.0,0.21428571428571427,14,14,14,0.21428571428571427
zsre-12099,0.95,0.0,0.0,11,11,11,1.0
zsre-12099,0.9,1.0,0.09090909090909091,11,11,11,0.09090909090909091
zsre-12099,0.85,0.0,0.0,11,11,11,1.0
zsre-12099,0.8,1.0,0.2727272727272727,11,11,11,0.2727272727272727
zsre-12099,0.75,1.0,0.09090909090909091,11,11,11,0.09090909090909091
zsre-12099,0.7,1.0,0.18181818181818182,11,11,11,0.18181818181818182
zsre-12100,0.95,0.0,0.0,18,18,18,1.0
zsre-12100,0.9,0.0,0.1111111111111111,18,18,18,1.1111111111111112
zsre-12100,0.85,1.0,0.16666666666666666,18,18,18,0.16666666666666666
zsre-12100,0.8,1.0,0.16666666666666666,18,18,18,0.16666666666666666
zsre-12100,0.75,0.0,0.1111111111111111,18,18,18,1.1111111111111112
zsre-12100,0.7,1.0,0.1111111111111111,18,18,18,0.1111111111111111
zsre-12102,0.95,0.0,0.0,5,5,5,1.0
zsre-12102,0.9,0.0,0.0,5,5,5,1.0
zsre-12102,0.85,0.0,0.0,5,5,5,1.0
zsre-12102,0.8,1.0,0.0,5,5,5,0.0
zsre-12102,0.75,1.0,0.0,5,5,5,0.0
zsre-12102,0.7,1.0,0.0,5,5,5,0.0
zsre-12104,0.95,0.0,0.0,7,7,7,1.0
zsre-12104,0.9,0.0,0.0,7,7,7,1.0
zsre-12104,0.85,0.0,0.0,7,7,7,1.0
zsre-12104,0.8,1.0,0.0,7,7,7,0.0
zsre-12104,0.75,1.0,0.0,7,7,7,0.0
zsre-12104,0.7,1.0,0.0,7,7,7,0.0
zsre-12126,0.95,1.0,0.0,8,8,8,0.0
zsre-12126,0.9,1.0,0.0,8,8,8,0.0
zsre-12126,0.85,1.0,0.0,8,8,8,0.0
zsre-12126,0.8,1.0,0.0,8,8,8,0.0
zsre-12126,0.75,1.0,0.0,8,8,8,0.0
zsre-12126,0.7,1.0,0.0,8,8,8,0.0
zsre-12127,0.95,0.0,0.0,20,20,20,1.0
zsre-12127,0.9,0.0,0.0,20,20,20,1.0
zsre-12127,0.85,0.0,0.0,20,20,20,1.0
zsre-12127,0.8,1.0,0.05,20,20,20,0.05
zsre-12127,0.75,1.0,0.05,20,20,20,0.05
zsre-12127,0.7,1.0,0.05,20,20,20,0.05
zsre-12128,0.95,0.0,0.0,20,20,20,1.0
zsre-12128,0.9,0.0,0.0,20,20,20,1.0
zsre-12128,0.85,0.0,0.0,20,20,20,1.0
zsre-12128,0.8,1.0,0.05,20,20,20,0.05
zsre-12128,0.75,1.0,0.05,20,20,20,0.05
zsre-12128,0.7,1.0,0.05,20,20,20,0.05
zsre-12138,0.95,1.0,0.0,5,5,5,0.0
zsre-12138,0.9,1.0,0.0,5,5,5,0.0
zsre-12138,0.85,1.0,0.0,5,5,5,0.0
zsre-12138,0.8,1.0,0.0,5,5,5,0.0
zsre-12138,0.75,1.0,0.0,5,5,5,0.0
zsre-12138,0.7,1.0,0.0,5,5,5,0.0
zsre-12144,0.95,0.0,0.0,5,5,5,1.0
zsre-12144,0.9,0.0,0.0,5,5,5,1.0
zsre-12144,0.85,0.0,0.0,5,5,5,1.0
zsre-12144,0.8,0.0,0.0,5,5,5,1.0
zsre-12144,0.75,0.0,0.0,5,5,5,1.0
zsre-12144,0.7,1.0,0.0,5,5,5,0.0
zsre-12154,0.95,1.0,0.07142857142857142,14,14,14,0.07142857142857142
zsre-12154,0.9,1.0,0.07142857142857142,14,14,14,0.07142857142857142
zsre-12154,0.85,1.0,0.07142857142857142,14,14,14,0.07142857142857142
zsre-12154,0.8,1.0,0.07142857142857142,14,14,14,0.07142857142857142
zsre-12154,0.75,1.0,0.07142857142857142,14,14,14,0.07142857142857142
zsre-12154,0.7,1.0,0.07142857142857142,14,14,14,0.07142857142857142
zsre-12157,0.95,1.0,0.2,5,5,5,0.2
zsre-12157,0.9,1.0,0.2,5,5,5,0.2
zsre-12157,0.85,1.0,0.2,5,5,5,0.2
zsre-12157,0.8,1.0,0.2,5,5,5,0.2
zsre-12157,0.75,1.0,0.2,5,5,5,0.2
zsre-12157,0.7,1.0,0.2,5,5,5,0.2
zsre-12161,0.95,1.0,0.0,5,5,5,0.0
zsre-12161,0.9,1.0,0.0,5,5,5,0.0
zsre-12161,0.85,1.0,0.0,5,5,5,0.0
zsre-12161,0.8,1.0,0.0,5,5,5,0.0
zsre-12161,0.75,1.0,0.0,5,5,5,0.0
zsre-12161,0.7,1.0,0.0,5,5,5,0.0
zsre-12174,0.95,0.0,0.0,5,5,5,1.0
zsre-12174,0.9,0.0,0.0,5,5,5,1.0
zsre-12174,0.85,0.0,0.0,5,5,5,1.0
zsre-12174,0.8,0.0,0.0,5,5,5,1.0
zsre-12174,0.75,1.0,0.0,5,5,5,0.0
zsre-12174,0.7,1.0,0.0,5,5,5,0.0
zsre-12186,0.95,1.0,0.0,5,5,5,0.0
zsre-12186,0.9,1.0,0.0,5,5,5,0.0
zsre-12186,0.85,1.0,0.0,5,5,5,0.0
zsre-12186,0.8,1.0,0.0,5,5,5,0.0
zsre-12186,0.75,1.0,0.0,5,5,5,0.0
zsre-12186,0.7,1.0,0.0,5,5,5,0.0
zsre-12192,0.95,1.0,0.0,5,5,5,0.0
zsre-12192,0.9,1.0,0.0,5,5,5,0.0
zsre-12192,0.85,1.0,0.0,5,5,5,0.0
zsre-12192,0.8,1.0,0.0,5,5,5,0.0
zsre-12192,0.75,0.0,0.0,5,5,5,1.0
zsre-12192,0.7,1.0,0.0,5,5,5,0.0
zsre-12194,0.95,1.0,0.0,5,5,5,0.0
zsre-12194,0.9,1.0,0.0,5,5,5,0.0
zsre-12194,0.85,1.0,0.0,5,5,5,0.0
zsre-12194,0.8,1.0,0.0,5,5,5,0.0
zsre-12194,0.75,1.0,0.0,5,5,5,0.0
zsre-12194,0.7,1.0,0.0,5,5,5,0.0
zsre-12219,0.95,0.0,0.0,18,18,18,1.0
zsre-12219,0.9,0.0,0.0,18,18,18,1.0
zsre-12219,0.85,0.0,0.0,18,18,18,1.0
zsre-12219,0.8,0.0,0.0,18,18,18,1.0
zsre-12219,0.75,0.0,0.0,18,18,18,1.0
zsre-12219,0.7,1.0,0.16666666666666666,18,18,18,0.16666666666666666
zsre-12221,0.95,1.0,0.0,5,5,5,0.0
zsre-12221,0.9,1.0,0.0,5,5,5,0.0
zsre-12221,0.85,1.0,0.0,5,5,5,0.0
zsre-12221,0.8,1.0,0.0,5,5,5,0.0
zsre-12221,0.75,1.0,0.0,5,5,5,0.0
zsre-12221,0.7,1.0,0.0,5,5,5,0.0
zsre-12236,0.95,1.0,0.0,5,5,5,0.0
zsre-12236,0.9,1.0,0.0,5,5,5,0.0
zsre-12236,0.85,0.0,0.0,5,5,5,1.0
zsre-12236,0.8,1.0,0.0,5,5,5,0.0
zsre-12236,0.75,1.0,0.0,5,5,5,0.0
zsre-12236,0.7,1.0,0.0,5,5,5,0.0
zsre-12242,0.95,0.0,0.0,5,5,5,1.0
zsre-12242,0.9,0.0,0.0,5,5,5,1.0
zsre-12242,0.85,0.0,0.0,5,5,5,1.0
zsre-12242,0.8,1.0,0.0,5,5,5,0.0
zsre-12242,0.75,1.0,0.0,5,5,5,0.0
zsre-12242,0.7,1.0,0.0,5,5,5,0.0
zsre-12245,0.95,0.0,0.0,8,8,8,1.0
zsre-12245,0.9,0.0,0.0,8,8,8,1.0
zsre-12245,0.85,1.0,0.0,8,8,8,0.0
zsre-12245,0.8,1.0,0.0,8,8,8,0.0
zsre-12245,0.75,1.0,0.0,8,8,8,0.0
zsre-12245,0.7,0.0,0.0,8,8,8,1.0
zsre-12250,0.95,0.0,0.0,5,5,5,1.0
zsre-12250,0.9,0.0,0.0,5,5,5,1.0
zsre-12250,0.85,0.0,0.0,5,5,5,1.0
zsre-12250,0.8,0.0,0.0,5,5,5,1.0
zsre-12250,0.75,1.0,0.0,5,5,5,0.0
zsre-12250,0.7,1.0,0.0,5,5,5,0.0
zsre-12279,0.95,1.0,0.0,5,5,5,0.0
zsre-12279,0.9,1.0,0.0,5,5,5,0.0
zsre-12279,0.85,1.0,0.0,5,5,5,0.0
zsre-12279,0.8,1.0,0.0,5,5,5,0.0
zsre-12279,0.75,1.0,0.0,5,5,5,0.0
zsre-12279,0.7,1.0,0.0,5,5,5,0.0
zsre-12282,0.95,1.0,0.0,5,5,5,0.0
zsre-12282,0.9,1.0,0.0,5,5,5,0.0
zsre-12282,0.85,1.0,0.0,5,5,5,0.0
zsre-12282,0.8,1.0,0.0,5,5,5,0.0
zsre-12282,0.75,1.0,0.0,5,5,5,0.0
zsre-12282,0.7,1.0,0.0,5,5,5,0.0
zsre-12289,0.95,1.0,0.0,5,5,5,0.0
zsre-12289,0.9,1.0,0.0,5,5,5,0.0
zsre-12289,0.85,1.0,0.0,5,5,5,0.0
zsre-12289,0.8,1.0,0.0,5,5,5,0.0
zsre-12289,0.75,1.0,0.0,5,5,5,0.0
zsre-12289,0.7,1.0,0.0,5,5,5,0.0
zsre-12299,0.95,1.0,0.0,20,20,20,0.0
zsre-12299,0.9,1.0,0.0,20,20,20,0.0
zsre-12299,0.85,1.0,0.0,20,20,20,0.0
zsre-12299,0.8,1.0,0.0,20,20,20,0.0
zsre-12299,0.75,1.0,0.0,20,20,20,0.0
zsre-12299,0.7,1.0,0.0,20,20,20,0.0
zsre-12301,0.95,1.0,0.0,5,5,5,0.0
zsre-12301,0.9,1.0,0.0,5,5,5,0.0
zsre-12301,0.85,1.0,0.0,5,5,5,0.0
zsre-12301,0.8,1.0,0.0,5,5,5,0.0
zsre-12301,0.75,1.0,0.0,5,5,5,0.0
zsre-12301,0.7,1.0,0.0,5,5,5,0.0
zsre-12303,0.95,1.0,0.0,5,5,5,0.0
zsre-12303,0.9,1.0,0.0,5,5,5,0.0
zsre-12303,0.85,1.0,0.0,5,5,5,0.0
zsre-12303,0.8,1.0,0.0,5,5,5,0.0
zsre-12303,0.75,1.0,0.0,5,5,5,0.0
zsre-12303,0.7,1.0,0.0,5,5,5,0.0
zsre-12310,0.95,1.0,0.06666666666666667,15,15,15,0.06666666666666667
zsre-12310,0.9,1.0,0.06666666666666667,15,15,15,0.06666666666666667
zsre-12310,0.85,1.0,0.06666666666666667,15,15,15,0.06666666666666667
zsre-12310,0.8,1.0,0.06666666666666667,15,15,15,0.06666666666666667
zsre-12310,0.75,1.0,0.06666666666666667,15,15,15,0.06666666666666667
zsre-12310,0.7,1.0,0.06666666666666667,15,15,15,0.06666666666666667
zsre-1232,0.95,1.0,0.0,5,5,5,0.0
zsre-1232,0.9,1.0,0.0,5,5,5,0.0
zsre-1232,0.85,1.0,0.0,5,5,5,0.0
zsre-1232,0.8,1.0,0.0,5,5,5,0.0
zsre-1232,0.75,1.0,0.0,5,5,5,0.0
zsre-1232,0.7,1.0,0.0,5,5,5,0.0
zsre-12325,0.95,1.0,0.0,14,14,14,0.0
zsre-12325,0.9,1.0,0.0,14,14,14,0.0
zsre-12325,0.85,1.0,0.0,14,14,14,0.0
zsre-12325,0.8,1.0,0.0,14,14,14,0.0
zsre-12325,0.75,0.0,0.0,14,14,14,1.0
zsre-12325,0.7,1.0,0.0,14,14,14,0.0
zsre-12332,0.95,1.0,0.0,20,20,20,0.0
zsre-12332,0.9,1.0,0.0,20,20,20,0.0
zsre-12332,0.85,1.0,0.0,20,20,20,0.0
zsre-12332,0.8,1.0,0.0,20,20,20,0.0
zsre-12332,0.75,1.0,0.0,20,20,20,0.0
zsre-12332,0.7,1.0,0.0,20,20,20,0.0
zsre-12338,0.95,1.0,0.0,5,5,5,0.0
zsre-12338,0.9,1.0,0.0,5,5,5,0.0
zsre-12338,0.85,1.0,0.0,5,5,5,0.0
zsre-12338,0.8,1.0,0.0,5,5,5,0.0
zsre-12338,0.75,0.0,0.0,5,5,5,1.0
zsre-12338,0.7,1.0,0.0,5,5,5,0.0
zsre-1234,0.95,1.0,0.0,5,5,5,0.0
zsre-1234,0.9,1.0,0.0,5,5,5,0.0
zsre-1234,0.85,1.0,0.0,5,5,5,0.0
zsre-1234,0.8,1.0,0.0,5,5,5,0.0
zsre-1234,0.75,1.0,0.0,5,5,5,0.0
zsre-1234,0.7,1.0,0.0,5,5,5,0.0
zsre-12340,0.95,1.0,0.0,5,5,5,0.0
zsre-12340,0.9,1.0,0.0,5,5,5,0.0
zsre-12340,0.85,1.0,0.0,5,5,5,0.0
zsre-12340,0.8,1.0,0.0,5,5,5,0.0
zsre-12340,0.75,1.0,0.0,5,5,5,0.0
zsre-12340,0.7,1.0,0.0,5,5,5,0.0
zsre-12343,0.95,1.0,0.0,5,5,5,0.0
zsre-12343,0.9,1.0,0.0,5,5,5,0.0
zsre-12343,0.85,1.0,0.0,5,5,5,0.0
zsre-12343,0.8,1.0,0.0,5,5,5,0.0
zsre-12343,0.75,1.0,0.0,5,5,5,0.0
zsre-12343,0.7,1.0,0.0,5,5,5,0.0
zsre-1235,0.95,0.0,0.0,20,20,20,1.0
zsre-1235,0.9,0.0,0.0,20,20,20,1.0
zsre-1235,0.85,0.0,0.0,20,20,20,1.0
zsre-1235,0.8,0.0,0.0,20,20,20,1.0
zsre-1235,0.75,0.0,0.0,20,20,20,1.0
zsre-1235,0.7,1.0,0.0,20,20,20,0.0
zsre-12361,0.95,0.0,0.0,5,5,5,1.0
zsre-12361,0.9,0.0,0.0,5,5,5,1.0
zsre-12361,0.85,0.0,0.0,5,5,5,1.0
zsre-12361,0.8,0.0,0.2,5,5,5,1.2
zsre-12361,0.75,0.0,0.0,5,5,5,1.0
zsre-12361,0.7,1.0,0.2,5,5,5,0.2
zsre-12362,0.95,1.0,0.0,5,5,5,0.0
zsre-12362,0.9,1.0,0.0,5,5,5,0.0
zsre-12362,0.85,1.0,0.0,5,5,5,0.0
zsre-12362,0.8,0.0,0.0,5,5,5,1.0
zsre-12362,0.75,1.0,0.2,5,5,5,0.2
zsre-12362,0.7,1.0,0.2,5,5,5,0.2
zsre-1237,0.95,1.0,0.0,5,5,5,0.0
zsre-1237,0.9,1.0,0.0,5,5,5,0.0
zsre-1237,0.85,1.0,0.0,5,5,5,0.0
zsre-1237,0.8,1.0,0.0,5,5,5,0.0
zsre-1237,0.75,1.0,0.0,5,5,5,0.0
zsre-1237,0.7,1.0,0.0,5,5,5,0.0
zsre-12370,0.95,1.0,0.16666666666666666,6,6,6,0.16666666666666666
zsre-12370,0.9,1.0,0.16666666666666666,6,6,6,0.16666666666666666
zsre-12370,0.85,1.0,0.0,6,6,6,0.0
zsre-12370,0.8,1.0,0.16666666666666666,6,6,6,0.16666666666666666
zsre-12370,0.75,1.0,0.16666666666666666,6,6,6,0.16666666666666666
zsre-12370,0.7,1.0,0.16666666666666666,6,6,6,0.16666666666666666
zsre-12371,0.95,1.0,0.2,5,5,5,0.2
zsre-12371,0.9,1.0,0.2,5,5,5,0.2
zsre-12371,0.85,1.0,0.2,5,5,5,0.2
zsre-12371,0.8,1.0,0.2,5,5,5,0.2
zsre-12371,0.75,1.0,0.2,5,5,5,0.2
zsre-12371,0.7,1.0,0.2,5,5,5,0.2
zsre-12373,0.95,0.0,0.0,5,5,5,1.0
zsre-12373,0.9,0.0,0.0,5,5,5,1.0
zsre-12373,0.85,0.0,0.0,5,5,5,1.0
zsre-12373,0.8,0.0,0.0,5,5,5,1.0
zsre-12373,0.75,0.0,0.0,5,5,5,1.0
zsre-12373,0.7,1.0,0.0,5,5,5,0.0
zsre-1238,0.95,1.0,0.0,5,5,5,0.0
zsre-1238,0.9,1.0,0.0,5,5,5,0.0
zsre-1238,0.85,1.0,0.0,5,5,5,0.0
zsre-1238,0.8,1.0,0.0,5,5,5,0.0
zsre-1238,0.75,1.0,0.0,5,5,5,0.0
zsre-1238,0.7,1.0,0.0,5,5,5,0.0
zsre-12389,0.95,1.0,0.0,5,5,5,0.0
zsre-12389,0.9,1.0,0.0,5,5,5,0.0
zsre-12389,0.85,1.0,0.0,5,5,5,0.0
zsre-12389,0.8,1.0,0.0,5,5,5,0.0
zsre-12389,0.75,1.0,0.0,5,5,5,0.0
zsre-12389,0.7,1.0,0.0,5,5,5,0.0
zsre-12411,0.95,1.0,0.0,5,5,5,0.0
zsre-12411,0.9,1.0,0.0,5,5,5,0.0
zsre-12411,0.85,1.0,0.0,5,5,5,0.0
zsre-12411,0.8,1.0,0.0,5,5,5,0.0
zsre-12411,0.75,1.0,0.0,5,5,5,0.0
zsre-12411,0.7,1.0,0.0,5,5,5,0.0
zsre-12421,0.95,1.0,0.0,5,5,5,0.0
zsre-12421,0.9,1.0,0.0,5,5,5,0.0
zsre-12421,0.85,1.0,0.0,5,5,5,0.0
zsre-12421,0.8,1.0,0.0,5,5,5,0.0
zsre-12421,0.75,1.0,0.0,5,5,5,0.0
zsre-12421,0.7,1.0,0.0,5,5,5,0.0
zsre-12427,0.95,0.0,0.0,5,5,5,1.0
zsre-12427,0.9,0.0,0.0,5,5,5,1.0
zsre-12427,0.85,1.0,0.0,5,5,5,0.0
zsre-12427,0.8,0.0,0.0,5,5,5,1.0
zsre-12427,0.75,1.0,0.0,5,5,5,0.0
zsre-12427,0.7,1.0,0.0,5,5,5,0.0
zsre-12440,0.95,1.0,0.0,5,5,5,0.0
zsre-12440,0.9,1.0,0.0,5,5,5,0.0
zsre-12440,0.85,1.0,0.0,5,5,5,0.0
zsre-12440,0.8,1.0,0.0,5,5,5,0.0
zsre-12440,0.75,1.0,0.0,5,5,5,0.0
zsre-12440,0.7,1.0,0.0,5,5,5,0.0
zsre-12456,0.95,1.0,0.0,5,5,5,0.0
zsre-12456,0.9,1.0,0.0,5,5,5,0.0
zsre-12456,0.85,1.0,0.0,5,5,5,0.0
zsre-12456,0.8,1.0,0.0,5,5,5,0.0
zsre-12456,0.75,1.0,0.0,5,5,5,0.0
zsre-12456,0.7,1.0,0.0,5,5,5,0.0
zsre-12458,0.95,0.0,0.0,5,5,5,1.0
zsre-12458,0.9,0.0,0.0,5,5,5,1.0
zsre-12458,0.85,0.0,0.0,5,5,5,1.0
zsre-12458,0.8,0.0,0.0,5,5,5,1.0
zsre-12458,0.75,1.0,0.0,5,5,5,0.0
zsre-12458,0.7,1.0,0.2,5,5,5,0.2
zsre-12459,0.95,1.0,0.0,5,5,5,0.0
zsre-12459,0.9,1.0,0.0,5,5,5,0.0
zsre-12459,0.85,1.0,0.0,5,5,5,0.0
zsre-12459,0.8,1.0,0.0,5,5,5,0.0
zsre-12459,0.75,1.0,0.0,5,5,5,0.0
zsre-12459,0.7,1.0,0.0,5,5,5,0.0
zsre-12463,0.95,1.0,0.2,5,5,5,0.2
zsre-12463,0.9,1.0,0.2,5,5,5,0.2
zsre-12463,0.85,1.0,0.2,5,5,5,0.2
zsre-12463,0.8,1.0,0.2,5,5,5,0.2
zsre-12463,0.75,1.0,0.2,5,5,5,0.2
zsre-12463,0.7,1.0,0.2,5,5,5,0.2
zsre-12464,0.95,1.0,0.0,5,5,5,0.0
zsre-12464,0.9,1.0,0.0,5,5,5,0.0
zsre-12464,0.85,1.0,0.0,5,5,5,0.0
zsre-12464,0.8,1.0,0.0,5,5,5,0.0
zsre-12464,0.75,1.0,0.0,5,5,5,0.0
zsre-12464,0.7,1.0,0.0,5,5,5,0.0
zsre-12465,0.95,1.0,0.2,5,5,5,0.2
zsre-12465,0.9,1.0,0.2,5,5,5,0.2
zsre-12465,0.85,1.0,0.2,5,5,5,0.2
zsre-12465,0.8,1.0,0.2,5,5,5,0.2
zsre-12465,0.75,1.0,0.2,5,5,5,0.2
zsre-12465,0.7,1.0,0.2,5,5,5,0.2
zsre-12480,0.95,0.0,0.0,5,5,5,1.0
zsre-12480,0.9,0.0,0.0,5,5,5,1.0
zsre-12480,0.85,0.0,0.0,5,5,5,1.0
zsre-12480,0.8,0.0,0.0,5,5,5,1.0
zsre-12480,0.75,1.0,0.0,5,5,5,0.0
zsre-12480,0.7,1.0,0.0,5,5,5,0.0
zsre-12516,0.95,1.0,0.0,5,5,5,0.0
zsre-12516,0.9,1.0,0.0,5,5,5,0.0
zsre-12516,0.85,1.0,0.0,5,5,5,0.0
zsre-12516,0.8,1.0,0.0,5,5,5,0.0
zsre-12516,0.75,1.0,0.0,5,5,5,0.0
zsre-12516,0.7,1.0,0.0,5,5,5,0.0
zsre-12521,0.95,0.0,0.0,20,20,20,1.0
zsre-12521,0.9,0.0,0.0,20,20,20,1.0
zsre-12521,0.85,0.0,0.0,20,20,20,1.0
zsre-12521,0.8,0.0,0.0,20,20,20,1.0
zsre-12521,0.75,0.0,0.0,20,20,20,1.0
zsre-12521,0.7,1.0,0.05,20,20,20,0.05
zsre-12529,0.95,1.0,0.0,16,16,16,0.0
zsre-12529,0.9,1.0,0.0,16,16,16,0.0
zsre-12529,0.85,1.0,0.0,16,16,16,0.0
zsre-12529,0.8,1.0,0.0,16,16,16,0.0
zsre-12529,0.75,1.0,0.0,16,16,16,0.0
zsre-12529,0.7,1.0,0.0,16,16,16,0.0
zsre-12536,0.95,1.0,0.0,5,5,5,0.0
zsre-12536,0.9,1.0,0.0,5,5,5,0.0
zsre-12536,0.85,1.0,0.0,5,5,5,0.0
zsre-12536,0.8,1.0,0.0,5,5,5,0.0
zsre-12536,0.75,1.0,0.0,5,5,5,0.0
zsre-12536,0.7,1.0,0.0,5,5,5,0.0
zsre-12551,0.95,0.0,0.0,8,8,8,1.0
zsre-12551,0.9,0.0,0.0,8,8,8,1.0
zsre-12551,0.85,0.0,0.0,8,8,8,1.0
zsre-12551,0.8,0.0,0.0,8,8,8,1.0
zsre-12551,0.75,0.0,0.0,8,8,8,1.0
zsre-12551,0.7,1.0,0.0,8,8,8,0.0
zsre-12552,0.95,1.0,0.2,5,5,5,0.2
zsre-12552,0.9,1.0,0.2,5,5,5,0.2
zsre-12552,0.85,1.0,0.2,5,5,5,0.2
zsre-12552,0.8,1.0,0.2,5,5,5,0.2
zsre-12552,0.75,1.0,0.2,5,5,5,0.2
zsre-12552,0.7,1.0,0.2,5,5,5,0.2
zsre-12553,0.95,0.0,0.0,5,5,5,1.0
zsre-12553,0.9,0.0,0.0,5,5,5,1.0
zsre-12553,0.85,0.0,0.0,5,5,5,1.0
zsre-12553,0.8,0.0,0.0,5,5,5,1.0
zsre-12553,0.75,0.0,0.0,5,5,5,1.0
zsre-12553,0.7,1.0,0.0,5,5,5,0.0
zsre-12554,0.95,1.0,0.2,5,5,5,0.2
zsre-12554,0.9,1.0,0.2,5,5,5,0.2
zsre-12554,0.85,1.0,0.2,5,5,5,0.2
zsre-12554,0.8,1.0,0.2,5,5,5,0.2
zsre-12554,0.75,1.0,0.2,5,5,5,0.2
zsre-12554,0.7,1.0,0.2,5,5,5,0.2
zsre-12579,0.95,0.0,0.0,5,5,5,1.0
zsre-12579,0.9,0.0,0.0,5,5,5,1.0
zsre-12579,0.85,0.0,0.0,5,5,5,1.0
zsre-12579,0.8,1.0,0.0,5,5,5,0.0
zsre-12579,0.75,0.0,0.0,5,5,5,1.0
zsre-12579,0.7,1.0,0.2,5,5,5,0.2
zsre-1258,0.95,0.0,0.0,5,5,5,1.0
zsre-1258,0.9,0.0,0.0,5,5,5,1.0
zsre-1258,0.85,0.0,0.0,5,5,5,1.0
zsre-1258,0.8,0.0,0.0,5,5,5,1.0
zsre-1258,0.75,1.0,0.0,5,5,5,0.0
zsre-1258,0.7,1.0,0.0,5,5,5,0.0
zsre-12581,0.95,0.0,0.0,5,5,5,1.0
zsre-12581,0.9,0.0,0.0,5,5,5,1.0
zsre-12581,0.85,0.0,0.0,5,5,5,1.0
zsre-12581,0.8,0.0,0.0,5,5,5,1.0
zsre-12581,0.75,1.0,0.2,5,5,5,0.2
zsre-12581,0.7,1.0,0.2,5,5,5,0.2
zsre-12587,0.95,1.0,0.08333333333333333,12,12,12,0.08333333333333333
zsre-12587,0.9,1.0,0.08333333333333333,12,12,12,0.08333333333333333
zsre-12587,0.85,1.0,0.08333333333333333,12,12,12,0.08333333333333333
zsre-12587,0.8,1.0,0.08333333333333333,12,12,12,0.08333333333333333
zsre-12587,0.75,1.0,0.08333333333333333,12,12,12,0.08333333333333333
zsre-12587,0.7,1.0,0.08333333333333333,12,12,12,0.08333333333333333
zsre-12588,0.95,1.0,0.07692307692307693,13,13,13,0.07692307692307693
zsre-12588,0.9,1.0,0.07692307692307693,13,13,13,0.07692307692307693
zsre-12588,0.85,1.0,0.07692307692307693,13,13,13,0.07692307692307693
zsre-12588,0.8,1.0,0.07692307692307693,13,13,13,0.07692307692307693
zsre-12588,0.75,1.0,0.07692307692307693,13,13,13,0.07692307692307693
zsre-12588,0.7,1.0,0.07692307692307693,13,13,13,0.07692307692307693
zsre-12595,0.95,1.0,0.0,5,5,5,0.0
zsre-12595,0.9,1.0,0.0,5,5,5,0.0
zsre-12595,0.85,1.0,0.0,5,5,5,0.0
zsre-12595,0.8,1.0,0.0,5,5,5,0.0
zsre-12595,0.75,1.0,0.0,5,5,5,0.0
zsre-12595,0.7,1.0,0.0,5,5,5,0.0
zsre-12607,0.95,1.0,0.0,5,5,5,0.0
zsre-12607,0.9,1.0,0.0,5,5,5,0.0
zsre-12607,0.85,0.0,0.0,5,5,5,1.0
zsre-12607,0.8,1.0,0.0,5,5,5,0.0
zsre-12607,0.75,1.0,0.0,5,5,5,0.0
zsre-12607,0.7,1.0,0.0,5,5,5,0.0
zsre-12616,0.95,0.0,0.0,5,5,5,1.0
zsre-12616,0.9,0.0,0.0,5,5,5,1.0
zsre-12616,0.85,0.0,0.0,5,5,5,1.0
zsre-12616,0.8,0.0,0.0,5,5,5,1.0
zsre-12616,0.75,0.0,0.0,5,5,5,1.0
zsre-12616,0.7,1.0,0.0,5,5,5,0.0
zsre-12627,0.95,0.0,0.0,9,9,9,1.0
zsre-12627,0.9,0.0,0.0,9,9,9,1.0
zsre-12627,0.85,0.0,0.0,9,9,9,1.0
zsre-12627,0.8,0.0,0.0,9,9,9,1.0
zsre-12627,0.75,1.0,0.1111111111111111,9,9,9,0.1111111111111111
zsre-12627,0.7,1.0,0.1111111111111111,9,9,9,0.1111111111111111
zsre-12629,0.95,0.0,0.0,13,13,13,1.0
zsre-12629,0.9,0.0,0.0,13,13,13,1.0
zsre-12629,0.85,0.0,0.0,13,13,13,1.0
zsre-12629,0.8,0.0,0.0,13,13,13,1.0
zsre-12629,0.75,0.0,0.0,13,13,13,1.0
zsre-12629,0.7,1.0,0.15384615384615385,13,13,13,0.15384615384615385
zsre-12630,0.95,0.0,0.0,10,10,10,1.0
zsre-12630,0.9,0.0,0.0,10,10,10,1.0
zsre-12630,0.85,0.0,0.0,10,10,10,1.0
zsre-12630,0.8,0.0,0.0,10,10,10,1.0
zsre-12630,0.75,0.0,0.0,10,10,10,1.0
zsre-12630,0.7,1.0,0.2,10,10,10,0.2
zsre-12631,0.95,0.0,0.0,10,10,10,1.0
zsre-12631,0.9,0.0,0.0,10,10,10,1.0
zsre-12631,0.85,0.0,0.0,10,10,10,1.0
zsre-12631,0.8,0.0,0.0,10,10,10,1.0
zsre-12631,0.75,0.0,0.0,10,10,10,1.0
zsre-12631,0.7,1.0,0.2,10,10,10,0.2
zsre-12632,0.95,0.0,0.0,9,9,9,1.0
zsre-12632,0.9,0.0,0.0,9,9,9,1.0
zsre-12632,0.85,0.0,0.0,9,9,9,1.0
zsre-12632,0.8,0.0,0.0,9,9,9,1.0
zsre-12632,0.75,1.0,0.1111111111111111,9,9,9,0.1111111111111111
zsre-12632,0.7,1.0,0.1111111111111111,9,9,9,0.1111111111111111
zsre-12643,0.95,0.0,0.0,5,5,5,1.0
zsre-12643,0.9,0.0,0.0,5,5,5,1.0
zsre-12643,0.85,0.0,0.0,5,5,5,1.0
zsre-12643,0.8,0.0,0.0,5,5,5,1.0
zsre-12643,0.75,1.0,0.0,5,5,5,0.0
zsre-12643,0.7,1.0,0.0,5,5,5,0.0
zsre-12652,0.95,1.0,0.0,8,8,8,0.0
zsre-12652,0.9,1.0,0.0,8,8,8,0.0
zsre-12652,0.85,1.0,0.0,8,8,8,0.0
zsre-12652,0.8,0.0,0.0,8,8,8,1.0
zsre-12652,0.75,0.0,0.0,8,8,8,1.0
zsre-12652,0.7,1.0,0.25,8,8,8,0.25
zsre-12653,0.95,0.0,0.0,20,20,20,1.0
zsre-12653,0.9,0.0,0.0,20,20,20,1.0
zsre-12653,0.85,0.0,0.1,20,20,20,1.1
zsre-12653,0.8,1.0,0.1,20,20,20,0.1
zsre-12653,0.75,0.0,0.0,20,20,20,1.0
zsre-12653,0.7,1.0,0.1,20,20,20,0.1
zsre-12654,0.95,0.0,0.0,13,13,13,1.0
zsre-12654,0.9,0.0,0.0,13,13,13,1.0
zsre-12654,0.85,0.0,0.07692307692307693,13,13,13,1.0769230769230769
zsre-12654,0.8,1.0,0.07692307692307693,13,13,13,0.07692307692307693
zsre-12654,0.75,1.0,0.07692307692307693,13,13,13,0.07692307692307693
zsre-12654,0.7,1.0,0.15384615384615385,13,13,13,0.15384615384615385
zsre-12655,0.95,0.0,0.0,5,5,5,1.0
zsre-12655,0.9,0.0,0.0,5,5,5,1.0
zsre-12655,0.85,0.0,0.0,5,5,5,1.0
zsre-12655,0.8,0.0,0.0,5,5,5,1.0
zsre-12655,0.75,1.0,0.0,5,5,5,0.0
zsre-12655,0.7,1.0,0.0,5,5,5,0.0
zsre-1266,0.95,0.0,0.0,9,9,9,1.0
zsre-1266,0.9,0.0,0.0,9,9,9,1.0
zsre-1266,0.85,1.0,0.0,9,9,9,0.0
zsre-1266,0.8,1.0,0.0,9,9,9,0.0
zsre-1266,0.75,1.0,0.0,9,9,9,0.0
zsre-1266,0.7,1.0,0.0,9,9,9,0.0
zsre-12667,0.95,0.0,0.0,20,20,20,1.0
zsre-12667,0.9,0.0,0.0,20,20,20,1.0
zsre-12667,0.85,0.0,0.0,20,20,20,1.0
zsre-12667,0.8,0.0,0.0,20,20,20,1.0
zsre-12667,0.75,0.0,0.0,20,20,20,1.0
zsre-12667,0.7,1.0,0.1,20,20,20,0.1
zsre-1268,0.95,0.0,0.0,5,5,5,1.0
zsre-1268,0.9,0.0,0.0,5,5,5,1.0
zsre-1268,0.85,1.0,0.2,5,5,5,0.2
zsre-1268,0.8,1.0,0.2,5,5,5,0.2
zsre-1268,0.75,1.0,0.2,5,5,5,0.2
zsre-1268,0.7,1.0,0.2,5,5,5,0.2
zsre-1269,0.95,0.0,0.0,8,8,8,1.0
zsre-1269,0.9,1.0,0.125,8,8,8,0.125
zsre-1269,0.85,1.0,0.125,8,8,8,0.125
zsre-1269,0.8,1.0,0.125,8,8,8,0.125
zsre-1269,0.75,1.0,0.125,8,8,8,0.125
zsre-1269,0.7,1.0,0.125,8,8,8,0.125
zsre-12696,0.95,1.0,0.0,5,5,5,0.0
zsre-12696,0.9,1.0,0.0,5,5,5,0.0
zsre-12696,0.85,1.0,0.0,5,5,5,0.0
zsre-12696,0.8,1.0,0.0,5,5,5,0.0
zsre-12696,0.75,1.0,0.0,5,5,5,0.0
zsre-12696,0.7,1.0,0.0,5,5,5,0.0
zsre-12702,0.95,1.0,0.0,5,5,5,0.0
zsre-12702,0.9,0.0,0.0,5,5,5,1.0
zsre-12702,0.85,1.0,0.0,5,5,5,0.0
zsre-12702,0.8,1.0,0.0,5,5,5,0.0
zsre-12702,0.75,1.0,0.0,5,5,5,0.0
zsre-12702,0.7,1.0,0.0,5,5,5,0.0
zsre-12713,0.95,1.0,0.0,5,5,5,0.0
zsre-12713,0.9,1.0,0.0,5,5,5,0.0
zsre-12713,0.85,1.0,0.0,5,5,5,0.0
zsre-12713,0.8,1.0,0.0,5,5,5,0.0
zsre-12713,0.75,1.0,0.0,5,5,5,0.0
zsre-12713,0.7,1.0,0.0,5,5,5,0.0
zsre-12716,0.95,0.0,0.0,5,5,5,1.0
zsre-12716,0.9,0.0,0.0,5,5,5,1.0
zsre-12716,0.85,0.0,0.0,5,5,5,1.0
zsre-12716,0.8,1.0,0.0,5,5,5,0.0
zsre-12716,0.75,1.0,0.0,5,5,5,0.0
zsre-12716,0.7,1.0,0.0,5,5,5,0.0
zsre-12743,0.95,0.0,0.0,20,20,20,1.0
zsre-12743,0.9,0.0,0.0,20,20,20,1.0
zsre-12743,0.85,0.0,0.0,20,20,20,1.0
zsre-12743,0.8,1.0,0.0,20,20,20,0.0
zsre-12743,0.75,1.0,0.0,20,20,20,0.0
zsre-12743,0.7,1.0,0.0,20,20,20,0.0
zsre-12749,0.95,0.0,0.0,5,5,5,1.0
zsre-12749,0.9,0.0,0.0,5,5,5,1.0
zsre-12749,0.85,0.0,0.0,5,5,5,1.0
zsre-12749,0.8,0.0,0.0,5,5,5,1.0
zsre-12749,0.75,0.0,0.0,5,5,5,1.0
zsre-12749,0.7,1.0,0.0,5,5,5,0.0
zsre-12758,0.95,1.0,0.0,5,5,5,0.0
zsre-12758,0.9,1.0,0.0,5,5,5,0.0
zsre-12758,0.85,1.0,0.0,5,5,5,0.0
zsre-12758,0.8,1.0,0.0,5,5,5,0.0
zsre-12758,0.75,1.0,0.0,5,5,5,0.0
zsre-12758,0.7,1.0,0.0,5,5,5,0.0
zsre-12764,0.95,1.0,0.0,5,5,5,0.0
zsre-12764,0.9,1.0,0.0,5,5,5,0.0
zsre-12764,0.85,1.0,0.0,5,5,5,0.0
zsre-12764,0.8,1.0,0.0,5,5,5,0.0
zsre-12764,0.75,1.0,0.0,5,5,5,0.0
zsre-12764,0.7,1.0,0.0,5,5,5,0.0
zsre-12769,0.95,0.0,0.0,5,5,5,1.0
zsre-12769,0.9,0.0,0.0,5,5,5,1.0
zsre-12769,0.85,0.0,0.0,5,5,5,1.0
zsre-12769,0.8,0.0,0.0,5,5,5,1.0
zsre-12769,0.75,1.0,0.0,5,5,5,0.0
zsre-12769,0.7,1.0,0.0,5,5,5,0.0
zsre-12770,0.95,0.0,0.0,5,5,5,1.0
zsre-12770,0.9,0.0,0.0,5,5,5,1.0
zsre-12770,0.85,0.0,0.0,5,5,5,1.0
zsre-12770,0.8,0.0,0.0,5,5,5,1.0
zsre-12770,0.75,1.0,0.0,5,5,5,0.0
zsre-12770,0.7,1.0,0.0,5,5,5,0.0
zsre-12772,0.95,0.0,0.0,5,5,5,1.0
zsre-12772,0.9,0.0,0.0,5,5,5,1.0
zsre-12772,0.85,0.0,0.0,5,5,5,1.0
zsre-12772,0.8,0.0,0.0,5,5,5,1.0
zsre-12772,0.75,1.0,0.0,5,5,5,0.0
zsre-12772,0.7,1.0,0.0,5,5,5,0.0
zsre-12779,0.95,1.0,0.0,5,5,5,0.0
zsre-12779,0.9,1.0,0.0,5,5,5,0.0
zsre-12779,0.85,1.0,0.0,5,5,5,0.0
zsre-12779,0.8,1.0,0.0,5,5,5,0.0
zsre-12779,0.75,1.0,0.0,5,5,5,0.0
zsre-12779,0.7,1.0,0.0,5,5,5,0.0
zsre-1278,0.95,1.0,0.0,5,5,5,0.0
zsre-1278,0.9,1.0,0.0,5,5,5,0.0
zsre-1278,0.85,1.0,0.0,5,5,5,0.0
zsre-1278,0.8,1.0,0.0,5,5,5,0.0
zsre-1278,0.75,1.0,0.0,5,5,5,0.0
zsre-1278,0.7,1.0,0.0,5,5,5,0.0
zsre-12785,0.95,1.0,0.0,5,5,5,0.0
zsre-12785,0.9,1.0,0.0,5,5,5,0.0
zsre-12785,0.85,1.0,0.0,5,5,5,0.0
zsre-12785,0.8,1.0,0.0,5,5,5,0.0
zsre-12785,0.75,1.0,0.0,5,5,5,0.0
zsre-12785,0.7,1.0,0.0,5,5,5,0.0
zsre-12806,0.95,0.0,0.0,5,5,5,1.0
zsre-12806,0.9,0.0,0.0,5,5,5,1.0
zsre-12806,0.85,0.0,0.0,5,5,5,1.0
zsre-12806,0.8,1.0,0.0,5,5,5,0.0
zsre-12806,0.75,1.0,0.0,5,5,5,0.0
zsre-12806,0.7,1.0,0.0,5,5,5,0.0
zsre-12807,0.95,1.0,0.0,5,5,5,0.0
zsre-12807,0.9,1.0,0.0,5,5,5,0.0
zsre-12807,0.85,1.0,0.0,5,5,5,0.0
zsre-12807,0.8,1.0,0.0,5,5,5,0.0
zsre-12807,0.75,1.0,0.0,5,5,5,0.0
zsre-12807,0.7,1.0,0.0,5,5,5,0.0
zsre-1281,0.95,0.0,0.0,8,8,8,1.0
zsre-1281,0.9,0.0,0.0,8,8,8,1.0
zsre-1281,0.85,0.0,0.0,8,8,8,1.0
zsre-1281,0.8,0.0,0.0,8,8,8,1.0
zsre-1281,0.75,0.0,0.0,8,8,8,1.0
zsre-1281,0.7,1.0,0.125,8,8,8,0.125
zsre-1282,0.95,0.0,0.0,16,16,16,1.0
zsre-1282,0.9,0.0,0.0,16,16,16,1.0
zsre-1282,0.85,0.0,0.0,16,16,16,1.0
zsre-1282,0.8,0.0,0.0,16,16,16,1.0
zsre-1282,0.75,0.0,0.0,16,16,16,1.0
zsre-1282,0.7,1.0,0.0625,16,16,16,0.0625
zsre-12824,0.95,1.0,0.0,5,5,5,0.0
zsre-12824,0.9,1.0,0.0,5,5,5,0.0
zsre-12824,0.85,1.0,0.0,5,5,5,0.0
zsre-12824,0.8,1.0,0.0,5,5,5,0.0
zsre-12824,0.75,1.0,0.0,5,5,5,0.0
zsre-12824,0.7,1.0,0.0,5,5,5,0.0
zsre-12826,0.95,0.0,0.0,5,5,5,1.0
zsre-12826,0.9,0.0,0.0,5,5,5,1.0
zsre-12826,0.85,1.0,0.0,5,5,5,0.0
zsre-12826,0.8,1.0,0.0,5,5,5,0.0
zsre-12826,0.75,1.0,0.0,5,5,5,0.0
zsre-12826,0.7,1.0,0.0,5,5,5,0.0
zsre-12848,0.95,0.0,0.0,5,5,5,1.0
zsre-12848,0.9,0.0,0.0,5,5,5,1.0
zsre-12848,0.85,0.0,0.0,5,5,5,1.0
zsre-12848,0.8,1.0,0.0,5,5,5,0.0
zsre-12848,0.75,1.0,0.0,5,5,5,0.0
zsre-12848,0.7,1.0,0.0,5,5,5,0.0
zsre-12849,0.95,0.0,0.0,5,5,5,1.0
zsre-12849,0.9,0.0,0.0,5,5,5,1.0
zsre-12849,0.85,0.0,0.0,5,5,5,1.0
zsre-12849,0.8,0.0,0.0,5,5,5,1.0
zsre-12849,0.75,0.0,0.0,5,5,5,1.0
zsre-12849,0.7,1.0,0.0,5,5,5,0.0
zsre-1285,0.95,0.0,0.0,7,7,7,1.0
zsre-1285,0.9,0.0,0.0,7,7,7,1.0
zsre-1285,0.85,0.0,0.0,7,7,7,1.0
zsre-1285,0.8,0.0,0.0,7,7,7,1.0
zsre-1285,0.75,1.0,0.14285714285714285,7,7,7,0.14285714285714285
zsre-1285,0.7,1.0,0.14285714285714285,7,7,7,0.14285714285714285
zsre-1286,0.95,0.0,0.0,7,7,7,1.0
zsre-1286,0.9,0.0,0.0,7,7,7,1.0
zsre-1286,0.85,0.0,0.0,7,7,7,1.0
zsre-1286,0.8,0.0,0.0,7,7,7,1.0
zsre-1286,0.75,1.0,0.14285714285714285,7,7,7,0.14285714285714285
zsre-1286,0.7,1.0,0.14285714285714285,7,7,7,0.14285714285714285
zsre-12860,0.95,1.0,0.0,13,13,13,0.0
zsre-12860,0.9,1.0,0.0,13,13,13,0.0
zsre-12860,0.85,1.0,0.0,13,13,13,0.0
zsre-12860,0.8,1.0,0.0,13,13,13,0.0
zsre-12860,0.75,1.0,0.0,13,13,13,0.0
zsre-12860,0.7,1.0,0.0,13,13,13,0.0
zsre-12864,0.95,1.0,0.0,5,5,5,0.0
zsre-12864,0.9,1.0,0.0,5,5,5,0.0
zsre-12864,0.85,1.0,0.0,5,5,5,0.0
zsre-12864,0.8,1.0,0.0,5,5,5,0.0
zsre-12864,0.75,1.0,0.0,5,5,5,0.0
zsre-12864,0.7,1.0,0.0,5,5,5,0.0
zsre-12865,0.95,1.0,0.0,5,5,5,0.0
zsre-12865,0.9,1.0,0.0,5,5,5,0.0
zsre-12865,0.85,1.0,0.0,5,5,5,0.0
zsre-12865,0.8,1.0,0.0,5,5,5,0.0
zsre-12865,0.75,1.0,0.0,5,5,5,0.0
zsre-12865,0.7,1.0,0.0,5,5,5,0.0
zsre-12870,0.95,1.0,0.0,5,5,5,0.0
zsre-12870,0.9,1.0,0.0,5,5,5,0.0
zsre-12870,0.85,1.0,0.0,5,5,5,0.0
zsre-12870,0.8,1.0,0.0,5,5,5,0.0
zsre-12870,0.75,1.0,0.0,5,5,5,0.0
zsre-12870,0.7,1.0,0.0,5,5,5,0.0
zsre-12875,0.95,0.0,0.0,5,5,5,1.0
zsre-12875,0.9,0.0,0.0,5,5,5,1.0
zsre-12875,0.85,0.0,0.0,5,5,5,1.0
zsre-12875,0.8,1.0,0.0,5,5,5,0.0
zsre-12875,0.75,1.0,0.0,5,5,5,0.0
zsre-12875,0.7,1.0,0.0,5,5,5,0.0
zsre-12920,0.95,1.0,0.0,8,8,8,0.0
zsre-12920,0.9,1.0,0.0,8,8,8,0.0
zsre-12920,0.85,1.0,0.0,8,8,8,0.0
zsre-12920,0.8,1.0,0.0,8,8,8,0.0
zsre-12920,0.75,1.0,0.0,8,8,8,0.0
zsre-12920,0.7,1.0,0.0,8,8,8,0.0
zsre-12942,0.95,1.0,0.2,5,5,5,0.2
zsre-12942,0.9,1.0,0.2,5,5,5,0.2
zsre-12942,0.85,1.0,0.2,5,5,5,0.2
zsre-12942,0.8,1.0,0.2,5,5,5,0.2
zsre-12942,0.75,1.0,0.2,5,5,5,0.2
zsre-12942,0.7,1.0,0.2,5,5,5,0.2
zsre-12946,0.95,1.0,0.2,5,5,5,0.2
zsre-12946,0.9,1.0,0.2,5,5,5,0.2
zsre-12946,0.85,1.0,0.2,5,5,5,0.2
zsre-12946,0.8,1.0,0.2,5,5,5,0.2
zsre-12946,0.75,1.0,0.2,5,5,5,0.2
zsre-12946,0.7,1.0,0.2,5,5,5,0.2
zsre-12949,0.95,0.0,0.0,11,11,11,1.0
zsre-12949,0.9,0.0,0.0,11,11,11,1.0
zsre-12949,0.85,0.0,0.0,11,11,11,1.0
zsre-12949,0.8,0.0,0.0,11,11,11,1.0
zsre-12949,0.75,1.0,0.09090909090909091,11,11,11,0.09090909090909091
zsre-12949,0.7,1.0,0.09090909090909091,11,11,11,0.09090909090909091
zsre-12952,0.95,0.0,0.0,5,5,5,1.0
zsre-12952,0.9,0.0,0.0,5,5,5,1.0
zsre-12952,0.85,0.0,0.0,5,5,5,1.0
zsre-12952,0.8,1.0,0.2,5,5,5,0.2
zsre-12952,0.75,1.0,0.2,5,5,5,0.2
zsre-12952,0.7,1.0,0.2,5,5,5,0.2
zsre-12958,0.95,0.0,0.0,5,5,5,1.0
zsre-12958,0.9,0.0,0.0,5,5,5,1.0
zsre-12958,0.85,0.0,0.0,5,5,5,1.0
zsre-12958,0.8,0.0,0.0,5,5,5,1.0
zsre-12958,0.75,1.0,0.0,5,5,5,0.0
zsre-12958,0.7,1.0,0.0,5,5,5,0.0
zsre-12968,0.95,1.0,0.0,12,12,12,0.0
zsre-12968,0.9,1.0,0.0,12,12,12,0.0
zsre-12968,0.85,1.0,0.0,12,12,12,0.0
zsre-12968,0.8,1.0,0.0,12,12,12,0.0
zsre-12968,0.75,1.0,0.0,12,12,12,0.0
zsre-12968,0.7,1.0,0.0,12,12,12,0.0
zsre-12998,0.95,1.0,0.0,5,5,5,0.0
zsre-12998,0.9,1.0,0.0,5,5,5,0.0
zsre-12998,0.85,1.0,0.0,5,5,5,0.0
zsre-12998,0.8,1.0,0.0,5,5,5,0.0
zsre-12998,0.75,1.0,0.0,5,5,5,0.0
zsre-12998,0.7,1.0,0.0,5,5,5,0.0
zsre-13,0.95,0.0,0.0,10,10,10,1.0
zsre-13,0.9,0.0,0.0,10,10,10,1.0
zsre-13,0.85,0.0,0.0,10,10,10,1.0
zsre-13,0.8,0.0,0.0,10,10,10,1.0
zsre-13,0.75,1.0,0.1,10,10,10,0.1
zsre-13,0.7,1.0,0.1,10,10,10,0.1
zsre-1301,0.95,1.0,0.0,5,5,5,0.0
zsre-1301,0.9,1.0,0.0,5,5,5,0.0
zsre-1301,0.85,1.0,0.0,5,5,5,0.0
zsre-1301,0.8,1.0,0.0,5,5,5,0.0
zsre-1301,0.75,1.0,0.0,5,5,5,0.0
zsre-1301,0.7,1.0,0.0,5,5,5,0.0
zsre-13021,0.95,0.0,0.07692307692307693,13,13,13,1.0769230769230769
zsre-13021,0.9,1.0,0.15384615384615385,13,13,13,0.15384615384615385
zsre-13021,0.85,1.0,0.0,13,13,13,0.0
zsre-13021,0.8,1.0,0.15384615384615385,13,13,13,0.15384615384615385
zsre-13021,0.75,1.0,0.23076923076923078,13,13,13,0.23076923076923078
zsre-13021,0.7,1.0,0.23076923076923078,13,13,13,0.23076923076923078
zsre-13022,0.95,1.0,0.0,10,10,10,0.0
zsre-13022,0.9,0.0,0.0,10,10,10,1.0
zsre-13022,0.85,0.0,0.0,10,10,10,1.0
zsre-13022,0.8,1.0,0.1,10,10,10,0.1
zsre-13022,0.75,1.0,0.2,10,10,10,0.2
zsre-13022,0.7,1.0,0.3,10,10,10,0.3
zsre-13023,0.95,0.0,0.0,17,17,17,1.0
zsre-13023,0.9,0.0,0.17647058823529413,17,17,17,1.1764705882352942
zsre-13023,0.85,0.0,0.0,17,17,17,1.0
zsre-13023,0.8,0.0,0.0,17,17,17,1.0
zsre-13023,0.75,1.0,0.17647058823529413,17,17,17,0.17647058823529413
zsre-13023,0.7,1.0,0.17647058823529413,17,17,17,0.17647058823529413
zsre-13024,0.95,0.0,0.058823529411764705,17,17,17,1.0588235294117647
zsre-13024,0.9,0.0,0.058823529411764705,17,17,17,1.0588235294117647
zsre-13024,0.85,0.0,0.058823529411764705,17,17,17,1.0588235294117647
zsre-13024,0.8,1.0,0.17647058823529413,17,17,17,0.17647058823529413
zsre-13024,0.75,1.0,0.17647058823529413,17,17,17,0.17647058823529413
zsre-13024,0.7,1.0,0.17647058823529413,17,17,17,0.17647058823529413
zsre-13041,0.95,1.0,0.0,5,5,5,0.0
zsre-13041,0.9,1.0,0.0,5,5,5,0.0
zsre-13041,0.85,1.0,0.0,5,5,5,0.0
zsre-13041,0.8,1.0,0.0,5,5,5,0.0
zsre-13041,0.75,1.0,0.0,5,5,5,0.0
zsre-13041,0.7,1.0,0.0,5,5,5,0.0
zsre-13060,0.95,1.0,0.0,5,5,5,0.0
zsre-13060,0.9,1.0,0.0,5,5,5,0.0
zsre-13060,0.85,1.0,0.0,5,5,5,0.0
zsre-13060,0.8,1.0,0.0,5,5,5,0.0
zsre-13060,0.75,1.0,0.0,5,5,5,0.0
zsre-13060,0.7,1.0,0.0,5,5,5,0.0
zsre-13113,0.95,0.0,0.0,5,5,5,1.0
zsre-13113,0.9,0.0,0.0,5,5,5,1.0
zsre-13113,0.85,0.0,0.0,5,5,5,1.0
zsre-13113,0.8,0.0,0.0,5,5,5,1.0
zsre-13113,0.75,0.0,0.0,5,5,5,1.0
zsre-13113,0.7,1.0,0.0,5,5,5,0.0
zsre-13134,0.95,1.0,0.0,5,5,5,0.0
zsre-13134,0.9,1.0,0.0,5,5,5,0.0
zsre-13134,0.85,1.0,0.0,5,5,5,0.0
zsre-13134,0.8,1.0,0.0,5,5,5,0.0
zsre-13134,0.75,1.0,0.0,5,5,5,0.0
zsre-13134,0.7,1.0,0.0,5,5,5,0.0
zsre-13152,0.95,0.0,0.0,5,5,5,1.0
zsre-13152,0.9,0.0,0.0,5,5,5,1.0
zsre-13152,0.85,0.0,0.0,5,5,5,1.0
zsre-13152,0.8,0.0,0.0,5,5,5,1.0
zsre-13152,0.75,1.0,0.0,5,5,5,0.0
zsre-13152,0.7,1.0,0.0,5,5,5,0.0
zsre-13156,0.95,1.0,0.0,5,5,5,0.0
zsre-13156,0.9,1.0,0.0,5,5,5,0.0
zsre-13156,0.85,1.0,0.0,5,5,5,0.0
zsre-13156,0.8,1.0,0.0,5,5,5,0.0
zsre-13156,0.75,1.0,0.0,5,5,5,0.0
zsre-13156,0.7,1.0,0.0,5,5,5,0.0
zsre-13163,0.95,0.0,0.0,5,5,5,1.0
zsre-13163,0.9,0.0,0.0,5,5,5,1.0
zsre-13163,0.85,0.0,0.0,5,5,5,1.0
zsre-13163,0.8,0.0,0.0,5,5,5,1.0
zsre-13163,0.75,1.0,0.0,5,5,5,0.0
zsre-13163,0.7,1.0,0.0,5,5,5,0.0
zsre-13176,0.95,1.0,0.2,5,5,5,0.2
zsre-13176,0.9,1.0,0.2,5,5,5,0.2
zsre-13176,0.85,1.0,0.2,5,5,5,0.2
zsre-13176,0.8,1.0,0.2,5,5,5,0.2
zsre-13176,0.75,1.0,0.2,5,5,5,0.2
zsre-13176,0.7,1.0,0.2,5,5,5,0.2
zsre-13179,0.95,1.0,0.2,5,5,5,0.2
zsre-13179,0.9,1.0,0.2,5,5,5,0.2
zsre-13179,0.85,1.0,0.2,5,5,5,0.2
zsre-13179,0.8,1.0,0.2,5,5,5,0.2
zsre-13179,0.75,1.0,0.2,5,5,5,0.2
zsre-13179,0.7,1.0,0.2,5,5,5,0.2
zsre-13203,0.95,0.0,0.0,7,7,7,1.0
zsre-13203,0.9,0.0,0.0,7,7,7,1.0
zsre-13203,0.85,0.0,0.0,7,7,7,1.0
zsre-13203,0.8,0.0,0.0,7,7,7,1.0
zsre-13203,0.75,1.0,0.0,7,7,7,0.0
zsre-13203,0.7,1.0,0.0,7,7,7,0.0
zsre-1321,0.95,1.0,0.0,5,5,5,0.0
zsre-1321,0.9,1.0,0.0,5,5,5,0.0
zsre-1321,0.85,1.0,0.0,5,5,5,0.0
zsre-1321,0.8,1.0,0.0,5,5,5,0.0
zsre-1321,0.75,0.0,0.0,5,5,5,1.0
zsre-1321,0.7,1.0,0.0,5,5,5,0.0
zsre-13248,0.95,0.0,0.0,20,20,20,1.0
zsre-13248,0.9,0.0,0.0,20,20,20,1.0
zsre-13248,0.85,0.0,0.0,20,20,20,1.0
zsre-13248,0.8,0.0,0.0,20,20,20,1.0
zsre-13248,0.75,0.0,0.0,20,20,20,1.0
zsre-13248,0.7,1.0,0.0,20,20,20,0.0
zsre-13268,0.95,1.0,0.0,5,5,5,0.0
zsre-13268,0.9,1.0,0.0,5,5,5,0.0
zsre-13268,0.85,1.0,0.0,5,5,5,0.0
zsre-13268,0.8,1.0,0.0,5,5,5,0.0
zsre-13268,0.75,1.0,0.0,5,5,5,0.0
zsre-13268,0.7,1.0,0.0,5,5,5,0.0
zsre-13271,0.95,0.0,0.0,5,5,5,1.0
zsre-13271,0.9,0.0,0.0,5,5,5,1.0
zsre-13271,0.85,0.0,0.0,5,5,5,1.0
zsre-13271,0.8,0.0,0.0,5,5,5,1.0
zsre-13271,0.75,0.0,0.0,5,5,5,1.0
zsre-13271,0.7,1.0,0.0,5,5,5,0.0
zsre-13272,0.95,0.0,0.0,20,20,20,1.0
zsre-13272,0.9,0.0,0.0,20,20,20,1.0
zsre-13272,0.85,0.0,0.0,20,20,20,1.0
zsre-13272,0.8,1.0,0.15,20,20,20,0.15
zsre-13272,0.75,1.0,0.15,20,20,20,0.15
zsre-13272,0.7,1.0,0.15,20,20,20,0.15
zsre-13273,0.95,0.0,0.0,20,20,20,1.0
zsre-13273,0.9,0.0,0.0,20,20,20,1.0
zsre-13273,0.85,0.0,0.0,20,20,20,1.0
zsre-13273,0.8,1.0,0.15,20,20,20,0.15
zsre-13273,0.75,1.0,0.15,20,20,20,0.15
zsre-13273,0.7,1.0,0.15,20,20,20,0.15
zsre-13274,0.95,0.0,0.0,20,20,20,1.0
zsre-13274,0.9,0.0,0.0,20,20,20,1.0
zsre-13274,0.85,0.0,0.0,20,20,20,1.0
zsre-13274,0.8,0.0,0.0,20,20,20,1.0
zsre-13274,0.75,1.0,0.15,20,20,20,0.15
zsre-13274,0.7,1.0,0.15,20,20,20,0.15
zsre-13275,0.95,0.0,0.0,20,20,20,1.0
zsre-13275,0.9,0.0,0.0,20,20,20,1.0
zsre-13275,0.85,0.0,0.0,20,20,20,1.0
zsre-13275,0.8,1.0,0.15,20,20,20,0.15
zsre-13275,0.75,1.0,0.15,20,20,20,0.15
zsre-13275,0.7,1.0,0.15,20,20,20,0.15
zsre-13286,0.95,1.0,0.0,5,5,5,0.0
zsre-13286,0.9,1.0,0.0,5,5,5,0.0
zsre-13286,0.85,1.0,0.0,5,5,5,0.0
zsre-13286,0.8,1.0,0.0,5,5,5,0.0
zsre-13286,0.75,1.0,0.0,5,5,5,0.0
zsre-13286,0.7,1.0,0.0,5,5,5,0.0
zsre-13297,0.95,1.0,0.6,5,5,5,0.6
zsre-13297,0.9,1.0,0.6,5,5,5,0.6
zsre-13297,0.85,1.0,0.6,5,5,5,0.6
zsre-13297,0.8,1.0,0.6,5,5,5,0.6
zsre-13297,0.75,1.0,0.6,5,5,5,0.6
zsre-13297,0.7,1.0,1.0,5,5,5,1.0
zsre-13298,0.95,0.0,0.8,5,5,5,1.8
zsre-13298,0.9,0.0,0.8,5,5,5,1.8
zsre-13298,0.85,0.0,0.8,5,5,5,1.8
zsre-13298,0.8,0.0,0.8,5,5,5,1.8
zsre-13298,0.75,0.0,0.8,5,5,5,1.8
zsre-13298,0.7,1.0,0.8,5,5,5,0.8
zsre-13299,0.95,1.0,0.5,6,6,6,0.5
zsre-13299,0.9,1.0,0.5,6,6,6,0.5
zsre-13299,0.85,1.0,0.5,6,6,6,0.5
zsre-13299,0.8,1.0,0.5,6,6,6,0.5
zsre-13299,0.75,1.0,0.5,6,6,6,0.5
zsre-13299,0.7,1.0,0.3333333333333333,6,6,6,0.3333333333333333
zsre-13300,0.95,0.0,0.8,5,5,5,1.8
zsre-13300,0.9,0.0,0.8,5,5,5,1.8
zsre-13300,0.85,0.0,0.8,5,5,5,1.8
zsre-13300,0.8,0.0,0.8,5,5,5,1.8
zsre-13300,0.75,0.0,0.8,5,5,5,1.8
zsre-13300,0.7,1.0,1.0,5,5,5,1.0
zsre-13303,0.95,1.0,0.5,6,6,6,0.5
zsre-13303,0.9,1.0,0.5,6,6,6,0.5
zsre-13303,0.85,1.0,0.5,6,6,6,0.5
zsre-13303,0.8,1.0,0.5,6,6,6,0.5
zsre-13303,0.75,1.0,0.5,6,6,6,0.5
zsre-13303,0.7,1.0,0.5,6,6,6,0.5
zsre-13304,0.95,1.0,0.6,5,5,5,0.6
zsre-13304,0.9,1.0,0.6,5,5,5,0.6
zsre-13304,0.85,1.0,0.6,5,5,5,0.6
zsre-13304,0.8,1.0,0.6,5,5,5,0.6
zsre-13304,0.75,1.0,0.6,5,5,5,0.6
zsre-13304,0.7,1.0,0.6,5,5,5,0.6
zsre-13313,0.95,0.0,0.0,5,5,5,1.0
zsre-13313,0.9,0.0,0.0,5,5,5,1.0
zsre-13313,0.85,0.0,0.0,5,5,5,1.0
zsre-13313,0.8,1.0,0.0,5,5,5,0.0
zsre-13313,0.75,1.0,0.0,5,5,5,0.0
zsre-13313,0.7,1.0,0.0,5,5,5,0.0
zsre-13338,0.95,1.0,0.0,5,5,5,0.0
zsre-13338,0.9,1.0,0.0,5,5,5,0.0
zsre-13338,0.85,1.0,0.0,5,5,5,0.0
zsre-13338,0.8,1.0,0.0,5,5,5,0.0
zsre-13338,0.75,1.0,0.0,5,5,5,0.0
zsre-13338,0.7,1.0,0.0,5,5,5,0.0
zsre-13340,0.95,0.0,0.0,5,5,5,1.0
zsre-13340,0.9,0.0,0.0,5,5,5,1.0
zsre-13340,0.85,1.0,0.0,5,5,5,0.0
zsre-13340,0.8,1.0,0.0,5,5,5,0.0
zsre-13340,0.75,1.0,0.0,5,5,5,0.0
zsre-13340,0.7,1.0,0.0,5,5,5,0.0
zsre-13355,0.95,1.0,0.0,5,5,5,0.0
zsre-13355,0.9,1.0,0.0,5,5,5,0.0
zsre-13355,0.85,1.0,0.0,5,5,5,0.0
zsre-13355,0.8,1.0,0.0,5,5,5,0.0
zsre-13355,0.75,1.0,0.0,5,5,5,0.0
zsre-13355,0.7,1.0,0.0,5,5,5,0.0
zsre-13359,0.95,0.0,0.0,5,5,5,1.0
zsre-13359,0.9,0.0,0.0,5,5,5,1.0
zsre-13359,0.85,0.0,0.0,5,5,5,1.0
zsre-13359,0.8,0.0,0.0,5,5,5,1.0
zsre-13359,0.75,1.0,0.6,5,5,5,0.6
zsre-13359,0.7,1.0,0.6,5,5,5,0.6
zsre-13360,0.95,0.0,0.0,5,5,5,1.0
zsre-13360,0.9,0.0,0.0,5,5,5,1.0
zsre-13360,0.85,0.0,0.0,5,5,5,1.0
zsre-13360,0.8,0.0,0.0,5,5,5,1.0
zsre-13360,0.75,1.0,0.6,5,5,5,0.6
zsre-13360,0.7,1.0,0.6,5,5,5,0.6
zsre-13361,0.95,0.0,0.0,5,5,5,1.0
zsre-13361,0.9,0.0,0.0,5,5,5,1.0
zsre-13361,0.85,0.0,0.0,5,5,5,1.0
zsre-13361,0.8,0.0,0.0,5,5,5,1.0
zsre-13361,0.75,1.0,0.6,5,5,5,0.6
zsre-13361,0.7,1.0,0.6,5,5,5,0.6
zsre-13362,0.95,0.0,0.0,5,5,5,1.0
zsre-13362,0.9,0.0,0.0,5,5,5,1.0
zsre-13362,0.85,0.0,0.0,5,5,5,1.0
zsre-13362,0.8,0.0,0.0,5,5,5,1.0
zsre-13362,0.75,1.0,0.6,5,5,5,0.6
zsre-13362,0.7,1.0,0.6,5,5,5,0.6
zsre-13373,0.95,1.0,0.2,5,5,5,0.2
zsre-13373,0.9,1.0,0.2,5,5,5,0.2
zsre-13373,0.85,1.0,0.2,5,5,5,0.2
zsre-13373,0.8,1.0,0.2,5,5,5,0.2
zsre-13373,0.75,1.0,0.2,5,5,5,0.2
zsre-13373,0.7,1.0,0.2,5,5,5,0.2
zsre-13374,0.95,1.0,0.2,5,5,5,0.2
zsre-13374,0.9,1.0,0.2,5,5,5,0.2
zsre-13374,0.85,1.0,0.2,5,5,5,0.2
zsre-13374,0.8,1.0,0.2,5,5,5,0.2
zsre-13374,0.75,1.0,0.2,5,5,5,0.2
zsre-13374,0.7,1.0,0.2,5,5,5,0.2
zsre-1338,0.95,0.0,0.0,5,5,5,1.0
zsre-1338,0.9,0.0,0.0,5,5,5,1.0
zsre-1338,0.85,0.0,0.0,5,5,5,1.0
zsre-1338,0.8,0.0,0.0,5,5,5,1.0
zsre-1338,0.75,1.0,0.0,5,5,5,0.0
zsre-1338,0.7,1.0,0.0,5,5,5,0.0
zsre-13383,0.95,0.0,0.0,5,5,5,1.0
zsre-13383,0.9,0.0,0.0,5,5,5,1.0
zsre-13383,0.85,0.0,0.0,5,5,5,1.0
zsre-13383,0.8,0.0,0.0,5,5,5,1.0
zsre-13383,0.75,0.0,0.0,5,5,5,1.0
zsre-13383,0.7,1.0,0.0,5,5,5,0.0
zsre-13385,0.95,0.0,0.0,5,5,5,1.0
zsre-13385,0.9,0.0,0.0,5,5,5,1.0
zsre-13385,0.85,0.0,0.0,5,5,5,1.0
zsre-13385,0.8,0.0,0.0,5,5,5,1.0
zsre-13385,0.75,0.0,0.0,5,5,5,1.0
zsre-13385,0.7,1.0,0.0,5,5,5,0.0
zsre-13390,0.95,1.0,0.0,5,5,5,0.0
zsre-13390,0.9,1.0,0.0,5,5,5,0.0
zsre-13390,0.85,1.0,0.0,5,5,5,0.0
zsre-13390,0.8,1.0,0.0,5,5,5,0.0
zsre-13390,0.75,1.0,0.0,5,5,5,0.0
zsre-13390,0.7,1.0,0.0,5,5,5,0.0
zsre-13411,0.95,1.0,0.0,5,5,5,0.0
zsre-13411,0.9,1.0,0.0,5,5,5,0.0
zsre-13411,0.85,1.0,0.0,5,5,5,0.0
zsre-13411,0.8,1.0,0.0,5,5,5,0.0
zsre-13411,0.75,1.0,0.0,5,5,5,0.0
zsre-13411,0.7,1.0,0.0,5,5,5,0.0
zsre-13419,0.95,1.0,0.0,5,5,5,0.0
zsre-13419,0.9,1.0,0.0,5,5,5,0.0
zsre-13419,0.85,1.0,0.0,5,5,5,0.0
zsre-13419,0.8,1.0,0.0,5,5,5,0.0
zsre-13419,0.75,1.0,0.0,5,5,5,0.0
zsre-13419,0.7,1.0,0.0,5,5,5,0.0
zsre-13421,0.95,1.0,0.0,8,8,8,0.0
zsre-13421,0.9,1.0,0.0,8,8,8,0.0
zsre-13421,0.85,1.0,0.0,8,8,8,0.0
zsre-13421,0.8,1.0,0.0,8,8,8,0.0
zsre-13421,0.75,1.0,0.0,8,8,8,0.0
zsre-13421,0.7,1.0,0.0,8,8,8,0.0
zsre-13422,0.95,0.0,0.0,9,9,9,1.0
zsre-13422,0.9,0.0,0.0,9,9,9,1.0
zsre-13422,0.85,0.0,0.0,9,9,9,1.0
zsre-13422,0.8,0.0,0.0,9,9,9,1.0
zsre-13422,0.75,0.0,0.0,9,9,9,1.0
zsre-13422,0.7,1.0,0.0,9,9,9,0.0
zsre-13423,0.95,0.0,0.0,9,9,9,1.0
zsre-13423,0.9,0.0,0.0,9,9,9,1.0
zsre-13423,0.85,0.0,0.0,9,9,9,1.0
zsre-13423,0.8,0.0,0.0,9,9,9,1.0
zsre-13423,0.75,0.0,0.0,9,9,9,1.0
zsre-13423,0.7,0.0,0.0,9,9,9,1.0
zsre-13425,0.95,0.0,0.0,5,5,5,1.0
zsre-13425,0.9,0.0,0.0,5,5,5,1.0
zsre-13425,0.85,0.0,0.0,5,5,5,1.0
zsre-13425,0.8,0.0,0.0,5,5,5,1.0
zsre-13425,0.75,1.0,0.0,5,5,5,0.0
zsre-13425,0.7,1.0,0.0,5,5,5,0.0
zsre-13429,0.95,1.0,0.0,5,5,5,0.0
zsre-13429,0.9,1.0,0.0,5,5,5,0.0
zsre-13429,0.85,1.0,0.0,5,5,5,0.0
zsre-13429,0.8,1.0,0.0,5,5,5,0.0
zsre-13429,0.75,1.0,0.0,5,5,5,0.0
zsre-13429,0.7,1.0,0.0,5,5,5,0.0
zsre-13442,0.95,0.0,0.0,20,20,20,1.0
zsre-13442,0.9,0.0,0.0,20,20,20,1.0
zsre-13442,0.85,0.0,0.0,20,20,20,1.0
zsre-13442,0.8,0.0,0.0,20,20,20,1.0
zsre-13442,0.75,1.0,0.0,20,20,20,0.0
zsre-13442,0.7,1.0,0.0,20,20,20,0.0
zsre-13446,0.95,0.0,0.0,5,5,5,1.0
zsre-13446,0.9,0.0,0.0,5,5,5,1.0
zsre-13446,0.85,0.0,0.0,5,5,5,1.0
zsre-13446,0.8,0.0,0.0,5,5,5,1.0
zsre-13446,0.75,0.0,0.0,5,5,5,1.0
zsre-13446,0.7,1.0,0.0,5,5,5,0.0
zsre-13448,0.95,0.0,0.0,5,5,5,1.0
zsre-13448,0.9,0.0,0.0,5,5,5,1.0
zsre-13448,0.85,0.0,0.0,5,5,5,1.0
zsre-13448,0.8,0.0,0.0,5,5,5,1.0
zsre-13448,0.75,1.0,0.0,5,5,5,0.0
zsre-13448,0.7,1.0,0.0,5,5,5,0.0
zsre-13451,0.95,1.0,0.0,16,16,16,0.0
zsre-13451,0.9,1.0,0.0,16,16,16,0.0
zsre-13451,0.85,1.0,0.0,16,16,16,0.0
zsre-13451,0.8,1.0,0.0,16,16,16,0.0
zsre-13451,0.75,1.0,0.0,16,16,16,0.0
zsre-13451,0.7,1.0,0.0,16,16,16,0.0
zsre-13457,0.95,1.0,0.0,5,5,5,0.0
zsre-13457,0.9,1.0,0.0,5,5,5,0.0
zsre-13457,0.85,1.0,0.0,5,5,5,0.0
zsre-13457,0.8,1.0,0.0,5,5,5,0.0
zsre-13457,0.75,1.0,0.0,5,5,5,0.0
zsre-13457,0.7,1.0,0.0,5,5,5,0.0
zsre-13489,0.95,1.0,0.0,5,5,5,0.0
zsre-13489,0.9,1.0,0.0,5,5,5,0.0
zsre-13489,0.85,1.0,0.0,5,5,5,0.0
zsre-13489,0.8,1.0,0.0,5,5,5,0.0
zsre-13489,0.75,1.0,0.0,5,5,5,0.0
zsre-13489,0.7,1.0,0.0,5,5,5,0.0
zsre-13490,0.95,1.0,0.0,5,5,5,0.0
zsre-13490,0.9,1.0,0.0,5,5,5,0.0
zsre-13490,0.85,1.0,0.0,5,5,5,0.0
zsre-13490,0.8,1.0,0.0,5,5,5,0.0
zsre-13490,0.75,1.0,0.0,5,5,5,0.0
zsre-13490,0.7,1.0,0.0,5,5,5,0.0
zsre-13495,0.95,1.0,0.0,5,5,5,0.0
zsre-13495,0.9,1.0,0.0,5,5,5,0.0
zsre-13495,0.85,1.0,0.0,5,5,5,0.0
zsre-13495,0.8,1.0,0.0,5,5,5,0.0
zsre-13495,0.75,1.0,0.0,5,5,5,0.0
zsre-13495,0.7,1.0,0.0,5,5,5,0.0
zsre-13498,0.95,1.0,0.0,7,7,7,0.0
zsre-13498,0.9,1.0,0.0,7,7,7,0.0
zsre-13498,0.85,1.0,0.0,7,7,7,0.0
zsre-13498,0.8,1.0,0.0,7,7,7,0.0
zsre-13498,0.75,1.0,0.0,7,7,7,0.0
zsre-13498,0.7,1.0,0.0,7,7,7,0.0
zsre-13533,0.95,1.0,0.0,17,17,17,0.0
zsre-13533,0.9,1.0,0.0,17,17,17,0.0
zsre-13533,0.85,1.0,0.0,17,17,17,0.0
zsre-13533,0.8,1.0,0.0,17,17,17,0.0
zsre-13533,0.75,1.0,0.0,17,17,17,0.0
zsre-13533,0.7,1.0,0.0,17,17,17,0.0
zsre-13550,0.95,0.0,0.0,20,20,20,1.0
zsre-13550,0.9,0.0,0.0,20,20,20,1.0
zsre-13550,0.85,0.0,0.0,20,20,20,1.0
zsre-13550,0.8,0.0,0.0,20,20,20,1.0
zsre-13550,0.75,0.0,0.0,20,20,20,1.0
zsre-13550,0.7,1.0,0.0,20,20,20,0.0
zsre-13596,0.95,1.0,0.0,5,5,5,0.0
zsre-13596,0.9,1.0,0.0,5,5,5,0.0
zsre-13596,0.85,1.0,0.0,5,5,5,0.0
zsre-13596,0.8,1.0,0.0,5,5,5,0.0
zsre-13596,0.75,1.0,0.0,5,5,5,0.0
zsre-13596,0.7,1.0,0.0,5,5,5,0.0
zsre-13604,0.95,0.0,0.0,20,20,20,1.0
zsre-13604,0.9,0.0,0.0,20,20,20,1.0
zsre-13604,0.85,0.0,0.0,20,20,20,1.0
zsre-13604,0.8,0.0,0.0,20,20,20,1.0
zsre-13604,0.75,1.0,0.05,20,20,20,0.05
zsre-13604,0.7,1.0,0.05,20,20,20,0.05
zsre-13606,0.95,0.0,0.0,20,20,20,1.0
zsre-13606,0.9,0.0,0.0,20,20,20,1.0
zsre-13606,0.85,0.0,0.0,20,20,20,1.0
zsre-13606,0.8,1.0,0.05,20,20,20,0.05
zsre-13606,0.75,1.0,0.05,20,20,20,0.05
zsre-13606,0.7,1.0,0.05,20,20,20,0.05
zsre-13624,0.95,1.0,0.0,5,5,5,0.0
zsre-13624,0.9,1.0,0.0,5,5,5,0.0
zsre-13624,0.85,1.0,0.0,5,5,5,0.0
zsre-13624,0.8,1.0,0.0,5,5,5,0.0
zsre-13624,0.75,1.0,0.0,5,5,5,0.0
zsre-13624,0.7,1.0,0.0,5,5,5,0.0
zsre-13627,0.95,0.0,0.0,5,5,5,1.0
zsre-13627,0.9,0.0,0.0,5,5,5,1.0
zsre-13627,0.85,0.0,0.0,5,5,5,1.0
zsre-13627,0.8,1.0,0.0,5,5,5,0.0
zsre-13627,0.75,1.0,0.0,5,5,5,0.0
zsre-13627,0.7,1.0,0.0,5,5,5,0.0
zsre-13632,0.95,1.0,0.0,5,5,5,0.0
zsre-13632,0.9,1.0,0.0,5,5,5,0.0
zsre-13632,0.85,1.0,0.0,5,5,5,0.0
zsre-13632,0.8,1.0,0.0,5,5,5,0.0
zsre-13632,0.75,1.0,0.0,5,5,5,0.0
zsre-13632,0.7,1.0,0.0,5,5,5,0.0
zsre-13634,0.95,0.0,0.0,15,15,15,1.0
zsre-13634,0.9,0.0,0.0,15,15,15,1.0
zsre-13634,0.85,0.0,0.0,15,15,15,1.0
zsre-13634,0.8,1.0,0.0,15,15,15,0.0
zsre-13634,0.75,1.0,0.0,15,15,15,0.0
zsre-13634,0.7,1.0,0.06666666666666667,15,15,15,0.06666666666666667
zsre-13635,0.95,0.0,0.0,14,14,14,1.0
zsre-13635,0.9,0.0,0.0,14,14,14,1.0
zsre-13635,0.85,0.0,0.0,14,14,14,1.0
zsre-13635,0.8,0.0,0.0,14,14,14,1.0
zsre-13635,0.75,1.0,0.07142857142857142,14,14,14,0.07142857142857142
zsre-13635,0.7,1.0,0.07142857142857142,14,14,14,0.07142857142857142
zsre-13639,0.95,1.0,0.0,5,5,5,0.0
zsre-13639,0.9,1.0,0.0,5,5,5,0.0
zsre-13639,0.85,1.0,0.0,5,5,5,0.0
zsre-13639,0.8,1.0,0.0,5,5,5,0.0
zsre-13639,0.75,1.0,0.0,5,5,5,0.0
zsre-13639,0.7,1.0,0.0,5,5,5,0.0
zsre-13659,0.95,0.0,0.0,5,5,5,1.0
zsre-13659,0.9,0.0,0.0,5,5,5,1.0
zsre-13659,0.85,0.0,0.0,5,5,5,1.0
zsre-13659,0.8,0.0,0.0,5,5,5,1.0
zsre-13659,0.75,1.0,0.0,5,5,5,0.0
zsre-13659,0.7,1.0,0.0,5,5,5,0.0
zsre-13660,0.95,1.0,0.0,9,9,9,0.0
zsre-13660,0.9,1.0,0.0,9,9,9,0.0
zsre-13660,0.85,1.0,0.0,9,9,9,0.0
zsre-13660,0.8,1.0,0.0,9,9,9,0.0
zsre-13660,0.75,1.0,0.0,9,9,9,0.0
zsre-13660,0.7,1.0,0.0,9,9,9,0.0
zsre-13662,0.95,0.0,0.0,5,5,5,1.0
zsre-13662,0.9,0.0,0.0,5,5,5,1.0
zsre-13662,0.85,0.0,0.0,5,5,5,1.0
zsre-13662,0.8,0.0,0.0,5,5,5,1.0
zsre-13662,0.75,1.0,0.0,5,5,5,0.0
zsre-13662,0.7,1.0,0.0,5,5,5,0.0
zsre-13671,0.95,1.0,0.0,5,5,5,0.0
zsre-13671,0.9,1.0,0.0,5,5,5,0.0
zsre-13671,0.85,1.0,0.0,5,5,5,0.0
zsre-13671,0.8,1.0,0.0,5,5,5,0.0
zsre-13671,0.75,1.0,0.0,5,5,5,0.0
zsre-13671,0.7,1.0,0.0,5,5,5,0.0
zsre-13687,0.95,1.0,0.05,20,20,20,0.05
zsre-13687,0.9,1.0,0.05,20,20,20,0.05
zsre-13687,0.85,1.0,0.05,20,20,20,0.05
zsre-13687,0.8,1.0,0.05,20,20,20,0.05
zsre-13687,0.75,1.0,0.05,20,20,20,0.05
zsre-13687,0.7,1.0,0.05,20,20,20,0.05
zsre-13688,0.95,1.0,0.05,20,20,20,0.05
zsre-13688,0.9,1.0,0.05,20,20,20,0.05
zsre-13688,0.85,1.0,0.05,20,20,20,0.05
zsre-13688,0.8,1.0,0.05,20,20,20,0.05
zsre-13688,0.75,1.0,0.05,20,20,20,0.05
zsre-13688,0.7,1.0,0.05,20,20,20,0.05
zsre-13707,0.95,0.0,0.0,5,5,5,1.0
zsre-13707,0.9,0.0,0.0,5,5,5,1.0
zsre-13707,0.85,0.0,0.0,5,5,5,1.0
zsre-13707,0.8,0.0,0.0,5,5,5,1.0
zsre-13707,0.75,1.0,0.0,5,5,5,0.0
zsre-13707,0.7,1.0,0.0,5,5,5,0.0
zsre-13762,0.95,0.0,0.0,9,9,9,1.0
zsre-13762,0.9,0.0,0.0,9,9,9,1.0
zsre-13762,0.85,0.0,0.0,9,9,9,1.0
zsre-13762,0.8,1.0,0.0,9,9,9,0.0
zsre-13762,0.75,1.0,0.0,9,9,9,0.0
zsre-13762,0.7,1.0,0.0,9,9,9,0.0
zsre-13833,0.95,1.0,0.0,5,5,5,0.0
zsre-13833,0.9,1.0,0.0,5,5,5,0.0
zsre-13833,0.85,1.0,0.0,5,5,5,0.0
zsre-13833,0.8,1.0,0.0,5,5,5,0.0
zsre-13833,0.75,1.0,0.0,5,5,5,0.0
zsre-13833,0.7,1.0,0.0,5,5,5,0.0
zsre-13841,0.95,0.0,0.0,13,13,13,1.0
zsre-13841,0.9,0.0,0.0,13,13,13,1.0
zsre-13841,0.85,0.0,0.0,13,13,13,1.0
zsre-13841,0.8,1.0,0.0,13,13,13,0.0
zsre-13841,0.75,1.0,0.0,13,13,13,0.0
zsre-13841,0.7,1.0,0.0,13,13,13,0.0
zsre-13861,0.95,0.0,0.0,5,5,5,1.0
zsre-13861,0.9,0.0,0.0,5,5,5,1.0
zsre-13861,0.85,0.0,0.0,5,5,5,1.0
zsre-13861,0.8,1.0,0.0,5,5,5,0.0
zsre-13861,0.75,1.0,0.0,5,5,5,0.0
zsre-13861,0.7,1.0,0.0,5,5,5,0.0
zsre-13881,0.95,0.0,0.0,5,5,5,1.0
zsre-13881,0.9,0.0,0.0,5,5,5,1.0
zsre-13881,0.85,0.0,0.0,5,5,5,1.0
zsre-13881,0.8,0.0,0.0,5,5,5,1.0
zsre-13881,0.75,1.0,0.0,5,5,5,0.0
zsre-13881,0.7,1.0,0.0,5,5,5,0.0
zsre-13882,0.95,0.0,0.0,5,5,5,1.0
zsre-13882,0.9,0.0,0.0,5,5,5,1.0
zsre-13882,0.85,0.0,0.0,5,5,5,1.0
zsre-13882,0.8,0.0,0.0,5,5,5,1.0
zsre-13882,0.75,0.0,0.0,5,5,5,1.0
zsre-13882,0.7,1.0,0.0,5,5,5,0.0
zsre-13904,0.95,1.0,0.0,5,5,5,0.0
zsre-13904,0.9,1.0,0.0,5,5,5,0.0
zsre-13904,0.85,1.0,0.0,5,5,5,0.0
zsre-13904,0.8,1.0,0.0,5,5,5,0.0
zsre-13904,0.75,1.0,0.0,5,5,5,0.0
zsre-13904,0.7,1.0,0.0,5,5,5,0.0
zsre-13916,0.95,0.0,0.0,8,8,8,1.0
zsre-13916,0.9,0.0,0.0,8,8,8,1.0
zsre-13916,0.85,0.0,0.0,8,8,8,1.0
zsre-13916,0.8,1.0,0.0,8,8,8,0.0
zsre-13916,0.75,1.0,0.0,8,8,8,0.0
zsre-13916,0.7,1.0,0.0,8,8,8,0.0
zsre-13920,0.95,0.0,0.0,5,5,5,1.0
zsre-13920,0.9,0.0,0.0,5,5,5,1.0
zsre-13920,0.85,0.0,0.0,5,5,5,1.0
zsre-13920,0.8,0.0,0.0,5,5,5,1.0
zsre-13920,0.75,0.0,0.0,5,5,5,1.0
zsre-13920,0.7,1.0,0.0,5,5,5,0.0
zsre-13956,0.95,1.0,0.0,5,5,5,0.0
zsre-13956,0.9,1.0,0.0,5,5,5,0.0
zsre-13956,0.85,1.0,0.0,5,5,5,0.0
zsre-13956,0.8,1.0,0.0,5,5,5,0.0
zsre-13956,0.75,1.0,0.0,5,5,5,0.0
zsre-13956,0.7,1.0,0.0,5,5,5,0.0
zsre-13959,0.95,1.0,0.0,5,5,5,0.0
zsre-13959,0.9,1.0,0.0,5,5,5,0.0
zsre-13959,0.85,1.0,0.0,5,5,5,0.0
zsre-13959,0.8,1.0,0.0,5,5,5,0.0
zsre-13959,0.75,1.0,0.0,5,5,5,0.0
zsre-13959,0.7,1.0,0.0,5,5,5,0.0
zsre-13963,0.95,1.0,0.0,5,5,5,0.0
zsre-13963,0.9,1.0,0.0,5,5,5,0.0
zsre-13963,0.85,1.0,0.0,5,5,5,0.0
zsre-13963,0.8,1.0,0.0,5,5,5,0.0
zsre-13963,0.75,1.0,0.0,5,5,5,0.0
zsre-13963,0.7,1.0,0.0,5,5,5,0.0
zsre-1397,0.95,1.0,0.0,5,5,5,0.0
zsre-1397,0.9,1.0,0.0,5,5,5,0.0
zsre-1397,0.85,1.0,0.0,5,5,5,0.0
zsre-1397,0.8,1.0,0.0,5,5,5,0.0
zsre-1397,0.75,1.0,0.0,5,5,5,0.0
zsre-1397,0.7,1.0,0.0,5,5,5,0.0
zsre-13993,0.95,0.0,0.0,5,5,5,1.0
zsre-13993,0.9,0.0,0.0,5,5,5,1.0
zsre-13993,0.85,0.0,0.0,5,5,5,1.0
zsre-13993,0.8,0.0,0.0,5,5,5,1.0
zsre-13993,0.75,0.0,0.2,5,5,5,1.2
zsre-13993,0.7,1.0,0.2,5,5,5,0.2
zsre-13994,0.95,0.0,0.0,5,5,5,1.0
zsre-13994,0.9,0.0,0.0,5,5,5,1.0
zsre-13994,0.85,0.0,0.0,5,5,5,1.0
zsre-13994,0.8,1.0,0.0,5,5,5,0.0
zsre-13994,0.75,0.0,0.0,5,5,5,1.0
zsre-13994,0.7,1.0,0.2,5,5,5,0.2
zsre-14,0.95,0.0,0.0,5,5,5,1.0
zsre-14,0.9,0.0,0.0,5,5,5,1.0
zsre-14,0.85,0.0,0.0,5,5,5,1.0
zsre-14,0.8,0.0,0.0,5,5,5,1.0
zsre-14,0.75,1.0,0.2,5,5,5,0.2
zsre-14,0.7,1.0,0.2,5,5,5,0.2
zsre-14000,0.95,0.0,0.0,5,5,5,1.0
zsre-14000,0.9,0.0,0.0,5,5,5,1.0
zsre-14000,0.85,0.0,0.0,5,5,5,1.0
zsre-14000,0.8,0.0,0.0,5,5,5,1.0
zsre-14000,0.75,0.0,0.0,5,5,5,1.0
zsre-14000,0.7,1.0,0.0,5,5,5,0.0
zsre-14002,0.95,0.0,0.0,5,5,5,1.0
zsre-14002,0.9,0.0,0.0,5,5,5,1.0
zsre-14002,0.85,0.0,0.0,5,5,5,1.0
zsre-14002,0.8,0.0,0.0,5,5,5,1.0
zsre-14002,0.75,0.0,0.0,5,5,5,1.0
zsre-14002,0.7,1.0,0.4,5,5,5,0.4
zsre-14004,0.95,0.0,0.0,5,5,5,1.0
zsre-14004,0.9,0.0,0.0,5,5,5,1.0
zsre-14004,0.85,0.0,0.0,5,5,5,1.0
zsre-14004,0.8,0.0,0.0,5,5,5,1.0
zsre-14004,0.75,0.0,0.0,5,5,5,1.0
zsre-14004,0.7,1.0,0.0,5,5,5,0.0
zsre-14005,0.95,0.0,0.0,5,5,5,1.0
zsre-14005,0.9,0.0,0.0,5,5,5,1.0
zsre-14005,0.85,0.0,0.0,5,5,5,1.0
zsre-14005,0.8,1.0,0.0,5,5,5,0.0
zsre-14005,0.75,1.0,0.0,5,5,5,0.0
zsre-14005,0.7,1.0,0.0,5,5,5,0.0
zsre-1401,0.95,1.0,0.0,5,5,5,0.0
zsre-1401,0.9,1.0,0.0,5,5,5,0.0
zsre-1401,0.85,1.0,0.0,5,5,5,0.0
zsre-1401,0.8,1.0,0.0,5,5,5,0.0
zsre-1401,0.75,1.0,0.0,5,5,5,0.0
zsre-1401,0.7,1.0,0.0,5,5,5,0.0
zsre-14023,0.95,1.0,0.0,12,12,12,0.0
zsre-14023,0.9,1.0,0.0,12,12,12,0.0
zsre-14023,0.85,1.0,0.0,12,12,12,0.0
zsre-14023,0.8,1.0,0.0,12,12,12,0.0
zsre-14023,0.75,1.0,0.0,12,12,12,0.0
zsre-14023,0.7,1.0,0.0,12,12,12,0.0
zsre-14025,0.95,1.0,0.0,5,5,5,0.0
zsre-14025,0.9,1.0,0.0,5,5,5,0.0
zsre-14025,0.85,1.0,0.0,5,5,5,0.0
zsre-14025,0.8,1.0,0.0,5,5,5,0.0
zsre-14025,0.75,0.0,0.0,5,5,5,1.0
zsre-14025,0.7,1.0,0.0,5,5,5,0.0
zsre-14030,0.95,1.0,0.0,5,5,5,0.0
zsre-14030,0.9,1.0,0.0,5,5,5,0.0
zsre-14030,0.85,1.0,0.0,5,5,5,0.0
zsre-14030,0.8,1.0,0.0,5,5,5,0.0
zsre-14030,0.75,1.0,0.0,5,5,5,0.0
zsre-14030,0.7,1.0,0.0,5,5,5,0.0
zsre-14048,0.95,1.0,0.0,5,5,5,0.0
zsre-14048,0.9,1.0,0.0,5,5,5,0.0
zsre-14048,0.85,1.0,0.0,5,5,5,0.0
zsre-14048,0.8,1.0,0.0,5,5,5,0.0
zsre-14048,0.75,1.0,0.0,5,5,5,0.0
zsre-14048,0.7,1.0,0.0,5,5,5,0.0
zsre-14056,0.95,1.0,0.0,5,5,5,0.0
zsre-14056,0.9,1.0,0.0,5,5,5,0.0
zsre-14056,0.85,1.0,0.0,5,5,5,0.0
zsre-14056,0.8,1.0,0.0,5,5,5,0.0
zsre-14056,0.75,1.0,0.0,5,5,5,0.0
zsre-14056,0.7,1.0,0.0,5,5,5,0.0
zsre-14059,0.95,1.0,0.0,5,5,5,0.0
zsre-14059,0.9,1.0,0.0,5,5,5,0.0
zsre-14059,0.85,1.0,0.0,5,5,5,0.0
zsre-14059,0.8,1.0,0.0,5,5,5,0.0
zsre-14059,0.75,1.0,0.0,5,5,5,0.0
zsre-14059,0.7,1.0,0.0,5,5,5,0.0
zsre-14065,0.95,1.0,0.0,5,5,5,0.0
zsre-14065,0.9,1.0,0.0,5,5,5,0.0
zsre-14065,0.85,1.0,0.0,5,5,5,0.0
zsre-14065,0.8,1.0,0.0,5,5,5,0.0
zsre-14065,0.75,1.0,0.0,5,5,5,0.0
zsre-14065,0.7,1.0,0.0,5,5,5,0.0
zsre-14072,0.95,0.0,0.0,20,20,20,1.0
zsre-14072,0.9,0.0,0.0,20,20,20,1.0
zsre-14072,0.85,0.0,0.0,20,20,20,1.0
zsre-14072,0.8,0.0,0.0,20,20,20,1.0
zsre-14072,0.75,0.0,0.0,20,20,20,1.0
zsre-14072,0.7,1.0,0.0,20,20,20,0.0
zsre-14082,0.95,0.0,0.0,5,5,5,1.0
zsre-14082,0.9,0.0,0.0,5,5,5,1.0
zsre-14082,0.85,0.0,0.0,5,5,5,1.0
zsre-14082,0.8,1.0,0.0,5,5,5,0.0
zsre-14082,0.75,1.0,0.0,5,5,5,0.0
zsre-14082,0.7,1.0,0.0,5,5,5,0.0
zsre-14083,0.95,0.0,0.0,6,6,6,1.0
zsre-14083,0.9,0.0,0.0,6,6,6,1.0
zsre-14083,0.85,0.0,0.0,6,6,6,1.0
zsre-14083,0.8,0.0,0.0,6,6,6,1.0
zsre-14083,0.75,0.0,0.0,6,6,6,1.0
zsre-14083,0.7,1.0,0.0,6,6,6,0.0
zsre-14119,0.95,1.0,0.0,5,5,5,0.0
zsre-14119,0.9,1.0,0.0,5,5,5,0.0
zsre-14119,0.85,1.0,0.0,5,5,5,0.0
zsre-14119,0.8,1.0,0.0,5,5,5,0.0
zsre-14119,0.75,1.0,0.0,5,5,5,0.0
zsre-14119,0.7,1.0,0.0,5,5,5,0.0
zsre-1412,0.95,1.0,0.2,5,5,5,0.2
zsre-1412,0.9,1.0,0.2,5,5,5,0.2
zsre-1412,0.85,1.0,0.2,5,5,5,0.2
zsre-1412,0.8,1.0,0.2,5,5,5,0.2
zsre-1412,0.75,1.0,0.2,5,5,5,0.2
zsre-1412,0.7,1.0,0.2,5,5,5,0.2
zsre-14122,0.95,0.0,0.0,5,5,5,1.0
zsre-14122,0.9,0.0,0.0,5,5,5,1.0
zsre-14122,0.85,0.0,0.0,5,5,5,1.0
zsre-14122,0.8,0.0,0.0,5,5,5,1.0
zsre-14122,0.75,1.0,0.0,5,5,5,0.0
zsre-14122,0.7,1.0,0.0,5,5,5,0.0
zsre-14125,0.95,1.0,0.0,5,5,5,0.0
zsre-14125,0.9,1.0,0.0,5,5,5,0.0
zsre-14125,0.85,1.0,0.0,5,5,5,0.0
zsre-14125,0.8,1.0,0.0,5,5,5,0.0
zsre-14125,0.75,1.0,0.0,5,5,5,0.0
zsre-14125,0.7,1.0,0.0,5,5,5,0.0
zsre-1413,0.95,1.0,0.2,5,5,5,0.2
zsre-1413,0.9,1.0,0.2,5,5,5,0.2
zsre-1413,0.85,1.0,0.2,5,5,5,0.2
zsre-1413,0.8,1.0,0.2,5,5,5,0.2
zsre-1413,0.75,1.0,0.2,5,5,5,0.2
zsre-1413,0.7,1.0,0.2,5,5,5,0.2
zsre-14145,0.95,1.0,0.0,5,5,5,0.0
zsre-14145,0.9,1.0,0.0,5,5,5,0.0
zsre-14145,0.85,1.0,0.0,5,5,5,0.0
zsre-14145,0.8,1.0,0.0,5,5,5,0.0
zsre-14145,0.75,1.0,0.0,5,5,5,0.0
zsre-14145,0.7,1.0,0.0,5,5,5,0.0
zsre-14170,0.95,1.0,0.0,9,9,9,0.0
zsre-14170,0.9,1.0,0.0,9,9,9,0.0
zsre-14170,0.85,1.0,0.0,9,9,9,0.0
zsre-14170,0.8,1.0,0.0,9,9,9,0.0
zsre-14170,0.75,1.0,0.0,9,9,9,0.0
zsre-14170,0.7,1.0,0.0,9,9,9,0.0
zsre-14173,0.95,1.0,0.0,20,20,20,0.0
zsre-14173,0.9,1.0,0.0,20,20,20,0.0
zsre-14173,0.85,1.0,0.0,20,20,20,0.0
zsre-14173,0.8,1.0,0.0,20,20,20,0.0
zsre-14173,0.75,1.0,0.0,20,20,20,0.0
zsre-14173,0.7,1.0,0.0,20,20,20,0.0
zsre-14202,0.95,0.0,0.0,5,5,5,1.0
zsre-14202,0.9,0.0,0.0,5,5,5,1.0
zsre-14202,0.85,0.0,0.0,5,5,5,1.0
zsre-14202,0.8,0.0,0.0,5,5,5,1.0
zsre-14202,0.75,1.0,0.0,5,5,5,0.0
zsre-14202,0.7,1.0,0.0,5,5,5,0.0
zsre-14212,0.95,1.0,0.0,5,5,5,0.0
zsre-14212,0.9,1.0,0.0,5,5,5,0.0
zsre-14212,0.85,1.0,0.0,5,5,5,0.0
zsre-14212,0.8,1.0,0.0,5,5,5,0.0
zsre-14212,0.75,1.0,0.0,5,5,5,0.0
zsre-14212,0.7,1.0,0.0,5,5,5,0.0
zsre-14213,0.95,1.0,0.0,5,5,5,0.0
zsre-14213,0.9,1.0,0.0,5,5,5,0.0
zsre-14213,0.85,1.0,0.0,5,5,5,0.0
zsre-14213,0.8,1.0,0.0,5,5,5,0.0
zsre-14213,0.75,1.0,0.0,5,5,5,0.0
zsre-14213,0.7,1.0,0.0,5,5,5,0.0
zsre-14217,0.95,0.0,0.0,20,20,20,1.0
zsre-14217,0.9,0.0,0.0,20,20,20,1.0
zsre-14217,0.85,0.0,0.05,20,20,20,1.05
zsre-14217,0.8,0.0,0.05,20,20,20,1.05
zsre-14217,0.75,1.0,0.05,20,20,20,0.05
zsre-14217,0.7,1.0,0.05,20,20,20,0.05
zsre-14218,0.95,0.0,0.0,20,20,20,1.0
zsre-14218,0.9,0.0,0.0,20,20,20,1.0
zsre-14218,0.85,1.0,0.0,20,20,20,0.0
zsre-14218,0.8,1.0,0.0,20,20,20,0.0
zsre-14218,0.75,1.0,0.05,20,20,20,0.05
zsre-14218,0.7,1.0,0.05,20,20,20,0.05
zsre-14229,0.95,0.0,0.0,5,5,5,1.0
zsre-14229,0.9,0.0,0.0,5,5,5,1.0
zsre-14229,0.85,0.0,0.0,5,5,5,1.0
zsre-14229,0.8,0.0,0.0,5,5,5,1.0
zsre-14229,0.75,0.0,0.0,5,5,5,1.0
zsre-14229,0.7,1.0,0.0,5,5,5,0.0
zsre-14243,0.95,1.0,0.0,5,5,5,0.0
zsre-14243,0.9,1.0,0.0,5,5,5,0.0
zsre-14243,0.85,1.0,0.0,5,5,5,0.0
zsre-14243,0.8,1.0,0.0,5,5,5,0.0
zsre-14243,0.75,1.0,0.0,5,5,5,0.0
zsre-14243,0.7,1.0,0.0,5,5,5,0.0
zsre-14248,0.95,0.0,0.0,12,12,12,1.0
zsre-14248,0.9,0.0,0.0,12,12,12,1.0
zsre-14248,0.85,0.0,0.0,12,12,12,1.0
zsre-14248,0.8,0.0,0.0,12,12,12,1.0
zsre-14248,0.75,0.0,0.0,12,12,12,1.0
zsre-14248,0.7,1.0,0.0,12,12,12,0.0
zsre-14258,0.95,1.0,0.0,5,5,5,0.0
zsre-14258,0.9,1.0,0.0,5,5,5,0.0
zsre-14258,0.85,1.0,0.0,5,5,5,0.0
zsre-14258,0.8,1.0,0.0,5,5,5,0.0
zsre-14258,0.75,1.0,0.0,5,5,5,0.0
zsre-14258,0.7,1.0,0.0,5,5,5,0.0
zsre-1427,0.95,1.0,0.0,6,6,6,0.0
zsre-1427,0.9,1.0,0.0,6,6,6,0.0
zsre-1427,0.85,1.0,0.0,6,6,6,0.0
zsre-1427,0.8,1.0,0.0,6,6,6,0.0
zsre-1427,0.75,1.0,0.0,6,6,6,0.0
zsre-1427,0.7,1.0,0.0,6,6,6,0.0
zsre-14289,0.95,1.0,0.0,5,5,5,0.0
zsre-14289,0.9,1.0,0.0,5,5,5,0.0
zsre-14289,0.85,1.0,0.0,5,5,5,0.0
zsre-14289,0.8,1.0,0.0,5,5,5,0.0
zsre-14289,0.75,1.0,0.0,5,5,5,0.0
zsre-14289,0.7,1.0,0.0,5,5,5,0.0
zsre-14291,0.95,1.0,0.0,5,5,5,0.0
zsre-14291,0.9,1.0,0.0,5,5,5,0.0
zsre-14291,0.85,1.0,0.0,5,5,5,0.0
zsre-14291,0.8,1.0,0.0,5,5,5,0.0
zsre-14291,0.75,1.0,0.0,5,5,5,0.0
zsre-14291,0.7,1.0,0.0,5,5,5,0.0
zsre-14301,0.95,1.0,0.0,5,5,5,0.0
zsre-14301,0.9,1.0,0.0,5,5,5,0.0
zsre-14301,0.85,1.0,0.0,5,5,5,0.0
zsre-14301,0.8,1.0,0.0,5,5,5,0.0
zsre-14301,0.75,1.0,0.0,5,5,5,0.0
zsre-14301,0.7,1.0,0.0,5,5,5,0.0
zsre-14302,0.95,1.0,0.0,5,5,5,0.0
zsre-14302,0.9,1.0,0.0,5,5,5,0.0
zsre-14302,0.85,1.0,0.0,5,5,5,0.0
zsre-14302,0.8,1.0,0.0,5,5,5,0.0
zsre-14302,0.75,1.0,0.0,5,5,5,0.0
zsre-14302,0.7,1.0,0.0,5,5,5,0.0
zsre-14303,0.95,0.0,0.0,5,5,5,1.0
zsre-14303,0.9,0.0,0.0,5,5,5,1.0
zsre-14303,0.85,0.0,0.0,5,5,5,1.0
zsre-14303,0.8,0.0,0.0,5,5,5,1.0
zsre-14303,0.75,1.0,0.0,5,5,5,0.0
zsre-14303,0.7,1.0,0.0,5,5,5,0.0
zsre-14309,0.95,0.0,0.0,6,6,6,1.0
zsre-14309,0.9,0.0,0.0,6,6,6,1.0
zsre-14309,0.85,0.0,0.0,6,6,6,1.0
zsre-14309,0.8,0.0,0.0,6,6,6,1.0
zsre-14309,0.75,1.0,0.0,6,6,6,0.0
zsre-14309,0.7,1.0,0.0,6,6,6,0.0
zsre-14312,0.95,1.0,0.2,5,5,5,0.2
zsre-14312,0.9,1.0,0.2,5,5,5,0.2
zsre-14312,0.85,1.0,0.2,5,5,5,0.2
zsre-14312,0.8,1.0,0.2,5,5,5,0.2
zsre-14312,0.75,1.0,0.2,5,5,5,0.2
zsre-14312,0.7,1.0,0.0,5,5,5,0.0
zsre-14313,0.95,1.0,0.2,5,5,5,0.2
zsre-14313,0.9,1.0,0.2,5,5,5,0.2
zsre-14313,0.85,1.0,0.2,5,5,5,0.2
zsre-14313,0.8,1.0,0.2,5,5,5,0.2
zsre-14313,0.75,0.0,0.2,5,5,5,1.2
zsre-14313,0.7,1.0,0.2,5,5,5,0.2
zsre-14318,0.95,1.0,0.0,5,5,5,0.0
zsre-14318,0.9,1.0,0.0,5,5,5,0.0
zsre-14318,0.85,1.0,0.0,5,5,5,0.0
zsre-14318,0.8,1.0,0.0,5,5,5,0.0
zsre-14318,0.75,1.0,0.0,5,5,5,0.0
zsre-14318,0.7,1.0,0.0,5,5,5,0.0
zsre-14319,0.95,1.0,0.0,5,5,5,0.0
zsre-14319,0.9,1.0,0.0,5,5,5,0.0
zsre-14319,0.85,1.0,0.0,5,5,5,0.0
zsre-14319,0.8,1.0,0.0,5,5,5,0.0
zsre-14319,0.75,1.0,0.0,5,5,5,0.0
zsre-14319,0.7,1.0,0.0,5,5,5,0.0
zsre-1432,0.95,1.0,0.0,5,5,5,0.0
zsre-1432,0.9,1.0,0.0,5,5,5,0.0
zsre-1432,0.85,1.0,0.0,5,5,5,0.0
zsre-1432,0.8,1.0,0.0,5,5,5,0.0
zsre-1432,0.75,1.0,0.0,5,5,5,0.0
zsre-1432,0.7,1.0,0.0,5,5,5,0.0
zsre-14334,0.95,0.0,0.0,5,5,5,1.0
zsre-14334,0.9,0.0,0.0,5,5,5,1.0
zsre-14334,0.85,0.0,0.0,5,5,5,1.0
zsre-14334,0.8,1.0,0.2,5,5,5,0.2
zsre-14334,0.75,0.0,0.0,5,5,5,1.0
zsre-14334,0.7,1.0,0.2,5,5,5,0.2
zsre-14335,0.95,0.0,0.0,5,5,5,1.0
zsre-14335,0.9,0.0,0.0,5,5,5,1.0
zsre-14335,0.85,1.0,0.0,5,5,5,0.0
zsre-14335,0.8,0.0,0.0,5,5,5,1.0
zsre-14335,0.75,1.0,0.2,5,5,5,0.2
zsre-14335,0.7,1.0,0.2,5,5,5,0.2
zsre-14344,0.95,1.0,0.0,8,8,8,0.0
zsre-14344,0.9,1.0,0.0,8,8,8,0.0
zsre-14344,0.85,1.0,0.0,8,8,8,0.0
zsre-14344,0.8,1.0,0.0,8,8,8,0.0
zsre-14344,0.75,1.0,0.0,8,8,8,0.0
zsre-14344,0.7,1.0,0.0,8,8,8,0.0
zsre-14351,0.95,1.0,0.05,20,20,20,0.05
zsre-14351,0.9,1.0,0.05,20,20,20,0.05
zsre-14351,0.85,1.0,0.05,20,20,20,0.05
zsre-14351,0.8,1.0,0.05,20,20,20,0.05
zsre-14351,0.75,1.0,0.05,20,20,20,0.05
zsre-14351,0.7,1.0,0.05,20,20,20,0.05
zsre-14353,0.95,1.0,0.05,20,20,20,0.05
zsre-14353,0.9,1.0,0.05,20,20,20,0.05
zsre-14353,0.85,1.0,0.05,20,20,20,0.05
zsre-14353,0.8,1.0,0.05,20,20,20,0.05
zsre-14353,0.75,1.0,0.05,20,20,20,0.05
zsre-14353,0.7,1.0,0.05,20,20,20,0.05
zsre-14420,0.95,1.0,0.2,5,5,5,0.2
zsre-14420,0.9,1.0,0.2,5,5,5,0.2
zsre-14420,0.85,1.0,0.2,5,5,5,0.2
zsre-14420,0.8,1.0,0.2,5,5,5,0.2
zsre-14420,0.75,1.0,0.2,5,5,5,0.2
zsre-14420,0.7,1.0,0.2,5,5,5,0.2
zsre-14423,0.95,1.0,0.2,5,5,5,0.2
zsre-14423,0.9,1.0,0.2,5,5,5,0.2
zsre-14423,0.85,1.0,0.2,5,5,5,0.2
zsre-14423,0.8,1.0,0.2,5,5,5,0.2
zsre-14423,0.75,1.0,0.2,5,5,5,0.2
zsre-14423,0.7,1.0,0.2,5,5,5,0.2
zsre-14424,0.95,0.0,0.0,5,5,5,1.0
zsre-14424,0.9,0.0,0.0,5,5,5,1.0
zsre-14424,0.85,0.0,0.0,5,5,5,1.0
zsre-14424,0.8,0.0,0.0,5,5,5,1.0
zsre-14424,0.75,0.0,0.0,5,5,5,1.0
zsre-14424,0.7,1.0,0.2,5,5,5,0.2
zsre-14425,0.95,0.0,0.0,5,5,5,1.0
zsre-14425,0.9,0.0,0.0,5,5,5,1.0
zsre-14425,0.85,0.0,0.0,5,5,5,1.0
zsre-14425,0.8,0.0,0.0,5,5,5,1.0
zsre-14425,0.75,0.0,0.0,5,5,5,1.0
zsre-14425,0.7,1.0,0.0,5,5,5,0.0
zsre-14432,0.95,1.0,0.0,5,5,5,0.0
zsre-14432,0.9,1.0,0.0,5,5,5,0.0
zsre-14432,0.85,1.0,0.0,5,5,5,0.0
zsre-14432,0.8,1.0,0.0,5,5,5,0.0
zsre-14432,0.75,1.0,0.0,5,5,5,0.0
zsre-14432,0.7,1.0,0.0,5,5,5,0.0
zsre-14433,0.95,0.0,0.0,5,5,5,1.0
zsre-14433,0.9,0.0,0.0,5,5,5,1.0
zsre-14433,0.85,0.0,0.0,5,5,5,1.0
zsre-14433,0.8,0.0,0.0,5,5,5,1.0
zsre-14433,0.75,0.0,0.0,5,5,5,1.0
zsre-14433,0.7,1.0,0.0,5,5,5,0.0
zsre-14455,0.95,1.0,0.0,5,5,5,0.0
zsre-14455,0.9,1.0,0.0,5,5,5,0.0
zsre-14455,0.85,1.0,0.0,5,5,5,0.0
zsre-14455,0.8,1.0,0.0,5,5,5,0.0
zsre-14455,0.75,1.0,0.0,5,5,5,0.0
zsre-14455,0.7,1.0,0.0,5,5,5,0.0
zsre-14456,0.95,1.0,0.0,5,5,5,0.0
zsre-14456,0.9,1.0,0.0,5,5,5,0.0
zsre-14456,0.85,1.0,0.0,5,5,5,0.0
zsre-14456,0.8,1.0,0.0,5,5,5,0.0
zsre-14456,0.75,1.0,0.0,5,5,5,0.0
zsre-14456,0.7,1.0,0.0,5,5,5,0.0
zsre-14461,0.95,1.0,0.0,20,20,20,0.0
zsre-14461,0.9,1.0,0.0,20,20,20,0.0
zsre-14461,0.85,1.0,0.0,20,20,20,0.0
zsre-14461,0.8,1.0,0.0,20,20,20,0.0
zsre-14461,0.75,1.0,0.0,20,20,20,0.0
zsre-14461,0.7,1.0,0.0,20,20,20,0.0
zsre-14467,0.95,1.0,0.0,5,5,5,0.0
zsre-14467,0.9,1.0,0.0,5,5,5,0.0
zsre-14467,0.85,1.0,0.0,5,5,5,0.0
zsre-14467,0.8,1.0,0.0,5,5,5,0.0
zsre-14467,0.75,1.0,0.0,5,5,5,0.0
zsre-14467,0.7,1.0,0.0,5,5,5,0.0
zsre-14499,0.95,1.0,0.0,20,20,20,0.0
zsre-14499,0.9,1.0,0.0,20,20,20,0.0
zsre-14499,0.85,0.0,0.0,20,20,20,1.0
zsre-14499,0.8,1.0,0.0,20,20,20,0.0
zsre-14499,0.75,1.0,0.0,20,20,20,0.0
zsre-14499,0.7,1.0,0.1,20,20,20,0.1
zsre-14521,0.95,1.0,0.0,5,5,5,0.0
zsre-14521,0.9,1.0,0.0,5,5,5,0.0
zsre-14521,0.85,1.0,0.0,5,5,5,0.0
zsre-14521,0.8,1.0,0.0,5,5,5,0.0
zsre-14521,0.75,1.0,0.0,5,5,5,0.0
zsre-14521,0.7,1.0,0.0,5,5,5,0.0
zsre-14523,0.95,0.0,0.0,10,10,10,1.0
zsre-14523,0.9,0.0,0.0,10,10,10,1.0
zsre-14523,0.85,0.0,0.0,10,10,10,1.0
zsre-14523,0.8,0.0,0.0,10,10,10,1.0
zsre-14523,0.75,0.0,0.0,10,10,10,1.0
zsre-14523,0.7,1.0,0.0,10,10,10,0.0
zsre-14524,0.95,1.0,0.0,10,10,10,0.0
zsre-14524,0.9,1.0,0.0,10,10,10,0.0
zsre-14524,0.85,1.0,0.0,10,10,10,0.0
zsre-14524,0.8,1.0,0.0,10,10,10,0.0
zsre-14524,0.75,1.0,0.0,10,10,10,0.0
zsre-14524,0.7,1.0,0.0,10,10,10,0.0
zsre-14531,0.95,1.0,0.0,5,5,5,0.0
zsre-14531,0.9,1.0,0.0,5,5,5,0.0
zsre-14531,0.85,1.0,0.0,5,5,5,0.0
zsre-14531,0.8,1.0,0.0,5,5,5,0.0
zsre-14531,0.75,1.0,0.0,5,5,5,0.0
zsre-14531,0.7,1.0,0.0,5,5,5,0.0
zsre-14543,0.95,1.0,0.0,6,6,6,0.0
zsre-14543,0.9,1.0,0.0,6,6,6,0.0
zsre-14543,0.85,1.0,0.0,6,6,6,0.0
zsre-14543,0.8,1.0,0.0,6,6,6,0.0
zsre-14543,0.75,1.0,0.0,6,6,6,0.0
zsre-14543,0.7,1.0,0.0,6,6,6,0.0
zsre-1455,0.95,0.0,0.0,5,5,5,1.0
zsre-1455,0.9,0.0,0.0,5,5,5,1.0
zsre-1455,0.85,0.0,0.0,5,5,5,1.0
zsre-1455,0.8,1.0,0.0,5,5,5,0.0
zsre-1455,0.75,1.0,0.0,5,5,5,0.0
zsre-1455,0.7,1.0,0.0,5,5,5,0.0
zsre-14556,0.95,0.0,0.0,5,5,5,1.0
zsre-14556,0.9,0.0,0.0,5,5,5,1.0
zsre-14556,0.85,0.0,0.0,5,5,5,1.0
zsre-14556,0.8,0.0,0.0,5,5,5,1.0
zsre-14556,0.75,1.0,0.2,5,5,5,0.2
zsre-14556,0.7,1.0,0.2,5,5,5,0.2
zsre-14557,0.95,0.0,0.0,5,5,5,1.0
zsre-14557,0.9,0.0,0.0,5,5,5,1.0
zsre-14557,0.85,1.0,0.2,5,5,5,0.2
zsre-14557,0.8,1.0,0.2,5,5,5,0.2
zsre-14557,0.75,1.0,0.2,5,5,5,0.2
zsre-14557,0.7,1.0,0.2,5,5,5,0.2
zsre-14572,0.95,0.0,0.0,5,5,5,1.0
zsre-14572,0.9,0.0,0.0,5,5,5,1.0
zsre-14572,0.85,0.0,0.0,5,5,5,1.0
zsre-14572,0.8,0.0,0.0,5,5,5,1.0
zsre-14572,0.75,1.0,0.0,5,5,5,0.0
zsre-14572,0.7,1.0,0.0,5,5,5,0.0
zsre-14581,0.95,1.0,0.2,5,5,5,0.2
zsre-14581,0.9,1.0,0.2,5,5,5,0.2
zsre-14581,0.85,1.0,0.2,5,5,5,0.2
zsre-14581,0.8,1.0,0.2,5,5,5,0.2
zsre-14581,0.75,1.0,0.2,5,5,5,0.2
zsre-14581,0.7,1.0,0.2,5,5,5,0.2
zsre-14582,0.95,1.0,0.125,8,8,8,0.125
zsre-14582,0.9,1.0,0.125,8,8,8,0.125
zsre-14582,0.85,1.0,0.125,8,8,8,0.125
zsre-14582,0.8,1.0,0.125,8,8,8,0.125
zsre-14582,0.75,1.0,0.125,8,8,8,0.125
zsre-14582,0.7,1.0,0.125,8,8,8,0.125
zsre-14586,0.95,0.0,0.0,5,5,5,1.0
zsre-14586,0.9,0.0,0.0,5,5,5,1.0
zsre-14586,0.85,0.0,0.0,5,5,5,1.0
zsre-14586,0.8,0.0,0.0,5,5,5,1.0
zsre-14586,0.75,1.0,0.0,5,5,5,0.0
zsre-14586,0.7,1.0,0.0,5,5,5,0.0
zsre-14590,0.95,0.0,0.0,5,5,5,1.0
zsre-14590,0.9,0.0,0.0,5,5,5,1.0
zsre-14590,0.85,0.0,0.0,5,5,5,1.0
zsre-14590,0.8,0.0,0.0,5,5,5,1.0
zsre-14590,0.75,0.0,0.0,5,5,5,1.0
zsre-14590,0.7,1.0,0.0,5,5,5,0.0
zsre-14605,0.95,1.0,0.0,6,6,6,0.0
zsre-14605,0.9,1.0,0.0,6,6,6,0.0
zsre-14605,0.85,1.0,0.0,6,6,6,0.0
zsre-14605,0.8,1.0,0.0,6,6,6,0.0
zsre-14605,0.75,1.0,0.0,6,6,6,0.0
zsre-14605,0.7,1.0,0.0,6,6,6,0.0
zsre-14616,0.95,0.0,0.0,5,5,5,1.0
zsre-14616,0.9,0.0,0.0,5,5,5,1.0
zsre-14616,0.85,0.0,0.0,5,5,5,1.0
zsre-14616,0.8,0.0,0.0,5,5,5,1.0
zsre-14616,0.75,0.0,0.0,5,5,5,1.0
zsre-14616,0.7,0.0,0.2,5,5,5,1.2
zsre-14617,0.95,0.0,0.0,5,5,5,1.0
zsre-14617,0.9,0.0,0.0,5,5,5,1.0
zsre-14617,0.85,0.0,0.0,5,5,5,1.0
zsre-14617,0.8,0.0,0.0,5,5,5,1.0
zsre-14617,0.75,0.0,0.0,5,5,5,1.0
zsre-14617,0.7,1.0,0.0,5,5,5,0.0
zsre-14618,0.95,0.0,0.0,5,5,5,1.0
zsre-14618,0.9,0.0,0.0,5,5,5,1.0
zsre-14618,0.85,0.0,0.0,5,5,5,1.0
zsre-14618,0.8,0.0,0.0,5,5,5,1.0
zsre-14618,0.75,0.0,0.0,5,5,5,1.0
zsre-14618,0.7,1.0,0.0,5,5,5,0.0
zsre-14634,0.95,1.0,0.0,5,5,5,0.0
zsre-14634,0.9,1.0,0.0,5,5,5,0.0
zsre-14634,0.85,0.0,0.0,5,5,5,1.0
zsre-14634,0.8,1.0,0.0,5,5,5,0.0
zsre-14634,0.75,1.0,0.0,5,5,5,0.0
zsre-14634,0.7,1.0,0.0,5,5,5,0.0
zsre-14637,0.95,1.0,0.0,5,5,5,0.0
zsre-14637,0.9,1.0,0.0,5,5,5,0.0
zsre-14637,0.85,1.0,0.0,5,5,5,0.0
zsre-14637,0.8,1.0,0.0,5,5,5,0.0
zsre-14637,0.75,1.0,0.0,5,5,5,0.0
zsre-14637,0.7,1.0,0.0,5,5,5,0.0
zsre-14638,0.95,0.0,0.0,5,5,5,1.0
zsre-14638,0.9,0.0,0.0,5,5,5,1.0
zsre-14638,0.85,0.0,0.0,5,5,5,1.0
zsre-14638,0.8,0.0,0.0,5,5,5,1.0
zsre-14638,0.75,1.0,0.0,5,5,5,0.0
zsre-14638,0.7,1.0,0.0,5,5,5,0.0
zsre-1464,0.95,1.0,0.0,5,5,5,0.0
zsre-1464,0.9,1.0,0.0,5,5,5,0.0
zsre-1464,0.85,1.0,0.0,5,5,5,0.0
zsre-1464,0.8,1.0,0.0,5,5,5,0.0
zsre-1464,0.75,1.0,0.0,5,5,5,0.0
zsre-1464,0.7,1.0,0.0,5,5,5,0.0
zsre-14646,0.95,0.0,0.0,5,5,5,1.0
zsre-14646,0.9,0.0,0.0,5,5,5,1.0
zsre-14646,0.85,0.0,0.0,5,5,5,1.0
zsre-14646,0.8,0.0,0.0,5,5,5,1.0
zsre-14646,0.75,0.0,0.0,5,5,5,1.0
zsre-14646,0.7,1.0,0.0,5,5,5,0.0
zsre-14664,0.95,1.0,0.0,5,5,5,0.0
zsre-14664,0.9,1.0,0.0,5,5,5,0.0
zsre-14664,0.85,1.0,0.0,5,5,5,0.0
zsre-14664,0.8,1.0,0.0,5,5,5,0.0
zsre-14664,0.75,1.0,0.0,5,5,5,0.0
zsre-14664,0.7,1.0,0.0,5,5,5,0.0
zsre-14675,0.95,1.0,0.2222222222222222,9,9,9,0.2222222222222222
zsre-14675,0.9,1.0,0.2222222222222222,9,9,9,0.2222222222222222
zsre-14675,0.85,1.0,0.2222222222222222,9,9,9,0.2222222222222222
zsre-14675,0.8,1.0,0.2222222222222222,9,9,9,0.2222222222222222
zsre-14675,0.75,1.0,0.2222222222222222,9,9,9,0.2222222222222222
zsre-14675,0.7,1.0,0.1111111111111111,9,9,9,0.1111111111111111
zsre-14676,0.95,1.0,0.2,10,10,10,0.2
zsre-14676,0.9,1.0,0.2,10,10,10,0.2
zsre-14676,0.85,1.0,0.2,10,10,10,0.2
zsre-14676,0.8,1.0,0.2,10,10,10,0.2
zsre-14676,0.75,1.0,0.2,10,10,10,0.2
zsre-14676,0.7,1.0,0.2,10,10,10,0.2
zsre-14677,0.95,1.0,0.2222222222222222,9,9,9,0.2222222222222222
zsre-14677,0.9,1.0,0.2222222222222222,9,9,9,0.2222222222222222
zsre-14677,0.85,1.0,0.2222222222222222,9,9,9,0.2222222222222222
zsre-14677,0.8,1.0,0.2222222222222222,9,9,9,0.2222222222222222
zsre-14677,0.75,1.0,0.2222222222222222,9,9,9,0.2222222222222222
zsre-14677,0.7,1.0,0.2222222222222222,9,9,9,0.2222222222222222
zsre-14683,0.95,1.0,0.2,5,5,5,0.2
zsre-14683,0.9,1.0,0.2,5,5,5,0.2
zsre-14683,0.85,1.0,0.2,5,5,5,0.2
zsre-14683,0.8,1.0,0.2,5,5,5,0.2
zsre-14683,0.75,1.0,0.2,5,5,5,0.2
zsre-14683,0.7,1.0,0.2,5,5,5,0.2
zsre-14684,0.95,1.0,0.2,5,5,5,0.2
zsre-14684,0.9,1.0,0.2,5,5,5,0.2
zsre-14684,0.85,1.0,0.2,5,5,5,0.2
zsre-14684,0.8,1.0,0.2,5,5,5,0.2
zsre-14684,0.75,1.0,0.2,5,5,5,0.2
zsre-14684,0.7,1.0,0.2,5,5,5,0.2
zsre-14687,0.95,1.0,0.0,5,5,5,0.0
zsre-14687,0.9,1.0,0.0,5,5,5,0.0
zsre-14687,0.85,1.0,0.0,5,5,5,0.0
zsre-14687,0.8,1.0,0.0,5,5,5,0.0
zsre-14687,0.75,1.0,0.0,5,5,5,0.0
zsre-14687,0.7,1.0,0.0,5,5,5,0.0
zsre-14689,0.95,0.0,0.0,8,8,8,1.0
zsre-14689,0.9,0.0,0.0,8,8,8,1.0
zsre-14689,0.85,0.0,0.0,8,8,8,1.0
zsre-14689,0.8,0.0,0.0,8,8,8,1.0
zsre-14689,0.75,0.0,0.0,8,8,8,1.0
zsre-14689,0.7,1.0,0.125,8,8,8,0.125
zsre-14694,0.95,0.0,0.0,8,8,8,1.0
zsre-14694,0.9,0.0,0.0,8,8,8,1.0
zsre-14694,0.85,0.0,0.0,8,8,8,1.0
zsre-14694,0.8,0.0,0.0,8,8,8,1.0
zsre-14694,0.75,1.0,0.125,8,8,8,0.125
zsre-14694,0.7,1.0,0.125,8,8,8,0.125
zsre-14700,0.95,0.0,0.0,5,5,5,1.0
zsre-14700,0.9,0.0,0.0,5,5,5,1.0
zsre-14700,0.85,0.0,0.0,5,5,5,1.0
zsre-14700,0.8,0.0,0.0,5,5,5,1.0
zsre-14700,0.75,1.0,0.2,5,5,5,0.2
zsre-14700,0.7,1.0,0.2,5,5,5,0.2
zsre-14701,0.95,0.0,0.0,5,5,5,1.0
zsre-14701,0.9,0.0,0.0,5,5,5,1.0
zsre-14701,0.85,0.0,0.0,5,5,5,1.0
zsre-14701,0.8,0.0,0.0,5,5,5,1.0
zsre-14701,0.75,1.0,0.2,5,5,5,0.2
zsre-14701,0.7,1.0,0.2,5,5,5,0.2
zsre-14703,0.95,0.0,0.0,5,5,5,1.0
zsre-14703,0.9,0.0,0.0,5,5,5,1.0
zsre-14703,0.85,0.0,0.0,5,5,5,1.0
zsre-14703,0.8,0.0,0.0,5,5,5,1.0
zsre-14703,0.75,0.0,0.0,5,5,5,1.0
zsre-14703,0.7,1.0,0.0,5,5,5,0.0
zsre-14709,0.95,1.0,0.0,7,7,7,0.0
zsre-14709,0.9,1.0,0.0,7,7,7,0.0
zsre-14709,0.85,1.0,0.0,7,7,7,0.0
zsre-14709,0.8,1.0,0.0,7,7,7,0.0
zsre-14709,0.75,1.0,0.0,7,7,7,0.0
zsre-14709,0.7,1.0,0.0,7,7,7,0.0
zsre-14712,0.95,1.0,0.0,5,5,5,0.0
zsre-14712,0.9,1.0,0.0,5,5,5,0.0
zsre-14712,0.85,1.0,0.0,5,5,5,0.0
zsre-14712,0.8,1.0,0.0,5,5,5,0.0
zsre-14712,0.75,1.0,0.0,5,5,5,0.0
zsre-14712,0.7,1.0,0.0,5,5,5,0.0
zsre-14714,0.95,1.0,0.2,5,5,5,0.2
zsre-14714,0.9,1.0,0.2,5,5,5,0.2
zsre-14714,0.85,1.0,0.2,5,5,5,0.2
zsre-14714,0.8,1.0,0.2,5,5,5,0.2
zsre-14714,0.75,1.0,0.0,5,5,5,0.0
zsre-14714,0.7,1.0,0.0,5,5,5,0.0
zsre-14718,0.95,1.0,0.2,5,5,5,0.2
zsre-14718,0.9,1.0,0.2,5,5,5,0.2
zsre-14718,0.85,1.0,0.2,5,5,5,0.2
zsre-14718,0.8,1.0,0.2,5,5,5,0.2
zsre-14718,0.75,0.0,0.2,5,5,5,1.2
zsre-14718,0.7,1.0,0.2,5,5,5,0.2
zsre-1472,0.95,1.0,0.0,5,5,5,0.0
zsre-1472,0.9,1.0,0.0,5,5,5,0.0
zsre-1472,0.85,1.0,0.0,5,5,5,0.0
zsre-1472,0.8,1.0,0.0,5,5,5,0.0
zsre-1472,0.75,1.0,0.0,5,5,5,0.0
zsre-1472,0.7,1.0,0.0,5,5,5,0.0
zsre-14720,0.95,1.0,0.0,5,5,5,0.0
zsre-14720,0.9,1.0,0.0,5,5,5,0.0
zsre-14720,0.85,1.0,0.0,5,5,5,0.0
zsre-14720,0.8,1.0,0.0,5,5,5,0.0
zsre-14720,0.75,1.0,0.0,5,5,5,0.0
zsre-14720,0.7,1.0,0.0,5,5,5,0.0
zsre-14727,0.95,1.0,0.0,5,5,5,0.0
zsre-14727,0.9,1.0,0.0,5,5,5,0.0
zsre-14727,0.85,1.0,0.0,5,5,5,0.0
zsre-14727,0.8,1.0,0.0,5,5,5,0.0
zsre-14727,0.75,1.0,0.0,5,5,5,0.0
zsre-14727,0.7,1.0,0.0,5,5,5,0.0
zsre-14747,0.95,0.0,0.0,20,20,20,1.0
zsre-14747,0.9,0.0,0.0,20,20,20,1.0
zsre-14747,0.85,0.0,0.0,20,20,20,1.0
zsre-14747,0.8,0.0,0.0,20,20,20,1.0
zsre-14747,0.75,1.0,0.0,20,20,20,0.0
zsre-14747,0.7,1.0,0.0,20,20,20,0.0
zsre-14763,0.95,1.0,0.2,5,5,5,0.2
zsre-14763,0.9,1.0,0.2,5,5,5,0.2
zsre-14763,0.85,1.0,0.2,5,5,5,0.2
zsre-14763,0.8,1.0,0.2,5,5,5,0.2
zsre-14763,0.75,1.0,0.2,5,5,5,0.2
zsre-14763,0.7,1.0,0.2,5,5,5,0.2
zsre-14764,0.95,1.0,0.2,5,5,5,0.2
zsre-14764,0.9,1.0,0.2,5,5,5,0.2
zsre-14764,0.85,1.0,0.2,5,5,5,0.2
zsre-14764,0.8,1.0,0.2,5,5,5,0.2
zsre-14764,0.75,1.0,0.2,5,5,5,0.2
zsre-14764,0.7,1.0,0.2,5,5,5,0.2
zsre-14770,0.95,0.0,0.0,5,5,5,1.0
zsre-14770,0.9,0.0,0.0,5,5,5,1.0
zsre-14770,0.85,0.0,0.0,5,5,5,1.0
zsre-14770,0.8,0.0,0.0,5,5,5,1.0
zsre-14770,0.75,0.0,0.0,5,5,5,1.0
zsre-14770,0.7,1.0,0.0,5,5,5,0.0
zsre-14772,0.95,0.0,0.0,20,20,20,1.0
zsre-14772,0.9,0.0,0.0,20,20,20,1.0
zsre-14772,0.85,0.0,0.0,20,20,20,1.0
zsre-14772,0.8,1.0,0.05,20,20,20,0.05
zsre-14772,0.75,1.0,0.05,20,20,20,0.05
zsre-14772,0.7,1.0,0.05,20,20,20,0.05
zsre-14773,0.95,0.0,0.0,20,20,20,1.0
zsre-14773,0.9,0.0,0.0,20,20,20,1.0
zsre-14773,0.85,0.0,0.0,20,20,20,1.0
zsre-14773,0.8,0.0,0.0,20,20,20,1.0
zsre-14773,0.75,1.0,0.05,20,20,20,0.05
zsre-14773,0.7,1.0,0.05,20,20,20,0.05
zsre-1479,0.95,1.0,0.0,5,5,5,0.0
zsre-1479,0.9,1.0,0.0,5,5,5,0.0
zsre-1479,0.85,1.0,0.0,5,5,5,0.0
zsre-1479,0.8,1.0,0.0,5,5,5,0.0
zsre-1479,0.75,1.0,0.0,5,5,5,0.0
zsre-1479,0.7,1.0,0.0,5,5,5,0.0
zsre-14795,0.95,1.0,0.05,20,20,20,0.05
zsre-14795,0.9,1.0,0.05,20,20,20,0.05
zsre-14795,0.85,1.0,0.05,20,20,20,0.05
zsre-14795,0.8,1.0,0.05,20,20,20,0.05
zsre-14795,0.75,0.0,0.0,20,20,20,1.0
zsre-14795,0.7,1.0,0.05,20,20,20,0.05
zsre-14796,0.95,1.0,0.05,20,20,20,0.05
zsre-14796,0.9,1.0,0.05,20,20,20,0.05
zsre-14796,0.85,1.0,0.05,20,20,20,0.05
zsre-14796,0.8,1.0,0.05,20,20,20,0.05
zsre-14796,0.75,0.0,0.0,20,20,20,1.0
zsre-14796,0.7,1.0,0.05,20,20,20,0.05
zsre-14797,0.95,0.0,0.0,20,20,20,1.0
zsre-14797,0.9,0.0,0.0,20,20,20,1.0
zsre-14797,0.85,0.0,0.0,20,20,20,1.0
zsre-14797,0.8,0.0,0.0,20,20,20,1.0
zsre-14797,0.75,1.0,0.0,20,20,20,0.0
zsre-14797,0.7,1.0,0.0,20,20,20,0.0
zsre-1481,0.95,0.0,0.0,15,15,15,1.0
zsre-1481,0.9,0.0,0.0,15,15,15,1.0
zsre-1481,0.85,0.0,0.0,15,15,15,1.0
zsre-1481,0.8,0.0,0.0,15,15,15,1.0
zsre-1481,0.75,0.0,0.0,15,15,15,1.0
zsre-1481,0.7,1.0,0.0,15,15,15,0.0
zsre-14813,0.95,0.0,0.0,5,5,5,1.0
zsre-14813,0.9,0.0,0.0,5,5,5,1.0
zsre-14813,0.85,0.0,0.0,5,5,5,1.0
zsre-14813,0.8,0.0,0.0,5,5,5,1.0
zsre-14813,0.75,1.0,0.0,5,5,5,0.0
zsre-14813,0.7,1.0,0.0,5,5,5,0.0
zsre-14836,0.95,1.0,0.0,5,5,5,0.0
zsre-14836,0.9,1.0,0.0,5,5,5,0.0
zsre-14836,0.85,1.0,0.0,5,5,5,0.0
zsre-14836,0.8,1.0,0.0,5,5,5,0.0
zsre-14836,0.75,1.0,0.0,5,5,5,0.0
zsre-14836,0.7,1.0,0.0,5,5,5,0.0
zsre-14850,0.95,0.0,0.05,20,20,20,1.05
zsre-14850,0.9,0.0,0.05,20,20,20,1.05
zsre-14850,0.85,0.0,0.05,20,20,20,1.05
zsre-14850,0.8,0.0,0.1,20,20,20,1.1
zsre-14850,0.75,0.0,0.1,20,20,20,1.1
zsre-14850,0.7,1.0,0.1,20,20,20,0.1
zsre-14852,0.95,0.0,0.05,20,20,20,1.05
zsre-14852,0.9,0.0,0.05,20,20,20,1.05
zsre-14852,0.85,0.0,0.05,20,20,20,1.05
zsre-14852,0.8,0.0,0.1,20,20,20,1.1
zsre-14852,0.75,1.0,0.05,20,20,20,0.05
zsre-14852,0.7,1.0,0.1,20,20,20,0.1
zsre-14854,0.95,1.0,0.0,20,20,20,0.0
zsre-14854,0.9,1.0,0.0,20,20,20,0.0
zsre-14854,0.85,1.0,0.0,20,20,20,0.0
zsre-14854,0.8,0.0,0.05,20,20,20,1.05
zsre-14854,0.75,1.0,0.1,20,20,20,0.1
zsre-14854,0.7,1.0,0.1,20,20,20,0.1
zsre-14871,0.95,1.0,0.0,5,5,5,0.0
zsre-14871,0.9,1.0,0.0,5,5,5,0.0
zsre-14871,0.85,1.0,0.0,5,5,5,0.0
zsre-14871,0.8,1.0,0.0,5,5,5,0.0
zsre-14871,0.75,1.0,0.0,5,5,5,0.0
zsre-14871,0.7,1.0,0.0,5,5,5,0.0
zsre-14872,0.95,0.0,0.0,5,5,5,1.0
zsre-14872,0.9,0.0,0.0,5,5,5,1.0
zsre-14872,0.85,1.0,0.4,5,5,5,0.4
zsre-14872,0.8,1.0,0.4,5,5,5,0.4
zsre-14872,0.75,1.0,0.4,5,5,5,0.4
zsre-14872,0.7,1.0,0.4,5,5,5,0.4
zsre-14873,0.95,0.0,0.0,6,6,6,1.0
zsre-14873,0.9,0.0,0.0,6,6,6,1.0
zsre-14873,0.85,1.0,0.3333333333333333,6,6,6,0.3333333333333333
zsre-14873,0.8,1.0,0.3333333333333333,6,6,6,0.3333333333333333
zsre-14873,0.75,1.0,0.3333333333333333,6,6,6,0.3333333333333333
zsre-14873,0.7,1.0,0.3333333333333333,6,6,6,0.3333333333333333
zsre-14874,0.95,0.0,0.0,5,5,5,1.0
zsre-14874,0.9,0.0,0.0,5,5,5,1.0
zsre-14874,0.85,0.0,0.0,5,5,5,1.0
zsre-14874,0.8,1.0,0.4,5,5,5,0.4
zsre-14874,0.75,1.0,0.4,5,5,5,0.4
zsre-14874,0.7,1.0,0.4,5,5,5,0.4
zsre-14881,0.95,1.0,0.0,5,5,5,0.0
zsre-14881,0.9,1.0,0.0,5,5,5,0.0
zsre-14881,0.85,1.0,0.0,5,5,5,0.0
zsre-14881,0.8,1.0,0.0,5,5,5,0.0
zsre-14881,0.75,1.0,0.0,5,5,5,0.0
zsre-14881,0.7,1.0,0.0,5,5,5,0.0
zsre-14893,0.95,0.0,0.0,5,5,5,1.0
zsre-14893,0.9,0.0,0.0,5,5,5,1.0
zsre-14893,0.85,0.0,0.0,5,5,5,1.0
zsre-14893,0.8,1.0,0.0,5,5,5,0.0
zsre-14893,0.75,1.0,0.0,5,5,5,0.0
zsre-14893,0.7,1.0,0.0,5,5,5,0.0
zsre-14900,0.95,0.0,0.0,5,5,5,1.0
zsre-14900,0.9,0.0,0.0,5,5,5,1.0
zsre-14900,0.85,0.0,0.0,5,5,5,1.0
zsre-14900,0.8,1.0,0.2,5,5,5,0.2
zsre-14900,0.75,1.0,0.2,5,5,5,0.2
zsre-14900,0.7,1.0,0.2,5,5,5,0.2
zsre-14903,0.95,0.0,0.0,5,5,5,1.0
zsre-14903,0.9,0.0,0.0,5,5,5,1.0
zsre-14903,0.85,0.0,0.0,5,5,5,1.0
zsre-14903,0.8,1.0,0.2,5,5,5,0.2
zsre-14903,0.75,1.0,0.2,5,5,5,0.2
zsre-14903,0.7,1.0,0.2,5,5,5,0.2
zsre-1492,0.95,1.0,0.0,5,5,5,0.0
zsre-1492,0.9,1.0,0.0,5,5,5,0.0
zsre-1492,0.85,1.0,0.0,5,5,5,0.0
zsre-1492,0.8,1.0,0.0,5,5,5,0.0
zsre-1492,0.75,1.0,0.0,5,5,5,0.0
zsre-1492,0.7,1.0,0.0,5,5,5,0.0
zsre-14933,0.95,0.0,0.0,20,20,20,1.0
zsre-14933,0.9,0.0,0.0,20,20,20,1.0
zsre-14933,0.85,0.0,0.0,20,20,20,1.0
zsre-14933,0.8,0.0,0.0,20,20,20,1.0
zsre-14933,0.75,0.0,0.0,20,20,20,1.0
zsre-14933,0.7,1.0,0.0,20,20,20,0.0
zsre-14944,0.95,0.0,0.0,5,5,5,1.0
zsre-14944,0.9,0.0,0.0,5,5,5,1.0
zsre-14944,0.85,0.0,0.0,5,5,5,1.0
zsre-14944,0.8,0.0,0.0,5,5,5,1.0
zsre-14944,0.75,0.0,0.0,5,5,5,1.0
zsre-14944,0.7,1.0,0.0,5,5,5,0.0
zsre-14946,0.95,1.0,0.0,5,5,5,0.0
zsre-14946,0.9,1.0,0.0,5,5,5,0.0
zsre-14946,0.85,1.0,0.0,5,5,5,0.0
zsre-14946,0.8,1.0,0.0,5,5,5,0.0
zsre-14946,0.75,1.0,0.0,5,5,5,0.0
zsre-14946,0.7,1.0,0.0,5,5,5,0.0
zsre-14950,0.95,1.0,0.0,5,5,5,0.0
zsre-14950,0.9,1.0,0.0,5,5,5,0.0
zsre-14950,0.85,1.0,0.0,5,5,5,0.0
zsre-14950,0.8,1.0,0.0,5,5,5,0.0
zsre-14950,0.75,1.0,0.0,5,5,5,0.0
zsre-14950,0.7,1.0,0.0,5,5,5,0.0
zsre-1496,0.95,0.0,0.0,5,5,5,1.0
zsre-1496,0.9,0.0,0.0,5,5,5,1.0
zsre-1496,0.85,0.0,0.0,5,5,5,1.0
zsre-1496,0.8,0.0,0.0,5,5,5,1.0
zsre-1496,0.75,0.0,0.0,5,5,5,1.0
zsre-1496,0.7,1.0,0.0,5,5,5,0.0
zsre-14962,0.95,0.0,0.0,5,5,5,1.0
zsre-14962,0.9,0.0,0.0,5,5,5,1.0
zsre-14962,0.85,0.0,0.0,5,5,5,1.0
zsre-14962,0.8,0.0,0.0,5,5,5,1.0
zsre-14962,0.75,1.0,0.2,5,5,5,0.2
zsre-14962,0.7,1.0,0.2,5,5,5,0.2
zsre-14963,0.95,0.0,0.0,5,5,5,1.0
zsre-14963,0.9,0.0,0.0,5,5,5,1.0
zsre-14963,0.85,0.0,0.0,5,5,5,1.0
zsre-14963,0.8,0.0,0.0,5,5,5,1.0
zsre-14963,0.75,0.0,0.0,5,5,5,1.0
zsre-14963,0.7,1.0,0.0,5,5,5,0.0
zsre-14971,0.95,1.0,0.0,5,5,5,0.0
zsre-14971,0.9,1.0,0.0,5,5,5,0.0
zsre-14971,0.85,1.0,0.0,5,5,5,0.0
zsre-14971,0.8,1.0,0.0,5,5,5,0.0
zsre-14971,0.75,1.0,0.0,5,5,5,0.0
zsre-14971,0.7,1.0,0.0,5,5,5,0.0
zsre-14979,0.95,1.0,0.5,8,8,8,0.5
zsre-14979,0.9,1.0,0.5,8,8,8,0.5
zsre-14979,0.85,1.0,0.5,8,8,8,0.5
zsre-14979,0.8,1.0,0.5,8,8,8,0.5
zsre-14979,0.75,1.0,0.5,8,8,8,0.5
zsre-14979,0.7,1.0,0.5,8,8,8,0.5
zsre-14980,0.95,1.0,0.6666666666666666,6,6,6,0.6666666666666666
zsre-14980,0.9,1.0,0.6666666666666666,6,6,6,0.6666666666666666
zsre-14980,0.85,1.0,0.6666666666666666,6,6,6,0.6666666666666666
zsre-14980,0.8,1.0,0.6666666666666666,6,6,6,0.6666666666666666
zsre-14980,0.75,1.0,0.6666666666666666,6,6,6,0.6666666666666666
zsre-14980,0.7,1.0,0.6666666666666666,6,6,6,0.6666666666666666
zsre-14981,0.95,1.0,0.5,8,8,8,0.5
zsre-14981,0.9,1.0,0.5,8,8,8,0.5
zsre-14981,0.85,1.0,0.5,8,8,8,0.5
zsre-14981,0.8,1.0,0.5,8,8,8,0.5
zsre-14981,0.75,1.0,0.5,8,8,8,0.5
zsre-14981,0.7,1.0,0.5,8,8,8,0.5
zsre-14982,0.95,1.0,0.5714285714285714,7,7,7,0.5714285714285714
zsre-14982,0.9,1.0,0.5714285714285714,7,7,7,0.5714285714285714
zsre-14982,0.85,1.0,0.5714285714285714,7,7,7,0.5714285714285714
zsre-14982,0.8,1.0,0.5714285714285714,7,7,7,0.5714285714285714
zsre-14982,0.75,1.0,0.5714285714285714,7,7,7,0.5714285714285714
zsre-14982,0.7,1.0,0.5714285714285714,7,7,7,0.5714285714285714
zsre-14984,0.95,1.0,0.5,8,8,8,0.5
zsre-14984,0.9,1.0,0.5,8,8,8,0.5
zsre-14984,0.85,1.0,0.5,8,8,8,0.5
zsre-14984,0.8,1.0,0.5,8,8,8,0.5
zsre-14984,0.75,1.0,0.5,8,8,8,0.5
zsre-14984,0.7,1.0,0.5,8,8,8,0.5
zsre-15000,0.95,0.0,0.0,5,5,5,1.0
zsre-15000,0.9,0.0,0.0,5,5,5,1.0
zsre-15000,0.85,0.0,0.0,5,5,5,1.0
zsre-15000,0.8,0.0,0.0,5,5,5,1.0
zsre-15000,0.75,1.0,0.0,5,5,5,0.0
zsre-15000,0.7,1.0,0.0,5,5,5,0.0
zsre-15006,0.95,0.0,0.0,20,20,20,1.0
zsre-15006,0.9,0.0,0.0,20,20,20,1.0
zsre-15006,0.85,0.0,0.0,20,20,20,1.0
zsre-15006,0.8,0.0,0.0,20,20,20,1.0
zsre-15006,0.75,1.0,0.0,20,20,20,0.0
zsre-15006,0.7,1.0,0.0,20,20,20,0.0
zsre-15011,0.95,0.0,0.0,20,20,20,1.0
zsre-15011,0.9,0.0,0.0,20,20,20,1.0
zsre-15011,0.85,0.0,0.15,20,20,20,1.15
zsre-15011,0.8,0.0,0.15,20,20,20,1.15
zsre-15011,0.75,0.0,0.15,20,20,20,1.15
zsre-15011,0.7,1.0,0.15,20,20,20,0.15
zsre-15012,0.95,0.0,0.0,20,20,20,1.0
zsre-15012,0.9,1.0,0.1,20,20,20,0.1
zsre-15012,0.85,1.0,0.1,20,20,20,0.1
zsre-15012,0.8,0.0,0.1,20,20,20,1.1
zsre-15012,0.75,1.0,0.15,20,20,20,0.15
zsre-15012,0.7,1.0,0.15,20,20,20,0.15
zsre-15013,0.95,0.0,0.0,20,20,20,1.0
zsre-15013,0.9,0.0,0.0,20,20,20,1.0
zsre-15013,0.85,1.0,0.1,20,20,20,0.1
zsre-15013,0.8,1.0,0.1,20,20,20,0.1
zsre-15013,0.75,1.0,0.1,20,20,20,0.1
zsre-15013,0.7,1.0,0.15,20,20,20,0.15
zsre-15024,0.95,1.0,0.0,5,5,5,0.0
zsre-15024,0.9,1.0,0.0,5,5,5,0.0
zsre-15024,0.85,1.0,0.0,5,5,5,0.0
zsre-15024,0.8,1.0,0.0,5,5,5,0.0
zsre-15024,0.75,1.0,0.0,5,5,5,0.0
zsre-15024,0.7,1.0,0.0,5,5,5,0.0
zsre-15026,0.95,0.0,0.0,6,6,6,1.0
zsre-15026,0.9,0.0,0.0,6,6,6,1.0
zsre-15026,0.85,0.0,0.0,6,6,6,1.0
zsre-15026,0.8,0.0,0.0,6,6,6,1.0
zsre-15026,0.75,1.0,0.0,6,6,6,0.0
zsre-15026,0.7,1.0,0.0,6,6,6,0.0
zsre-15027,0.95,1.0,0.21428571428571427,14,14,14,0.21428571428571427
zsre-15027,0.9,1.0,0.21428571428571427,14,14,14,0.21428571428571427
zsre-15027,0.85,1.0,0.21428571428571427,14,14,14,0.21428571428571427
zsre-15027,0.8,1.0,0.21428571428571427,14,14,14,0.21428571428571427
zsre-15027,0.75,1.0,0.21428571428571427,14,14,14,0.21428571428571427
zsre-15027,0.7,1.0,0.21428571428571427,14,14,14,0.21428571428571427
zsre-15028,0.95,1.0,0.2727272727272727,11,11,11,0.2727272727272727
zsre-15028,0.9,1.0,0.2727272727272727,11,11,11,0.2727272727272727
zsre-15028,0.85,1.0,0.2727272727272727,11,11,11,0.2727272727272727
zsre-15028,0.8,1.0,0.2727272727272727,11,11,11,0.2727272727272727
zsre-15028,0.75,1.0,0.2727272727272727,11,11,11,0.2727272727272727
zsre-15028,0.7,1.0,0.2727272727272727,11,11,11,0.2727272727272727
zsre-15030,0.95,1.0,0.21428571428571427,14,14,14,0.21428571428571427
zsre-15030,0.9,1.0,0.21428571428571427,14,14,14,0.21428571428571427
zsre-15030,0.85,1.0,0.21428571428571427,14,14,14,0.21428571428571427
zsre-15030,0.8,1.0,0.21428571428571427,14,14,14,0.21428571428571427
zsre-15030,0.75,1.0,0.21428571428571427,14,14,14,0.21428571428571427
zsre-15030,0.7,1.0,0.21428571428571427,14,14,14,0.21428571428571427
zsre-15031,0.95,1.0,0.375,8,8,8,0.375
zsre-15031,0.9,1.0,0.375,8,8,8,0.375
zsre-15031,0.85,1.0,0.375,8,8,8,0.375
zsre-15031,0.8,1.0,0.375,8,8,8,0.375
zsre-15031,0.75,1.0,0.375,8,8,8,0.375
zsre-15031,0.7,1.0,0.375,8,8,8,0.375
zsre-15045,0.95,0.0,0.0,5,5,5,1.0
zsre-15045,0.9,0.0,0.0,5,5,5,1.0
zsre-15045,0.85,0.0,0.0,5,5,5,1.0
zsre-15045,0.8,1.0,0.2,5,5,5,0.2
zsre-15045,0.75,0.0,0.0,5,5,5,1.0
zsre-15045,0.7,1.0,0.2,5,5,5,0.2
zsre-15047,0.95,0.0,0.0,9,9,9,1.0
zsre-15047,0.9,0.0,0.0,9,9,9,1.0
zsre-15047,0.85,1.0,0.1111111111111111,9,9,9,0.1111111111111111
zsre-15047,0.8,0.0,0.0,9,9,9,1.0
zsre-15047,0.75,1.0,0.0,9,9,9,0.0
zsre-15047,0.7,1.0,0.1111111111111111,9,9,9,0.1111111111111111
zsre-15048,0.95,0.0,0.0,5,5,5,1.0
zsre-15048,0.9,0.0,0.0,5,5,5,1.0
zsre-15048,0.85,0.0,0.0,5,5,5,1.0
zsre-15048,0.8,0.0,0.0,5,5,5,1.0
zsre-15048,0.75,0.0,0.4,5,5,5,1.4
zsre-15048,0.7,1.0,0.2,5,5,5,0.2
zsre-15051,0.95,0.0,0.0,5,5,5,1.0
zsre-15051,0.9,0.0,0.0,5,5,5,1.0
zsre-15051,0.85,1.0,0.0,5,5,5,0.0
zsre-15051,0.8,1.0,0.0,5,5,5,0.0
zsre-15051,0.75,1.0,0.0,5,5,5,0.0
zsre-15051,0.7,1.0,0.0,5,5,5,0.0
zsre-1506,0.95,1.0,0.0,7,7,7,0.0
zsre-1506,0.9,1.0,0.0,7,7,7,0.0
zsre-1506,0.85,1.0,0.0,7,7,7,0.0
zsre-1506,0.8,1.0,0.0,7,7,7,0.0
zsre-1506,0.75,1.0,0.0,7,7,7,0.0
zsre-1506,0.7,1.0,0.0,7,7,7,0.0
zsre-1507,0.95,0.0,0.0,18,18,18,1.0
zsre-1507,0.9,0.0,0.0,18,18,18,1.0
zsre-1507,0.85,0.0,0.0,18,18,18,1.0
zsre-1507,0.8,1.0,0.1111111111111111,18,18,18,0.1111111111111111
zsre-1507,0.75,1.0,0.1111111111111111,18,18,18,0.1111111111111111
zsre-1507,0.7,1.0,0.1111111111111111,18,18,18,0.1111111111111111
zsre-1509,0.95,0.0,0.0,8,8,8,1.0
zsre-1509,0.9,0.0,0.0,8,8,8,1.0
zsre-1509,0.85,0.0,0.0,8,8,8,1.0
zsre-1509,0.8,0.0,0.125,8,8,8,1.125
zsre-1509,0.75,1.0,0.25,8,8,8,0.25
zsre-1509,0.7,1.0,0.25,8,8,8,0.25
zsre-15091,0.95,0.0,0.0,5,5,5,1.0
zsre-15091,0.9,0.0,0.0,5,5,5,1.0
zsre-15091,0.85,0.0,0.0,5,5,5,1.0
zsre-15091,0.8,0.0,0.0,5,5,5,1.0
zsre-15091,0.75,1.0,0.0,5,5,5,0.0
zsre-15091,0.7,1.0,0.0,5,5,5,0.0
zsre-15092,0.95,0.0,0.0,12,12,12,1.0
zsre-15092,0.9,0.0,0.0,12,12,12,1.0
zsre-15092,0.85,0.0,0.0,12,12,12,1.0
zsre-15092,0.8,1.0,0.08333333333333333,12,12,12,0.08333333333333333
zsre-15092,0.75,1.0,0.08333333333333333,12,12,12,0.08333333333333333
zsre-15092,0.7,1.0,0.08333333333333333,12,12,12,0.08333333333333333
zsre-15095,0.95,0.0,0.0,15,15,15,1.0
zsre-15095,0.9,0.0,0.0,15,15,15,1.0
zsre-15095,0.85,0.0,0.0,15,15,15,1.0
zsre-15095,0.8,1.0,0.06666666666666667,15,15,15,0.06666666666666667
zsre-15095,0.75,1.0,0.06666666666666667,15,15,15,0.06666666666666667
zsre-15095,0.7,1.0,0.06666666666666667,15,15,15,0.06666666666666667
zsre-1510,0.95,0.0,0.0,20,20,20,1.0
zsre-1510,0.9,0.0,0.0,20,20,20,1.0
zsre-1510,0.85,0.0,0.0,20,20,20,1.0
zsre-1510,0.8,0.0,0.0,20,20,20,1.0
zsre-1510,0.75,1.0,0.1,20,20,20,0.1
zsre-1510,0.7,1.0,0.1,20,20,20,0.1
zsre-15104,0.95,1.0,0.0,5,5,5,0.0
zsre-15104,0.9,1.0,0.0,5,5,5,0.0
zsre-15104,0.85,1.0,0.0,5,5,5,0.0
zsre-15104,0.8,1.0,0.0,5,5,5,0.0
zsre-15104,0.75,1.0,0.0,5,5,5,0.0
zsre-15104,0.7,1.0,0.0,5,5,5,0.0
zsre-15142,0.95,1.0,0.0,5,5,5,0.0
zsre-15142,0.9,1.0,0.0,5,5,5,0.0
zsre-15142,0.85,1.0,0.0,5,5,5,0.0
zsre-15142,0.8,1.0,0.0,5,5,5,0.0
zsre-15142,0.75,1.0,0.0,5,5,5,0.0
zsre-15142,0.7,1.0,0.0,5,5,5,0.0
zsre-15143,0.95,0.0,0.0,5,5,5,1.0
zsre-15143,0.9,0.0,0.0,5,5,5,1.0
zsre-15143,0.85,0.0,0.0,5,5,5,1.0
zsre-15143,0.8,1.0,0.0,5,5,5,0.0
zsre-15143,0.75,1.0,0.0,5,5,5,0.0
zsre-15143,0.7,1.0,0.0,5,5,5,0.0
zsre-15145,0.95,1.0,0.0,5,5,5,0.0
zsre-15145,0.9,1.0,0.0,5,5,5,0.0
zsre-15145,0.85,1.0,0.0,5,5,5,0.0
zsre-15145,0.8,1.0,0.0,5,5,5,0.0
zsre-15145,0.75,1.0,0.0,5,5,5,0.0
zsre-15145,0.7,1.0,0.0,5,5,5,0.0
zsre-15146,0.95,0.0,0.07142857142857142,14,14,14,1.0714285714285714
zsre-15146,0.9,0.0,0.07142857142857142,14,14,14,1.0714285714285714
zsre-15146,0.85,0.0,0.07142857142857142,14,14,14,1.0714285714285714
zsre-15146,0.8,0.0,0.07142857142857142,14,14,14,1.0714285714285714
zsre-15146,0.75,1.0,0.07142857142857142,14,14,14,0.07142857142857142
zsre-15146,0.7,1.0,0.07142857142857142,14,14,14,0.07142857142857142
zsre-15147,0.95,1.0,0.0,6,6,6,0.0
zsre-15147,0.9,1.0,0.0,6,6,6,0.0
zsre-15147,0.85,1.0,0.0,6,6,6,0.0
zsre-15147,0.8,1.0,0.0,6,6,6,0.0
zsre-15147,0.75,1.0,0.0,6,6,6,0.0
zsre-15147,0.7,1.0,0.0,6,6,6,0.0
zsre-15148,0.95,1.0,0.0,5,5,5,0.0
zsre-15148,0.9,1.0,0.0,5,5,5,0.0
zsre-15148,0.85,1.0,0.0,5,5,5,0.0
zsre-15148,0.8,1.0,0.0,5,5,5,0.0
zsre-15148,0.75,1.0,0.0,5,5,5,0.0
zsre-15148,0.7,1.0,0.0,5,5,5,0.0
zsre-15187,0.95,1.0,0.0,15,15,15,0.0
zsre-15187,0.9,1.0,0.0,15,15,15,0.0
zsre-15187,0.85,1.0,0.0,15,15,15,0.0
zsre-15187,0.8,1.0,0.0,15,15,15,0.0
zsre-15187,0.75,1.0,0.0,15,15,15,0.0
zsre-15187,0.7,1.0,0.0,15,15,15,0.0
zsre-1519,0.95,0.0,0.0,5,5,5,1.0
zsre-1519,0.9,0.0,0.0,5,5,5,1.0
zsre-1519,0.85,0.0,0.0,5,5,5,1.0
zsre-1519,0.8,0.0,0.0,5,5,5,1.0
zsre-1519,0.75,1.0,0.0,5,5,5,0.0
zsre-1519,0.7,1.0,0.2,5,5,5,0.2
zsre-15199,0.95,1.0,0.0,5,5,5,0.0
zsre-15199,0.9,1.0,0.0,5,5,5,0.0
zsre-15199,0.85,1.0,0.0,5,5,5,0.0
zsre-15199,0.8,1.0,0.0,5,5,5,0.0
zsre-15199,0.75,1.0,0.0,5,5,5,0.0
zsre-15199,0.7,1.0,0.0,5,5,5,0.0
zsre-1520,0.95,0.0,0.0,5,5,5,1.0
zsre-1520,0.9,0.0,0.0,5,5,5,1.0
zsre-1520,0.85,0.0,0.0,5,5,5,1.0
zsre-1520,0.8,0.0,0.2,5,5,5,1.2
zsre-1520,0.75,0.0,0.2,5,5,5,1.2
zsre-1520,0.7,1.0,0.2,5,5,5,0.2
zsre-15211,0.95,1.0,0.0,5,5,5,0.0
zsre-15211,0.9,1.0,0.0,5,5,5,0.0
zsre-15211,0.85,1.0,0.0,5,5,5,0.0
zsre-15211,0.8,1.0,0.0,5,5,5,0.0
zsre-15211,0.75,1.0,0.0,5,5,5,0.0
zsre-15211,0.7,1.0,0.0,5,5,5,0.0
zsre-15222,0.95,1.0,0.0,5,5,5,0.0
zsre-15222,0.9,1.0,0.0,5,5,5,0.0
zsre-15222,0.85,1.0,0.0,5,5,5,0.0
zsre-15222,0.8,1.0,0.0,5,5,5,0.0
zsre-15222,0.75,1.0,0.0,5,5,5,0.0
zsre-15222,0.7,1.0,0.0,5,5,5,0.0
zsre-15223,0.95,1.0,0.0,5,5,5,0.0
zsre-15223,0.9,1.0,0.0,5,5,5,0.0
zsre-15223,0.85,1.0,0.0,5,5,5,0.0
zsre-15223,0.8,1.0,0.0,5,5,5,0.0
zsre-15223,0.75,1.0,0.0,5,5,5,0.0
zsre-15223,0.7,1.0,0.0,5,5,5,0.0
zsre-1523,0.95,1.0,0.0,5,5,5,0.0
zsre-1523,0.9,1.0,0.0,5,5,5,0.0
zsre-1523,0.85,1.0,0.0,5,5,5,0.0
zsre-1523,0.8,1.0,0.0,5,5,5,0.0
zsre-1523,0.75,1.0,0.0,5,5,5,0.0
zsre-1523,0.7,1.0,0.0,5,5,5,0.0
zsre-15231,0.95,0.0,0.0,9,9,9,1.0
zsre-15231,0.9,0.0,0.0,9,9,9,1.0
zsre-15231,0.85,0.0,0.0,9,9,9,1.0
zsre-15231,0.8,0.0,0.0,9,9,9,1.0
zsre-15231,0.75,0.0,0.1111111111111111,9,9,9,1.1111111111111112
zsre-15231,0.7,1.0,0.1111111111111111,9,9,9,0.1111111111111111
zsre-15258,0.95,1.0,0.0,5,5,5,0.0
zsre-15258,0.9,1.0,0.0,5,5,5,0.0
zsre-15258,0.85,1.0,0.0,5,5,5,0.0
zsre-15258,0.8,1.0,0.0,5,5,5,0.0
zsre-15258,0.75,1.0,0.0,5,5,5,0.0
zsre-15258,0.7,1.0,0.0,5,5,5,0.0
zsre-15260,0.95,0.0,0.0,19,19,19,1.0
zsre-15260,0.9,0.0,0.0,19,19,19,1.0
zsre-15260,0.85,0.0,0.0,19,19,19,1.0
zsre-15260,0.8,0.0,0.0,19,19,19,1.0
zsre-15260,0.75,0.0,0.0,19,19,19,1.0
zsre-15260,0.7,1.0,0.0,19,19,19,0.0
zsre-15261,0.95,0.0,0.0,5,5,5,1.0
zsre-15261,0.9,0.0,0.0,5,5,5,1.0
zsre-15261,0.85,0.0,0.0,5,5,5,1.0
zsre-15261,0.8,0.0,0.0,5,5,5,1.0
zsre-15261,0.75,1.0,0.4,5,5,5,0.4
zsre-15261,0.7,1.0,0.4,5,5,5,0.4
zsre-15262,0.95,0.0,0.0,5,5,5,1.0
zsre-15262,0.9,0.0,0.0,5,5,5,1.0
zsre-15262,0.85,0.0,0.0,5,5,5,1.0
zsre-15262,0.8,0.0,0.0,5,5,5,1.0
zsre-15262,0.75,0.0,0.2,5,5,5,1.2
zsre-15262,0.7,1.0,0.4,5,5,5,0.4
zsre-15263,0.95,1.0,0.0,5,5,5,0.0
zsre-15263,0.9,1.0,0.0,5,5,5,0.0
zsre-15263,0.85,1.0,0.0,5,5,5,0.0
zsre-15263,0.8,1.0,0.0,5,5,5,0.0
zsre-15263,0.75,1.0,0.0,5,5,5,0.0
zsre-15263,0.7,1.0,0.4,5,5,5,0.4
zsre-15264,0.95,1.0,0.0,20,20,20,0.0
zsre-15264,0.9,1.0,0.0,20,20,20,0.0
zsre-15264,0.85,1.0,0.0,20,20,20,0.0
zsre-15264,0.8,1.0,0.0,20,20,20,0.0
zsre-15264,0.75,1.0,0.0,20,20,20,0.0
zsre-15264,0.7,1.0,0.15,20,20,20,0.15
zsre-15276,0.95,1.0,0.0,5,5,5,0.0
zsre-15276,0.9,1.0,0.0,5,5,5,0.0
zsre-15276,0.85,1.0,0.0,5,5,5,0.0
zsre-15276,0.8,1.0,0.0,5,5,5,0.0
zsre-15276,0.75,1.0,0.0,5,5,5,0.0
zsre-15276,0.7,1.0,0.0,5,5,5,0.0
zsre-15278,0.95,1.0,0.0,9,9,9,0.0
zsre-15278,0.9,1.0,0.0,9,9,9,0.0
zsre-15278,0.85,1.0,0.0,9,9,9,0.0
zsre-15278,0.8,1.0,0.0,9,9,9,0.0
zsre-15278,0.75,1.0,0.0,9,9,9,0.0
zsre-15278,0.7,1.0,0.0,9,9,9,0.0
zsre-15279,0.95,1.0,0.2,5,5,5,0.2
zsre-15279,0.9,1.0,0.2,5,5,5,0.2
zsre-15279,0.85,1.0,0.2,5,5,5,0.2
zsre-15279,0.8,1.0,0.2,5,5,5,0.2
zsre-15279,0.75,1.0,0.2,5,5,5,0.2
zsre-15279,0.7,1.0,0.0,5,5,5,0.0
zsre-15280,0.95,0.0,0.0,18,18,18,1.0
zsre-15280,0.9,0.0,0.0,18,18,18,1.0
zsre-15280,0.85,0.0,0.0,18,18,18,1.0
zsre-15280,0.8,1.0,0.0,18,18,18,0.0
zsre-15280,0.75,1.0,0.0,18,18,18,0.0
zsre-15280,0.7,1.0,0.0,18,18,18,0.0
zsre-15281,0.95,1.0,0.09090909090909091,11,11,11,0.09090909090909091
zsre-15281,0.9,1.0,0.09090909090909091,11,11,11,0.09090909090909091
zsre-15281,0.85,1.0,0.09090909090909091,11,11,11,0.09090909090909091
zsre-15281,0.8,0.0,0.09090909090909091,11,11,11,1.0909090909090908
zsre-15281,0.75,1.0,0.09090909090909091,11,11,11,0.09090909090909091
zsre-15281,0.7,1.0,0.09090909090909091,11,11,11,0.09090909090909091
zsre-15285,0.95,1.0,0.0,5,5,5,0.0
zsre-15285,0.9,1.0,0.0,5,5,5,0.0
zsre-15285,0.85,1.0,0.0,5,5,5,0.0
zsre-15285,0.8,1.0,0.0,5,5,5,0.0
zsre-15285,0.75,1.0,0.0,5,5,5,0.0
zsre-15285,0.7,1.0,0.4,5,5,5,0.4
zsre-15286,0.95,0.0,0.2,5,5,5,1.2
zsre-15286,0.9,0.0,0.2,5,5,5,1.2
zsre-15286,0.85,0.0,0.2,5,5,5,1.2
zsre-15286,0.8,0.0,0.2,5,5,5,1.2
zsre-15286,0.75,1.0,0.4,5,5,5,0.4
zsre-15286,0.7,1.0,0.4,5,5,5,0.4
zsre-15287,0.95,0.0,0.2,5,5,5,1.2
zsre-15287,0.9,0.0,0.2,5,5,5,1.2
zsre-15287,0.85,0.0,0.2,5,5,5,1.2
zsre-15287,0.8,0.0,0.2,5,5,5,1.2
zsre-15287,0.75,1.0,0.4,5,5,5,0.4
zsre-15287,0.7,1.0,0.4,5,5,5,0.4
zsre-1530,0.95,0.0,0.0,9,9,9,1.0
zsre-1530,0.9,0.0,0.0,9,9,9,1.0
zsre-1530,0.85,0.0,0.0,9,9,9,1.0
zsre-1530,0.8,0.0,0.0,9,9,9,1.0
zsre-1530,0.75,1.0,0.0,9,9,9,0.0
zsre-1530,0.7,1.0,0.0,9,9,9,0.0
zsre-15310,0.95,1.0,0.42857142857142855,7,7,7,0.42857142857142855
zsre-15310,0.9,1.0,0.42857142857142855,7,7,7,0.42857142857142855
zsre-15310,0.85,1.0,0.42857142857142855,7,7,7,0.42857142857142855
zsre-15310,0.8,1.0,0.42857142857142855,7,7,7,0.42857142857142855
zsre-15310,0.75,1.0,0.42857142857142855,7,7,7,0.42857142857142855
zsre-15310,0.7,1.0,0.42857142857142855,7,7,7,0.42857142857142855
zsre-15311,0.95,1.0,0.6,5,5,5,0.6
zsre-15311,0.9,1.0,0.6,5,5,5,0.6
zsre-15311,0.85,1.0,0.6,5,5,5,0.6
zsre-15311,0.8,1.0,0.6,5,5,5,0.6
zsre-15311,0.75,1.0,0.6,5,5,5,0.6
zsre-15311,0.7,1.0,0.6,5,5,5,0.6
zsre-15313,0.95,1.0,0.15,20,20,20,0.15
zsre-15313,0.9,1.0,0.15,20,20,20,0.15
zsre-15313,0.85,1.0,0.15,20,20,20,0.15
zsre-15313,0.8,1.0,0.15,20,20,20,0.15
zsre-15313,0.75,1.0,0.15,20,20,20,0.15
zsre-15313,0.7,1.0,0.15,20,20,20,0.15
zsre-15315,0.95,1.0,0.15,20,20,20,0.15
zsre-15315,0.9,1.0,0.15,20,20,20,0.15
zsre-15315,0.85,1.0,0.15,20,20,20,0.15
zsre-15315,0.8,1.0,0.15,20,20,20,0.15
zsre-15315,0.75,1.0,0.15,20,20,20,0.15
zsre-15315,0.7,1.0,0.15,20,20,20,0.15
zsre-15359,0.95,1.0,0.0,5,5,5,0.0
zsre-15359,0.9,1.0,0.0,5,5,5,0.0
zsre-15359,0.85,1.0,0.0,5,5,5,0.0
zsre-15359,0.8,1.0,0.0,5,5,5,0.0
zsre-15359,0.75,1.0,0.0,5,5,5,0.0
zsre-15359,0.7,1.0,0.0,5,5,5,0.0
zsre-15404,0.95,0.0,0.0,5,5,5,1.0
zsre-15404,0.9,0.0,0.0,5,5,5,1.0
zsre-15404,0.85,0.0,0.0,5,5,5,1.0
zsre-15404,0.8,0.0,0.0,5,5,5,1.0
zsre-15404,0.75,0.0,0.0,5,5,5,1.0
zsre-15404,0.7,1.0,0.0,5,5,5,0.0
zsre-15417,0.95,1.0,0.0,5,5,5,0.0
zsre-15417,0.9,1.0,0.0,5,5,5,0.0
zsre-15417,0.85,1.0,0.0,5,5,5,0.0
zsre-15417,0.8,1.0,0.0,5,5,5,0.0
zsre-15417,0.75,1.0,0.0,5,5,5,0.0
zsre-15417,0.7,1.0,0.0,5,5,5,0.0
zsre-15423,0.95,1.0,0.0,5,5,5,0.0
zsre-15423,0.9,1.0,0.0,5,5,5,0.0
zsre-15423,0.85,1.0,0.0,5,5,5,0.0
zsre-15423,0.8,1.0,0.0,5,5,5,0.0
zsre-15423,0.75,1.0,0.0,5,5,5,0.0
zsre-15423,0.7,1.0,0.0,5,5,5,0.0
zsre-15427,0.95,0.0,0.0,20,20,20,1.0
zsre-15427,0.9,0.0,0.0,20,20,20,1.0
zsre-15427,0.85,0.0,0.05,20,20,20,1.05
zsre-15427,0.8,1.0,0.05,20,20,20,0.05
zsre-15427,0.75,1.0,0.05,20,20,20,0.05
zsre-15427,0.7,1.0,0.1,20,20,20,0.1
zsre-15428,0.95,0.0,0.0,20,20,20,1.0
zsre-15428,0.9,0.0,0.0,20,20,20,1.0
zsre-15428,0.85,0.0,0.0,20,20,20,1.0
zsre-15428,0.8,1.0,0.0,20,20,20,0.0
zsre-15428,0.75,1.0,0.05,20,20,20,0.05
zsre-15428,0.7,1.0,0.05,20,20,20,0.05
zsre-15435,0.95,1.0,0.16666666666666666,6,6,6,0.16666666666666666
zsre-15435,0.9,1.0,0.16666666666666666,6,6,6,0.16666666666666666
zsre-15435,0.85,1.0,0.16666666666666666,6,6,6,0.16666666666666666
zsre-15435,0.8,1.0,0.16666666666666666,6,6,6,0.16666666666666666
zsre-15435,0.75,1.0,0.16666666666666666,6,6,6,0.16666666666666666
zsre-15435,0.7,1.0,0.16666666666666666,6,6,6,0.16666666666666666
zsre-15436,0.95,1.0,0.2,5,5,5,0.2
zsre-15436,0.9,1.0,0.2,5,5,5,0.2
zsre-15436,0.85,1.0,0.2,5,5,5,0.2
zsre-15436,0.8,1.0,0.2,5,5,5,0.2
zsre-15436,0.75,1.0,0.2,5,5,5,0.2
zsre-15436,0.7,1.0,0.2,5,5,5,0.2
zsre-1546,0.95,1.0,0.0,5,5,5,0.0
zsre-1546,0.9,1.0,0.0,5,5,5,0.0
zsre-1546,0.85,1.0,0.0,5,5,5,0.0
zsre-1546,0.8,1.0,0.0,5,5,5,0.0
zsre-1546,0.75,1.0,0.0,5,5,5,0.0
zsre-1546,0.7,1.0,0.0,5,5,5,0.0
zsre-15467,0.95,1.0,0.0,5,5,5,0.0
zsre-15467,0.9,1.0,0.0,5,5,5,0.0
zsre-15467,0.85,1.0,0.0,5,5,5,0.0
zsre-15467,0.8,1.0,0.0,5,5,5,0.0
zsre-15467,0.75,1.0,0.0,5,5,5,0.0
zsre-15467,0.7,1.0,0.0,5,5,5,0.0
zsre-15472,0.95,1.0,0.0,5,5,5,0.0
zsre-15472,0.9,1.0,0.0,5,5,5,0.0
zsre-15472,0.85,1.0,0.0,5,5,5,0.0
zsre-15472,0.8,1.0,0.0,5,5,5,0.0
zsre-15472,0.75,1.0,0.0,5,5,5,0.0
zsre-15472,0.7,1.0,0.0,5,5,5,0.0
zsre-15488,0.95,1.0,0.0,5,5,5,0.0
zsre-15488,0.9,1.0,0.0,5,5,5,0.0
zsre-15488,0.85,1.0,0.0,5,5,5,0.0
zsre-15488,0.8,0.0,0.0,5,5,5,1.0
zsre-15488,0.75,1.0,0.0,5,5,5,0.0
zsre-15488,0.7,1.0,0.0,5,5,5,0.0
zsre-15503,0.95,1.0,0.0,5,5,5,0.0
zsre-15503,0.9,1.0,0.0,5,5,5,0.0
zsre-15503,0.85,1.0,0.0,5,5,5,0.0
zsre-15503,0.8,1.0,0.0,5,5,5,0.0
zsre-15503,0.75,1.0,0.0,5,5,5,0.0
zsre-15503,0.7,1.0,0.0,5,5,5,0.0
zsre-15505,0.95,1.0,0.0,5,5,5,0.0
zsre-15505,0.9,1.0,0.0,5,5,5,0.0
zsre-15505,0.85,1.0,0.0,5,5,5,0.0
zsre-15505,0.8,1.0,0.0,5,5,5,0.0
zsre-15505,0.75,1.0,0.0,5,5,5,0.0
zsre-15505,0.7,1.0,0.0,5,5,5,0.0
zsre-15520,0.95,1.0,0.0,5,5,5,0.0
zsre-15520,0.9,1.0,0.0,5,5,5,0.0
zsre-15520,0.85,1.0,0.0,5,5,5,0.0
zsre-15520,0.8,1.0,0.0,5,5,5,0.0
zsre-15520,0.75,1.0,0.0,5,5,5,0.0
zsre-15520,0.7,1.0,0.0,5,5,5,0.0
zsre-15528,0.95,0.0,0.0,19,19,19,1.0
zsre-15528,0.9,1.0,0.0,19,19,19,0.0
zsre-15528,0.85,1.0,0.05263157894736842,19,19,19,0.05263157894736842
zsre-15528,0.8,1.0,0.05263157894736842,19,19,19,0.05263157894736842
zsre-15528,0.75,1.0,0.05263157894736842,19,19,19,0.05263157894736842
zsre-15528,0.7,1.0,0.05263157894736842,19,19,19,0.05263157894736842
zsre-15529,0.95,0.0,0.0,20,20,20,1.0
zsre-15529,0.9,0.0,0.0,20,20,20,1.0
zsre-15529,0.85,1.0,0.0,20,20,20,0.0
zsre-15529,0.8,1.0,0.05,20,20,20,0.05
zsre-15529,0.75,1.0,0.05,20,20,20,0.05
zsre-15529,0.7,1.0,0.05,20,20,20,0.05
zsre-15542,0.95,1.0,0.0,5,5,5,0.0
zsre-15542,0.9,1.0,0.0,5,5,5,0.0
zsre-15542,0.85,1.0,0.0,5,5,5,0.0
zsre-15542,0.8,1.0,0.0,5,5,5,0.0
zsre-15542,0.75,1.0,0.0,5,5,5,0.0
zsre-15542,0.7,1.0,0.0,5,5,5,0.0
zsre-15552,0.95,0.0,0.0,13,13,13,1.0
zsre-15552,0.9,0.0,0.0,13,13,13,1.0
zsre-15552,0.85,0.0,0.0,13,13,13,1.0
zsre-15552,0.8,0.0,0.0,13,13,13,1.0
zsre-15552,0.75,1.0,0.15384615384615385,13,13,13,0.15384615384615385
zsre-15552,0.7,1.0,0.15384615384615385,13,13,13,0.15384615384615385
zsre-15553,0.95,0.0,0.0,17,17,17,1.0
zsre-15553,0.9,0.0,0.0,17,17,17,1.0
zsre-15553,0.85,0.0,0.0,17,17,17,1.0
zsre-15553,0.8,0.0,0.0,17,17,17,1.0
zsre-15553,0.75,1.0,0.11764705882352941,17,17,17,0.11764705882352941
zsre-15553,0.7,1.0,0.11764705882352941,17,17,17,0.11764705882352941
zsre-15554,0.95,0.0,0.0,16,16,16,1.0
zsre-15554,0.9,0.0,0.0,16,16,16,1.0
zsre-15554,0.85,0.0,0.0,16,16,16,1.0
zsre-15554,0.8,0.0,0.0,16,16,16,1.0
zsre-15554,0.75,1.0,0.125,16,16,16,0.125
zsre-15554,0.7,1.0,0.125,16,16,16,0.125
zsre-15570,0.95,0.0,0.0,15,15,15,1.0
zsre-15570,0.9,0.0,0.0,15,15,15,1.0
zsre-15570,0.85,1.0,0.06666666666666667,15,15,15,0.06666666666666667
zsre-15570,0.8,0.0,0.0,15,15,15,1.0
zsre-15570,0.75,1.0,0.13333333333333333,15,15,15,0.13333333333333333
zsre-15570,0.7,1.0,0.13333333333333333,15,15,15,0.13333333333333333
zsre-15571,0.95,0.0,0.0,16,16,16,1.0
zsre-15571,0.9,0.0,0.0,16,16,16,1.0
zsre-15571,0.85,1.0,0.0625,16,16,16,0.0625
zsre-15571,0.8,0.0,0.0,16,16,16,1.0
zsre-15571,0.75,1.0,0.125,16,16,16,0.125
zsre-15571,0.7,1.0,0.125,16,16,16,0.125
zsre-15572,0.95,0.0,0.0,5,5,5,1.0
zsre-15572,0.9,0.0,0.0,5,5,5,1.0
zsre-15572,0.85,0.0,0.0,5,5,5,1.0
zsre-15572,0.8,1.0,0.0,5,5,5,0.0
zsre-15572,0.75,0.0,0.0,5,5,5,1.0
zsre-15572,0.7,1.0,0.4,5,5,5,0.4
zsre-15601,0.95,1.0,0.0,5,5,5,0.0
zsre-15601,0.9,1.0,0.0,5,5,5,0.0
zsre-15601,0.85,1.0,0.0,5,5,5,0.0
zsre-15601,0.8,1.0,0.0,5,5,5,0.0
zsre-15601,0.75,1.0,0.0,5,5,5,0.0
zsre-15601,0.7,1.0,0.0,5,5,5,0.0
zsre-15605,0.95,0.0,0.0,20,20,20,1.0
zsre-15605,0.9,0.0,0.0,20,20,20,1.0
zsre-15605,0.85,0.0,0.0,20,20,20,1.0
zsre-15605,0.8,0.0,0.0,20,20,20,1.0
zsre-15605,0.75,0.0,0.0,20,20,20,1.0
zsre-15605,0.7,1.0,0.0,20,20,20,0.0
zsre-15612,0.95,1.0,0.0,5,5,5,0.0
zsre-15612,0.9,1.0,0.0,5,5,5,0.0
zsre-15612,0.85,1.0,0.0,5,5,5,0.0
zsre-15612,0.8,1.0,0.0,5,5,5,0.0
zsre-15612,0.75,1.0,0.0,5,5,5,0.0
zsre-15612,0.7,1.0,0.0,5,5,5,0.0
zsre-15621,0.95,0.0,0.0,5,5,5,1.0
zsre-15621,0.9,0.0,0.0,5,5,5,1.0
zsre-15621,0.85,0.0,0.0,5,5,5,1.0
zsre-15621,0.8,0.0,0.2,5,5,5,1.2
zsre-15621,0.75,1.0,0.0,5,5,5,0.0
zsre-15621,0.7,1.0,0.8,5,5,5,0.8
zsre-15622,0.95,0.0,0.0,5,5,5,1.0
zsre-15622,0.9,0.0,0.0,5,5,5,1.0
zsre-15622,0.85,0.0,0.0,5,5,5,1.0
zsre-15622,0.8,0.0,0.0,5,5,5,1.0
zsre-15622,0.75,0.0,0.4,5,5,5,1.4
zsre-15622,0.7,1.0,0.6,5,5,5,0.6
zsre-15623,0.95,0.0,0.0,5,5,5,1.0
zsre-15623,0.9,0.0,0.0,5,5,5,1.0
zsre-15623,0.85,0.0,0.0,5,5,5,1.0
zsre-15623,0.8,0.0,0.0,5,5,5,1.0
zsre-15623,0.75,0.0,0.0,5,5,5,1.0
zsre-15623,0.7,1.0,0.2,5,5,5,0.2
zsre-15624,0.95,0.0,0.0,5,5,5,1.0
zsre-15624,0.9,0.0,0.0,5,5,5,1.0
zsre-15624,0.85,0.0,0.0,5,5,5,1.0
zsre-15624,0.8,0.0,0.0,5,5,5,1.0
zsre-15624,0.75,0.0,0.0,5,5,5,1.0
zsre-15624,0.7,1.0,0.6,5,5,5,0.6
zsre-15625,0.95,0.0,0.0,5,5,5,1.0
zsre-15625,0.9,0.0,0.0,5,5,5,1.0
zsre-15625,0.85,0.0,0.0,5,5,5,1.0
zsre-15625,0.8,0.0,0.0,5,5,5,1.0
zsre-15625,0.75,0.0,0.4,5,5,5,1.4
zsre-15625,0.7,1.0,0.6,5,5,5,0.6
zsre-15627,0.95,1.0,0.0,5,5,5,0.0
zsre-15627,0.9,1.0,0.0,5,5,5,0.0
zsre-15627,0.85,1.0,0.0,5,5,5,0.0
zsre-15627,0.8,1.0,0.0,5,5,5,0.0
zsre-15627,0.75,1.0,0.0,5,5,5,0.0
zsre-15627,0.7,1.0,0.0,5,5,5,0.0
zsre-15634,0.95,1.0,0.0,5,5,5,0.0
zsre-15634,0.9,1.0,0.0,5,5,5,0.0
zsre-15634,0.85,1.0,0.0,5,5,5,0.0
zsre-15634,0.8,1.0,0.0,5,5,5,0.0
zsre-15634,0.75,1.0,0.0,5,5,5,0.0
zsre-15634,0.7,1.0,0.0,5,5,5,0.0
zsre-15639,0.95,0.0,0.0,17,17,17,1.0
zsre-15639,0.9,0.0,0.0,17,17,17,1.0
zsre-15639,0.85,0.0,0.0,17,17,17,1.0
zsre-15639,0.8,0.0,0.0,17,17,17,1.0
zsre-15639,0.75,0.0,0.0,17,17,17,1.0
zsre-15639,0.7,1.0,0.23529411764705882,17,17,17,0.23529411764705882
zsre-15640,0.95,0.0,0.0,18,18,18,1.0
zsre-15640,0.9,0.0,0.0,18,18,18,1.0
zsre-15640,0.85,0.0,0.0,18,18,18,1.0
zsre-15640,0.8,1.0,0.2222222222222222,18,18,18,0.2222222222222222
zsre-15640,0.75,1.0,0.2222222222222222,18,18,18,0.2222222222222222
zsre-15640,0.7,1.0,0.2222222222222222,18,18,18,0.2222222222222222
zsre-15641,0.95,0.0,0.0,18,18,18,1.0
zsre-15641,0.9,0.0,0.0,18,18,18,1.0
zsre-15641,0.85,0.0,0.0,18,18,18,1.0
zsre-15641,0.8,0.0,0.0,18,18,18,1.0
zsre-15641,0.75,1.0,0.2222222222222222,18,18,18,0.2222222222222222
zsre-15641,0.7,1.0,0.2222222222222222,18,18,18,0.2222222222222222
zsre-15643,0.95,0.0,0.0,16,16,16,1.0
zsre-15643,0.9,0.0,0.0,16,16,16,1.0
zsre-15643,0.85,0.0,0.0,16,16,16,1.0
zsre-15643,0.8,0.0,0.0,16,16,16,1.0
zsre-15643,0.75,1.0,0.25,16,16,16,0.25
zsre-15643,0.7,1.0,0.25,16,16,16,0.25
zsre-15644,0.95,0.0,0.0,20,20,20,1.0
zsre-15644,0.9,0.0,0.0,20,20,20,1.0
zsre-15644,0.85,0.0,0.0,20,20,20,1.0
zsre-15644,0.8,0.0,0.0,20,20,20,1.0
zsre-15644,0.75,1.0,0.2,20,20,20,0.2
zsre-15644,0.7,1.0,0.2,20,20,20,0.2
zsre-15647,0.95,1.0,0.0,5,5,5,0.0
zsre-15647,0.9,1.0,0.0,5,5,5,0.0
zsre-15647,0.85,1.0,0.0,5,5,5,0.0
zsre-15647,0.8,1.0,0.0,5,5,5,0.0
zsre-15647,0.75,1.0,0.0,5,5,5,0.0
zsre-15647,0.7,1.0,0.0,5,5,5,0.0
zsre-15686,0.95,0.0,0.0,5,5,5,1.0
zsre-15686,0.9,0.0,0.0,5,5,5,1.0
zsre-15686,0.85,0.0,0.0,5,5,5,1.0
zsre-15686,0.8,0.0,0.0,5,5,5,1.0
zsre-15686,0.75,1.0,0.0,5,5,5,0.0
zsre-15686,0.7,1.0,0.0,5,5,5,0.0
zsre-15725,0.95,0.0,0.0,9,9,9,1.0
zsre-15725,0.9,0.0,0.0,9,9,9,1.0
zsre-15725,0.85,0.0,0.0,9,9,9,1.0
zsre-15725,0.8,0.0,0.0,9,9,9,1.0
zsre-15725,0.75,0.0,0.0,9,9,9,1.0
zsre-15725,0.7,1.0,0.0,9,9,9,0.0
zsre-15771,0.95,1.0,0.0,5,5,5,0.0
zsre-15771,0.9,1.0,0.0,5,5,5,0.0
zsre-15771,0.85,1.0,0.0,5,5,5,0.0
zsre-15771,0.8,1.0,0.0,5,5,5,0.0
zsre-15771,0.75,1.0,0.0,5,5,5,0.0
zsre-15771,0.7,1.0,0.0,5,5,5,0.0
zsre-15772,0.95,0.0,0.0,5,5,5,1.0
zsre-15772,0.9,0.0,0.0,5,5,5,1.0
zsre-15772,0.85,0.0,0.0,5,5,5,1.0
zsre-15772,0.8,0.0,0.0,5,5,5,1.0
zsre-15772,0.75,0.0,0.0,5,5,5,1.0
zsre-15772,0.7,0.0,0.0,5,5,5,1.0
zsre-15783,0.95,0.0,0.0,9,9,9,1.0
zsre-15783,0.9,0.0,0.0,9,9,9,1.0
zsre-15783,0.85,0.0,0.0,9,9,9,1.0
zsre-15783,0.8,1.0,0.4444444444444444,9,9,9,0.4444444444444444
zsre-15783,0.75,1.0,0.4444444444444444,9,9,9,0.4444444444444444
zsre-15783,0.7,1.0,0.4444444444444444,9,9,9,0.4444444444444444
zsre-15784,0.95,0.0,0.0,9,9,9,1.0
zsre-15784,0.9,0.0,0.0,9,9,9,1.0
zsre-15784,0.85,0.0,0.0,9,9,9,1.0
zsre-15784,0.8,1.0,0.4444444444444444,9,9,9,0.4444444444444444
zsre-15784,0.75,1.0,0.4444444444444444,9,9,9,0.4444444444444444
zsre-15784,0.7,1.0,0.4444444444444444,9,9,9,0.4444444444444444
zsre-15785,0.95,0.0,0.0,16,16,16,1.0
zsre-15785,0.9,0.0,0.0,16,16,16,1.0
zsre-15785,0.85,0.0,0.0,16,16,16,1.0
zsre-15785,0.8,1.0,0.25,16,16,16,0.25
zsre-15785,0.75,1.0,0.25,16,16,16,0.25
zsre-15785,0.7,1.0,0.25,16,16,16,0.25
zsre-15789,0.95,0.0,0.0,8,8,8,1.0
zsre-15789,0.9,0.0,0.0,8,8,8,1.0
zsre-15789,0.85,1.0,0.25,8,8,8,0.25
zsre-15789,0.8,1.0,0.5,8,8,8,0.5
zsre-15789,0.75,1.0,0.5,8,8,8,0.5
zsre-15789,0.7,1.0,0.5,8,8,8,0.5
zsre-15793,0.95,0.0,0.0,5,5,5,1.0
zsre-15793,0.9,0.0,0.0,5,5,5,1.0
zsre-15793,0.85,0.0,0.0,5,5,5,1.0
zsre-15793,0.8,0.0,0.0,5,5,5,1.0
zsre-15793,0.75,1.0,0.8,5,5,5,0.8
zsre-15793,0.7,1.0,0.8,5,5,5,0.8
zsre-15797,0.95,1.0,0.0,5,5,5,0.0
zsre-15797,0.9,1.0,0.0,5,5,5,0.0
zsre-15797,0.85,1.0,0.0,5,5,5,0.0
zsre-15797,0.8,1.0,0.0,5,5,5,0.0
zsre-15797,0.75,1.0,0.0,5,5,5,0.0
zsre-15797,0.7,1.0,0.0,5,5,5,0.0
zsre-15799,0.95,1.0,0.0,5,5,5,0.0
zsre-15799,0.9,1.0,0.0,5,5,5,0.0
zsre-15799,0.85,1.0,0.0,5,5,5,0.0
zsre-15799,0.8,1.0,0.0,5,5,5,0.0
zsre-15799,0.75,1.0,0.0,5,5,5,0.0
zsre-15799,0.7,1.0,0.0,5,5,5,0.0
zsre-15800,0.95,1.0,0.0,5,5,5,0.0
zsre-15800,0.9,1.0,0.0,5,5,5,0.0
zsre-15800,0.85,1.0,0.0,5,5,5,0.0
zsre-15800,0.8,1.0,0.0,5,5,5,0.0
zsre-15800,0.75,1.0,0.0,5,5,5,0.0
zsre-15800,0.7,1.0,0.0,5,5,5,0.0
zsre-15802,0.95,1.0,0.0,15,15,15,0.0
zsre-15802,0.9,1.0,0.0,15,15,15,0.0
zsre-15802,0.85,1.0,0.0,15,15,15,0.0
zsre-15802,0.8,1.0,0.0,15,15,15,0.0
zsre-15802,0.75,1.0,0.0,15,15,15,0.0
zsre-15802,0.7,1.0,0.0,15,15,15,0.0
zsre-15804,0.95,1.0,0.0,6,6,6,0.0
zsre-15804,0.9,1.0,0.0,6,6,6,0.0
zsre-15804,0.85,1.0,0.0,6,6,6,0.0
zsre-15804,0.8,1.0,0.0,6,6,6,0.0
zsre-15804,0.75,1.0,0.0,6,6,6,0.0
zsre-15804,0.7,1.0,0.0,6,6,6,0.0
zsre-15808,0.95,1.0,0.0,8,8,8,0.0
zsre-15808,0.9,1.0,0.0,8,8,8,0.0
zsre-15808,0.85,1.0,0.0,8,8,8,0.0
zsre-15808,0.8,1.0,0.0,8,8,8,0.0
zsre-15808,0.75,1.0,0.0,8,8,8,0.0
zsre-15808,0.7,1.0,0.0,8,8,8,0.0
zsre-15828,0.95,0.0,0.0,5,5,5,1.0
zsre-15828,0.9,0.0,0.0,5,5,5,1.0
zsre-15828,0.85,0.0,0.0,5,5,5,1.0
zsre-15828,0.8,0.0,0.0,5,5,5,1.0
zsre-15828,0.75,1.0,0.2,5,5,5,0.2
zsre-15828,0.7,1.0,0.0,5,5,5,0.0
zsre-15829,0.95,0.0,0.0,5,5,5,1.0
zsre-15829,0.9,0.0,0.0,5,5,5,1.0
zsre-15829,0.85,0.0,0.0,5,5,5,1.0
zsre-15829,0.8,0.0,0.2,5,5,5,1.2
zsre-15829,0.75,1.0,0.2,5,5,5,0.2
zsre-15829,0.7,1.0,0.2,5,5,5,0.2
zsre-15834,0.95,1.0,0.0,5,5,5,0.0
zsre-15834,0.9,1.0,0.0,5,5,5,0.0
zsre-15834,0.85,1.0,0.0,5,5,5,0.0
zsre-15834,0.8,1.0,0.0,5,5,5,0.0
zsre-15834,0.75,1.0,0.0,5,5,5,0.0
zsre-15834,0.7,1.0,0.0,5,5,5,0.0
zsre-15893,0.95,1.0,0.3333333333333333,6,6,6,0.3333333333333333
zsre-15893,0.9,1.0,0.3333333333333333,6,6,6,0.3333333333333333
zsre-15893,0.85,1.0,0.3333333333333333,6,6,6,0.3333333333333333
zsre-15893,0.8,1.0,0.3333333333333333,6,6,6,0.3333333333333333
zsre-15893,0.75,1.0,0.3333333333333333,6,6,6,0.3333333333333333
zsre-15893,0.7,1.0,0.3333333333333333,6,6,6,0.3333333333333333
zsre-15896,0.95,1.0,0.1,20,20,20,0.1
zsre-15896,0.9,1.0,0.1,20,20,20,0.1
zsre-15896,0.85,1.0,0.1,20,20,20,0.1
zsre-15896,0.8,1.0,0.1,20,20,20,0.1
zsre-15896,0.75,1.0,0.1,20,20,20,0.1
zsre-15896,0.7,1.0,0.1,20,20,20,0.1
zsre-15897,0.95,1.0,0.125,16,16,16,0.125
zsre-15897,0.9,1.0,0.125,16,16,16,0.125
zsre-15897,0.85,1.0,0.125,16,16,16,0.125
zsre-15897,0.8,1.0,0.125,16,16,16,0.125
zsre-15897,0.75,1.0,0.125,16,16,16,0.125
zsre-15897,0.7,1.0,0.125,16,16,16,0.125
zsre-15906,0.95,1.0,0.0,5,5,5,0.0
zsre-15906,0.9,1.0,0.0,5,5,5,0.0
zsre-15906,0.85,1.0,0.0,5,5,5,0.0
zsre-15906,0.8,1.0,0.0,5,5,5,0.0
zsre-15906,0.75,1.0,0.0,5,5,5,0.0
zsre-15906,0.7,1.0,0.0,5,5,5,0.0
zsre-15913,0.95,1.0,0.0,5,5,5,0.0
zsre-15913,0.9,1.0,0.0,5,5,5,0.0
zsre-15913,0.85,1.0,0.0,5,5,5,0.0
zsre-15913,0.8,1.0,0.0,5,5,5,0.0
zsre-15913,0.75,1.0,0.0,5,5,5,0.0
zsre-15913,0.7,1.0,0.0,5,5,5,0.0
zsre-15919,0.95,1.0,0.0,5,5,5,0.0
zsre-15919,0.9,1.0,0.0,5,5,5,0.0
zsre-15919,0.85,1.0,0.0,5,5,5,0.0
zsre-15919,0.8,1.0,0.0,5,5,5,0.0
zsre-15919,0.75,1.0,0.0,5,5,5,0.0
zsre-15919,0.7,1.0,0.0,5,5,5,0.0
zsre-15944,0.95,0.0,0.0,5,5,5,1.0
zsre-15944,0.9,0.0,0.0,5,5,5,1.0
zsre-15944,0.85,0.0,0.0,5,5,5,1.0
zsre-15944,0.8,0.0,0.0,5,5,5,1.0
zsre-15944,0.75,0.0,0.0,5,5,5,1.0
zsre-15944,0.7,1.0,0.0,5,5,5,0.0
zsre-15955,0.95,0.0,0.0,5,5,5,1.0
zsre-15955,0.9,0.0,0.0,5,5,5,1.0
zsre-15955,0.85,0.0,0.0,5,5,5,1.0
zsre-15955,0.8,0.0,0.0,5,5,5,1.0
zsre-15955,0.75,1.0,0.0,5,5,5,0.0
zsre-15955,0.7,1.0,0.0,5,5,5,0.0
zsre-15957,0.95,1.0,0.0,6,6,6,0.0
zsre-15957,0.9,1.0,0.0,6,6,6,0.0
zsre-15957,0.85,1.0,0.0,6,6,6,0.0
zsre-15957,0.8,1.0,0.0,6,6,6,0.0
zsre-15957,0.75,1.0,0.0,6,6,6,0.0
zsre-15957,0.7,1.0,0.0,6,6,6,0.0
zsre-15958,0.95,0.0,0.2,5,5,5,1.2
zsre-15958,0.9,0.0,0.2,5,5,5,1.2
zsre-15958,0.85,0.0,0.2,5,5,5,1.2
zsre-15958,0.8,0.0,0.2,5,5,5,1.2
zsre-15958,0.75,0.0,0.2,5,5,5,1.2
zsre-15958,0.7,1.0,0.2,5,5,5,0.2
zsre-15959,0.95,0.0,0.14285714285714285,7,7,7,1.1428571428571428
zsre-15959,0.9,0.0,0.14285714285714285,7,7,7,1.1428571428571428
zsre-15959,0.85,0.0,0.14285714285714285,7,7,7,1.1428571428571428
zsre-15959,0.8,0.0,0.14285714285714285,7,7,7,1.1428571428571428
zsre-15959,0.75,0.0,0.14285714285714285,7,7,7,1.1428571428571428
zsre-15959,0.7,1.0,0.2857142857142857,7,7,7,0.2857142857142857
zsre-15963,0.95,1.0,0.0,8,8,8,0.0
zsre-15963,0.9,1.0,0.0,8,8,8,0.0
zsre-15963,0.85,1.0,0.0,8,8,8,0.0
zsre-15963,0.8,1.0,0.0,8,8,8,0.0
zsre-15963,0.75,1.0,0.0,8,8,8,0.0
zsre-15963,0.7,1.0,0.0,8,8,8,0.0
zsre-15969,0.95,0.0,0.0,5,5,5,1.0
zsre-15969,0.9,0.0,0.0,5,5,5,1.0
zsre-15969,0.85,0.0,0.0,5,5,5,1.0
zsre-15969,0.8,0.0,0.0,5,5,5,1.0
zsre-15969,0.75,1.0,0.0,5,5,5,0.0
zsre-15969,0.7,1.0,0.0,5,5,5,0.0
zsre-1599,0.95,0.0,0.0,8,8,8,1.0
zsre-1599,0.9,0.0,0.0,8,8,8,1.0
zsre-1599,0.85,0.0,0.0,8,8,8,1.0
zsre-1599,0.8,1.0,0.0,8,8,8,0.0
zsre-1599,0.75,0.0,0.0,8,8,8,1.0
zsre-1599,0.7,1.0,0.0,8,8,8,0.0
zsre-15993,0.95,0.0,0.0,11,11,11,1.0
zsre-15993,0.9,0.0,0.0,11,11,11,1.0
zsre-15993,0.85,0.0,0.0,11,11,11,1.0
zsre-15993,0.8,0.0,0.0,11,11,11,1.0
zsre-15993,0.75,0.0,0.0,11,11,11,1.0
zsre-15993,0.7,1.0,0.0,11,11,11,0.0
zsre-16005,0.95,0.0,0.0,5,5,5,1.0
zsre-16005,0.9,0.0,0.0,5,5,5,1.0
zsre-16005,0.85,0.0,0.0,5,5,5,1.0
zsre-16005,0.8,1.0,0.2,5,5,5,0.2
zsre-16005,0.75,1.0,0.2,5,5,5,0.2
zsre-16005,0.7,1.0,0.2,5,5,5,0.2
zsre-16006,0.95,0.0,0.0,5,5,5,1.0
zsre-16006,0.9,0.0,0.0,5,5,5,1.0
zsre-16006,0.85,0.0,0.0,5,5,5,1.0
zsre-16006,0.8,0.0,0.0,5,5,5,1.0
zsre-16006,0.75,1.0,0.2,5,5,5,0.2
zsre-16006,0.7,1.0,0.2,5,5,5,0.2
zsre-16015,0.95,0.0,0.0,5,5,5,1.0
zsre-16015,0.9,0.0,0.0,5,5,5,1.0
zsre-16015,0.85,0.0,0.0,5,5,5,1.0
zsre-16015,0.8,0.0,0.0,5,5,5,1.0
zsre-16015,0.75,0.0,0.0,5,5,5,1.0
zsre-16015,0.7,1.0,0.0,5,5,5,0.0
zsre-16018,0.95,0.0,0.0,20,20,20,1.0
zsre-16018,0.9,0.0,0.0,20,20,20,1.0
zsre-16018,0.85,0.0,0.0,20,20,20,1.0
zsre-16018,0.8,0.0,0.0,20,20,20,1.0
zsre-16018,0.75,1.0,0.05,20,20,20,0.05
zsre-16018,0.7,1.0,0.05,20,20,20,0.05
zsre-16019,0.95,0.0,0.0,20,20,20,1.0
zsre-16019,0.9,0.0,0.0,20,20,20,1.0
zsre-16019,0.85,0.0,0.0,20,20,20,1.0
zsre-16019,0.8,0.0,0.0,20,20,20,1.0
zsre-16019,0.75,0.0,0.0,20,20,20,1.0
zsre-16019,0.7,1.0,0.0,20,20,20,0.0
zsre-16037,0.95,0.0,0.0,5,5,5,1.0
zsre-16037,0.9,0.0,0.0,5,5,5,1.0
zsre-16037,0.85,0.0,0.0,5,5,5,1.0
zsre-16037,0.8,0.0,0.0,5,5,5,1.0
zsre-16037,0.75,0.0,0.0,5,5,5,1.0
zsre-16037,0.7,1.0,0.0,5,5,5,0.0
zsre-16054,0.95,0.0,0.0,5,5,5,1.0
zsre-16054,0.9,0.0,0.0,5,5,5,1.0
zsre-16054,0.85,0.0,0.0,5,5,5,1.0
zsre-16054,0.8,0.0,0.0,5,5,5,1.0
zsre-16054,0.75,1.0,0.0,5,5,5,0.0
zsre-16054,0.7,1.0,0.0,5,5,5,0.0
zsre-16058,0.95,1.0,0.0,5,5,5,0.0
zsre-16058,0.9,1.0,0.0,5,5,5,0.0
zsre-16058,0.85,1.0,0.0,5,5,5,0.0
zsre-16058,0.8,1.0,0.0,5,5,5,0.0
zsre-16058,0.75,1.0,0.0,5,5,5,0.0
zsre-16058,0.7,1.0,0.0,5,5,5,0.0
zsre-16071,0.95,0.0,0.0,5,5,5,1.0
zsre-16071,0.9,0.0,0.0,5,5,5,1.0
zsre-16071,0.85,0.0,0.0,5,5,5,1.0
zsre-16071,0.8,0.0,0.0,5,5,5,1.0
zsre-16071,0.75,1.0,0.0,5,5,5,0.0
zsre-16071,0.7,1.0,0.2,5,5,5,0.2
zsre-16073,0.95,1.0,0.2,5,5,5,0.2
zsre-16073,0.9,1.0,0.2,5,5,5,0.2
zsre-16073,0.85,1.0,0.2,5,5,5,0.2
zsre-16073,0.8,1.0,0.2,5,5,5,0.2
zsre-16073,0.75,1.0,0.2,5,5,5,0.2
zsre-16073,0.7,1.0,0.2,5,5,5,0.2
zsre-16074,0.95,1.0,0.14285714285714285,7,7,7,0.14285714285714285
zsre-16074,0.9,1.0,0.14285714285714285,7,7,7,0.14285714285714285
zsre-16074,0.85,1.0,0.14285714285714285,7,7,7,0.14285714285714285
zsre-16074,0.8,1.0,0.14285714285714285,7,7,7,0.14285714285714285
zsre-16074,0.75,1.0,0.14285714285714285,7,7,7,0.14285714285714285
zsre-16074,0.7,1.0,0.14285714285714285,7,7,7,0.14285714285714285
zsre-16114,0.95,0.0,0.0,5,5,5,1.0
zsre-16114,0.9,0.0,0.0,5,5,5,1.0
zsre-16114,0.85,0.0,0.0,5,5,5,1.0
zsre-16114,0.8,0.0,0.0,5,5,5,1.0
zsre-16114,0.75,0.0,0.0,5,5,5,1.0
zsre-16114,0.7,1.0,0.0,5,5,5,0.0
zsre-16115,0.95,0.0,0.0,5,5,5,1.0
zsre-16115,0.9,0.0,0.0,5,5,5,1.0
zsre-16115,0.85,0.0,0.0,5,5,5,1.0
zsre-16115,0.8,0.0,0.0,5,5,5,1.0
zsre-16115,0.75,1.0,0.0,5,5,5,0.0
zsre-16115,0.7,1.0,0.0,5,5,5,0.0
zsre-16118,0.95,1.0,0.0,5,5,5,0.0
zsre-16118,0.9,1.0,0.0,5,5,5,0.0
zsre-16118,0.85,1.0,0.0,5,5,5,0.0
zsre-16118,0.8,1.0,0.0,5,5,5,0.0
zsre-16118,0.75,1.0,0.0,5,5,5,0.0
zsre-16118,0.7,1.0,0.0,5,5,5,0.0
zsre-16128,0.95,0.0,0.0,6,6,6,1.0
zsre-16128,0.9,0.0,0.0,6,6,6,1.0
zsre-16128,0.85,0.0,0.0,6,6,6,1.0
zsre-16128,0.8,1.0,0.0,6,6,6,0.0
zsre-16128,0.75,1.0,0.0,6,6,6,0.0
zsre-16128,0.7,1.0,0.0,6,6,6,0.0
zsre-16129,0.95,0.0,0.0,9,9,9,1.0
zsre-16129,0.9,0.0,0.0,9,9,9,1.0
zsre-16129,0.85,0.0,0.0,9,9,9,1.0
zsre-16129,0.8,0.0,0.0,9,9,9,1.0
zsre-16129,0.75,0.0,0.0,9,9,9,1.0
zsre-16129,0.7,1.0,0.1111111111111111,9,9,9,0.1111111111111111
zsre-16131,0.95,0.0,0.0,7,7,7,1.0
zsre-16131,0.9,0.0,0.0,7,7,7,1.0
zsre-16131,0.85,0.0,0.0,7,7,7,1.0
zsre-16131,0.8,0.0,0.0,7,7,7,1.0
zsre-16131,0.75,0.0,0.0,7,7,7,1.0
zsre-16131,0.7,1.0,0.14285714285714285,7,7,7,0.14285714285714285
zsre-16144,0.95,1.0,0.06666666666666667,15,15,15,0.06666666666666667
zsre-16144,0.9,1.0,0.06666666666666667,15,15,15,0.06666666666666667
zsre-16144,0.85,1.0,0.06666666666666667,15,15,15,0.06666666666666667
zsre-16144,0.8,1.0,0.06666666666666667,15,15,15,0.06666666666666667
zsre-16144,0.75,1.0,0.06666666666666667,15,15,15,0.06666666666666667
zsre-16144,0.7,1.0,0.06666666666666667,15,15,15,0.06666666666666667
zsre-16146,0.95,1.0,0.1111111111111111,9,9,9,0.1111111111111111
zsre-16146,0.9,1.0,0.1111111111111111,9,9,9,0.1111111111111111
zsre-16146,0.85,1.0,0.1111111111111111,9,9,9,0.1111111111111111
zsre-16146,0.8,1.0,0.1111111111111111,9,9,9,0.1111111111111111
zsre-16146,0.75,1.0,0.1111111111111111,9,9,9,0.1111111111111111
zsre-16146,0.7,1.0,0.1111111111111111,9,9,9,0.1111111111111111
zsre-16155,0.95,0.0,0.0,8,8,8,1.0
zsre-16155,0.9,0.0,0.0,8,8,8,1.0
zsre-16155,0.85,0.0,0.0,8,8,8,1.0
zsre-16155,0.8,0.0,0.0,8,8,8,1.0
zsre-16155,0.75,1.0,0.125,8,8,8,0.125
zsre-16155,0.7,1.0,0.125,8,8,8,0.125
zsre-16156,0.95,0.0,0.0,8,8,8,1.0
zsre-16156,0.9,0.0,0.0,8,8,8,1.0
zsre-16156,0.85,0.0,0.0,8,8,8,1.0
zsre-16156,0.8,0.0,0.0,8,8,8,1.0
zsre-16156,0.75,1.0,0.125,8,8,8,0.125
zsre-16156,0.7,1.0,0.125,8,8,8,0.125
zsre-16163,0.95,0.0,0.0,5,5,5,1.0
zsre-16163,0.9,0.0,0.0,5,5,5,1.0
zsre-16163,0.85,0.0,0.0,5,5,5,1.0
zsre-16163,0.8,0.0,0.0,5,5,5,1.0
zsre-16163,0.75,0.0,0.0,5,5,5,1.0
zsre-16163,0.7,1.0,0.0,5,5,5,0.0
zsre-16184,0.95,0.0,0.0,5,5,5,1.0
zsre-16184,0.9,0.0,0.0,5,5,5,1.0
zsre-16184,0.85,0.0,0.0,5,5,5,1.0
zsre-16184,0.8,0.0,0.0,5,5,5,1.0
zsre-16184,0.75,1.0,0.0,5,5,5,0.0
zsre-16184,0.7,1.0,0.0,5,5,5,0.0
zsre-162,0.95,0.0,0.0,20,20,20,1.0
zsre-162,0.9,0.0,0.0,20,20,20,1.0
zsre-162,0.85,0.0,0.0,20,20,20,1.0
zsre-162,0.8,0.0,0.0,20,20,20,1.0
zsre-162,0.75,0.0,0.0,20,20,20,1.0
zsre-162,0.7,1.0,0.05,20,20,20,0.05
zsre-1620,0.95,0.0,0.0,14,14,14,1.0
zsre-1620,0.9,0.0,0.0,14,14,14,1.0
zsre-1620,0.85,0.0,0.0,14,14,14,1.0
zsre-1620,0.8,0.0,0.0,14,14,14,1.0
zsre-1620,0.75,0.0,0.0,14,14,14,1.0
zsre-1620,0.7,1.0,0.0,14,14,14,0.0
zsre-16206,0.95,1.0,0.0,16,16,16,0.0
zsre-16206,0.9,1.0,0.0,16,16,16,0.0
zsre-16206,0.85,1.0,0.0,16,16,16,0.0
zsre-16206,0.8,1.0,0.0,16,16,16,0.0
zsre-16206,0.75,1.0,0.0,16,16,16,0.0
zsre-16206,0.7,1.0,0.0,16,16,16,0.0
zsre-16225,0.95,0.0,0.0,5,5,5,1.0
zsre-16225,0.9,0.0,0.0,5,5,5,1.0
zsre-16225,0.85,0.0,0.0,5,5,5,1.0
zsre-16225,0.8,0.0,0.0,5,5,5,1.0
zsre-16225,0.75,1.0,0.0,5,5,5,0.0
zsre-16225,0.7,1.0,0.0,5,5,5,0.0
zsre-16255,0.95,1.0,0.0,5,5,5,0.0
zsre-16255,0.9,1.0,0.0,5,5,5,0.0
zsre-16255,0.85,1.0,0.0,5,5,5,0.0
zsre-16255,0.8,1.0,0.0,5,5,5,0.0
zsre-16255,0.75,1.0,0.0,5,5,5,0.0
zsre-16255,0.7,1.0,0.0,5,5,5,0.0
zsre-16263,0.95,0.0,0.0,5,5,5,1.0
zsre-16263,0.9,0.0,0.0,5,5,5,1.0
zsre-16263,0.85,0.0,0.0,5,5,5,1.0
zsre-16263,0.8,0.0,0.0,5,5,5,1.0
zsre-16263,0.75,1.0,0.0,5,5,5,0.0
zsre-16263,0.7,1.0,0.0,5,5,5,0.0
zsre-16266,0.95,1.0,0.0,5,5,5,0.0
zsre-16266,0.9,1.0,0.0,5,5,5,0.0
zsre-16266,0.85,1.0,0.0,5,5,5,0.0
zsre-16266,0.8,1.0,0.0,5,5,5,0.0
zsre-16266,0.75,1.0,0.0,5,5,5,0.0
zsre-16266,0.7,1.0,0.0,5,5,5,0.0
zsre-16267,0.95,1.0,0.0,5,5,5,0.0
zsre-16267,0.9,1.0,0.0,5,5,5,0.0
zsre-16267,0.85,1.0,0.0,5,5,5,0.0
zsre-16267,0.8,1.0,0.0,5,5,5,0.0
zsre-16267,0.75,1.0,0.0,5,5,5,0.0
zsre-16267,0.7,1.0,0.0,5,5,5,0.0
zsre-16276,0.95,0.0,0.0,5,5,5,1.0
zsre-16276,0.9,0.0,0.0,5,5,5,1.0
zsre-16276,0.85,0.0,0.0,5,5,5,1.0
zsre-16276,0.8,0.0,0.0,5,5,5,1.0
zsre-16276,0.75,0.0,0.0,5,5,5,1.0
zsre-16276,0.7,1.0,0.2,5,5,5,0.2
zsre-16281,0.95,0.0,0.0,5,5,5,1.0
zsre-16281,0.9,0.0,0.0,5,5,5,1.0
zsre-16281,0.85,0.0,0.0,5,5,5,1.0
zsre-16281,0.8,0.0,0.0,5,5,5,1.0
zsre-16281,0.75,0.0,0.0,5,5,5,1.0
zsre-16281,0.7,1.0,0.2,5,5,5,0.2
zsre-16298,0.95,1.0,0.0,5,5,5,0.0
zsre-16298,0.9,1.0,0.0,5,5,5,0.0
zsre-16298,0.85,1.0,0.0,5,5,5,0.0
zsre-16298,0.8,1.0,0.0,5,5,5,0.0
zsre-16298,0.75,1.0,0.0,5,5,5,0.0
zsre-16298,0.7,1.0,0.0,5,5,5,0.0
zsre-163,0.95,0.0,0.0,20,20,20,1.0
zsre-163,0.9,0.0,0.0,20,20,20,1.0
zsre-163,0.85,0.0,0.0,20,20,20,1.0
zsre-163,0.8,0.0,0.0,20,20,20,1.0
zsre-163,0.75,0.0,0.0,20,20,20,1.0
zsre-163,0.7,1.0,0.0,20,20,20,0.0
zsre-1630,0.95,0.0,0.0,5,5,5,1.0
zsre-1630,0.9,0.0,0.0,5,5,5,1.0
zsre-1630,0.85,0.0,0.0,5,5,5,1.0
zsre-1630,0.8,1.0,0.0,5,5,5,0.0
zsre-1630,0.75,0.0,0.0,5,5,5,1.0
zsre-1630,0.7,1.0,0.2,5,5,5,0.2
zsre-1631,0.95,0.0,0.0,6,6,6,1.0
zsre-1631,0.9,0.0,0.0,6,6,6,1.0
zsre-1631,0.85,1.0,0.0,6,6,6,0.0
zsre-1631,0.8,1.0,0.16666666666666666,6,6,6,0.16666666666666666
zsre-1631,0.75,1.0,0.16666666666666666,6,6,6,0.16666666666666666
zsre-1631,0.7,1.0,0.16666666666666666,6,6,6,0.16666666666666666
zsre-16330,0.95,1.0,0.0,5,5,5,0.0
zsre-16330,0.9,1.0,0.0,5,5,5,0.0
zsre-16330,0.85,1.0,0.0,5,5,5,0.0
zsre-16330,0.8,1.0,0.0,5,5,5,0.0
zsre-16330,0.75,1.0,0.0,5,5,5,0.0
zsre-16330,0.7,1.0,0.0,5,5,5,0.0
zsre-16335,0.95,1.0,0.0,5,5,5,0.0
zsre-16335,0.9,1.0,0.0,5,5,5,0.0
zsre-16335,0.85,1.0,0.0,5,5,5,0.0
zsre-16335,0.8,1.0,0.0,5,5,5,0.0
zsre-16335,0.75,1.0,0.0,5,5,5,0.0
zsre-16335,0.7,1.0,0.0,5,5,5,0.0
zsre-16338,0.95,0.0,0.0,20,20,20,1.0
zsre-16338,0.9,0.0,0.0,20,20,20,1.0
zsre-16338,0.85,0.0,0.0,20,20,20,1.0
zsre-16338,0.8,1.0,0.0,20,20,20,0.0
zsre-16338,0.75,1.0,0.0,20,20,20,0.0
zsre-16338,0.7,1.0,0.0,20,20,20,0.0
zsre-1634,0.95,1.0,0.0,5,5,5,0.0
zsre-1634,0.9,1.0,0.0,5,5,5,0.0
zsre-1634,0.85,1.0,0.0,5,5,5,0.0
zsre-1634,0.8,0.0,0.0,5,5,5,1.0
zsre-1634,0.75,1.0,0.0,5,5,5,0.0
zsre-1634,0.7,1.0,0.0,5,5,5,0.0
zsre-16341,0.95,0.0,0.0,20,20,20,1.0
zsre-16341,0.9,0.0,0.0,20,20,20,1.0
zsre-16341,0.85,1.0,0.0,20,20,20,0.0
zsre-16341,0.8,0.0,0.0,20,20,20,1.0
zsre-16341,0.75,1.0,0.0,20,20,20,0.0
zsre-16341,0.7,1.0,0.0,20,20,20,0.0
zsre-16343,0.95,1.0,0.0,17,17,17,0.0
zsre-16343,0.9,1.0,0.0,17,17,17,0.0
zsre-16343,0.85,1.0,0.0,17,17,17,0.0
zsre-16343,0.8,1.0,0.0,17,17,17,0.0
zsre-16343,0.75,1.0,0.0,17,17,17,0.0
zsre-16343,0.7,1.0,0.0,17,17,17,0.0
zsre-16354,0.95,1.0,0.0,5,5,5,0.0
zsre-16354,0.9,1.0,0.0,5,5,5,0.0
zsre-16354,0.85,1.0,0.0,5,5,5,0.0
zsre-16354,0.8,1.0,0.0,5,5,5,0.0
zsre-16354,0.75,1.0,0.0,5,5,5,0.0
zsre-16354,0.7,1.0,0.0,5,5,5,0.0
zsre-16367,0.95,1.0,0.0,5,5,5,0.0
zsre-16367,0.9,1.0,0.0,5,5,5,0.0
zsre-16367,0.85,1.0,0.0,5,5,5,0.0
zsre-16367,0.8,1.0,0.0,5,5,5,0.0
zsre-16367,0.75,1.0,0.0,5,5,5,0.0
zsre-16367,0.7,1.0,0.0,5,5,5,0.0
zsre-16377,0.95,1.0,0.4,5,5,5,0.4
zsre-16377,0.9,1.0,0.4,5,5,5,0.4
zsre-16377,0.85,1.0,0.4,5,5,5,0.4
zsre-16377,0.8,1.0,0.6,5,5,5,0.6
zsre-16377,0.75,1.0,0.6,5,5,5,0.6
zsre-16377,0.7,1.0,0.6,5,5,5,0.6
zsre-16379,0.95,1.0,0.15384615384615385,13,13,13,0.15384615384615385
zsre-16379,0.9,1.0,0.15384615384615385,13,13,13,0.15384615384615385
zsre-16379,0.85,1.0,0.15384615384615385,13,13,13,0.15384615384615385
zsre-16379,0.8,1.0,0.23076923076923078,13,13,13,0.23076923076923078
zsre-16379,0.75,1.0,0.23076923076923078,13,13,13,0.23076923076923078
zsre-16379,0.7,1.0,0.23076923076923078,13,13,13,0.23076923076923078
zsre-16381,0.95,1.0,0.14285714285714285,14,14,14,0.14285714285714285
zsre-16381,0.9,1.0,0.14285714285714285,14,14,14,0.14285714285714285
zsre-16381,0.85,1.0,0.14285714285714285,14,14,14,0.14285714285714285
zsre-16381,0.8,1.0,0.21428571428571427,14,14,14,0.21428571428571427
zsre-16381,0.75,1.0,0.21428571428571427,14,14,14,0.21428571428571427
zsre-16381,0.7,1.0,0.21428571428571427,14,14,14,0.21428571428571427
zsre-16382,0.95,0.0,0.23076923076923078,13,13,13,1.2307692307692308
zsre-16382,0.9,0.0,0.23076923076923078,13,13,13,1.2307692307692308
zsre-16382,0.85,0.0,0.23076923076923078,13,13,13,1.2307692307692308
zsre-16382,0.8,1.0,0.23076923076923078,13,13,13,0.23076923076923078
zsre-16382,0.75,1.0,0.23076923076923078,13,13,13,0.23076923076923078
zsre-16382,0.7,1.0,0.23076923076923078,13,13,13,0.23076923076923078
zsre-16406,0.95,1.0,0.0,12,12,12,0.0
zsre-16406,0.9,1.0,0.0,12,12,12,0.0
zsre-16406,0.85,1.0,0.0,12,12,12,0.0
zsre-16406,0.8,1.0,0.0,12,12,12,0.0
zsre-16406,0.75,1.0,0.0,12,12,12,0.0
zsre-16406,0.7,1.0,0.0,12,12,12,0.0
zsre-16428,0.95,0.0,0.0,5,5,5,1.0
zsre-16428,0.9,0.0,0.0,5,5,5,1.0
zsre-16428,0.85,0.0,0.0,5,5,5,1.0
zsre-16428,0.8,0.0,0.0,5,5,5,1.0
zsre-16428,0.75,1.0,0.0,5,5,5,0.0
zsre-16428,0.7,1.0,0.0,5,5,5,0.0
zsre-16432,0.95,0.0,0.0,6,6,6,1.0
zsre-16432,0.9,0.0,0.0,6,6,6,1.0
zsre-16432,0.85,0.0,0.0,6,6,6,1.0
zsre-16432,0.8,0.0,0.0,6,6,6,1.0
zsre-16432,0.75,1.0,0.16666666666666666,6,6,6,0.16666666666666666
zsre-16432,0.7,1.0,0.16666666666666666,6,6,6,0.16666666666666666
zsre-16433,0.95,0.0,0.0,12,12,12,1.0
zsre-16433,0.9,0.0,0.0,12,12,12,1.0
zsre-16433,0.85,0.0,0.0,12,12,12,1.0
zsre-16433,0.8,1.0,0.08333333333333333,12,12,12,0.08333333333333333
zsre-16433,0.75,0.0,0.0,12,12,12,1.0
zsre-16433,0.7,1.0,0.08333333333333333,12,12,12,0.08333333333333333
zsre-1645,0.95,1.0,0.0,5,5,5,0.0
zsre-1645,0.9,1.0,0.0,5,5,5,0.0
zsre-1645,0.85,1.0,0.0,5,5,5,0.0
zsre-1645,0.8,1.0,0.0,5,5,5,0.0
zsre-1645,0.75,1.0,0.0,5,5,5,0.0
zsre-1645,0.7,1.0,0.0,5,5,5,0.0
zsre-16453,0.95,1.0,0.0,11,11,11,0.0
zsre-16453,0.9,1.0,0.0,11,11,11,0.0
zsre-16453,0.85,1.0,0.0,11,11,11,0.0
zsre-16453,0.8,1.0,0.0,11,11,11,0.0
zsre-16453,0.75,1.0,0.0,11,11,11,0.0
zsre-16453,0.7,1.0,0.0,11,11,11,0.0
zsre-16482,0.95,0.0,0.0,5,5,5,1.0
zsre-16482,0.9,0.0,0.0,5,5,5,1.0
zsre-16482,0.85,1.0,0.0,5,5,5,0.0
zsre-16482,0.8,0.0,0.0,5,5,5,1.0
zsre-16482,0.75,1.0,0.0,5,5,5,0.0
zsre-16482,0.7,1.0,0.0,5,5,5,0.0
zsre-16492,0.95,1.0,0.0,5,5,5,0.0
zsre-16492,0.9,1.0,0.0,5,5,5,0.0
zsre-16492,0.85,1.0,0.0,5,5,5,0.0
zsre-16492,0.8,1.0,0.0,5,5,5,0.0
zsre-16492,0.75,1.0,0.0,5,5,5,0.0
zsre-16492,0.7,1.0,0.0,5,5,5,0.0
zsre-1653,0.95,1.0,0.0,5,5,5,0.0
zsre-1653,0.9,1.0,0.0,5,5,5,0.0
zsre-1653,0.85,1.0,0.0,5,5,5,0.0
zsre-1653,0.8,1.0,0.0,5,5,5,0.0
zsre-1653,0.75,1.0,0.0,5,5,5,0.0
zsre-1653,0.7,1.0,0.0,5,5,5,0.0
zsre-16530,0.95,0.0,0.0,5,5,5,1.0
zsre-16530,0.9,0.0,0.0,5,5,5,1.0
zsre-16530,0.85,0.0,0.0,5,5,5,1.0
zsre-16530,0.8,0.0,0.0,5,5,5,1.0
zsre-16530,0.75,1.0,0.0,5,5,5,0.0
zsre-16530,0.7,1.0,0.0,5,5,5,0.0
zsre-16544,0.95,1.0,0.0,5,5,5,0.0
zsre-16544,0.9,1.0,0.0,5,5,5,0.0
zsre-16544,0.85,1.0,0.0,5,5,5,0.0
zsre-16544,0.8,1.0,0.0,5,5,5,0.0
zsre-16544,0.75,1.0,0.0,5,5,5,0.0
zsre-16544,0.7,1.0,0.0,5,5,5,0.0
zsre-16547,0.95,1.0,0.0,5,5,5,0.0
zsre-16547,0.9,1.0,0.0,5,5,5,0.0
zsre-16547,0.85,1.0,0.0,5,5,5,0.0
zsre-16547,0.8,1.0,0.0,5,5,5,0.0
zsre-16547,0.75,1.0,0.0,5,5,5,0.0
zsre-16547,0.7,1.0,0.0,5,5,5,0.0
zsre-16562,0.95,1.0,0.0,5,5,5,0.0
zsre-16562,0.9,1.0,0.0,5,5,5,0.0
zsre-16562,0.85,1.0,0.0,5,5,5,0.0
zsre-16562,0.8,1.0,0.0,5,5,5,0.0
zsre-16562,0.75,1.0,0.0,5,5,5,0.0
zsre-16562,0.7,1.0,0.0,5,5,5,0.0
zsre-16563,0.95,0.0,0.0,10,10,10,1.0
zsre-16563,0.9,0.0,0.1,10,10,10,1.1
zsre-16563,0.85,1.0,0.1,10,10,10,0.1
zsre-16563,0.8,1.0,0.1,10,10,10,0.1
zsre-16563,0.75,1.0,0.1,10,10,10,0.1
zsre-16563,0.7,1.0,0.1,10,10,10,0.1
zsre-16564,0.95,0.0,0.0,5,5,5,1.0
zsre-16564,0.9,0.0,0.0,5,5,5,1.0
zsre-16564,0.85,0.0,0.0,5,5,5,1.0
zsre-16564,0.8,0.0,0.0,5,5,5,1.0
zsre-16564,0.75,0.0,0.0,5,5,5,1.0
zsre-16564,0.7,1.0,0.0,5,5,5,0.0
zsre-16579,0.95,0.0,0.0,5,5,5,1.0
zsre-16579,0.9,0.0,0.0,5,5,5,1.0
zsre-16579,0.85,0.0,0.0,5,5,5,1.0
zsre-16579,0.8,0.0,0.0,5,5,5,1.0
zsre-16579,0.75,0.0,0.0,5,5,5,1.0
zsre-16579,0.7,1.0,0.0,5,5,5,0.0
zsre-16580,0.95,1.0,0.0,5,5,5,0.0
zsre-16580,0.9,1.0,0.0,5,5,5,0.0
zsre-16580,0.85,1.0,0.0,5,5,5,0.0
zsre-16580,0.8,1.0,0.0,5,5,5,0.0
zsre-16580,0.75,1.0,0.0,5,5,5,0.0
zsre-16580,0.7,1.0,0.0,5,5,5,0.0
zsre-1661,0.95,0.0,0.0,20,20,20,1.0
zsre-1661,0.9,0.0,0.0,20,20,20,1.0
zsre-1661,0.85,0.0,0.0,20,20,20,1.0
zsre-1661,0.8,1.0,0.0,20,20,20,0.0
zsre-1661,0.75,1.0,0.0,20,20,20,0.0
zsre-1661,0.7,1.0,0.0,20,20,20,0.0
zsre-16617,0.95,0.0,0.0,5,5,5,1.0
zsre-16617,0.9,0.0,0.0,5,5,5,1.0
zsre-16617,0.85,0.0,0.0,5,5,5,1.0
zsre-16617,0.8,0.0,0.0,5,5,5,1.0
zsre-16617,0.75,0.0,0.0,5,5,5,1.0
zsre-16617,0.7,1.0,0.0,5,5,5,0.0
zsre-1662,0.95,1.0,0.0,5,5,5,0.0
zsre-1662,0.9,1.0,0.0,5,5,5,0.0
zsre-1662,0.85,1.0,0.0,5,5,5,0.0
zsre-1662,0.8,1.0,0.0,5,5,5,0.0
zsre-1662,0.75,1.0,0.0,5,5,5,0.0
zsre-1662,0.7,1.0,0.0,5,5,5,0.0
zsre-16643,0.95,0.0,0.0,5,5,5,1.0
zsre-16643,0.9,0.0,0.0,5,5,5,1.0
zsre-16643,0.85,0.0,0.0,5,5,5,1.0
zsre-16643,0.8,0.0,0.0,5,5,5,1.0
zsre-16643,0.75,0.0,0.0,5,5,5,1.0
zsre-16643,0.7,1.0,0.0,5,5,5,0.0
zsre-16652,0.95,0.0,0.0,5,5,5,1.0
zsre-16652,0.9,0.0,0.0,5,5,5,1.0
zsre-16652,0.85,0.0,0.0,5,5,5,1.0
zsre-16652,0.8,1.0,0.0,5,5,5,0.0
zsre-16652,0.75,1.0,0.0,5,5,5,0.0
zsre-16652,0.7,1.0,0.0,5,5,5,0.0
zsre-16661,0.95,0.0,0.0,5,5,5,1.0
zsre-16661,0.9,0.0,0.0,5,5,5,1.0
zsre-16661,0.85,1.0,0.0,5,5,5,0.0
zsre-16661,0.8,0.0,0.0,5,5,5,1.0
zsre-16661,0.75,0.0,0.0,5,5,5,1.0
zsre-16661,0.7,1.0,0.0,5,5,5,0.0
zsre-16674,0.95,0.0,0.0,5,5,5,1.0
zsre-16674,0.9,0.0,0.0,5,5,5,1.0
zsre-16674,0.85,0.0,0.0,5,5,5,1.0
zsre-16674,0.8,0.0,0.0,5,5,5,1.0
zsre-16674,0.75,1.0,0.0,5,5,5,0.0
zsre-16674,0.7,1.0,0.0,5,5,5,0.0
zsre-16679,0.95,1.0,0.0,5,5,5,0.0
zsre-16679,0.9,1.0,0.0,5,5,5,0.0
zsre-16679,0.85,1.0,0.0,5,5,5,0.0
zsre-16679,0.8,1.0,0.0,5,5,5,0.0
zsre-16679,0.75,1.0,0.0,5,5,5,0.0
zsre-16679,0.7,1.0,0.0,5,5,5,0.0
zsre-1668,0.95,0.0,0.0,17,17,17,1.0
zsre-1668,0.9,0.0,0.0,17,17,17,1.0
zsre-1668,0.85,0.0,0.0,17,17,17,1.0
zsre-1668,0.8,0.0,0.0,17,17,17,1.0
zsre-1668,0.75,1.0,0.47058823529411764,17,17,17,0.47058823529411764
zsre-1668,0.7,1.0,0.47058823529411764,17,17,17,0.47058823529411764
zsre-16701,0.95,0.0,0.0,7,7,7,1.0
zsre-16701,0.9,0.0,0.0,7,7,7,1.0
zsre-16701,0.85,1.0,0.14285714285714285,7,7,7,0.14285714285714285
zsre-16701,0.8,1.0,0.14285714285714285,7,7,7,0.14285714285714285
zsre-16701,0.75,1.0,0.14285714285714285,7,7,7,0.14285714285714285
zsre-16701,0.7,1.0,0.14285714285714285,7,7,7,0.14285714285714285
zsre-16702,0.95,0.0,0.0,8,8,8,1.0
zsre-16702,0.9,0.0,0.0,8,8,8,1.0
zsre-16702,0.85,1.0,0.125,8,8,8,0.125
zsre-16702,0.8,0.0,0.125,8,8,8,1.125
zsre-16702,0.75,1.0,0.125,8,8,8,0.125
zsre-16702,0.7,1.0,0.125,8,8,8,0.125
zsre-1671,0.95,0.0,0.0,17,17,17,1.0
zsre-1671,0.9,0.0,0.0,17,17,17,1.0
zsre-1671,0.85,0.0,0.0,17,17,17,1.0
zsre-1671,0.8,1.0,0.47058823529411764,17,17,17,0.47058823529411764
zsre-1671,0.75,1.0,0.47058823529411764,17,17,17,0.47058823529411764
zsre-1671,0.7,1.0,0.47058823529411764,17,17,17,0.47058823529411764
zsre-16727,0.95,0.0,0.0,5,5,5,1.0
zsre-16727,0.9,0.0,0.0,5,5,5,1.0
zsre-16727,0.85,0.0,0.0,5,5,5,1.0
zsre-16727,0.8,1.0,0.0,5,5,5,0.0
zsre-16727,0.75,1.0,0.0,5,5,5,0.0
zsre-16727,0.7,1.0,0.0,5,5,5,0.0
zsre-16728,0.95,1.0,0.0,6,6,6,0.0
zsre-16728,0.9,1.0,0.0,6,6,6,0.0
zsre-16728,0.85,1.0,0.0,6,6,6,0.0
zsre-16728,0.8,1.0,0.0,6,6,6,0.0
zsre-16728,0.75,1.0,0.0,6,6,6,0.0
zsre-16728,0.7,1.0,0.0,6,6,6,0.0
zsre-1673,0.95,0.0,0.0,17,17,17,1.0
zsre-1673,0.9,0.0,0.0,17,17,17,1.0
zsre-1673,0.85,0.0,0.0,17,17,17,1.0
zsre-1673,0.8,0.0,0.0,17,17,17,1.0
zsre-1673,0.75,1.0,0.47058823529411764,17,17,17,0.47058823529411764
zsre-1673,0.7,1.0,0.47058823529411764,17,17,17,0.47058823529411764
zsre-16730,0.95,1.0,0.0,5,5,5,0.0
zsre-16730,0.9,1.0,0.0,5,5,5,0.0
zsre-16730,0.85,1.0,0.0,5,5,5,0.0
zsre-16730,0.8,1.0,0.0,5,5,5,0.0
zsre-16730,0.75,1.0,0.0,5,5,5,0.0
zsre-16730,0.7,1.0,0.0,5,5,5,0.0
zsre-16738,0.95,1.0,0.0,5,5,5,0.0
zsre-16738,0.9,1.0,0.0,5,5,5,0.0
zsre-16738,0.85,1.0,0.0,5,5,5,0.0
zsre-16738,0.8,1.0,0.0,5,5,5,0.0
zsre-16738,0.75,1.0,0.0,5,5,5,0.0
zsre-16738,0.7,1.0,0.0,5,5,5,0.0
zsre-1674,0.95,0.0,0.0,18,18,18,1.0
zsre-1674,0.9,0.0,0.0,18,18,18,1.0
zsre-1674,0.85,0.0,0.0,18,18,18,1.0
zsre-1674,0.8,0.0,0.0,18,18,18,1.0
zsre-1674,0.75,1.0,0.4444444444444444,18,18,18,0.4444444444444444
zsre-1674,0.7,1.0,0.4444444444444444,18,18,18,0.4444444444444444
zsre-16744,0.95,1.0,0.0,18,18,18,0.0
zsre-16744,0.9,1.0,0.0,18,18,18,0.0
zsre-16744,0.85,1.0,0.0,18,18,18,0.0
zsre-16744,0.8,1.0,0.0,18,18,18,0.0
zsre-16744,0.75,1.0,0.0,18,18,18,0.0
zsre-16744,0.7,1.0,0.0,18,18,18,0.0
zsre-16748,0.95,1.0,0.0,5,5,5,0.0
zsre-16748,0.9,1.0,0.0,5,5,5,0.0
zsre-16748,0.85,0.0,0.0,5,5,5,1.0
zsre-16748,0.8,0.0,0.0,5,5,5,1.0
zsre-16748,0.75,1.0,0.0,5,5,5,0.0
zsre-16748,0.7,1.0,0.0,5,5,5,0.0
zsre-1675,0.95,0.0,0.0,17,17,17,1.0
zsre-1675,0.9,0.0,0.0,17,17,17,1.0
zsre-1675,0.85,0.0,0.0,17,17,17,1.0
zsre-1675,0.8,0.0,0.0,17,17,17,1.0
zsre-1675,0.75,1.0,0.47058823529411764,17,17,17,0.47058823529411764
zsre-1675,0.7,1.0,0.47058823529411764,17,17,17,0.47058823529411764
zsre-1676,0.95,0.0,0.0,17,17,17,1.0
zsre-1676,0.9,0.0,0.0,17,17,17,1.0
zsre-1676,0.85,0.0,0.0,17,17,17,1.0
zsre-1676,0.8,0.0,0.0,17,17,17,1.0
zsre-1676,0.75,1.0,0.47058823529411764,17,17,17,0.47058823529411764
zsre-1676,0.7,1.0,0.47058823529411764,17,17,17,0.47058823529411764
zsre-1677,0.95,0.0,0.0,15,15,15,1.0
zsre-1677,0.9,0.0,0.0,15,15,15,1.0
zsre-1677,0.85,0.0,0.0,15,15,15,1.0
zsre-1677,0.8,0.0,0.0,15,15,15,1.0
zsre-1677,0.75,1.0,0.5333333333333333,15,15,15,0.5333333333333333
zsre-1677,0.7,1.0,0.5333333333333333,15,15,15,0.5333333333333333
zsre-16771,0.95,1.0,0.0,5,5,5,0.0
zsre-16771,0.9,1.0,0.0,5,5,5,0.0
zsre-16771,0.85,1.0,0.0,5,5,5,0.0
zsre-16771,0.8,1.0,0.0,5,5,5,0.0
zsre-16771,0.75,1.0,0.0,5,5,5,0.0
zsre-16771,0.7,1.0,0.0,5,5,5,0.0
zsre-16772,0.95,1.0,0.0,7,7,7,0.0
zsre-16772,0.9,1.0,0.0,7,7,7,0.0
zsre-16772,0.85,1.0,0.0,7,7,7,0.0
zsre-16772,0.8,1.0,0.0,7,7,7,0.0
zsre-16772,0.75,1.0,0.0,7,7,7,0.0
zsre-16772,0.7,1.0,0.0,7,7,7,0.0
zsre-16774,0.95,0.0,0.0,12,12,12,1.0
zsre-16774,0.9,0.0,0.0,12,12,12,1.0
zsre-16774,0.85,1.0,0.0,12,12,12,0.0
zsre-16774,0.8,1.0,0.0,12,12,12,0.0
zsre-16774,0.75,1.0,0.0,12,12,12,0.0
zsre-16774,0.7,1.0,0.08333333333333333,12,12,12,0.08333333333333333
zsre-16775,0.95,1.0,0.0,8,8,8,0.0
zsre-16775,0.9,1.0,0.0,8,8,8,0.0
zsre-16775,0.85,1.0,0.0,8,8,8,0.0
zsre-16775,0.8,0.0,0.125,8,8,8,1.125
zsre-16775,0.75,1.0,0.0,8,8,8,0.0
zsre-16775,0.7,1.0,0.125,8,8,8,0.125
zsre-1678,0.95,0.0,0.0,18,18,18,1.0
zsre-1678,0.9,0.0,0.0,18,18,18,1.0
zsre-1678,0.85,0.0,0.0,18,18,18,1.0
zsre-1678,0.8,0.0,0.0,18,18,18,1.0
zsre-1678,0.75,0.0,0.0,18,18,18,1.0
zsre-1678,0.7,1.0,0.4444444444444444,18,18,18,0.4444444444444444
zsre-16780,0.95,0.0,0.0,5,5,5,1.0
zsre-16780,0.9,0.0,0.0,5,5,5,1.0
zsre-16780,0.85,0.0,0.0,5,5,5,1.0
zsre-16780,0.8,1.0,0.0,5,5,5,0.0
zsre-16780,0.75,1.0,0.0,5,5,5,0.0
zsre-16780,0.7,1.0,0.0,5,5,5,0.0
zsre-16787,0.95,1.0,0.0,5,5,5,0.0
zsre-16787,0.9,1.0,0.0,5,5,5,0.0
zsre-16787,0.85,1.0,0.0,5,5,5,0.0
zsre-16787,0.8,1.0,0.0,5,5,5,0.0
zsre-16787,0.75,1.0,0.0,5,5,5,0.0
zsre-16787,0.7,1.0,0.0,5,5,5,0.0
zsre-16790,0.95,1.0,0.0,5,5,5,0.0
zsre-16790,0.9,1.0,0.0,5,5,5,0.0
zsre-16790,0.85,1.0,0.0,5,5,5,0.0
zsre-16790,0.8,1.0,0.0,5,5,5,0.0
zsre-16790,0.75,1.0,0.0,5,5,5,0.0
zsre-16790,0.7,1.0,0.0,5,5,5,0.0
zsre-168,0.95,1.0,0.0,5,5,5,0.0
zsre-168,0.9,1.0,0.0,5,5,5,0.0
zsre-168,0.85,1.0,0.0,5,5,5,0.0
zsre-168,0.8,1.0,0.0,5,5,5,0.0
zsre-168,0.75,1.0,0.0,5,5,5,0.0
zsre-168,0.7,1.0,0.0,5,5,5,0.0
zsre-1681,0.95,0.0,0.0,19,19,19,1.0
zsre-1681,0.9,0.0,0.0,19,19,19,1.0
zsre-1681,0.85,0.0,0.0,19,19,19,1.0
zsre-1681,0.8,0.0,0.0,19,19,19,1.0
zsre-1681,0.75,0.0,0.0,19,19,19,1.0
zsre-1681,0.7,1.0,0.42105263157894735,19,19,19,0.42105263157894735
zsre-16818,0.95,0.0,0.0,20,20,20,1.0
zsre-16818,0.9,0.0,0.0,20,20,20,1.0
zsre-16818,0.85,0.0,0.0,20,20,20,1.0
zsre-16818,0.8,1.0,0.05,20,20,20,0.05
zsre-16818,0.75,1.0,0.0,20,20,20,0.0
zsre-16818,0.7,1.0,0.0,20,20,20,0.0
zsre-16819,0.95,0.0,0.0,20,20,20,1.0
zsre-16819,0.9,0.0,0.0,20,20,20,1.0
zsre-16819,0.85,0.0,0.0,20,20,20,1.0
zsre-16819,0.8,0.0,0.0,20,20,20,1.0
zsre-16819,0.75,0.0,0.0,20,20,20,1.0
zsre-16819,0.7,1.0,0.05,20,20,20,0.05
zsre-16836,0.95,0.0,0.0,5,5,5,1.0
zsre-16836,0.9,0.0,0.0,5,5,5,1.0
zsre-16836,0.85,0.0,0.0,5,5,5,1.0
zsre-16836,0.8,0.0,0.0,5,5,5,1.0
zsre-16836,0.75,0.0,0.0,5,5,5,1.0
zsre-16836,0.7,1.0,0.0,5,5,5,0.0
zsre-16839,0.95,0.0,0.0,14,14,14,1.0
zsre-16839,0.9,1.0,0.14285714285714285,14,14,14,0.14285714285714285
zsre-16839,0.85,1.0,0.14285714285714285,14,14,14,0.14285714285714285
zsre-16839,0.8,1.0,0.14285714285714285,14,14,14,0.14285714285714285
zsre-16839,0.75,1.0,0.14285714285714285,14,14,14,0.14285714285714285
zsre-16839,0.7,1.0,0.14285714285714285,14,14,14,0.14285714285714285
zsre-16840,0.95,0.0,0.0,14,14,14,1.0
zsre-16840,0.9,0.0,0.07142857142857142,14,14,14,1.0714285714285714
zsre-16840,0.85,1.0,0.07142857142857142,14,14,14,0.07142857142857142
zsre-16840,0.8,1.0,0.14285714285714285,14,14,14,0.14285714285714285
zsre-16840,0.75,1.0,0.14285714285714285,14,14,14,0.14285714285714285
zsre-16840,0.7,1.0,0.14285714285714285,14,14,14,0.14285714285714285
zsre-16841,0.95,0.0,0.0,16,16,16,1.0
zsre-16841,0.9,0.0,0.0,16,16,16,1.0
zsre-16841,0.85,0.0,0.0,16,16,16,1.0
zsre-16841,0.8,1.0,0.125,16,16,16,0.125
zsre-16841,0.75,1.0,0.125,16,16,16,0.125
zsre-16841,0.7,1.0,0.125,16,16,16,0.125
zsre-16852,0.95,1.0,0.0,5,5,5,0.0
zsre-16852,0.9,1.0,0.0,5,5,5,0.0
zsre-16852,0.85,1.0,0.0,5,5,5,0.0
zsre-16852,0.8,1.0,0.0,5,5,5,0.0
zsre-16852,0.75,1.0,0.0,5,5,5,0.0
zsre-16852,0.7,1.0,0.0,5,5,5,0.0
zsre-16861,0.95,1.0,0.0,5,5,5,0.0
zsre-16861,0.9,1.0,0.0,5,5,5,0.0
zsre-16861,0.85,1.0,0.0,5,5,5,0.0
zsre-16861,0.8,1.0,0.0,5,5,5,0.0
zsre-16861,0.75,0.0,0.0,5,5,5,1.0
zsre-16861,0.7,1.0,0.0,5,5,5,0.0
zsre-16904,0.95,1.0,0.0,5,5,5,0.0
zsre-16904,0.9,1.0,0.0,5,5,5,0.0
zsre-16904,0.85,1.0,0.0,5,5,5,0.0
zsre-16904,0.8,1.0,0.0,5,5,5,0.0
zsre-16904,0.75,1.0,0.0,5,5,5,0.0
zsre-16904,0.7,1.0,0.0,5,5,5,0.0
zsre-16906,0.95,1.0,0.0,6,6,6,0.0
zsre-16906,0.9,1.0,0.0,6,6,6,0.0
zsre-16906,0.85,1.0,0.0,6,6,6,0.0
zsre-16906,0.8,1.0,0.0,6,6,6,0.0
zsre-16906,0.75,1.0,0.0,6,6,6,0.0
zsre-16906,0.7,1.0,0.0,6,6,6,0.0
zsre-16936,0.95,0.0,0.0,5,5,5,1.0
zsre-16936,0.9,0.0,0.0,5,5,5,1.0
zsre-16936,0.85,0.0,0.0,5,5,5,1.0
zsre-16936,0.8,0.0,0.0,5,5,5,1.0
zsre-16936,0.75,1.0,0.0,5,5,5,0.0
zsre-16936,0.7,1.0,0.0,5,5,5,0.0
zsre-1695,0.95,1.0,0.0,5,5,5,0.0
zsre-1695,0.9,1.0,0.0,5,5,5,0.0
zsre-1695,0.85,1.0,0.0,5,5,5,0.0
zsre-1695,0.8,0.0,0.0,5,5,5,1.0
zsre-1695,0.75,0.0,0.0,5,5,5,1.0
zsre-1695,0.7,1.0,0.0,5,5,5,0.0
zsre-1696,0.95,0.0,0.0,5,5,5,1.0
zsre-1696,0.9,0.0,0.0,5,5,5,1.0
zsre-1696,0.85,0.0,0.0,5,5,5,1.0
zsre-1696,0.8,1.0,0.0,5,5,5,0.0
zsre-1696,0.75,1.0,0.0,5,5,5,0.0
zsre-1696,0.7,1.0,0.0,5,5,5,0.0
zsre-16960,0.95,0.0,0.0,5,5,5,1.0
zsre-16960,0.9,0.0,0.0,5,5,5,1.0
zsre-16960,0.85,0.0,0.0,5,5,5,1.0
zsre-16960,0.8,0.0,0.0,5,5,5,1.0
zsre-16960,0.75,0.0,0.0,5,5,5,1.0
zsre-16960,0.7,1.0,0.0,5,5,5,0.0
zsre-16976,0.95,0.0,0.0,5,5,5,1.0
zsre-16976,0.9,0.0,0.0,5,5,5,1.0
zsre-16976,0.85,0.0,0.0,5,5,5,1.0
zsre-16976,0.8,0.0,0.0,5,5,5,1.0
zsre-16976,0.75,0.0,0.0,5,5,5,1.0
zsre-16976,0.7,1.0,0.0,5,5,5,0.0
zsre-16982,0.95,0.0,0.0,5,5,5,1.0
zsre-16982,0.9,0.0,0.0,5,5,5,1.0
zsre-16982,0.85,0.0,0.0,5,5,5,1.0
zsre-16982,0.8,0.0,0.0,5,5,5,1.0
zsre-16982,0.75,1.0,0.0,5,5,5,0.0
zsre-16982,0.7,1.0,0.0,5,5,5,0.0
zsre-16985,0.95,1.0,0.0,5,5,5,0.0
zsre-16985,0.9,1.0,0.0,5,5,5,0.0
zsre-16985,0.85,1.0,0.0,5,5,5,0.0
zsre-16985,0.8,1.0,0.0,5,5,5,0.0
zsre-16985,0.75,1.0,0.0,5,5,5,0.0
zsre-16985,0.7,1.0,0.0,5,5,5,0.0
zsre-16986,0.95,0.0,0.0,10,10,10,1.0
zsre-16986,0.9,0.0,0.0,10,10,10,1.0
zsre-16986,0.85,0.0,0.0,10,10,10,1.0
zsre-16986,0.8,1.0,0.1,10,10,10,0.1
zsre-16986,0.75,1.0,0.1,10,10,10,0.1
zsre-16986,0.7,1.0,0.1,10,10,10,0.1
zsre-16987,0.95,0.0,0.0,5,5,5,1.0
zsre-16987,0.9,0.0,0.0,5,5,5,1.0
zsre-16987,0.85,0.0,0.0,5,5,5,1.0
zsre-16987,0.8,1.0,0.2,5,5,5,0.2
zsre-16987,0.75,1.0,0.2,5,5,5,0.2
zsre-16987,0.7,1.0,0.2,5,5,5,0.2
zsre-1699,0.95,0.0,0.0,5,5,5,1.0
zsre-1699,0.9,0.0,0.0,5,5,5,1.0
zsre-1699,0.85,0.0,0.0,5,5,5,1.0
zsre-1699,0.8,1.0,0.0,5,5,5,0.0
zsre-1699,0.75,1.0,0.0,5,5,5,0.0
zsre-1699,0.7,1.0,0.0,5,5,5,0.0
zsre-16992,0.95,0.0,0.0,19,19,19,1.0
zsre-16992,0.9,0.0,0.0,19,19,19,1.0
zsre-16992,0.85,0.0,0.0,19,19,19,1.0
zsre-16992,0.8,0.0,0.0,19,19,19,1.0
zsre-16992,0.75,0.0,0.05263157894736842,19,19,19,1.0526315789473684
zsre-16992,0.7,1.0,0.0,19,19,19,0.0
zsre-16994,0.95,0.0,0.0,11,11,11,1.0
zsre-16994,0.9,0.0,0.0,11,11,11,1.0
zsre-16994,0.85,0.0,0.0,11,11,11,1.0
zsre-16994,0.8,0.0,0.0,11,11,11,1.0
zsre-16994,0.75,0.0,0.0,11,11,11,1.0
zsre-16994,0.7,1.0,0.0,11,11,11,0.0
zsre-16995,0.95,1.0,0.0,5,5,5,0.0
zsre-16995,0.9,1.0,0.0,5,5,5,0.0
zsre-16995,0.85,1.0,0.0,5,5,5,0.0
zsre-16995,0.8,1.0,0.0,5,5,5,0.0
zsre-16995,0.75,1.0,0.0,5,5,5,0.0
zsre-16995,0.7,1.0,0.0,5,5,5,0.0
zsre-17000,0.95,1.0,0.0,5,5,5,0.0
zsre-17000,0.9,1.0,0.0,5,5,5,0.0
zsre-17000,0.85,1.0,0.0,5,5,5,0.0
zsre-17000,0.8,1.0,0.0,5,5,5,0.0
zsre-17000,0.75,1.0,0.0,5,5,5,0.0
zsre-17000,0.7,1.0,0.0,5,5,5,0.0
zsre-17007,0.95,1.0,0.0,5,5,5,0.0
zsre-17007,0.9,1.0,0.0,5,5,5,0.0
zsre-17007,0.85,1.0,0.0,5,5,5,0.0
zsre-17007,0.8,1.0,0.0,5,5,5,0.0
zsre-17007,0.75,1.0,0.0,5,5,5,0.0
zsre-17007,0.7,1.0,0.0,5,5,5,0.0
zsre-17012,0.95,0.0,0.0,16,16,16,1.0
zsre-17012,0.9,0.0,0.0,16,16,16,1.0
zsre-17012,0.85,0.0,0.0,16,16,16,1.0
zsre-17012,0.8,0.0,0.0,16,16,16,1.0
zsre-17012,0.75,1.0,0.0,16,16,16,0.0
zsre-17012,0.7,1.0,0.0,16,16,16,0.0
zsre-1703,0.95,1.0,0.0,5,5,5,0.0
zsre-1703,0.9,1.0,0.0,5,5,5,0.0
zsre-1703,0.85,1.0,0.0,5,5,5,0.0
zsre-1703,0.8,1.0,0.0,5,5,5,0.0
zsre-1703,0.75,1.0,0.0,5,5,5,0.0
zsre-1703,0.7,1.0,0.0,5,5,5,0.0
zsre-17039,0.95,0.0,0.0,12,12,12,1.0
zsre-17039,0.9,0.0,0.0,12,12,12,1.0
zsre-17039,0.85,0.0,0.0,12,12,12,1.0
zsre-17039,0.8,1.0,0.0,12,12,12,0.0
zsre-17039,0.75,1.0,0.0,12,12,12,0.0
zsre-17039,0.7,1.0,0.0,12,12,12,0.0
zsre-1704,0.95,0.0,0.0,5,5,5,1.0
zsre-1704,0.9,0.0,0.0,5,5,5,1.0
zsre-1704,0.85,0.0,0.0,5,5,5,1.0
zsre-1704,0.8,0.0,0.0,5,5,5,1.0
zsre-1704,0.75,0.0,0.0,5,5,5,1.0
zsre-1704,0.7,1.0,0.0,5,5,5,0.0
zsre-17040,0.95,1.0,0.0,7,7,7,0.0
zsre-17040,0.9,1.0,0.0,7,7,7,0.0
zsre-17040,0.85,1.0,0.0,7,7,7,0.0
zsre-17040,0.8,1.0,0.0,7,7,7,0.0
zsre-17040,0.75,1.0,0.0,7,7,7,0.0
zsre-17040,0.7,1.0,0.0,7,7,7,0.0
zsre-17042,0.95,0.0,0.0,5,5,5,1.0
zsre-17042,0.9,0.0,0.0,5,5,5,1.0
zsre-17042,0.85,0.0,0.0,5,5,5,1.0
zsre-17042,0.8,0.0,0.0,5,5,5,1.0
zsre-17042,0.75,0.0,0.0,5,5,5,1.0
zsre-17042,0.7,1.0,0.0,5,5,5,0.0
zsre-17051,0.95,1.0,0.0,5,5,5,0.0
zsre-17051,0.9,1.0,0.0,5,5,5,0.0
zsre-17051,0.85,1.0,0.0,5,5,5,0.0
zsre-17051,0.8,1.0,0.0,5,5,5,0.0
zsre-17051,0.75,1.0,0.0,5,5,5,0.0
zsre-17051,0.7,1.0,0.0,5,5,5,0.0
zsre-17066,0.95,0.0,0.0,5,5,5,1.0
zsre-17066,0.9,0.0,0.0,5,5,5,1.0
zsre-17066,0.85,0.0,0.0,5,5,5,1.0
zsre-17066,0.8,0.0,0.2,5,5,5,1.2
zsre-17066,0.75,1.0,0.0,5,5,5,0.0
zsre-17066,0.7,1.0,0.2,5,5,5,0.2
zsre-17067,0.95,0.0,0.0,5,5,5,1.0
zsre-17067,0.9,0.0,0.0,5,5,5,1.0
zsre-17067,0.85,0.0,0.0,5,5,5,1.0
zsre-17067,0.8,0.0,0.0,5,5,5,1.0
zsre-17067,0.75,0.0,0.0,5,5,5,1.0
zsre-17067,0.7,1.0,0.2,5,5,5,0.2
zsre-17070,0.95,1.0,0.2,15,15,15,0.2
zsre-17070,0.9,1.0,0.2,15,15,15,0.2
zsre-17070,0.85,1.0,0.2,15,15,15,0.2
zsre-17070,0.8,1.0,0.2,15,15,15,0.2
zsre-17070,0.75,1.0,0.2,15,15,15,0.2
zsre-17070,0.7,1.0,0.2,15,15,15,0.2
zsre-17071,0.95,1.0,0.1875,16,16,16,0.1875
zsre-17071,0.9,1.0,0.1875,16,16,16,0.1875
zsre-17071,0.85,1.0,0.1875,16,16,16,0.1875
zsre-17071,0.8,1.0,0.1875,16,16,16,0.1875
zsre-17071,0.75,1.0,0.1875,16,16,16,0.1875
zsre-17071,0.7,1.0,0.1875,16,16,16,0.1875
zsre-17072,0.95,1.0,0.2,15,15,15,0.2
zsre-17072,0.9,1.0,0.2,15,15,15,0.2
zsre-17072,0.85,1.0,0.2,15,15,15,0.2
zsre-17072,0.8,1.0,0.2,15,15,15,0.2
zsre-17072,0.75,1.0,0.2,15,15,15,0.2
zsre-17072,0.7,1.0,0.2,15,15,15,0.2
zsre-17073,0.95,1.0,0.3,10,10,10,0.3
zsre-17073,0.9,1.0,0.3,10,10,10,0.3
zsre-17073,0.85,1.0,0.3,10,10,10,0.3
zsre-17073,0.8,1.0,0.3,10,10,10,0.3
zsre-17073,0.75,1.0,0.3,10,10,10,0.3
zsre-17073,0.7,1.0,0.3,10,10,10,0.3
zsre-17080,0.95,1.0,0.0,5,5,5,0.0
zsre-17080,0.9,1.0,0.0,5,5,5,0.0
zsre-17080,0.85,1.0,0.0,5,5,5,0.0
zsre-17080,0.8,1.0,0.0,5,5,5,0.0
zsre-17080,0.75,1.0,0.0,5,5,5,0.0
zsre-17080,0.7,1.0,0.0,5,5,5,0.0
zsre-17085,0.95,1.0,0.0,5,5,5,0.0
zsre-17085,0.9,1.0,0.0,5,5,5,0.0
zsre-17085,0.85,1.0,0.0,5,5,5,0.0
zsre-17085,0.8,1.0,0.0,5,5,5,0.0
zsre-17085,0.75,1.0,0.0,5,5,5,0.0
zsre-17085,0.7,1.0,0.0,5,5,5,0.0
zsre-17092,0.95,1.0,0.2,5,5,5,0.2
zsre-17092,0.9,1.0,0.2,5,5,5,0.2
zsre-17092,0.85,1.0,0.2,5,5,5,0.2
zsre-17092,0.8,1.0,0.2,5,5,5,0.2
zsre-17092,0.75,1.0,0.2,5,5,5,0.2
zsre-17092,0.7,1.0,0.2,5,5,5,0.2
zsre-17093,0.95,1.0,0.16666666666666666,6,6,6,0.16666666666666666
zsre-17093,0.9,1.0,0.16666666666666666,6,6,6,0.16666666666666666
zsre-17093,0.85,1.0,0.16666666666666666,6,6,6,0.16666666666666666
zsre-17093,0.8,1.0,0.16666666666666666,6,6,6,0.16666666666666666
zsre-17093,0.75,1.0,0.16666666666666666,6,6,6,0.16666666666666666
zsre-17093,0.7,1.0,0.16666666666666666,6,6,6,0.16666666666666666
zsre-17116,0.95,1.0,0.0,5,5,5,0.0
zsre-17116,0.9,1.0,0.0,5,5,5,0.0
zsre-17116,0.85,1.0,0.0,5,5,5,0.0
zsre-17116,0.8,1.0,0.0,5,5,5,0.0
zsre-17116,0.75,1.0,0.0,5,5,5,0.0
zsre-17116,0.7,1.0,0.0,5,5,5,0.0
zsre-17120,0.95,1.0,0.0,5,5,5,0.0
zsre-17120,0.9,1.0,0.0,5,5,5,0.0
zsre-17120,0.85,1.0,0.0,5,5,5,0.0
zsre-17120,0.8,1.0,0.0,5,5,5,0.0
zsre-17120,0.75,1.0,0.0,5,5,5,0.0
zsre-17120,0.7,1.0,0.0,5,5,5,0.0
zsre-17171,0.95,1.0,0.0,5,5,5,0.0
zsre-17171,0.9,1.0,0.0,5,5,5,0.0
zsre-17171,0.85,1.0,0.0,5,5,5,0.0
zsre-17171,0.8,1.0,0.0,5,5,5,0.0
zsre-17171,0.75,1.0,0.0,5,5,5,0.0
zsre-17171,0.7,1.0,0.0,5,5,5,0.0
zsre-17200,0.95,1.0,0.16666666666666666,6,6,6,0.16666666666666666
zsre-17200,0.9,1.0,0.16666666666666666,6,6,6,0.16666666666666666
zsre-17200,0.85,1.0,0.16666666666666666,6,6,6,0.16666666666666666
zsre-17200,0.8,1.0,0.16666666666666666,6,6,6,0.16666666666666666
zsre-17200,0.75,1.0,0.16666666666666666,6,6,6,0.16666666666666666
zsre-17200,0.7,1.0,0.16666666666666666,6,6,6,0.16666666666666666
zsre-17201,0.95,1.0,0.2,5,5,5,0.2
zsre-17201,0.9,1.0,0.2,5,5,5,0.2
zsre-17201,0.85,1.0,0.2,5,5,5,0.2
zsre-17201,0.8,1.0,0.2,5,5,5,0.2
zsre-17201,0.75,1.0,0.2,5,5,5,0.2
zsre-17201,0.7,1.0,0.2,5,5,5,0.2
zsre-17206,0.95,0.0,0.0,5,5,5,1.0
zsre-17206,0.9,0.0,0.0,5,5,5,1.0
zsre-17206,0.85,0.0,0.0,5,5,5,1.0
zsre-17206,0.8,1.0,0.2,5,5,5,0.2
zsre-17206,0.75,1.0,0.2,5,5,5,0.2
zsre-17206,0.7,1.0,0.2,5,5,5,0.2
zsre-17207,0.95,0.0,0.0,5,5,5,1.0
zsre-17207,0.9,0.0,0.0,5,5,5,1.0
zsre-17207,0.85,0.0,0.0,5,5,5,1.0
zsre-17207,0.8,1.0,0.2,5,5,5,0.2
zsre-17207,0.75,1.0,0.2,5,5,5,0.2
zsre-17207,0.7,1.0,0.2,5,5,5,0.2
zsre-17211,0.95,1.0,0.0,5,5,5,0.0
zsre-17211,0.9,1.0,0.0,5,5,5,0.0
zsre-17211,0.85,1.0,0.0,5,5,5,0.0
zsre-17211,0.8,1.0,0.0,5,5,5,0.0
zsre-17211,0.75,1.0,0.0,5,5,5,0.0
zsre-17211,0.7,1.0,0.0,5,5,5,0.0
zsre-17218,0.95,0.0,0.0,5,5,5,1.0
zsre-17218,0.9,0.0,0.0,5,5,5,1.0
zsre-17218,0.85,0.0,0.0,5,5,5,1.0
zsre-17218,0.8,1.0,0.0,5,5,5,0.0
zsre-17218,0.75,1.0,0.0,5,5,5,0.0
zsre-17218,0.7,1.0,0.0,5,5,5,0.0
zsre-17236,0.95,1.0,0.0,8,8,8,0.0
zsre-17236,0.9,1.0,0.0,8,8,8,0.0
zsre-17236,0.85,1.0,0.0,8,8,8,0.0
zsre-17236,0.8,1.0,0.0,8,8,8,0.0
zsre-17236,0.75,1.0,0.0,8,8,8,0.0
zsre-17236,0.7,1.0,0.0,8,8,8,0.0
zsre-17242,0.95,0.0,0.0,5,5,5,1.0
zsre-17242,0.9,0.0,0.0,5,5,5,1.0
zsre-17242,0.85,1.0,0.2,5,5,5,0.2
zsre-17242,0.8,1.0,0.2,5,5,5,0.2
zsre-17242,0.75,1.0,0.2,5,5,5,0.2
zsre-17242,0.7,1.0,0.2,5,5,5,0.2
zsre-17243,0.95,0.0,0.0,5,5,5,1.0
zsre-17243,0.9,0.0,0.0,5,5,5,1.0
zsre-17243,0.85,1.0,0.2,5,5,5,0.2
zsre-17243,0.8,1.0,0.2,5,5,5,0.2
zsre-17243,0.75,1.0,0.2,5,5,5,0.2
zsre-17243,0.7,1.0,0.2,5,5,5,0.2
zsre-17244,0.95,1.0,0.0,10,10,10,0.0
zsre-17244,0.9,1.0,0.0,10,10,10,0.0
zsre-17244,0.85,1.0,0.0,10,10,10,0.0
zsre-17244,0.8,1.0,0.0,10,10,10,0.0
zsre-17244,0.75,1.0,0.0,10,10,10,0.0
zsre-17244,0.7,1.0,0.2,10,10,10,0.2
zsre-17245,0.95,0.0,0.2,5,5,5,1.2
zsre-17245,0.9,0.0,0.2,5,5,5,1.2
zsre-17245,0.85,0.0,0.2,5,5,5,1.2
zsre-17245,0.8,0.0,0.2,5,5,5,1.2
zsre-17245,0.75,1.0,0.4,5,5,5,0.4
zsre-17245,0.7,1.0,0.4,5,5,5,0.4
zsre-17247,0.95,0.0,0.125,8,8,8,1.125
zsre-17247,0.9,0.0,0.125,8,8,8,1.125
zsre-17247,0.85,0.0,0.125,8,8,8,1.125
zsre-17247,0.8,0.0,0.125,8,8,8,1.125
zsre-17247,0.75,0.0,0.125,8,8,8,1.125
zsre-17247,0.7,1.0,0.25,8,8,8,0.25
zsre-17283,0.95,0.0,0.0,5,5,5,1.0
zsre-17283,0.9,0.0,0.0,5,5,5,1.0
zsre-17283,0.85,0.0,0.0,5,5,5,1.0
zsre-17283,0.8,1.0,0.2,5,5,5,0.2
zsre-17283,0.75,1.0,0.4,5,5,5,0.4
zsre-17283,0.7,1.0,0.4,5,5,5,0.4
zsre-17285,0.95,0.0,0.0,5,5,5,1.0
zsre-17285,0.9,0.0,0.0,5,5,5,1.0
zsre-17285,0.85,1.0,0.0,5,5,5,0.0
zsre-17285,0.8,1.0,0.2,5,5,5,0.2
zsre-17285,0.75,1.0,0.2,5,5,5,0.2
zsre-17285,0.7,1.0,0.4,5,5,5,0.4
zsre-17286,0.95,0.0,0.0,5,5,5,1.0
zsre-17286,0.9,0.0,0.0,5,5,5,1.0
zsre-17286,0.85,0.0,0.2,5,5,5,1.2
zsre-17286,0.8,0.0,0.2,5,5,5,1.2
zsre-17286,0.75,0.0,0.0,5,5,5,1.0
zsre-17286,0.7,1.0,0.4,5,5,5,0.4
zsre-17298,0.95,0.0,0.0,5,5,5,1.0
zsre-17298,0.9,0.0,0.0,5,5,5,1.0
zsre-17298,0.85,0.0,0.0,5,5,5,1.0
zsre-17298,0.8,0.0,0.0,5,5,5,1.0
zsre-17298,0.75,0.0,0.0,5,5,5,1.0
zsre-17298,0.7,1.0,0.0,5,5,5,0.0
zsre-17305,0.95,1.0,0.4,5,5,5,0.4
zsre-17305,0.9,1.0,0.4,5,5,5,0.4
zsre-17305,0.85,1.0,0.4,5,5,5,0.4
zsre-17305,0.8,1.0,0.4,5,5,5,0.4
zsre-17305,0.75,1.0,0.4,5,5,5,0.4
zsre-17305,0.7,1.0,0.4,5,5,5,0.4
zsre-17306,0.95,1.0,0.4,5,5,5,0.4
zsre-17306,0.9,1.0,0.4,5,5,5,0.4
zsre-17306,0.85,1.0,0.4,5,5,5,0.4
zsre-17306,0.8,1.0,0.4,5,5,5,0.4
zsre-17306,0.75,1.0,0.4,5,5,5,0.4
zsre-17306,0.7,1.0,0.4,5,5,5,0.4
zsre-17309,0.95,1.0,0.4,5,5,5,0.4
zsre-17309,0.9,1.0,0.4,5,5,5,0.4
zsre-17309,0.85,1.0,0.4,5,5,5,0.4
zsre-17309,0.8,1.0,0.4,5,5,5,0.4
zsre-17309,0.75,1.0,0.4,5,5,5,0.4
zsre-17309,0.7,1.0,0.4,5,5,5,0.4
zsre-17313,0.95,0.0,0.0,12,12,12,1.0
zsre-17313,0.9,0.0,0.0,12,12,12,1.0
zsre-17313,0.85,1.0,0.08333333333333333,12,12,12,0.08333333333333333
zsre-17313,0.8,1.0,0.08333333333333333,12,12,12,0.08333333333333333
zsre-17313,0.75,1.0,0.08333333333333333,12,12,12,0.08333333333333333
zsre-17313,0.7,1.0,0.08333333333333333,12,12,12,0.08333333333333333
zsre-17314,0.95,0.0,0.0,7,7,7,1.0
zsre-17314,0.9,0.0,0.0,7,7,7,1.0
zsre-17314,0.85,1.0,0.14285714285714285,7,7,7,0.14285714285714285
zsre-17314,0.8,1.0,0.14285714285714285,7,7,7,0.14285714285714285
zsre-17314,0.75,1.0,0.14285714285714285,7,7,7,0.14285714285714285
zsre-17314,0.7,1.0,0.14285714285714285,7,7,7,0.14285714285714285
zsre-17341,0.95,1.0,0.0,5,5,5,0.0
zsre-17341,0.9,1.0,0.0,5,5,5,0.0
zsre-17341,0.85,1.0,0.0,5,5,5,0.0
zsre-17341,0.8,1.0,0.0,5,5,5,0.0
zsre-17341,0.75,1.0,0.0,5,5,5,0.0
zsre-17341,0.7,1.0,0.0,5,5,5,0.0
zsre-17343,0.95,1.0,0.0,5,5,5,0.0
zsre-17343,0.9,1.0,0.0,5,5,5,0.0
zsre-17343,0.85,1.0,0.0,5,5,5,0.0
zsre-17343,0.8,1.0,0.0,5,5,5,0.0
zsre-17343,0.75,1.0,0.0,5,5,5,0.0
zsre-17343,0.7,1.0,0.0,5,5,5,0.0
zsre-17371,0.95,1.0,0.0,5,5,5,0.0
zsre-17371,0.9,1.0,0.0,5,5,5,0.0
zsre-17371,0.85,1.0,0.0,5,5,5,0.0
zsre-17371,0.8,1.0,0.0,5,5,5,0.0
zsre-17371,0.75,1.0,0.0,5,5,5,0.0
zsre-17371,0.7,1.0,0.0,5,5,5,0.0
zsre-17376,0.95,1.0,0.0,5,5,5,0.0
zsre-17376,0.9,1.0,0.0,5,5,5,0.0
zsre-17376,0.85,1.0,0.0,5,5,5,0.0
zsre-17376,0.8,1.0,0.0,5,5,5,0.0
zsre-17376,0.75,1.0,0.0,5,5,5,0.0
zsre-17376,0.7,1.0,0.0,5,5,5,0.0
zsre-17377,0.95,1.0,0.0,5,5,5,0.0
zsre-17377,0.9,1.0,0.0,5,5,5,0.0
zsre-17377,0.85,1.0,0.0,5,5,5,0.0
zsre-17377,0.8,1.0,0.0,5,5,5,0.0
zsre-17377,0.75,1.0,0.0,5,5,5,0.0
zsre-17377,0.7,1.0,0.0,5,5,5,0.0
zsre-17383,0.95,1.0,0.0,20,20,20,0.0
zsre-17383,0.9,1.0,0.0,20,20,20,0.0
zsre-17383,0.85,1.0,0.0,20,20,20,0.0
zsre-17383,0.8,1.0,0.0,20,20,20,0.0
zsre-17383,0.75,1.0,0.0,20,20,20,0.0
zsre-17383,0.7,1.0,0.0,20,20,20,0.0
zsre-17394,0.95,1.0,0.0,5,5,5,0.0
zsre-17394,0.9,1.0,0.0,5,5,5,0.0
zsre-17394,0.85,1.0,0.0,5,5,5,0.0
zsre-17394,0.8,1.0,0.0,5,5,5,0.0
zsre-17394,0.75,1.0,0.0,5,5,5,0.0
zsre-17394,0.7,1.0,0.0,5,5,5,0.0
zsre-17400,0.95,1.0,0.0,5,5,5,0.0
zsre-17400,0.9,1.0,0.0,5,5,5,0.0
zsre-17400,0.85,1.0,0.0,5,5,5,0.0
zsre-17400,0.8,1.0,0.0,5,5,5,0.0
zsre-17400,0.75,1.0,0.0,5,5,5,0.0
zsre-17400,0.7,1.0,0.0,5,5,5,0.0
zsre-17408,0.95,0.0,0.0,5,5,5,1.0
zsre-17408,0.9,0.0,0.0,5,5,5,1.0
zsre-17408,0.85,0.0,0.0,5,5,5,1.0
zsre-17408,0.8,0.0,0.0,5,5,5,1.0
zsre-17408,0.75,0.0,0.0,5,5,5,1.0
zsre-17408,0.7,1.0,0.0,5,5,5,0.0
zsre-17410,0.95,1.0,0.0,5,5,5,0.0
zsre-17410,0.9,1.0,0.0,5,5,5,0.0
zsre-17410,0.85,1.0,0.0,5,5,5,0.0
zsre-17410,0.8,1.0,0.0,5,5,5,0.0
zsre-17410,0.75,1.0,0.0,5,5,5,0.0
zsre-17410,0.7,1.0,0.0,5,5,5,0.0
zsre-17416,0.95,0.0,0.0,12,12,12,1.0
zsre-17416,0.9,0.0,0.0,12,12,12,1.0
zsre-17416,0.85,1.0,0.16666666666666666,12,12,12,0.16666666666666666
zsre-17416,0.8,1.0,0.16666666666666666,12,12,12,0.16666666666666666
zsre-17416,0.75,1.0,0.16666666666666666,12,12,12,0.16666666666666666
zsre-17416,0.7,1.0,0.16666666666666666,12,12,12,0.16666666666666666
zsre-17417,0.95,0.0,0.0,13,13,13,1.0
zsre-17417,0.9,0.0,0.0,13,13,13,1.0
zsre-17417,0.85,0.0,0.0,13,13,13,1.0
zsre-17417,0.8,1.0,0.15384615384615385,13,13,13,0.15384615384615385
zsre-17417,0.75,1.0,0.15384615384615385,13,13,13,0.15384615384615385
zsre-17417,0.7,1.0,0.15384615384615385,13,13,13,0.15384615384615385
zsre-17418,0.95,0.0,0.0,15,15,15,1.0
zsre-17418,0.9,0.0,0.0,15,15,15,1.0
zsre-17418,0.85,0.0,0.0,15,15,15,1.0
zsre-17418,0.8,1.0,0.13333333333333333,15,15,15,0.13333333333333333
zsre-17418,0.75,0.0,0.06666666666666667,15,15,15,1.0666666666666667
zsre-17418,0.7,1.0,0.13333333333333333,15,15,15,0.13333333333333333
zsre-17419,0.95,0.0,0.0,20,20,20,1.0
zsre-17419,0.9,0.0,0.0,20,20,20,1.0
zsre-17419,0.85,0.0,0.0,20,20,20,1.0
zsre-17419,0.8,0.0,0.05,20,20,20,1.05
zsre-17419,0.75,1.0,0.1,20,20,20,0.1
zsre-17419,0.7,1.0,0.1,20,20,20,0.1
zsre-17420,0.95,0.0,0.0,20,20,20,1.0
zsre-17420,0.9,0.0,0.0,20,20,20,1.0
zsre-17420,0.85,0.0,0.0,20,20,20,1.0
zsre-17420,0.8,0.0,0.0,20,20,20,1.0
zsre-17420,0.75,1.0,0.0,20,20,20,0.0
zsre-17420,0.7,1.0,0.05,20,20,20,0.05
zsre-17421,0.95,0.0,0.0,15,15,15,1.0
zsre-17421,0.9,0.0,0.0,15,15,15,1.0
zsre-17421,0.85,0.0,0.0,15,15,15,1.0
zsre-17421,0.8,0.0,0.0,15,15,15,1.0
zsre-17421,0.75,1.0,0.13333333333333333,15,15,15,0.13333333333333333
zsre-17421,0.7,1.0,0.13333333333333333,15,15,15,0.13333333333333333
zsre-17423,0.95,0.0,0.0,5,5,5,1.0
zsre-17423,0.9,0.0,0.0,5,5,5,1.0
zsre-17423,0.85,0.0,0.0,5,5,5,1.0
zsre-17423,0.8,0.0,0.0,5,5,5,1.0
zsre-17423,0.75,0.0,0.0,5,5,5,1.0
zsre-17423,0.7,1.0,0.2,5,5,5,0.2
zsre-17424,0.95,0.0,0.0,5,5,5,1.0
zsre-17424,0.9,0.0,0.0,5,5,5,1.0
zsre-17424,0.85,0.0,0.0,5,5,5,1.0
zsre-17424,0.8,0.0,0.0,5,5,5,1.0
zsre-17424,0.75,1.0,0.2,5,5,5,0.2
zsre-17424,0.7,1.0,0.2,5,5,5,0.2
zsre-17443,0.95,1.0,0.0,5,5,5,0.0
zsre-17443,0.9,1.0,0.0,5,5,5,0.0
zsre-17443,0.85,1.0,0.0,5,5,5,0.0
zsre-17443,0.8,1.0,0.0,5,5,5,0.0
zsre-17443,0.75,1.0,0.0,5,5,5,0.0
zsre-17443,0.7,1.0,0.0,5,5,5,0.0
zsre-17452,0.95,1.0,0.0,6,6,6,0.0
zsre-17452,0.9,1.0,0.0,6,6,6,0.0
zsre-17452,0.85,1.0,0.0,6,6,6,0.0
zsre-17452,0.8,1.0,0.0,6,6,6,0.0
zsre-17452,0.75,1.0,0.0,6,6,6,0.0
zsre-17452,0.7,1.0,0.0,6,6,6,0.0
zsre-17456,0.95,0.0,0.0,15,15,15,1.0
zsre-17456,0.9,0.0,0.0,15,15,15,1.0
zsre-17456,0.85,1.0,0.13333333333333333,15,15,15,0.13333333333333333
zsre-17456,0.8,1.0,0.13333333333333333,15,15,15,0.13333333333333333
zsre-17456,0.75,1.0,0.13333333333333333,15,15,15,0.13333333333333333
zsre-17456,0.7,1.0,0.13333333333333333,15,15,15,0.13333333333333333
zsre-17457,0.95,0.0,0.0,13,13,13,1.0
zsre-17457,0.9,0.0,0.0,13,13,13,1.0
zsre-17457,0.85,0.0,0.0,13,13,13,1.0
zsre-17457,0.8,1.0,0.15384615384615385,13,13,13,0.15384615384615385
zsre-17457,0.75,1.0,0.15384615384615385,13,13,13,0.15384615384615385
zsre-17457,0.7,1.0,0.15384615384615385,13,13,13,0.15384615384615385
zsre-17459,0.95,0.0,0.0,12,12,12,1.0
zsre-17459,0.9,0.0,0.0,12,12,12,1.0
zsre-17459,0.85,0.0,0.0,12,12,12,1.0
zsre-17459,0.8,1.0,0.16666666666666666,12,12,12,0.16666666666666666
zsre-17459,0.75,1.0,0.16666666666666666,12,12,12,0.16666666666666666
zsre-17459,0.7,1.0,0.16666666666666666,12,12,12,0.16666666666666666
zsre-17472,0.95,0.0,0.0,5,5,5,1.0
zsre-17472,0.9,0.0,0.0,5,5,5,1.0
zsre-17472,0.85,0.0,0.0,5,5,5,1.0
zsre-17472,0.8,0.0,0.0,5,5,5,1.0
zsre-17472,0.75,1.0,0.2,5,5,5,0.2
zsre-17472,0.7,1.0,0.2,5,5,5,0.2
zsre-17473,0.95,0.0,0.0,5,5,5,1.0
zsre-17473,0.9,0.0,0.0,5,5,5,1.0
zsre-17473,0.85,0.0,0.2,5,5,5,1.2
zsre-17473,0.8,1.0,0.2,5,5,5,0.2
zsre-17473,0.75,1.0,0.2,5,5,5,0.2
zsre-17473,0.7,1.0,0.2,5,5,5,0.2
zsre-17486,0.95,1.0,0.0,5,5,5,0.0
zsre-17486,0.9,1.0,0.0,5,5,5,0.0
zsre-17486,0.85,1.0,0.0,5,5,5,0.0
zsre-17486,0.8,1.0,0.0,5,5,5,0.0
zsre-17486,0.75,1.0,0.0,5,5,5,0.0
zsre-17486,0.7,1.0,0.0,5,5,5,0.0
zsre-17498,0.95,0.0,0.0,5,5,5,1.0
zsre-17498,0.9,0.0,0.0,5,5,5,1.0
zsre-17498,0.85,0.0,0.0,5,5,5,1.0
zsre-17498,0.8,1.0,0.2,5,5,5,0.2
zsre-17498,0.75,1.0,0.2,5,5,5,0.2
zsre-17498,0.7,1.0,0.2,5,5,5,0.2
zsre-17499,0.95,0.0,0.0,5,5,5,1.0
zsre-17499,0.9,0.0,0.0,5,5,5,1.0
zsre-17499,0.85,0.0,0.0,5,5,5,1.0
zsre-17499,0.8,1.0,0.2,5,5,5,0.2
zsre-17499,0.75,1.0,0.2,5,5,5,0.2
zsre-17499,0.7,1.0,0.2,5,5,5,0.2
zsre-17520,0.95,1.0,0.0,5,5,5,0.0
zsre-17520,0.9,1.0,0.0,5,5,5,0.0
zsre-17520,0.85,1.0,0.0,5,5,5,0.0
zsre-17520,0.8,1.0,0.0,5,5,5,0.0
zsre-17520,0.75,1.0,0.0,5,5,5,0.0
zsre-17520,0.7,1.0,0.0,5,5,5,0.0
zsre-17522,0.95,1.0,0.0,5,5,5,0.0
zsre-17522,0.9,1.0,0.0,5,5,5,0.0
zsre-17522,0.85,1.0,0.0,5,5,5,0.0
zsre-17522,0.8,1.0,0.0,5,5,5,0.0
zsre-17522,0.75,1.0,0.0,5,5,5,0.0
zsre-17522,0.7,1.0,0.0,5,5,5,0.0
zsre-17523,0.95,1.0,0.0,5,5,5,0.0
zsre-17523,0.9,1.0,0.0,5,5,5,0.0
zsre-17523,0.85,1.0,0.0,5,5,5,0.0
zsre-17523,0.8,1.0,0.0,5,5,5,0.0
zsre-17523,0.75,1.0,0.0,5,5,5,0.0
zsre-17523,0.7,1.0,0.0,5,5,5,0.0
zsre-17527,0.95,1.0,0.0,5,5,5,0.0
zsre-17527,0.9,1.0,0.0,5,5,5,0.0
zsre-17527,0.85,1.0,0.0,5,5,5,0.0
zsre-17527,0.8,1.0,0.0,5,5,5,0.0
zsre-17527,0.75,1.0,0.0,5,5,5,0.0
zsre-17527,0.7,1.0,0.0,5,5,5,0.0
zsre-17536,0.95,0.0,0.07142857142857142,14,14,14,1.0714285714285714
zsre-17536,0.9,0.0,0.07142857142857142,14,14,14,1.0714285714285714
zsre-17536,0.85,0.0,0.07142857142857142,14,14,14,1.0714285714285714
zsre-17536,0.8,0.0,0.07142857142857142,14,14,14,1.0714285714285714
zsre-17536,0.75,1.0,0.07142857142857142,14,14,14,0.07142857142857142
zsre-17536,0.7,1.0,0.07142857142857142,14,14,14,0.07142857142857142
zsre-17537,0.95,1.0,0.0,5,5,5,0.0
zsre-17537,0.9,1.0,0.0,5,5,5,0.0
zsre-17537,0.85,1.0,0.0,5,5,5,0.0
zsre-17537,0.8,1.0,0.0,5,5,5,0.0
zsre-17537,0.75,1.0,0.0,5,5,5,0.0
zsre-17537,0.7,1.0,0.0,5,5,5,0.0
zsre-17562,0.95,1.0,0.0,5,5,5,0.0
zsre-17562,0.9,1.0,0.0,5,5,5,0.0
zsre-17562,0.85,1.0,0.0,5,5,5,0.0
zsre-17562,0.8,1.0,0.0,5,5,5,0.0
zsre-17562,0.75,1.0,0.0,5,5,5,0.0
zsre-17562,0.7,1.0,0.0,5,5,5,0.0
zsre-17567,0.95,0.0,0.0,5,5,5,1.0
zsre-17567,0.9,0.0,0.0,5,5,5,1.0
zsre-17567,0.85,0.0,0.0,5,5,5,1.0
zsre-17567,0.8,0.0,0.0,5,5,5,1.0
zsre-17567,0.75,1.0,0.0,5,5,5,0.0
zsre-17567,0.7,1.0,0.0,5,5,5,0.0
zsre-17568,0.95,1.0,0.0,5,5,5,0.0
zsre-17568,0.9,1.0,0.0,5,5,5,0.0
zsre-17568,0.85,1.0,0.0,5,5,5,0.0
zsre-17568,0.8,1.0,0.0,5,5,5,0.0
zsre-17568,0.75,1.0,0.0,5,5,5,0.0
zsre-17568,0.7,1.0,0.0,5,5,5,0.0
zsre-17571,0.95,0.0,0.0,5,5,5,1.0
zsre-17571,0.9,0.0,0.0,5,5,5,1.0
zsre-17571,0.85,0.0,0.0,5,5,5,1.0
zsre-17571,0.8,0.0,0.0,5,5,5,1.0
zsre-17571,0.75,0.0,0.0,5,5,5,1.0
zsre-17571,0.7,1.0,0.0,5,5,5,0.0
zsre-17581,0.95,1.0,0.0,5,5,5,0.0
zsre-17581,0.9,1.0,0.0,5,5,5,0.0
zsre-17581,0.85,1.0,0.0,5,5,5,0.0
zsre-17581,0.8,1.0,0.0,5,5,5,0.0
zsre-17581,0.75,1.0,0.0,5,5,5,0.0
zsre-17581,0.7,1.0,0.0,5,5,5,0.0
zsre-17606,0.95,1.0,0.0,11,11,11,0.0
zsre-17606,0.9,1.0,0.0,11,11,11,0.0
zsre-17606,0.85,1.0,0.0,11,11,11,0.0
zsre-17606,0.8,1.0,0.0,11,11,11,0.0
zsre-17606,0.75,1.0,0.0,11,11,11,0.0
zsre-17606,0.7,1.0,0.0,11,11,11,0.0
zsre-17610,0.95,1.0,0.0,5,5,5,0.0
zsre-17610,0.9,1.0,0.0,5,5,5,0.0
zsre-17610,0.85,1.0,0.0,5,5,5,0.0
zsre-17610,0.8,1.0,0.0,5,5,5,0.0
zsre-17610,0.75,1.0,0.0,5,5,5,0.0
zsre-17610,0.7,1.0,0.0,5,5,5,0.0
zsre-1762,0.95,0.0,0.0,19,19,19,1.0
zsre-1762,0.9,0.0,0.0,19,19,19,1.0
zsre-1762,0.85,0.0,0.0,19,19,19,1.0
zsre-1762,0.8,0.0,0.0,19,19,19,1.0
zsre-1762,0.75,0.0,0.0,19,19,19,1.0
zsre-1762,0.7,1.0,0.0,19,19,19,0.0
zsre-17636,0.95,0.0,0.0,5,5,5,1.0
zsre-17636,0.9,0.0,0.0,5,5,5,1.0
zsre-17636,0.85,0.0,0.0,5,5,5,1.0
zsre-17636,0.8,0.0,0.0,5,5,5,1.0
zsre-17636,0.75,0.0,0.0,5,5,5,1.0
zsre-17636,0.7,1.0,0.0,5,5,5,0.0
zsre-17648,0.95,1.0,0.16666666666666666,6,6,6,0.16666666666666666
zsre-17648,0.9,1.0,0.16666666666666666,6,6,6,0.16666666666666666
zsre-17648,0.85,1.0,0.16666666666666666,6,6,6,0.16666666666666666
zsre-17648,0.8,1.0,0.16666666666666666,6,6,6,0.16666666666666666
zsre-17648,0.75,1.0,0.16666666666666666,6,6,6,0.16666666666666666
zsre-17648,0.7,1.0,0.16666666666666666,6,6,6,0.16666666666666666
zsre-17649,0.95,1.0,0.1,10,10,10,0.1
zsre-17649,0.9,1.0,0.1,10,10,10,0.1
zsre-17649,0.85,1.0,0.1,10,10,10,0.1
zsre-17649,0.8,1.0,0.1,10,10,10,0.1
zsre-17649,0.75,1.0,0.1,10,10,10,0.1
zsre-17649,0.7,1.0,0.1,10,10,10,0.1
zsre-1765,0.95,1.0,0.0,5,5,5,0.0
zsre-1765,0.9,1.0,0.0,5,5,5,0.0
zsre-1765,0.85,1.0,0.0,5,5,5,0.0
zsre-1765,0.8,1.0,0.0,5,5,5,0.0
zsre-1765,0.75,1.0,0.0,5,5,5,0.0
zsre-1765,0.7,1.0,0.0,5,5,5,0.0
zsre-1766,0.95,1.0,0.16666666666666666,6,6,6,0.16666666666666666
zsre-1766,0.9,1.0,0.16666666666666666,6,6,6,0.16666666666666666
zsre-1766,0.85,1.0,0.16666666666666666,6,6,6,0.16666666666666666
zsre-1766,0.8,1.0,0.16666666666666666,6,6,6,0.16666666666666666
zsre-1766,0.75,1.0,0.16666666666666666,6,6,6,0.16666666666666666
zsre-1766,0.7,1.0,0.16666666666666666,6,6,6,0.16666666666666666
zsre-1767,0.95,1.0,0.2,5,5,5,0.2
zsre-1767,0.9,1.0,0.2,5,5,5,0.2
zsre-1767,0.85,1.0,0.2,5,5,5,0.2
zsre-1767,0.8,1.0,0.2,5,5,5,0.2
zsre-1767,0.75,1.0,0.2,5,5,5,0.2
zsre-1767,0.7,1.0,0.2,5,5,5,0.2
zsre-17691,0.95,0.0,0.0,5,5,5,1.0
zsre-17691,0.9,0.0,0.0,5,5,5,1.0
zsre-17691,0.85,0.0,0.0,5,5,5,1.0
zsre-17691,0.8,0.0,0.0,5,5,5,1.0
zsre-17691,0.75,1.0,0.0,5,5,5,0.0
zsre-17691,0.7,1.0,0.0,5,5,5,0.0
zsre-17708,0.95,0.0,0.0,18,18,18,1.0
zsre-17708,0.9,0.0,0.0,18,18,18,1.0
zsre-17708,0.85,1.0,0.0,18,18,18,0.0
zsre-17708,0.8,1.0,0.0,18,18,18,0.0
zsre-17708,0.75,1.0,0.0,18,18,18,0.0
zsre-17708,0.7,1.0,0.0,18,18,18,0.0
zsre-17744,0.95,1.0,0.0,5,5,5,0.0
zsre-17744,0.9,1.0,0.0,5,5,5,0.0
zsre-17744,0.85,1.0,0.0,5,5,5,0.0
zsre-17744,0.8,1.0,0.0,5,5,5,0.0
zsre-17744,0.75,0.0,0.0,5,5,5,1.0
zsre-17744,0.7,1.0,0.0,5,5,5,0.0
zsre-17746,0.95,0.0,0.0,5,5,5,1.0
zsre-17746,0.9,0.0,0.0,5,5,5,1.0
zsre-17746,0.85,0.0,0.0,5,5,5,1.0
zsre-17746,0.8,0.0,0.0,5,5,5,1.0
zsre-17746,0.75,1.0,0.0,5,5,5,0.0
zsre-17746,0.7,1.0,0.0,5,5,5,0.0
zsre-17764,0.95,0.0,0.0,11,11,11,1.0
zsre-17764,0.9,0.0,0.0,11,11,11,1.0
zsre-17764,0.85,0.0,0.0,11,11,11,1.0
zsre-17764,0.8,1.0,0.18181818181818182,11,11,11,0.18181818181818182
zsre-17764,0.75,1.0,0.18181818181818182,11,11,11,0.18181818181818182
zsre-17764,0.7,1.0,0.18181818181818182,11,11,11,0.18181818181818182
zsre-17765,0.95,0.0,0.0,10,10,10,1.0
zsre-17765,0.9,0.0,0.0,10,10,10,1.0
zsre-17765,0.85,0.0,0.0,10,10,10,1.0
zsre-17765,0.8,1.0,0.2,10,10,10,0.2
zsre-17765,0.75,1.0,0.2,10,10,10,0.2
zsre-17765,0.7,1.0,0.2,10,10,10,0.2
zsre-17766,0.95,0.0,0.0,10,10,10,1.0
zsre-17766,0.9,0.0,0.0,10,10,10,1.0
zsre-17766,0.85,0.0,0.0,10,10,10,1.0
zsre-17766,0.8,1.0,0.2,10,10,10,0.2
zsre-17766,0.75,1.0,0.2,10,10,10,0.2
zsre-17766,0.7,1.0,0.2,10,10,10,0.2
zsre-17767,0.95,1.0,0.0,5,5,5,0.0
zsre-17767,0.9,1.0,0.0,5,5,5,0.0
zsre-17767,0.85,1.0,0.0,5,5,5,0.0
zsre-17767,0.8,0.0,0.0,5,5,5,1.0
zsre-17767,0.75,1.0,0.0,5,5,5,0.0
zsre-17767,0.7,1.0,0.0,5,5,5,0.0
zsre-1777,0.95,0.0,0.0,5,5,5,1.0
zsre-1777,0.9,0.0,0.0,5,5,5,1.0
zsre-1777,0.85,1.0,0.0,5,5,5,0.0
zsre-1777,0.8,0.0,0.0,5,5,5,1.0
zsre-1777,0.75,0.0,0.0,5,5,5,1.0
zsre-1777,0.7,1.0,0.0,5,5,5,0.0
zsre-17770,0.95,1.0,0.0,11,11,11,0.0
zsre-17770,0.9,1.0,0.0,11,11,11,0.0
zsre-17770,0.85,1.0,0.0,11,11,11,0.0
zsre-17770,0.8,1.0,0.0,11,11,11,0.0
zsre-17770,0.75,1.0,0.0,11,11,11,0.0
zsre-17770,0.7,1.0,0.0,11,11,11,0.0
zsre-17789,0.95,0.0,0.0,5,5,5,1.0
zsre-17789,0.9,0.0,0.0,5,5,5,1.0
zsre-17789,0.85,0.0,0.0,5,5,5,1.0
zsre-17789,0.8,1.0,0.0,5,5,5,0.0
zsre-17789,0.75,1.0,0.0,5,5,5,0.0
zsre-17789,0.7,1.0,0.0,5,5,5,0.0
zsre-17790,0.95,1.0,0.0,5,5,5,0.0
zsre-17790,0.9,1.0,0.0,5,5,5,0.0
zsre-17790,0.85,1.0,0.0,5,5,5,0.0
zsre-17790,0.8,1.0,0.0,5,5,5,0.0
zsre-17790,0.75,1.0,0.0,5,5,5,0.0
zsre-17790,0.7,1.0,0.0,5,5,5,0.0
zsre-17800,0.95,0.0,0.0,5,5,5,1.0
zsre-17800,0.9,0.0,0.0,5,5,5,1.0
zsre-17800,0.85,0.0,0.0,5,5,5,1.0
zsre-17800,0.8,0.0,0.0,5,5,5,1.0
zsre-17800,0.75,1.0,0.0,5,5,5,0.0
zsre-17800,0.7,1.0,0.0,5,5,5,0.0
zsre-17815,0.95,0.0,0.0,6,6,6,1.0
zsre-17815,0.9,0.0,0.0,6,6,6,1.0
zsre-17815,0.85,0.0,0.0,6,6,6,1.0
zsre-17815,0.8,0.0,0.0,6,6,6,1.0
zsre-17815,0.75,0.0,0.0,6,6,6,1.0
zsre-17815,0.7,0.0,0.0,6,6,6,1.0
zsre-17824,0.95,1.0,0.0,5,5,5,0.0
zsre-17824,0.9,1.0,0.0,5,5,5,0.0
zsre-17824,0.85,1.0,0.0,5,5,5,0.0
zsre-17824,0.8,1.0,0.0,5,5,5,0.0
zsre-17824,0.75,1.0,0.0,5,5,5,0.0
zsre-17824,0.7,1.0,0.0,5,5,5,0.0
zsre-17863,0.95,1.0,0.0,5,5,5,0.0
zsre-17863,0.9,1.0,0.0,5,5,5,0.0
zsre-17863,0.85,1.0,0.0,5,5,5,0.0
zsre-17863,0.8,1.0,0.0,5,5,5,0.0
zsre-17863,0.75,1.0,0.0,5,5,5,0.0
zsre-17863,0.7,1.0,0.0,5,5,5,0.0
zsre-17872,0.95,1.0,0.0,5,5,5,0.0
zsre-17872,0.9,1.0,0.0,5,5,5,0.0
zsre-17872,0.85,1.0,0.0,5,5,5,0.0
zsre-17872,0.8,0.0,0.0,5,5,5,1.0
zsre-17872,0.75,1.0,0.0,5,5,5,0.0
zsre-17872,0.7,1.0,0.0,5,5,5,0.0
zsre-17879,0.95,1.0,0.0,20,20,20,0.0
zsre-17879,0.9,1.0,0.0,20,20,20,0.0
zsre-17879,0.85,1.0,0.0,20,20,20,0.0
zsre-17879,0.8,1.0,0.0,20,20,20,0.0
zsre-17879,0.75,1.0,0.0,20,20,20,0.0
zsre-17879,0.7,1.0,0.0,20,20,20,0.0
zsre-17880,0.95,1.0,0.0,5,5,5,0.0
zsre-17880,0.9,1.0,0.0,5,5,5,0.0
zsre-17880,0.85,1.0,0.0,5,5,5,0.0
zsre-17880,0.8,1.0,0.0,5,5,5,0.0
zsre-17880,0.75,1.0,0.0,5,5,5,0.0
zsre-17880,0.7,1.0,0.0,5,5,5,0.0
zsre-17881,0.95,0.0,0.0,5,5,5,1.0
zsre-17881,0.9,0.0,0.0,5,5,5,1.0
zsre-17881,0.85,0.0,0.0,5,5,5,1.0
zsre-17881,0.8,0.0,0.0,5,5,5,1.0
zsre-17881,0.75,0.0,0.0,5,5,5,1.0
zsre-17881,0.7,1.0,0.0,5,5,5,0.0
zsre-17884,0.95,1.0,0.0,20,20,20,0.0
zsre-17884,0.9,1.0,0.0,20,20,20,0.0
zsre-17884,0.85,1.0,0.0,20,20,20,0.0
zsre-17884,0.8,1.0,0.0,20,20,20,0.0
zsre-17884,0.75,1.0,0.0,20,20,20,0.0
zsre-17884,0.7,1.0,0.0,20,20,20,0.0
zsre-17890,0.95,1.0,0.15,20,20,20,0.15
zsre-17890,0.9,1.0,0.15,20,20,20,0.15
zsre-17890,0.85,1.0,0.15,20,20,20,0.15
zsre-17890,0.8,1.0,0.15,20,20,20,0.15
zsre-17890,0.75,1.0,0.15,20,20,20,0.15
zsre-17890,0.7,1.0,0.3,20,20,20,0.3
zsre-17892,0.95,1.0,0.15,20,20,20,0.15
zsre-17892,0.9,1.0,0.15,20,20,20,0.15
zsre-17892,0.85,1.0,0.15,20,20,20,0.15
zsre-17892,0.8,1.0,0.3,20,20,20,0.3
zsre-17892,0.75,1.0,0.3,20,20,20,0.3
zsre-17892,0.7,1.0,0.3,20,20,20,0.3
zsre-17893,0.95,0.0,0.2,20,20,20,1.2
zsre-17893,0.9,0.0,0.2,20,20,20,1.2
zsre-17893,0.85,0.0,0.2,20,20,20,1.2
zsre-17893,0.8,1.0,0.25,20,20,20,0.25
zsre-17893,0.75,1.0,0.3,20,20,20,0.3
zsre-17893,0.7,1.0,0.3,20,20,20,0.3
zsre-17894,0.95,0.0,0.2,20,20,20,1.2
zsre-17894,0.9,0.0,0.2,20,20,20,1.2
zsre-17894,0.85,0.0,0.2,20,20,20,1.2
zsre-17894,0.8,0.0,0.2,20,20,20,1.2
zsre-17894,0.75,0.0,0.0,20,20,20,1.0
zsre-17894,0.7,1.0,0.3,20,20,20,0.3
zsre-17895,0.95,1.0,0.15,20,20,20,0.15
zsre-17895,0.9,1.0,0.15,20,20,20,0.15
zsre-17895,0.85,1.0,0.15,20,20,20,0.15
zsre-17895,0.8,0.0,0.1,20,20,20,1.1
zsre-17895,0.75,1.0,0.3,20,20,20,0.3
zsre-17895,0.7,1.0,0.3,20,20,20,0.3
zsre-17896,0.95,1.0,0.15,20,20,20,0.15
zsre-17896,0.9,1.0,0.15,20,20,20,0.15
zsre-17896,0.85,1.0,0.15,20,20,20,0.15
zsre-17896,0.8,1.0,0.3,20,20,20,0.3
zsre-17896,0.75,1.0,0.3,20,20,20,0.3
zsre-17896,0.7,1.0,0.3,20,20,20,0.3
zsre-17897,0.95,1.0,0.0,20,20,20,0.0
zsre-17897,0.9,1.0,0.0,20,20,20,0.0
zsre-17897,0.85,0.0,0.1,20,20,20,1.1
zsre-17897,0.8,1.0,0.3,20,20,20,0.3
zsre-17897,0.75,0.0,0.1,20,20,20,1.1
zsre-17897,0.7,1.0,0.3,20,20,20,0.3
zsre-17898,0.95,0.0,0.0,5,5,5,1.0
zsre-17898,0.9,0.0,0.0,5,5,5,1.0
zsre-17898,0.85,0.0,0.0,5,5,5,1.0
zsre-17898,0.8,1.0,0.0,5,5,5,0.0
zsre-17898,0.75,1.0,0.0,5,5,5,0.0
zsre-17898,0.7,1.0,0.0,5,5,5,0.0
zsre-17899,0.95,1.0,0.0,5,5,5,0.0
zsre-17899,0.9,1.0,0.0,5,5,5,0.0
zsre-17899,0.85,1.0,0.0,5,5,5,0.0
zsre-17899,0.8,1.0,0.0,5,5,5,0.0
zsre-17899,0.75,1.0,0.0,5,5,5,0.0
zsre-17899,0.7,1.0,0.0,5,5,5,0.0
zsre-17903,0.95,1.0,0.0,5,5,5,0.0
zsre-17903,0.9,1.0,0.0,5,5,5,0.0
zsre-17903,0.85,1.0,0.0,5,5,5,0.0
zsre-17903,0.8,1.0,0.0,5,5,5,0.0
zsre-17903,0.75,1.0,0.0,5,5,5,0.0
zsre-17903,0.7,1.0,0.0,5,5,5,0.0
zsre-17904,0.95,1.0,0.0,20,20,20,0.0
zsre-17904,0.9,1.0,0.0,20,20,20,0.0
zsre-17904,0.85,1.0,0.0,20,20,20,0.0
zsre-17904,0.8,1.0,0.0,20,20,20,0.0
zsre-17904,0.75,1.0,0.0,20,20,20,0.0
zsre-17904,0.7,1.0,0.0,20,20,20,0.0
zsre-17905,0.95,0.0,0.05,20,20,20,1.05
zsre-17905,0.9,0.0,0.05,20,20,20,1.05
zsre-17905,0.85,0.0,0.05,20,20,20,1.05
zsre-17905,0.8,0.0,0.05,20,20,20,1.05
zsre-17905,0.75,1.0,0.1,20,20,20,0.1
zsre-17905,0.7,1.0,0.1,20,20,20,0.1
zsre-17906,0.95,0.0,0.05,20,20,20,1.05
zsre-17906,0.9,0.0,0.05,20,20,20,1.05
zsre-17906,0.85,0.0,0.05,20,20,20,1.05
zsre-17906,0.8,0.0,0.05,20,20,20,1.05
zsre-17906,0.75,1.0,0.1,20,20,20,0.1
zsre-17906,0.7,1.0,0.1,20,20,20,0.1
zsre-17921,0.95,0.0,0.0,8,8,8,1.0
zsre-17921,0.9,0.0,0.0,8,8,8,1.0
zsre-17921,0.85,0.0,0.0,8,8,8,1.0
zsre-17921,0.8,0.0,0.0,8,8,8,1.0
zsre-17921,0.75,1.0,0.0,8,8,8,0.0
zsre-17921,0.7,1.0,0.0,8,8,8,0.0
zsre-17926,0.95,1.0,0.2,20,20,20,0.2
zsre-17926,0.9,1.0,0.2,20,20,20,0.2
zsre-17926,0.85,1.0,0.15,20,20,20,0.15
zsre-17926,0.8,0.0,0.05,20,20,20,1.05
zsre-17926,0.75,0.0,0.1,20,20,20,1.1
zsre-17926,0.7,1.0,0.15,20,20,20,0.15
zsre-17929,0.95,1.0,0.2,20,20,20,0.2
zsre-17929,0.9,1.0,0.2,20,20,20,0.2
zsre-17929,0.85,1.0,0.2,20,20,20,0.2
zsre-17929,0.8,1.0,0.2,20,20,20,0.2
zsre-17929,0.75,0.0,0.05,20,20,20,1.05
zsre-17929,0.7,1.0,0.15,20,20,20,0.15
zsre-17930,0.95,0.0,0.0,20,20,20,1.0
zsre-17930,0.9,0.0,0.0,20,20,20,1.0
zsre-17930,0.85,0.0,0.0,20,20,20,1.0
zsre-17930,0.8,0.0,0.2,20,20,20,1.2
zsre-17930,0.75,1.0,0.25,20,20,20,0.25
zsre-17930,0.7,1.0,0.05,20,20,20,0.05
zsre-17931,0.95,1.0,0.2,20,20,20,0.2
zsre-17931,0.9,1.0,0.2,20,20,20,0.2
zsre-17931,0.85,1.0,0.2,20,20,20,0.2
zsre-17931,0.8,0.0,0.05,20,20,20,1.05
zsre-17931,0.75,1.0,0.15,20,20,20,0.15
zsre-17931,0.7,1.0,0.2,20,20,20,0.2
zsre-17933,0.95,1.0,0.2,20,20,20,0.2
zsre-17933,0.9,1.0,0.2,20,20,20,0.2
zsre-17933,0.85,1.0,0.2,20,20,20,0.2
zsre-17933,0.8,0.0,0.2,20,20,20,1.2
zsre-17933,0.75,0.0,0.0,20,20,20,1.0
zsre-17933,0.7,1.0,0.1,20,20,20,0.1
zsre-17934,0.95,0.0,0.0,20,20,20,1.0
zsre-17934,0.9,0.0,0.0,20,20,20,1.0
zsre-17934,0.85,0.0,0.0,20,20,20,1.0
zsre-17934,0.8,1.0,0.05,20,20,20,0.05
zsre-17934,0.75,1.0,0.15,20,20,20,0.15
zsre-17934,0.7,1.0,0.2,20,20,20,0.2
zsre-17935,0.95,1.0,0.2,20,20,20,0.2
zsre-17935,0.9,1.0,0.2,20,20,20,0.2
zsre-17935,0.85,1.0,0.2,20,20,20,0.2
zsre-17935,0.8,0.0,0.0,20,20,20,1.0
zsre-17935,0.75,0.0,0.1,20,20,20,1.1
zsre-17935,0.7,1.0,0.15,20,20,20,0.15
zsre-17936,0.95,0.0,0.0,20,20,20,1.0
zsre-17936,0.9,0.0,0.0,20,20,20,1.0
zsre-17936,0.85,0.0,0.0,20,20,20,1.0
zsre-17936,0.8,1.0,0.05,20,20,20,0.05
zsre-17936,0.75,1.0,0.1,20,20,20,0.1
zsre-17936,0.7,1.0,0.3,20,20,20,0.3
zsre-17937,0.95,0.0,0.0,20,20,20,1.0
zsre-17937,0.9,0.0,0.0,20,20,20,1.0
zsre-17937,0.85,0.0,0.0,20,20,20,1.0
zsre-17937,0.8,1.0,0.25,20,20,20,0.25
zsre-17937,0.75,0.0,0.0,20,20,20,1.0
zsre-17937,0.7,1.0,0.25,20,20,20,0.25
zsre-17938,0.95,0.0,0.0,20,20,20,1.0
zsre-17938,0.9,0.0,0.0,20,20,20,1.0
zsre-17938,0.85,1.0,0.15,20,20,20,0.15
zsre-17938,0.8,1.0,0.2,20,20,20,0.2
zsre-17938,0.75,1.0,0.25,20,20,20,0.25
zsre-17938,0.7,1.0,0.3,20,20,20,0.3
zsre-17939,0.95,0.0,0.0,20,20,20,1.0
zsre-17939,0.9,0.0,0.0,20,20,20,1.0
zsre-17939,0.85,0.0,0.0,20,20,20,1.0
zsre-17939,0.8,0.0,0.0,20,20,20,1.0
zsre-17939,0.75,0.0,0.1,20,20,20,1.1
zsre-17939,0.7,1.0,0.0,20,20,20,0.0
zsre-17956,0.95,0.0,0.0,20,20,20,1.0
zsre-17956,0.9,0.0,0.0,20,20,20,1.0
zsre-17956,0.85,1.0,0.1,20,20,20,0.1
zsre-17956,0.8,1.0,0.1,20,20,20,0.1
zsre-17956,0.75,1.0,0.1,20,20,20,0.1
zsre-17956,0.7,1.0,0.1,20,20,20,0.1
zsre-17957,0.95,0.0,0.0,20,20,20,1.0
zsre-17957,0.9,0.0,0.0,20,20,20,1.0
zsre-17957,0.85,0.0,0.0,20,20,20,1.0
zsre-17957,0.8,1.0,0.1,20,20,20,0.1
zsre-17957,0.75,1.0,0.1,20,20,20,0.1
zsre-17957,0.7,1.0,0.1,20,20,20,0.1
zsre-17958,0.95,0.0,0.0,20,20,20,1.0
zsre-17958,0.9,0.0,0.0,20,20,20,1.0
zsre-17958,0.85,0.0,0.0,20,20,20,1.0
zsre-17958,0.8,0.0,0.0,20,20,20,1.0
zsre-17958,0.75,0.0,0.0,20,20,20,1.0
zsre-17958,0.7,1.0,0.1,20,20,20,0.1
zsre-17972,0.95,0.0,0.1111111111111111,9,9,9,1.1111111111111112
zsre-17972,0.9,0.0,0.1111111111111111,9,9,9,1.1111111111111112
zsre-17972,0.85,0.0,0.1111111111111111,9,9,9,1.1111111111111112
zsre-17972,0.8,1.0,0.1111111111111111,9,9,9,0.1111111111111111
zsre-17972,0.75,1.0,0.0,9,9,9,0.0
zsre-17972,0.7,1.0,0.1111111111111111,9,9,9,0.1111111111111111
zsre-17973,0.95,1.0,0.0,13,13,13,0.0
zsre-17973,0.9,1.0,0.0,13,13,13,0.0
zsre-17973,0.85,1.0,0.0,13,13,13,0.0
zsre-17973,0.8,1.0,0.0,13,13,13,0.0
zsre-17973,0.75,0.0,0.07692307692307693,13,13,13,1.0769230769230769
zsre-17973,0.7,1.0,0.07692307692307693,13,13,13,0.07692307692307693
zsre-17980,0.95,0.0,0.0,5,5,5,1.0
zsre-17980,0.9,0.0,0.0,5,5,5,1.0
zsre-17980,0.85,0.0,0.0,5,5,5,1.0
zsre-17980,0.8,0.0,0.0,5,5,5,1.0
zsre-17980,0.75,1.0,0.0,5,5,5,0.0
zsre-17980,0.7,1.0,0.0,5,5,5,0.0
zsre-18003,0.95,1.0,0.0,6,6,6,0.0
zsre-18003,0.9,1.0,0.0,6,6,6,0.0
zsre-18003,0.85,1.0,0.0,6,6,6,0.0
zsre-18003,0.8,1.0,0.0,6,6,6,0.0
zsre-18003,0.75,1.0,0.0,6,6,6,0.0
zsre-18003,0.7,1.0,0.0,6,6,6,0.0
zsre-18007,0.95,1.0,0.0,6,6,6,0.0
zsre-18007,0.9,1.0,0.0,6,6,6,0.0
zsre-18007,0.85,1.0,0.0,6,6,6,0.0
zsre-18007,0.8,1.0,0.0,6,6,6,0.0
zsre-18007,0.75,1.0,0.0,6,6,6,0.0
zsre-18007,0.7,1.0,0.0,6,6,6,0.0
zsre-18012,0.95,0.0,0.0,13,13,13,1.0
zsre-18012,0.9,0.0,0.0,13,13,13,1.0
zsre-18012,0.85,0.0,0.0,13,13,13,1.0
zsre-18012,0.8,0.0,0.0,13,13,13,1.0
zsre-18012,0.75,0.0,0.0,13,13,13,1.0
zsre-18012,0.7,1.0,0.07692307692307693,13,13,13,0.07692307692307693
zsre-18013,0.95,0.0,0.0,19,19,19,1.0
zsre-18013,0.9,0.0,0.0,19,19,19,1.0
zsre-18013,0.85,0.0,0.0,19,19,19,1.0
zsre-18013,0.8,0.0,0.0,19,19,19,1.0
zsre-18013,0.75,1.0,0.0,19,19,19,0.0
zsre-18013,0.7,1.0,0.05263157894736842,19,19,19,0.05263157894736842
zsre-18019,0.95,1.0,0.0,5,5,5,0.0
zsre-18019,0.9,1.0,0.0,5,5,5,0.0
zsre-18019,0.85,1.0,0.0,5,5,5,0.0
zsre-18019,0.8,1.0,0.0,5,5,5,0.0
zsre-18019,0.75,1.0,0.0,5,5,5,0.0
zsre-18019,0.7,1.0,0.0,5,5,5,0.0
zsre-18029,0.95,0.0,0.0,5,5,5,1.0
zsre-18029,0.9,0.0,0.0,5,5,5,1.0
zsre-18029,0.85,0.0,0.0,5,5,5,1.0
zsre-18029,0.8,0.0,0.0,5,5,5,1.0
zsre-18029,0.75,1.0,0.0,5,5,5,0.0
zsre-18029,0.7,1.0,0.0,5,5,5,0.0
zsre-18046,0.95,0.0,0.0,8,8,8,1.0
zsre-18046,0.9,0.0,0.0,8,8,8,1.0
zsre-18046,0.85,0.0,0.0,8,8,8,1.0
zsre-18046,0.8,1.0,0.0,8,8,8,0.0
zsre-18046,0.75,1.0,0.0,8,8,8,0.0
zsre-18046,0.7,1.0,0.0,8,8,8,0.0
zsre-1805,0.95,0.0,0.0,8,8,8,1.0
zsre-1805,0.9,0.0,0.0,8,8,8,1.0
zsre-1805,0.85,0.0,0.0,8,8,8,1.0
zsre-1805,0.8,0.0,0.0,8,8,8,1.0
zsre-1805,0.75,1.0,0.0,8,8,8,0.0
zsre-1805,0.7,1.0,0.0,8,8,8,0.0
zsre-18052,0.95,0.0,0.0,9,9,9,1.0
zsre-18052,0.9,0.0,0.0,9,9,9,1.0
zsre-18052,0.85,0.0,0.0,9,9,9,1.0
zsre-18052,0.8,0.0,0.0,9,9,9,1.0
zsre-18052,0.75,0.0,0.0,9,9,9,1.0
zsre-18052,0.7,1.0,0.0,9,9,9,0.0
zsre-18061,0.95,1.0,0.0,5,5,5,0.0
zsre-18061,0.9,1.0,0.0,5,5,5,0.0
zsre-18061,0.85,1.0,0.0,5,5,5,0.0
zsre-18061,0.8,1.0,0.0,5,5,5,0.0
zsre-18061,0.75,1.0,0.0,5,5,5,0.0
zsre-18061,0.7,1.0,0.0,5,5,5,0.0
zsre-18063,0.95,1.0,0.0,5,5,5,0.0
zsre-18063,0.9,1.0,0.0,5,5,5,0.0
zsre-18063,0.85,1.0,0.0,5,5,5,0.0
zsre-18063,0.8,0.0,0.0,5,5,5,1.0
zsre-18063,0.75,1.0,0.0,5,5,5,0.0
zsre-18063,0.7,1.0,0.0,5,5,5,0.0
zsre-1807,0.95,1.0,0.2,5,5,5,0.2
zsre-1807,0.9,1.0,0.2,5,5,5,0.2
zsre-1807,0.85,1.0,0.2,5,5,5,0.2
zsre-1807,0.8,1.0,0.2,5,5,5,0.2
zsre-1807,0.75,1.0,0.2,5,5,5,0.2
zsre-1807,0.7,1.0,0.2,5,5,5,0.2
zsre-18071,0.95,0.0,0.0,5,5,5,1.0
zsre-18071,0.9,0.0,0.0,5,5,5,1.0
zsre-18071,0.85,0.0,0.0,5,5,5,1.0
zsre-18071,0.8,1.0,0.0,5,5,5,0.0
zsre-18071,0.75,1.0,0.0,5,5,5,0.0
zsre-18071,0.7,1.0,0.0,5,5,5,0.0
zsre-1809,0.95,1.0,0.2,5,5,5,0.2
zsre-1809,0.9,1.0,0.2,5,5,5,0.2
zsre-1809,0.85,1.0,0.2,5,5,5,0.2
zsre-1809,0.8,1.0,0.2,5,5,5,0.2
zsre-1809,0.75,1.0,0.2,5,5,5,0.2
zsre-1809,0.7,1.0,0.2,5,5,5,0.2
zsre-181,0.95,0.0,0.0,5,5,5,1.0
zsre-181,0.9,0.0,0.0,5,5,5,1.0
zsre-181,0.85,0.0,0.0,5,5,5,1.0
zsre-181,0.8,0.0,0.0,5,5,5,1.0
zsre-181,0.75,1.0,0.0,5,5,5,0.0
zsre-181,0.7,1.0,0.0,5,5,5,0.0
zsre-18100,0.95,1.0,0.0,5,5,5,0.0
zsre-18100,0.9,1.0,0.0,5,5,5,0.0
zsre-18100,0.85,1.0,0.0,5,5,5,0.0
zsre-18100,0.8,1.0,0.0,5,5,5,0.0
zsre-18100,0.75,1.0,0.0,5,5,5,0.0
zsre-18100,0.7,1.0,0.0,5,5,5,0.0
zsre-1811,0.95,0.0,0.0,5,5,5,1.0
zsre-1811,0.9,0.0,0.0,5,5,5,1.0
zsre-1811,0.85,0.0,0.0,5,5,5,1.0
zsre-1811,0.8,0.0,0.2,5,5,5,1.2
zsre-1811,0.75,1.0,0.2,5,5,5,0.2
zsre-1811,0.7,1.0,0.2,5,5,5,0.2
zsre-1812,0.95,0.0,0.0,5,5,5,1.0
zsre-1812,0.9,0.0,0.0,5,5,5,1.0
zsre-1812,0.85,1.0,0.2,5,5,5,0.2
zsre-1812,0.8,1.0,0.2,5,5,5,0.2
zsre-1812,0.75,1.0,0.0,5,5,5,0.0
zsre-1812,0.7,1.0,0.2,5,5,5,0.2
zsre-18138,0.95,0.0,0.0,16,16,16,1.0
zsre-18138,0.9,0.0,0.0,16,16,16,1.0
zsre-18138,0.85,0.0,0.0,16,16,16,1.0
zsre-18138,0.8,0.0,0.0,16,16,16,1.0
zsre-18138,0.75,1.0,0.0,16,16,16,0.0
zsre-18138,0.7,1.0,0.0,16,16,16,0.0
zsre-18139,0.95,1.0,0.0,20,20,20,0.0
zsre-18139,0.9,1.0,0.0,20,20,20,0.0
zsre-18139,0.85,1.0,0.0,20,20,20,0.0
zsre-18139,0.8,1.0,0.0,20,20,20,0.0
zsre-18139,0.75,1.0,0.0,20,20,20,0.0
zsre-18139,0.7,1.0,0.0,20,20,20,0.0
zsre-18149,0.95,1.0,0.0,5,5,5,0.0
zsre-18149,0.9,1.0,0.0,5,5,5,0.0
zsre-18149,0.85,1.0,0.0,5,5,5,0.0
zsre-18149,0.8,1.0,0.0,5,5,5,0.0
zsre-18149,0.75,1.0,0.0,5,5,5,0.0
zsre-18149,0.7,1.0,0.0,5,5,5,0.0
zsre-18154,0.95,0.0,0.0,7,7,7,1.0
zsre-18154,0.9,0.0,0.0,7,7,7,1.0
zsre-18154,0.85,0.0,0.0,7,7,7,1.0
zsre-18154,0.8,1.0,0.0,7,7,7,0.0
zsre-18154,0.75,1.0,0.0,7,7,7,0.0
zsre-18154,0.7,1.0,0.0,7,7,7,0.0
zsre-18158,0.95,0.0,0.0,7,7,7,1.0
zsre-18158,0.9,0.0,0.0,7,7,7,1.0
zsre-18158,0.85,0.0,0.0,7,7,7,1.0
zsre-18158,0.8,0.0,0.0,7,7,7,1.0
zsre-18158,0.75,1.0,0.0,7,7,7,0.0
zsre-18158,0.7,1.0,0.0,7,7,7,0.0
zsre-18165,0.95,0.0,0.0,11,11,11,1.0
zsre-18165,0.9,0.0,0.0,11,11,11,1.0
zsre-18165,0.85,0.0,0.0,11,11,11,1.0
zsre-18165,0.8,0.0,0.0,11,11,11,1.0
zsre-18165,0.75,0.0,0.0,11,11,11,1.0
zsre-18165,0.7,0.0,0.0,11,11,11,1.0
zsre-18170,0.95,0.0,0.0,5,5,5,1.0
zsre-18170,0.9,0.0,0.0,5,5,5,1.0
zsre-18170,0.85,0.0,0.0,5,5,5,1.0
zsre-18170,0.8,1.0,0.0,5,5,5,0.0
zsre-18170,0.75,1.0,0.0,5,5,5,0.0
zsre-18170,0.7,1.0,0.0,5,5,5,0.0
zsre-18194,0.95,0.0,0.0,20,20,20,1.0
zsre-18194,0.9,0.0,0.0,20,20,20,1.0
zsre-18194,0.85,0.0,0.0,20,20,20,1.0
zsre-18194,0.8,1.0,0.0,20,20,20,0.0
zsre-18194,0.75,1.0,0.0,20,20,20,0.0
zsre-18194,0.7,1.0,0.0,20,20,20,0.0
zsre-1820,0.95,1.0,0.0,8,8,8,0.0
zsre-1820,0.9,1.0,0.0,8,8,8,0.0
zsre-1820,0.85,1.0,0.0,8,8,8,0.0
zsre-1820,0.8,1.0,0.0,8,8,8,0.0
zsre-1820,0.75,1.0,0.0,8,8,8,0.0
zsre-1820,0.7,1.0,0.0,8,8,8,0.0
zsre-18210,0.95,1.0,0.0,5,5,5,0.0
zsre-18210,0.9,1.0,0.0,5,5,5,0.0
zsre-18210,0.85,1.0,0.0,5,5,5,0.0
zsre-18210,0.8,1.0,0.0,5,5,5,0.0
zsre-18210,0.75,1.0,0.0,5,5,5,0.0
zsre-18210,0.7,1.0,0.0,5,5,5,0.0
zsre-18229,0.95,1.0,0.0,5,5,5,0.0
zsre-18229,0.9,1.0,0.0,5,5,5,0.0
zsre-18229,0.85,1.0,0.0,5,5,5,0.0
zsre-18229,0.8,1.0,0.0,5,5,5,0.0
zsre-18229,0.75,1.0,0.0,5,5,5,0.0
zsre-18229,0.7,1.0,0.0,5,5,5,0.0
zsre-18233,0.95,1.0,0.0,5,5,5,0.0
zsre-18233,0.9,1.0,0.0,5,5,5,0.0
zsre-18233,0.85,1.0,0.0,5,5,5,0.0
zsre-18233,0.8,1.0,0.0,5,5,5,0.0
zsre-18233,0.75,1.0,0.0,5,5,5,0.0
zsre-18233,0.7,1.0,0.0,5,5,5,0.0
zsre-18249,0.95,0.0,0.0,5,5,5,1.0
zsre-18249,0.9,0.0,0.0,5,5,5,1.0
zsre-18249,0.85,0.0,0.0,5,5,5,1.0
zsre-18249,0.8,0.0,0.0,5,5,5,1.0
zsre-18249,0.75,0.0,0.0,5,5,5,1.0
zsre-18249,0.7,1.0,0.0,5,5,5,0.0
zsre-18251,0.95,0.0,0.0,5,5,5,1.0
zsre-18251,0.9,0.0,0.0,5,5,5,1.0
zsre-18251,0.85,1.0,0.0,5,5,5,0.0
zsre-18251,0.8,1.0,0.0,5,5,5,0.0
zsre-18251,0.75,1.0,0.0,5,5,5,0.0
zsre-18251,0.7,1.0,0.0,5,5,5,0.0
zsre-18286,0.95,1.0,0.0,5,5,5,0.0
zsre-18286,0.9,1.0,0.0,5,5,5,0.0
zsre-18286,0.85,1.0,0.0,5,5,5,0.0
zsre-18286,0.8,1.0,0.0,5,5,5,0.0
zsre-18286,0.75,1.0,0.0,5,5,5,0.0
zsre-18286,0.7,1.0,0.0,5,5,5,0.0
zsre-18293,0.95,0.0,0.0,5,5,5,1.0
zsre-18293,0.9,0.0,0.0,5,5,5,1.0
zsre-18293,0.85,0.0,0.0,5,5,5,1.0
zsre-18293,0.8,0.0,0.0,5,5,5,1.0
zsre-18293,0.75,0.0,0.0,5,5,5,1.0
zsre-18293,0.7,1.0,0.0,5,5,5,0.0
zsre-18300,0.95,0.0,0.0,20,20,20,1.0
zsre-18300,0.9,0.0,0.0,20,20,20,1.0
zsre-18300,0.85,0.0,0.0,20,20,20,1.0
zsre-18300,0.8,0.0,0.0,20,20,20,1.0
zsre-18300,0.75,0.0,0.0,20,20,20,1.0
zsre-18300,0.7,1.0,0.0,20,20,20,0.0
zsre-18318,0.95,0.0,0.0,5,5,5,1.0
zsre-18318,0.9,0.0,0.0,5,5,5,1.0
zsre-18318,0.85,0.0,0.0,5,5,5,1.0
zsre-18318,0.8,0.0,0.0,5,5,5,1.0
zsre-18318,0.75,0.0,0.0,5,5,5,1.0
zsre-18318,0.7,1.0,0.0,5,5,5,0.0
zsre-18346,0.95,0.0,0.0,13,13,13,1.0
zsre-18346,0.9,0.0,0.0,13,13,13,1.0
zsre-18346,0.85,0.0,0.0,13,13,13,1.0
zsre-18346,0.8,0.0,0.0,13,13,13,1.0
zsre-18346,0.75,0.0,0.07692307692307693,13,13,13,1.0769230769230769
zsre-18346,0.7,1.0,0.3076923076923077,13,13,13,0.3076923076923077
zsre-18347,0.95,0.0,0.0,5,5,5,1.0
zsre-18347,0.9,0.0,0.0,5,5,5,1.0
zsre-18347,0.85,0.0,0.0,5,5,5,1.0
zsre-18347,0.8,0.0,0.0,5,5,5,1.0
zsre-18347,0.75,0.0,0.0,5,5,5,1.0
zsre-18347,0.7,1.0,0.0,5,5,5,0.0
zsre-18348,0.95,0.0,0.0,19,19,19,1.0
zsre-18348,0.9,0.0,0.0,19,19,19,1.0
zsre-18348,0.85,0.0,0.0,19,19,19,1.0
zsre-18348,0.8,0.0,0.0,19,19,19,1.0
zsre-18348,0.75,0.0,0.0,19,19,19,1.0
zsre-18348,0.7,1.0,0.15789473684210525,19,19,19,0.15789473684210525
zsre-18349,0.95,0.0,0.0,16,16,16,1.0
zsre-18349,0.9,0.0,0.0,16,16,16,1.0
zsre-18349,0.85,0.0,0.0,16,16,16,1.0
zsre-18349,0.8,0.0,0.0,16,16,16,1.0
zsre-18349,0.75,1.0,0.0625,16,16,16,0.0625
zsre-18349,0.7,1.0,0.25,16,16,16,0.25
zsre-18353,0.95,1.0,0.0,5,5,5,0.0
zsre-18353,0.9,1.0,0.0,5,5,5,0.0
zsre-18353,0.85,1.0,0.0,5,5,5,0.0
zsre-18353,0.8,1.0,0.0,5,5,5,0.0
zsre-18353,0.75,1.0,0.0,5,5,5,0.0
zsre-18353,0.7,1.0,0.0,5,5,5,0.0
zsre-18356,0.95,1.0,0.0,5,5,5,0.0
zsre-18356,0.9,1.0,0.0,5,5,5,0.0
zsre-18356,0.85,1.0,0.0,5,5,5,0.0
zsre-18356,0.8,1.0,0.0,5,5,5,0.0
zsre-18356,0.75,1.0,0.0,5,5,5,0.0
zsre-18356,0.7,1.0,0.0,5,5,5,0.0
zsre-18357,0.95,0.0,0.0,6,6,6,1.0
zsre-18357,0.9,0.0,0.0,6,6,6,1.0
zsre-18357,0.85,0.0,0.0,6,6,6,1.0
zsre-18357,0.8,1.0,0.0,6,6,6,0.0
zsre-18357,0.75,1.0,0.0,6,6,6,0.0
zsre-18357,0.7,1.0,0.0,6,6,6,0.0
zsre-18397,0.95,0.0,0.0,5,5,5,1.0
zsre-18397,0.9,0.0,0.0,5,5,5,1.0
zsre-18397,0.85,0.0,0.0,5,5,5,1.0
zsre-18397,0.8,0.0,0.0,5,5,5,1.0
zsre-18397,0.75,1.0,0.0,5,5,5,0.0
zsre-18397,0.7,1.0,0.0,5,5,5,0.0
zsre-1840,0.95,0.0,0.0,8,8,8,1.0
zsre-1840,0.9,0.0,0.0,8,8,8,1.0
zsre-1840,0.85,0.0,0.0,8,8,8,1.0
zsre-1840,0.8,1.0,0.0,8,8,8,0.0
zsre-1840,0.75,1.0,0.0,8,8,8,0.0
zsre-1840,0.7,1.0,0.0,8,8,8,0.0
zsre-18402,0.95,0.0,0.0,5,5,5,1.0
zsre-18402,0.9,0.0,0.0,5,5,5,1.0
zsre-18402,0.85,0.0,0.0,5,5,5,1.0
zsre-18402,0.8,0.0,0.0,5,5,5,1.0
zsre-18402,0.75,1.0,0.2,5,5,5,0.2
zsre-18402,0.7,0.0,0.0,5,5,5,1.0
zsre-18404,0.95,0.0,0.0,5,5,5,1.0
zsre-18404,0.9,0.0,0.0,5,5,5,1.0
zsre-18404,0.85,0.0,0.0,5,5,5,1.0
zsre-18404,0.8,1.0,0.2,5,5,5,0.2
zsre-18404,0.75,1.0,0.2,5,5,5,0.2
zsre-18404,0.7,0.0,0.2,5,5,5,1.2
zsre-18426,0.95,1.0,0.0,5,5,5,0.0
zsre-18426,0.9,1.0,0.0,5,5,5,0.0
zsre-18426,0.85,1.0,0.0,5,5,5,0.0
zsre-18426,0.8,1.0,0.0,5,5,5,0.0
zsre-18426,0.75,1.0,0.0,5,5,5,0.0
zsre-18426,0.7,1.0,0.0,5,5,5,0.0
zsre-18429,0.95,0.0,0.0,5,5,5,1.0
zsre-18429,0.9,0.0,0.0,5,5,5,1.0
zsre-18429,0.85,0.0,0.0,5,5,5,1.0
zsre-18429,0.8,0.0,0.0,5,5,5,1.0
zsre-18429,0.75,1.0,0.0,5,5,5,0.0
zsre-18429,0.7,1.0,0.0,5,5,5,0.0
zsre-18441,0.95,0.0,0.0,5,5,5,1.0
zsre-18441,0.9,0.0,0.0,5,5,5,1.0
zsre-18441,0.85,0.0,0.0,5,5,5,1.0
zsre-18441,0.8,0.0,0.0,5,5,5,1.0
zsre-18441,0.75,1.0,0.0,5,5,5,0.0
zsre-18441,0.7,1.0,0.0,5,5,5,0.0
zsre-18466,0.95,1.0,0.0,5,5,5,0.0
zsre-18466,0.9,1.0,0.0,5,5,5,0.0
zsre-18466,0.85,1.0,0.0,5,5,5,0.0
zsre-18466,0.8,1.0,0.0,5,5,5,0.0
zsre-18466,0.75,1.0,0.0,5,5,5,0.0
zsre-18466,0.7,1.0,0.0,5,5,5,0.0
zsre-18472,0.95,1.0,0.0,5,5,5,0.0
zsre-18472,0.9,1.0,0.0,5,5,5,0.0
zsre-18472,0.85,1.0,0.0,5,5,5,0.0
zsre-18472,0.8,1.0,0.0,5,5,5,0.0
zsre-18472,0.75,1.0,0.0,5,5,5,0.0
zsre-18472,0.7,1.0,0.0,5,5,5,0.0
zsre-18492,0.95,1.0,0.0,5,5,5,0.0
zsre-18492,0.9,1.0,0.0,5,5,5,0.0
zsre-18492,0.85,1.0,0.0,5,5,5,0.0
zsre-18492,0.8,1.0,0.0,5,5,5,0.0
zsre-18492,0.75,1.0,0.0,5,5,5,0.0
zsre-18492,0.7,1.0,0.0,5,5,5,0.0
zsre-18498,0.95,1.0,0.0,7,7,7,0.0
zsre-18498,0.9,1.0,0.0,7,7,7,0.0
zsre-18498,0.85,1.0,0.0,7,7,7,0.0
zsre-18498,0.8,1.0,0.0,7,7,7,0.0
zsre-18498,0.75,1.0,0.0,7,7,7,0.0
zsre-18498,0.7,1.0,0.0,7,7,7,0.0
zsre-18521,0.95,1.0,0.0,5,5,5,0.0
zsre-18521,0.9,1.0,0.0,5,5,5,0.0
zsre-18521,0.85,1.0,0.0,5,5,5,0.0
zsre-18521,0.8,1.0,0.0,5,5,5,0.0
zsre-18521,0.75,1.0,0.0,5,5,5,0.0
zsre-18521,0.7,1.0,0.0,5,5,5,0.0
zsre-18524,0.95,1.0,0.1111111111111111,9,9,9,0.1111111111111111
zsre-18524,0.9,1.0,0.1111111111111111,9,9,9,0.1111111111111111
zsre-18524,0.85,1.0,0.1111111111111111,9,9,9,0.1111111111111111
zsre-18524,0.8,1.0,0.1111111111111111,9,9,9,0.1111111111111111
zsre-18524,0.75,1.0,0.1111111111111111,9,9,9,0.1111111111111111
zsre-18524,0.7,1.0,0.1111111111111111,9,9,9,0.1111111111111111
zsre-18526,0.95,1.0,0.16666666666666666,6,6,6,0.16666666666666666
zsre-18526,0.9,1.0,0.16666666666666666,6,6,6,0.16666666666666666
zsre-18526,0.85,1.0,0.16666666666666666,6,6,6,0.16666666666666666
zsre-18526,0.8,1.0,0.16666666666666666,6,6,6,0.16666666666666666
zsre-18526,0.75,1.0,0.16666666666666666,6,6,6,0.16666666666666666
zsre-18526,0.7,1.0,0.16666666666666666,6,6,6,0.16666666666666666
zsre-18529,0.95,1.0,0.2,5,5,5,0.2
zsre-18529,0.9,1.0,0.2,5,5,5,0.2
zsre-18529,0.85,1.0,0.2,5,5,5,0.2
zsre-18529,0.8,1.0,0.2,5,5,5,0.2
zsre-18529,0.75,1.0,0.2,5,5,5,0.2
zsre-18529,0.7,1.0,0.2,5,5,5,0.2
zsre-18533,0.95,1.0,0.08333333333333333,12,12,12,0.08333333333333333
zsre-18533,0.9,1.0,0.08333333333333333,12,12,12,0.08333333333333333
zsre-18533,0.85,1.0,0.08333333333333333,12,12,12,0.08333333333333333
zsre-18533,0.8,1.0,0.08333333333333333,12,12,12,0.08333333333333333
zsre-18533,0.75,1.0,0.08333333333333333,12,12,12,0.08333333333333333
zsre-18533,0.7,1.0,0.08333333333333333,12,12,12,0.08333333333333333
zsre-18541,0.95,0.0,0.0,5,5,5,1.0
zsre-18541,0.9,0.0,0.0,5,5,5,1.0
zsre-18541,0.85,0.0,0.0,5,5,5,1.0
zsre-18541,0.8,0.0,0.0,5,5,5,1.0
zsre-18541,0.75,0.0,0.0,5,5,5,1.0
zsre-18541,0.7,1.0,0.0,5,5,5,0.0
zsre-18547,0.95,0.0,0.0,5,5,5,1.0
zsre-18547,0.9,0.0,0.0,5,5,5,1.0
zsre-18547,0.85,0.0,0.0,5,5,5,1.0
zsre-18547,0.8,0.0,0.0,5,5,5,1.0
zsre-18547,0.75,0.0,0.0,5,5,5,1.0
zsre-18547,0.7,1.0,0.0,5,5,5,0.0
zsre-18549,0.95,0.0,0.0,9,9,9,1.0
zsre-18549,0.9,0.0,0.0,9,9,9,1.0
zsre-18549,0.85,0.0,0.0,9,9,9,1.0
zsre-18549,0.8,0.0,0.1111111111111111,9,9,9,1.1111111111111112
zsre-18549,0.75,1.0,0.3333333333333333,9,9,9,0.3333333333333333
zsre-18549,0.7,1.0,0.3333333333333333,9,9,9,0.3333333333333333
zsre-18550,0.95,0.0,0.0,9,9,9,1.0
zsre-18550,0.9,0.0,0.0,9,9,9,1.0
zsre-18550,0.85,0.0,0.0,9,9,9,1.0
zsre-18550,0.8,0.0,0.1111111111111111,9,9,9,1.1111111111111112
zsre-18550,0.75,1.0,0.3333333333333333,9,9,9,0.3333333333333333
zsre-18550,0.7,1.0,0.3333333333333333,9,9,9,0.3333333333333333
zsre-18551,0.95,0.0,0.0,9,9,9,1.0
zsre-18551,0.9,0.0,0.0,9,9,9,1.0
zsre-18551,0.85,0.0,0.0,9,9,9,1.0
zsre-18551,0.8,1.0,0.0,9,9,9,0.0
zsre-18551,0.75,1.0,0.0,9,9,9,0.0
zsre-18551,0.7,1.0,0.3333333333333333,9,9,9,0.3333333333333333
zsre-18552,0.95,0.0,0.0,9,9,9,1.0
zsre-18552,0.9,0.0,0.0,9,9,9,1.0
zsre-18552,0.85,0.0,0.0,9,9,9,1.0
zsre-18552,0.8,0.0,0.1111111111111111,9,9,9,1.1111111111111112
zsre-18552,0.75,1.0,0.3333333333333333,9,9,9,0.3333333333333333
zsre-18552,0.7,1.0,0.3333333333333333,9,9,9,0.3333333333333333
zsre-18573,0.95,1.0,0.0,6,6,6,0.0
zsre-18573,0.9,1.0,0.0,6,6,6,0.0
zsre-18573,0.85,1.0,0.0,6,6,6,0.0
zsre-18573,0.8,1.0,0.0,6,6,6,0.0
zsre-18573,0.75,1.0,0.0,6,6,6,0.0
zsre-18573,0.7,1.0,0.0,6,6,6,0.0
zsre-18579,0.95,0.0,0.0,5,5,5,1.0
zsre-18579,0.9,0.0,0.0,5,5,5,1.0
zsre-18579,0.85,0.0,0.0,5,5,5,1.0
zsre-18579,0.8,0.0,0.2,5,5,5,1.2
zsre-18579,0.75,0.0,0.4,5,5,5,1.4
zsre-18579,0.7,1.0,0.4,5,5,5,0.4
zsre-18580,0.95,0.0,0.0,6,6,6,1.0
zsre-18580,0.9,0.0,0.0,6,6,6,1.0
zsre-18580,0.85,0.0,0.0,6,6,6,1.0
zsre-18580,0.8,0.0,0.0,6,6,6,1.0
zsre-18580,0.75,0.0,0.16666666666666666,6,6,6,1.1666666666666667
zsre-18580,0.7,1.0,0.3333333333333333,6,6,6,0.3333333333333333
zsre-18581,0.95,0.0,0.0,6,6,6,1.0
zsre-18581,0.9,0.0,0.0,6,6,6,1.0
zsre-18581,0.85,0.0,0.0,6,6,6,1.0
zsre-18581,0.8,0.0,0.0,6,6,6,1.0
zsre-18581,0.75,1.0,0.16666666666666666,6,6,6,0.16666666666666666
zsre-18581,0.7,1.0,0.16666666666666666,6,6,6,0.16666666666666666
zsre-18587,0.95,0.0,0.0,11,11,11,1.0
zsre-18587,0.9,0.0,0.0,11,11,11,1.0
zsre-18587,0.85,0.0,0.0,11,11,11,1.0
zsre-18587,0.8,1.0,0.0,11,11,11,0.0
zsre-18587,0.75,1.0,0.0,11,11,11,0.0
zsre-18587,0.7,1.0,0.0,11,11,11,0.0
zsre-18588,0.95,1.0,0.0,5,5,5,0.0
zsre-18588,0.9,1.0,0.0,5,5,5,0.0
zsre-18588,0.85,1.0,0.0,5,5,5,0.0
zsre-18588,0.8,1.0,0.0,5,5,5,0.0
zsre-18588,0.75,1.0,0.0,5,5,5,0.0
zsre-18588,0.7,1.0,0.0,5,5,5,0.0
zsre-18598,0.95,0.0,0.0,5,5,5,1.0
zsre-18598,0.9,0.0,0.0,5,5,5,1.0
zsre-18598,0.85,0.0,0.0,5,5,5,1.0
zsre-18598,0.8,0.0,0.0,5,5,5,1.0
zsre-18598,0.75,1.0,0.0,5,5,5,0.0
zsre-18598,0.7,1.0,0.0,5,5,5,0.0
zsre-18606,0.95,1.0,0.0,5,5,5,0.0
zsre-18606,0.9,1.0,0.0,5,5,5,0.0
zsre-18606,0.85,1.0,0.0,5,5,5,0.0
zsre-18606,0.8,1.0,0.0,5,5,5,0.0
zsre-18606,0.75,1.0,0.0,5,5,5,0.0
zsre-18606,0.7,1.0,0.0,5,5,5,0.0
zsre-18614,0.95,0.0,0.0,5,5,5,1.0
zsre-18614,0.9,0.0,0.0,5,5,5,1.0
zsre-18614,0.85,0.0,0.0,5,5,5,1.0
zsre-18614,0.8,0.0,0.0,5,5,5,1.0
zsre-18614,0.75,0.0,0.0,5,5,5,1.0
zsre-18614,0.7,1.0,0.0,5,5,5,0.0
zsre-18622,0.95,0.0,0.0,5,5,5,1.0
zsre-18622,0.9,0.0,0.0,5,5,5,1.0
zsre-18622,0.85,0.0,0.0,5,5,5,1.0
zsre-18622,0.8,0.0,0.0,5,5,5,1.0
zsre-18622,0.75,0.0,0.0,5,5,5,1.0
zsre-18622,0.7,1.0,0.0,5,5,5,0.0
zsre-18632,0.95,1.0,0.0,5,5,5,0.0
zsre-18632,0.9,1.0,0.0,5,5,5,0.0
zsre-18632,0.85,1.0,0.0,5,5,5,0.0
zsre-18632,0.8,1.0,0.0,5,5,5,0.0
zsre-18632,0.75,1.0,0.0,5,5,5,0.0
zsre-18632,0.7,1.0,0.0,5,5,5,0.0
zsre-18641,0.95,0.0,0.0,17,17,17,1.0
zsre-18641,0.9,0.0,0.0,17,17,17,1.0
zsre-18641,0.85,0.0,0.0,17,17,17,1.0
zsre-18641,0.8,0.0,0.0,17,17,17,1.0
zsre-18641,0.75,0.0,0.0,17,17,17,1.0
zsre-18641,0.7,1.0,0.0,17,17,17,0.0
zsre-18643,0.95,1.0,0.2,5,5,5,0.2
zsre-18643,0.9,1.0,0.2,5,5,5,0.2
zsre-18643,0.85,1.0,0.2,5,5,5,0.2
zsre-18643,0.8,1.0,0.2,5,5,5,0.2
zsre-18643,0.75,1.0,0.2,5,5,5,0.2
zsre-18643,0.7,1.0,0.2,5,5,5,0.2
zsre-18644,0.95,1.0,0.2,5,5,5,0.2
zsre-18644,0.9,1.0,0.2,5,5,5,0.2
zsre-18644,0.85,1.0,0.2,5,5,5,0.2
zsre-18644,0.8,1.0,0.2,5,5,5,0.2
zsre-18644,0.75,1.0,0.2,5,5,5,0.2
zsre-18644,0.7,1.0,0.2,5,5,5,0.2
zsre-18658,0.95,1.0,0.14285714285714285,7,7,7,0.14285714285714285
zsre-18658,0.9,1.0,0.14285714285714285,7,7,7,0.14285714285714285
zsre-18658,0.85,1.0,0.14285714285714285,7,7,7,0.14285714285714285
zsre-18658,0.8,1.0,0.14285714285714285,7,7,7,0.14285714285714285
zsre-18658,0.75,1.0,0.14285714285714285,7,7,7,0.14285714285714285
zsre-18658,0.7,1.0,0.14285714285714285,7,7,7,0.14285714285714285
zsre-18661,0.95,1.0,0.14285714285714285,7,7,7,0.14285714285714285
zsre-18661,0.9,1.0,0.14285714285714285,7,7,7,0.14285714285714285
zsre-18661,0.85,1.0,0.14285714285714285,7,7,7,0.14285714285714285
zsre-18661,0.8,1.0,0.14285714285714285,7,7,7,0.14285714285714285
zsre-18661,0.75,1.0,0.14285714285714285,7,7,7,0.14285714285714285
zsre-18661,0.7,1.0,0.14285714285714285,7,7,7,0.14285714285714285
zsre-18666,0.95,1.0,0.0,5,5,5,0.0
zsre-18666,0.9,1.0,0.0,5,5,5,0.0
zsre-18666,0.85,1.0,0.0,5,5,5,0.0
zsre-18666,0.8,1.0,0.0,5,5,5,0.0
zsre-18666,0.75,1.0,0.0,5,5,5,0.0
zsre-18666,0.7,1.0,0.0,5,5,5,0.0
zsre-1867,0.95,0.0,0.0,5,5,5,1.0
zsre-1867,0.9,0.0,0.0,5,5,5,1.0
zsre-1867,0.85,0.0,0.0,5,5,5,1.0
zsre-1867,0.8,0.0,0.0,5,5,5,1.0
zsre-1867,0.75,0.0,0.0,5,5,5,1.0
zsre-1867,0.7,1.0,0.0,5,5,5,0.0
zsre-18672,0.95,1.0,0.25,8,8,8,0.25
zsre-18672,0.9,1.0,0.25,8,8,8,0.25
zsre-18672,0.85,1.0,0.25,8,8,8,0.25
zsre-18672,0.8,1.0,0.25,8,8,8,0.25
zsre-18672,0.75,1.0,0.25,8,8,8,0.25
zsre-18672,0.7,1.0,0.25,8,8,8,0.25
zsre-18673,0.95,1.0,0.25,8,8,8,0.25
zsre-18673,0.9,1.0,0.25,8,8,8,0.25
zsre-18673,0.85,1.0,0.25,8,8,8,0.25
zsre-18673,0.8,1.0,0.25,8,8,8,0.25
zsre-18673,0.75,1.0,0.25,8,8,8,0.25
zsre-18673,0.7,1.0,0.25,8,8,8,0.25
zsre-18674,0.95,1.0,0.25,8,8,8,0.25
zsre-18674,0.9,1.0,0.25,8,8,8,0.25
zsre-18674,0.85,1.0,0.25,8,8,8,0.25
zsre-18674,0.8,1.0,0.25,8,8,8,0.25
zsre-18674,0.75,1.0,0.25,8,8,8,0.25
zsre-18674,0.7,1.0,0.25,8,8,8,0.25
zsre-18679,0.95,1.0,0.0,5,5,5,0.0
zsre-18679,0.9,1.0,0.0,5,5,5,0.0
zsre-18679,0.85,1.0,0.0,5,5,5,0.0
zsre-18679,0.8,1.0,0.0,5,5,5,0.0
zsre-18679,0.75,1.0,0.0,5,5,5,0.0
zsre-18679,0.7,1.0,0.0,5,5,5,0.0
zsre-18693,0.95,0.0,0.0,7,7,7,1.0
zsre-18693,0.9,0.0,0.0,7,7,7,1.0
zsre-18693,0.85,0.0,0.0,7,7,7,1.0
zsre-18693,0.8,0.0,0.14285714285714285,7,7,7,1.1428571428571428
zsre-18693,0.75,1.0,0.0,7,7,7,0.0
zsre-18693,0.7,1.0,0.14285714285714285,7,7,7,0.14285714285714285
zsre-18694,0.95,0.0,0.0,5,5,5,1.0
zsre-18694,0.9,0.0,0.0,5,5,5,1.0
zsre-18694,0.85,0.0,0.0,5,5,5,1.0
zsre-18694,0.8,1.0,0.0,5,5,5,0.0
zsre-18694,0.75,1.0,0.2,5,5,5,0.2
zsre-18694,0.7,1.0,0.0,5,5,5,0.0
zsre-187,0.95,1.0,0.0,5,5,5,0.0
zsre-187,0.9,1.0,0.0,5,5,5,0.0
zsre-187,0.85,1.0,0.0,5,5,5,0.0
zsre-187,0.8,1.0,0.0,5,5,5,0.0
zsre-187,0.75,1.0,0.0,5,5,5,0.0
zsre-187,0.7,1.0,0.0,5,5,5,0.0
zsre-18739,0.95,0.0,0.0,10,10,10,1.0
zsre-18739,0.9,0.0,0.0,10,10,10,1.0
zsre-18739,0.85,1.0,0.0,10,10,10,0.0
zsre-18739,0.8,1.0,0.0,10,10,10,0.0
zsre-18739,0.75,1.0,0.1,10,10,10,0.1
zsre-18739,0.7,1.0,0.1,10,10,10,0.1
zsre-18742,0.95,0.0,0.0,5,5,5,1.0
zsre-18742,0.9,0.0,0.0,5,5,5,1.0
zsre-18742,0.85,1.0,0.0,5,5,5,0.0
zsre-18742,0.8,1.0,0.2,5,5,5,0.2
zsre-18742,0.75,1.0,0.2,5,5,5,0.2
zsre-18742,0.7,1.0,0.2,5,5,5,0.2
zsre-18746,0.95,1.0,0.5,6,6,6,0.5
zsre-18746,0.9,1.0,0.5,6,6,6,0.5
zsre-18746,0.85,1.0,0.5,6,6,6,0.5
zsre-18746,0.8,1.0,0.5,6,6,6,0.5
zsre-18746,0.75,1.0,0.5,6,6,6,0.5
zsre-18746,0.7,1.0,0.5,6,6,6,0.5
zsre-18747,0.95,1.0,0.15,20,20,20,0.15
zsre-18747,0.9,1.0,0.15,20,20,20,0.15
zsre-18747,0.85,1.0,0.15,20,20,20,0.15
zsre-18747,0.8,1.0,0.15,20,20,20,0.15
zsre-18747,0.75,1.0,0.15,20,20,20,0.15
zsre-18747,0.7,1.0,0.15,20,20,20,0.15
zsre-18749,0.95,1.0,0.15,20,20,20,0.15
zsre-18749,0.9,1.0,0.15,20,20,20,0.15
zsre-18749,0.85,1.0,0.15,20,20,20,0.15
zsre-18749,0.8,1.0,0.15,20,20,20,0.15
zsre-18749,0.75,1.0,0.15,20,20,20,0.15
zsre-18749,0.7,1.0,0.15,20,20,20,0.15
zsre-18752,0.95,1.0,0.16666666666666666,18,18,18,0.16666666666666666
zsre-18752,0.9,1.0,0.16666666666666666,18,18,18,0.16666666666666666
zsre-18752,0.85,1.0,0.16666666666666666,18,18,18,0.16666666666666666
zsre-18752,0.8,1.0,0.16666666666666666,18,18,18,0.16666666666666666
zsre-18752,0.75,1.0,0.16666666666666666,18,18,18,0.16666666666666666
zsre-18752,0.7,1.0,0.16666666666666666,18,18,18,0.16666666666666666
zsre-18771,0.95,1.0,0.0,7,7,7,0.0
zsre-18771,0.9,1.0,0.0,7,7,7,0.0
zsre-18771,0.85,1.0,0.0,7,7,7,0.0
zsre-18771,0.8,1.0,0.0,7,7,7,0.0
zsre-18771,0.75,1.0,0.0,7,7,7,0.0
zsre-18771,0.7,1.0,0.0,7,7,7,0.0
zsre-18777,0.95,1.0,0.0,5,5,5,0.0
zsre-18777,0.9,1.0,0.0,5,5,5,0.0
zsre-18777,0.85,1.0,0.0,5,5,5,0.0
zsre-18777,0.8,1.0,0.0,5,5,5,0.0
zsre-18777,0.75,1.0,0.0,5,5,5,0.0
zsre-18777,0.7,1.0,0.0,5,5,5,0.0
zsre-18787,0.95,0.0,0.0,5,5,5,1.0
zsre-18787,0.9,0.0,0.0,5,5,5,1.0
zsre-18787,0.85,1.0,0.0,5,5,5,0.0
zsre-18787,0.8,1.0,0.0,5,5,5,0.0
zsre-18787,0.75,1.0,0.0,5,5,5,0.0
zsre-18787,0.7,1.0,0.0,5,5,5,0.0
zsre-18790,0.95,0.0,0.0,5,5,5,1.0
zsre-18790,0.9,0.0,0.0,5,5,5,1.0
zsre-18790,0.85,0.0,0.0,5,5,5,1.0
zsre-18790,0.8,0.0,0.0,5,5,5,1.0
zsre-18790,0.75,1.0,0.0,5,5,5,0.0
zsre-18790,0.7,1.0,0.0,5,5,5,0.0
zsre-18791,0.95,1.0,0.0,7,7,7,0.0
zsre-18791,0.9,1.0,0.0,7,7,7,0.0
zsre-18791,0.85,1.0,0.0,7,7,7,0.0
zsre-18791,0.8,1.0,0.0,7,7,7,0.0
zsre-18791,0.75,1.0,0.0,7,7,7,0.0
zsre-18791,0.7,1.0,0.0,7,7,7,0.0
zsre-18802,0.95,1.0,0.0,5,5,5,0.0
zsre-18802,0.9,1.0,0.0,5,5,5,0.0
zsre-18802,0.85,1.0,0.0,5,5,5,0.0
zsre-18802,0.8,1.0,0.0,5,5,5,0.0
zsre-18802,0.75,1.0,0.0,5,5,5,0.0
zsre-18802,0.7,1.0,0.0,5,5,5,0.0
zsre-18803,0.95,0.0,0.0,15,15,15,1.0
zsre-18803,0.9,0.0,0.0,15,15,15,1.0
zsre-18803,0.85,0.0,0.0,15,15,15,1.0
zsre-18803,0.8,1.0,0.13333333333333333,15,15,15,0.13333333333333333
zsre-18803,0.75,1.0,0.13333333333333333,15,15,15,0.13333333333333333
zsre-18803,0.7,1.0,0.13333333333333333,15,15,15,0.13333333333333333
zsre-18804,0.95,0.0,0.0,8,8,8,1.0
zsre-18804,0.9,0.0,0.0,8,8,8,1.0
zsre-18804,0.85,0.0,0.0,8,8,8,1.0
zsre-18804,0.8,1.0,0.25,8,8,8,0.25
zsre-18804,0.75,1.0,0.25,8,8,8,0.25
zsre-18804,0.7,1.0,0.25,8,8,8,0.25
zsre-18805,0.95,0.0,0.0,10,10,10,1.0
zsre-18805,0.9,0.0,0.0,10,10,10,1.0
zsre-18805,0.85,0.0,0.0,10,10,10,1.0
zsre-18805,0.8,1.0,0.2,10,10,10,0.2
zsre-18805,0.75,1.0,0.2,10,10,10,0.2
zsre-18805,0.7,1.0,0.2,10,10,10,0.2
zsre-18823,0.95,1.0,0.0,5,5,5,0.0
zsre-18823,0.9,1.0,0.0,5,5,5,0.0
zsre-18823,0.85,1.0,0.0,5,5,5,0.0
zsre-18823,0.8,1.0,0.0,5,5,5,0.0
zsre-18823,0.75,1.0,0.0,5,5,5,0.0
zsre-18823,0.7,1.0,0.0,5,5,5,0.0
zsre-18829,0.95,1.0,0.0,5,5,5,0.0
zsre-18829,0.9,1.0,0.0,5,5,5,0.0
zsre-18829,0.85,1.0,0.0,5,5,5,0.0
zsre-18829,0.8,1.0,0.0,5,5,5,0.0
zsre-18829,0.75,1.0,0.0,5,5,5,0.0
zsre-18829,0.7,1.0,0.0,5,5,5,0.0
zsre-18856,0.95,1.0,0.0,12,12,12,0.0
zsre-18856,0.9,1.0,0.0,12,12,12,0.0
zsre-18856,0.85,1.0,0.0,12,12,12,0.0
zsre-18856,0.8,1.0,0.0,12,12,12,0.0
zsre-18856,0.75,1.0,0.0,12,12,12,0.0
zsre-18856,0.7,1.0,0.0,12,12,12,0.0
zsre-18869,0.95,0.0,0.0,17,17,17,1.0
zsre-18869,0.9,0.0,0.0,17,17,17,1.0
zsre-18869,0.85,0.0,0.0,17,17,17,1.0
zsre-18869,0.8,0.0,0.0,17,17,17,1.0
zsre-18869,0.75,0.0,0.0,17,17,17,1.0
zsre-18869,0.7,1.0,0.0,17,17,17,0.0
zsre-18882,0.95,1.0,0.0,5,5,5,0.0
zsre-18882,0.9,1.0,0.0,5,5,5,0.0
zsre-18882,0.85,1.0,0.0,5,5,5,0.0
zsre-18882,0.8,1.0,0.0,5,5,5,0.0
zsre-18882,0.75,1.0,0.0,5,5,5,0.0
zsre-18882,0.7,1.0,0.0,5,5,5,0.0
zsre-18902,0.95,0.0,0.0,20,20,20,1.0
zsre-18902,0.9,0.0,0.0,20,20,20,1.0
zsre-18902,0.85,0.0,0.0,20,20,20,1.0
zsre-18902,0.8,0.0,0.0,20,20,20,1.0
zsre-18902,0.75,1.0,0.0,20,20,20,0.0
zsre-18902,0.7,1.0,0.0,20,20,20,0.0
zsre-18906,0.95,1.0,0.0,10,10,10,0.0
zsre-18906,0.9,1.0,0.0,10,10,10,0.0
zsre-18906,0.85,1.0,0.0,10,10,10,0.0
zsre-18906,0.8,1.0,0.0,10,10,10,0.0
zsre-18906,0.75,1.0,0.0,10,10,10,0.0
zsre-18906,0.7,1.0,0.0,10,10,10,0.0
zsre-18940,0.95,1.0,0.15,20,20,20,0.15
zsre-18940,0.9,1.0,0.15,20,20,20,0.15
zsre-18940,0.85,1.0,0.15,20,20,20,0.15
zsre-18940,0.8,1.0,0.15,20,20,20,0.15
zsre-18940,0.75,0.0,0.05,20,20,20,1.05
zsre-18940,0.7,1.0,0.15,20,20,20,0.15
zsre-18942,0.95,1.0,0.15,20,20,20,0.15
zsre-18942,0.9,1.0,0.15,20,20,20,0.15
zsre-18942,0.85,1.0,0.15,20,20,20,0.15
zsre-18942,0.8,1.0,0.15,20,20,20,0.15
zsre-18942,0.75,1.0,0.15,20,20,20,0.15
zsre-18942,0.7,1.0,0.15,20,20,20,0.15
zsre-18944,0.95,1.0,0.15,20,20,20,0.15
zsre-18944,0.9,1.0,0.15,20,20,20,0.15
zsre-18944,0.85,1.0,0.15,20,20,20,0.15
zsre-18944,0.8,1.0,0.15,20,20,20,0.15
zsre-18944,0.75,1.0,0.15,20,20,20,0.15
zsre-18944,0.7,1.0,0.15,20,20,20,0.15
zsre-18945,0.95,1.0,0.15,20,20,20,0.15
zsre-18945,0.9,1.0,0.15,20,20,20,0.15
zsre-18945,0.85,1.0,0.15,20,20,20,0.15
zsre-18945,0.8,1.0,0.15,20,20,20,0.15
zsre-18945,0.75,1.0,0.15,20,20,20,0.15
zsre-18945,0.7,1.0,0.15,20,20,20,0.15
zsre-18956,0.95,0.0,0.0,18,18,18,1.0
zsre-18956,0.9,0.0,0.0,18,18,18,1.0
zsre-18956,0.85,0.0,0.0,18,18,18,1.0
zsre-18956,0.8,0.0,0.0,18,18,18,1.0
zsre-18956,0.75,1.0,0.0,18,18,18,0.0
zsre-18956,0.7,1.0,0.0,18,18,18,0.0
zsre-18957,0.95,0.0,0.0,7,7,7,1.0
zsre-18957,0.9,0.0,0.0,7,7,7,1.0
zsre-18957,0.85,0.0,0.0,7,7,7,1.0
zsre-18957,0.8,0.0,0.0,7,7,7,1.0
zsre-18957,0.75,0.0,0.0,7,7,7,1.0
zsre-18957,0.7,1.0,0.0,7,7,7,0.0
zsre-18961,0.95,0.0,0.0,5,5,5,1.0
zsre-18961,0.9,0.0,0.0,5,5,5,1.0
zsre-18961,0.85,0.0,0.0,5,5,5,1.0
zsre-18961,0.8,0.0,0.0,5,5,5,1.0
zsre-18961,0.75,0.0,0.0,5,5,5,1.0
zsre-18961,0.7,1.0,0.0,5,5,5,0.0
zsre-18962,0.95,0.0,0.0,5,5,5,1.0
zsre-18962,0.9,0.0,0.0,5,5,5,1.0
zsre-18962,0.85,0.0,0.0,5,5,5,1.0
zsre-18962,0.8,0.0,0.0,5,5,5,1.0
zsre-18962,0.75,0.0,0.0,5,5,5,1.0
zsre-18962,0.7,1.0,0.2,5,5,5,0.2
zsre-18963,0.95,0.0,0.0,8,8,8,1.0
zsre-18963,0.9,0.0,0.0,8,8,8,1.0
zsre-18963,0.85,0.0,0.0,8,8,8,1.0
zsre-18963,0.8,0.0,0.0,8,8,8,1.0
zsre-18963,0.75,0.0,0.0,8,8,8,1.0
zsre-18963,0.7,1.0,0.0,8,8,8,0.0
zsre-18964,0.95,0.0,0.0,5,5,5,1.0
zsre-18964,0.9,0.0,0.0,5,5,5,1.0
zsre-18964,0.85,0.0,0.0,5,5,5,1.0
zsre-18964,0.8,0.0,0.0,5,5,5,1.0
zsre-18964,0.75,1.0,0.2,5,5,5,0.2
zsre-18964,0.7,1.0,0.2,5,5,5,0.2
zsre-18965,0.95,0.0,0.0,7,7,7,1.0
zsre-18965,0.9,0.0,0.0,7,7,7,1.0
zsre-18965,0.85,0.0,0.0,7,7,7,1.0
zsre-18965,0.8,0.0,0.0,7,7,7,1.0
zsre-18965,0.75,1.0,0.2857142857142857,7,7,7,0.2857142857142857
zsre-18965,0.7,1.0,0.2857142857142857,7,7,7,0.2857142857142857
zsre-18966,0.95,0.0,0.0,5,5,5,1.0
zsre-18966,0.9,0.0,0.0,5,5,5,1.0
zsre-18966,0.85,0.0,0.0,5,5,5,1.0
zsre-18966,0.8,0.0,0.0,5,5,5,1.0
zsre-18966,0.75,0.0,0.2,5,5,5,1.2
zsre-18966,0.7,1.0,0.4,5,5,5,0.4
zsre-18977,0.95,1.0,0.0,5,5,5,0.0
zsre-18977,0.9,1.0,0.0,5,5,5,0.0
zsre-18977,0.85,1.0,0.0,5,5,5,0.0
zsre-18977,0.8,1.0,0.0,5,5,5,0.0
zsre-18977,0.75,1.0,0.0,5,5,5,0.0
zsre-18977,0.7,1.0,0.0,5,5,5,0.0
zsre-19000,0.95,1.0,0.0,5,5,5,0.0
zsre-19000,0.9,1.0,0.0,5,5,5,0.0
zsre-19000,0.85,1.0,0.0,5,5,5,0.0
zsre-19000,0.8,1.0,0.0,5,5,5,0.0
zsre-19000,0.75,1.0,0.0,5,5,5,0.0
zsre-19000,0.7,1.0,0.0,5,5,5,0.0
zsre-19011,0.95,1.0,0.25,12,12,12,0.25
zsre-19011,0.9,1.0,0.25,12,12,12,0.25
zsre-19011,0.85,1.0,0.25,12,12,12,0.25
zsre-19011,0.8,1.0,0.25,12,12,12,0.25
zsre-19011,0.75,1.0,0.25,12,12,12,0.25
zsre-19011,0.7,1.0,0.25,12,12,12,0.25
zsre-19012,0.95,1.0,0.25,12,12,12,0.25
zsre-19012,0.9,1.0,0.25,12,12,12,0.25
zsre-19012,0.85,1.0,0.25,12,12,12,0.25
zsre-19012,0.8,1.0,0.25,12,12,12,0.25
zsre-19012,0.75,1.0,0.25,12,12,12,0.25
zsre-19012,0.7,1.0,0.25,12,12,12,0.25
zsre-19013,0.95,1.0,0.25,12,12,12,0.25
zsre-19013,0.9,1.0,0.25,12,12,12,0.25
zsre-19013,0.85,1.0,0.25,12,12,12,0.25
zsre-19013,0.8,1.0,0.25,12,12,12,0.25
zsre-19013,0.75,1.0,0.25,12,12,12,0.25
zsre-19013,0.7,1.0,0.25,12,12,12,0.25
zsre-19014,0.95,1.0,0.3,10,10,10,0.3
zsre-19014,0.9,1.0,0.3,10,10,10,0.3
zsre-19014,0.85,1.0,0.3,10,10,10,0.3
zsre-19014,0.8,1.0,0.3,10,10,10,0.3
zsre-19014,0.75,1.0,0.3,10,10,10,0.3
zsre-19014,0.7,1.0,0.3,10,10,10,0.3
zsre-19017,0.95,1.0,0.0,5,5,5,0.0
zsre-19017,0.9,1.0,0.0,5,5,5,0.0
zsre-19017,0.85,1.0,0.0,5,5,5,0.0
zsre-19017,0.8,1.0,0.0,5,5,5,0.0
zsre-19017,0.75,1.0,0.0,5,5,5,0.0
zsre-19017,0.7,1.0,0.0,5,5,5,0.0
zsre-19053,0.95,1.0,0.0,5,5,5,0.0
zsre-19053,0.9,1.0,0.0,5,5,5,0.0
zsre-19053,0.85,1.0,0.0,5,5,5,0.0
zsre-19053,0.8,1.0,0.0,5,5,5,0.0
zsre-19053,0.75,1.0,0.0,5,5,5,0.0
zsre-19053,0.7,1.0,0.0,5,5,5,0.0
zsre-19056,0.95,0.0,0.0,5,5,5,1.0
zsre-19056,0.9,0.0,0.0,5,5,5,1.0
zsre-19056,0.85,0.0,0.0,5,5,5,1.0
zsre-19056,0.8,0.0,0.0,5,5,5,1.0
zsre-19056,0.75,1.0,0.0,5,5,5,0.0
zsre-19056,0.7,1.0,0.0,5,5,5,0.0
zsre-19068,0.95,1.0,0.0,5,5,5,0.0
zsre-19068,0.9,1.0,0.0,5,5,5,0.0
zsre-19068,0.85,1.0,0.0,5,5,5,0.0
zsre-19068,0.8,1.0,0.0,5,5,5,0.0
zsre-19068,0.75,1.0,0.0,5,5,5,0.0
zsre-19068,0.7,1.0,0.0,5,5,5,0.0
zsre-19078,0.95,1.0,0.0,9,9,9,0.0
zsre-19078,0.9,1.0,0.0,9,9,9,0.0
zsre-19078,0.85,1.0,0.0,9,9,9,0.0
zsre-19078,0.8,1.0,0.0,9,9,9,0.0
zsre-19078,0.75,1.0,0.0,9,9,9,0.0
zsre-19078,0.7,1.0,0.0,9,9,9,0.0
zsre-1915,0.95,0.0,0.0,16,16,16,1.0
zsre-1915,0.9,0.0,0.0,16,16,16,1.0
zsre-1915,0.85,1.0,0.125,16,16,16,0.125
zsre-1915,0.8,1.0,0.125,16,16,16,0.125
zsre-1915,0.75,1.0,0.125,16,16,16,0.125
zsre-1915,0.7,1.0,0.125,16,16,16,0.125
zsre-1916,0.95,0.0,0.0,14,14,14,1.0
zsre-1916,0.9,0.0,0.0,14,14,14,1.0
zsre-1916,0.85,0.0,0.07142857142857142,14,14,14,1.0714285714285714
zsre-1916,0.8,1.0,0.14285714285714285,14,14,14,0.14285714285714285
zsre-1916,0.75,1.0,0.14285714285714285,14,14,14,0.14285714285714285
zsre-1916,0.7,1.0,0.14285714285714285,14,14,14,0.14285714285714285
zsre-1917,0.95,0.0,0.0,14,14,14,1.0
zsre-1917,0.9,0.0,0.0,14,14,14,1.0
zsre-1917,0.85,1.0,0.14285714285714285,14,14,14,0.14285714285714285
zsre-1917,0.8,1.0,0.14285714285714285,14,14,14,0.14285714285714285
zsre-1917,0.75,1.0,0.14285714285714285,14,14,14,0.14285714285714285
zsre-1917,0.7,1.0,0.14285714285714285,14,14,14,0.14285714285714285
zsre-1932,0.95,1.0,0.0,5,5,5,0.0
zsre-1932,0.9,1.0,0.0,5,5,5,0.0
zsre-1932,0.85,1.0,0.0,5,5,5,0.0
zsre-1932,0.8,1.0,0.0,5,5,5,0.0
zsre-1932,0.75,1.0,0.0,5,5,5,0.0
zsre-1932,0.7,1.0,0.0,5,5,5,0.0
zsre-1959,0.95,1.0,0.0,5,5,5,0.0
zsre-1959,0.9,1.0,0.0,5,5,5,0.0
zsre-1959,0.85,1.0,0.0,5,5,5,0.0
zsre-1959,0.8,1.0,0.0,5,5,5,0.0
zsre-1959,0.75,1.0,0.0,5,5,5,0.0
zsre-1959,0.7,1.0,0.0,5,5,5,0.0
zsre-1961,0.95,0.0,0.0,16,16,16,1.0
zsre-1961,0.9,0.0,0.0,16,16,16,1.0
zsre-1961,0.85,0.0,0.0,16,16,16,1.0
zsre-1961,0.8,0.0,0.0,16,16,16,1.0
zsre-1961,0.75,1.0,0.125,16,16,16,0.125
zsre-1961,0.7,1.0,0.125,16,16,16,0.125
zsre-1962,0.95,0.0,0.0,13,13,13,1.0
zsre-1962,0.9,0.0,0.0,13,13,13,1.0
zsre-1962,0.85,0.0,0.0,13,13,13,1.0
zsre-1962,0.8,1.0,0.15384615384615385,13,13,13,0.15384615384615385
zsre-1962,0.75,1.0,0.15384615384615385,13,13,13,0.15384615384615385
zsre-1962,0.7,1.0,0.15384615384615385,13,13,13,0.15384615384615385
zsre-1963,0.95,0.0,0.0,16,16,16,1.0
zsre-1963,0.9,0.0,0.0,16,16,16,1.0
zsre-1963,0.85,0.0,0.0,16,16,16,1.0
zsre-1963,0.8,0.0,0.0,16,16,16,1.0
zsre-1963,0.75,1.0,0.125,16,16,16,0.125
zsre-1963,0.7,1.0,0.125,16,16,16,0.125
zsre-1967,0.95,0.0,0.0,20,20,20,1.0
zsre-1967,0.9,0.0,0.0,20,20,20,1.0
zsre-1967,0.85,0.0,0.0,20,20,20,1.0
zsre-1967,0.8,0.0,0.0,20,20,20,1.0
zsre-1967,0.75,0.0,0.0,20,20,20,1.0
zsre-1967,0.7,1.0,0.0,20,20,20,0.0
zsre-1968,0.95,1.0,0.0,20,20,20,0.0
zsre-1968,0.9,1.0,0.0,20,20,20,0.0
zsre-1968,0.85,1.0,0.0,20,20,20,0.0
zsre-1968,0.8,0.0,0.0,20,20,20,1.0
zsre-1968,0.75,1.0,0.0,20,20,20,0.0
zsre-1968,0.7,1.0,0.0,20,20,20,0.0
zsre-1969,0.95,0.0,0.0,20,20,20,1.0
zsre-1969,0.9,0.0,0.0,20,20,20,1.0
zsre-1969,0.85,0.0,0.0,20,20,20,1.0
zsre-1969,0.8,0.0,0.0,20,20,20,1.0
zsre-1969,0.75,0.0,0.0,20,20,20,1.0
zsre-1969,0.7,1.0,0.0,20,20,20,0.0
zsre-1970,0.95,1.0,0.0,5,5,5,0.0
zsre-1970,0.9,1.0,0.0,5,5,5,0.0
zsre-1970,0.85,1.0,0.0,5,5,5,0.0
zsre-1970,0.8,1.0,0.0,5,5,5,0.0
zsre-1970,0.75,1.0,0.0,5,5,5,0.0
zsre-1970,0.7,1.0,0.0,5,5,5,0.0
zsre-1971,0.95,0.0,0.0,5,5,5,1.0
zsre-1971,0.9,0.0,0.0,5,5,5,1.0
zsre-1971,0.85,0.0,0.0,5,5,5,1.0
zsre-1971,0.8,0.0,0.0,5,5,5,1.0
zsre-1971,0.75,0.0,0.0,5,5,5,1.0
zsre-1971,0.7,1.0,0.0,5,5,5,0.0
zsre-1982,0.95,1.0,0.0,20,20,20,0.0
zsre-1982,0.9,1.0,0.0,20,20,20,0.0
zsre-1982,0.85,1.0,0.0,20,20,20,0.0
zsre-1982,0.8,1.0,0.0,20,20,20,0.0
zsre-1982,0.75,1.0,0.05,20,20,20,0.05
zsre-1982,0.7,1.0,0.1,20,20,20,0.1
zsre-1990,0.95,1.0,0.0,8,8,8,0.0
zsre-1990,0.9,1.0,0.0,8,8,8,0.0
zsre-1990,0.85,1.0,0.0,8,8,8,0.0
zsre-1990,0.8,1.0,0.0,8,8,8,0.0
zsre-1990,0.75,1.0,0.0,8,8,8,0.0
zsre-1990,0.7,1.0,0.0,8,8,8,0.0
zsre-1998,0.95,0.0,0.0,5,5,5,1.0
zsre-1998,0.9,0.0,0.0,5,5,5,1.0
zsre-1998,0.85,0.0,0.0,5,5,5,1.0
zsre-1998,0.8,0.0,0.0,5,5,5,1.0
zsre-1998,0.75,0.0,0.0,5,5,5,1.0
zsre-1998,0.7,1.0,0.0,5,5,5,0.0
zsre-2000,0.95,0.0,0.0,5,5,5,1.0
zsre-2000,0.9,0.0,0.0,5,5,5,1.0
zsre-2000,0.85,0.0,0.0,5,5,5,1.0
zsre-2000,0.8,0.0,0.0,5,5,5,1.0
zsre-2000,0.75,1.0,0.0,5,5,5,0.0
zsre-2000,0.7,1.0,0.0,5,5,5,0.0
zsre-2001,0.95,0.0,0.0,5,5,5,1.0
zsre-2001,0.9,0.0,0.0,5,5,5,1.0
zsre-2001,0.85,0.0,0.0,5,5,5,1.0
zsre-2001,0.8,0.0,0.0,5,5,5,1.0
zsre-2001,0.75,0.0,0.0,5,5,5,1.0
zsre-2001,0.7,1.0,0.2,5,5,5,0.2
zsre-2002,0.95,0.0,0.0,5,5,5,1.0
zsre-2002,0.9,0.0,0.0,5,5,5,1.0
zsre-2002,0.85,0.0,0.0,5,5,5,1.0
zsre-2002,0.8,1.0,0.0,5,5,5,0.0
zsre-2002,0.75,1.0,0.0,5,5,5,0.0
zsre-2002,0.7,1.0,0.0,5,5,5,0.0
zsre-2005,0.95,0.0,0.0,5,5,5,1.0
zsre-2005,0.9,0.0,0.0,5,5,5,1.0
zsre-2005,0.85,0.0,0.0,5,5,5,1.0
zsre-2005,0.8,1.0,0.0,5,5,5,0.0
zsre-2005,0.75,1.0,0.0,5,5,5,0.0
zsre-2005,0.7,1.0,0.0,5,5,5,0.0
zsre-2008,0.95,1.0,0.0,5,5,5,0.0
zsre-2008,0.9,1.0,0.0,5,5,5,0.0
zsre-2008,0.85,1.0,0.0,5,5,5,0.0
zsre-2008,0.8,1.0,0.0,5,5,5,0.0
zsre-2008,0.75,1.0,0.0,5,5,5,0.0
zsre-2008,0.7,1.0,0.0,5,5,5,0.0
zsre-2018,0.95,1.0,0.0,5,5,5,0.0
zsre-2018,0.9,1.0,0.0,5,5,5,0.0
zsre-2018,0.85,1.0,0.0,5,5,5,0.0
zsre-2018,0.8,1.0,0.0,5,5,5,0.0
zsre-2018,0.75,0.0,0.0,5,5,5,1.0
zsre-2018,0.7,1.0,0.0,5,5,5,0.0
zsre-2021,0.95,1.0,0.0,5,5,5,0.0
zsre-2021,0.9,1.0,0.0,5,5,5,0.0
zsre-2021,0.85,1.0,0.0,5,5,5,0.0
zsre-2021,0.8,1.0,0.0,5,5,5,0.0
zsre-2021,0.75,1.0,0.0,5,5,5,0.0
zsre-2021,0.7,1.0,0.0,5,5,5,0.0
zsre-2022,0.95,0.0,0.0,5,5,5,1.0
zsre-2022,0.9,0.0,0.0,5,5,5,1.0
zsre-2022,0.85,0.0,0.0,5,5,5,1.0
zsre-2022,0.8,0.0,0.0,5,5,5,1.0
zsre-2022,0.75,1.0,0.0,5,5,5,0.0
zsre-2022,0.7,1.0,0.0,5,5,5,0.0
zsre-203,0.95,1.0,0.0,10,10,10,0.0
zsre-203,0.9,1.0,0.0,10,10,10,0.0
zsre-203,0.85,1.0,0.0,10,10,10,0.0
zsre-203,0.8,1.0,0.0,10,10,10,0.0
zsre-203,0.75,1.0,0.0,10,10,10,0.0
zsre-203,0.7,1.0,0.0,10,10,10,0.0
zsre-2039,0.95,0.0,0.0,5,5,5,1.0
zsre-2039,0.9,0.0,0.0,5,5,5,1.0
zsre-2039,0.85,0.0,0.0,5,5,5,1.0
zsre-2039,0.8,1.0,0.0,5,5,5,0.0
zsre-2039,0.75,1.0,0.2,5,5,5,0.2
zsre-2039,0.7,1.0,0.2,5,5,5,0.2
zsre-2040,0.95,0.0,0.0,5,5,5,1.0
zsre-2040,0.9,0.0,0.0,5,5,5,1.0
zsre-2040,0.85,0.0,0.0,5,5,5,1.0
zsre-2040,0.8,0.0,0.2,5,5,5,1.2
zsre-2040,0.75,1.0,0.2,5,5,5,0.2
zsre-2040,0.7,1.0,0.2,5,5,5,0.2
zsre-2041,0.95,0.0,0.0,5,5,5,1.0
zsre-2041,0.9,0.0,0.0,5,5,5,1.0
zsre-2041,0.85,0.0,0.0,5,5,5,1.0
zsre-2041,0.8,0.0,0.0,5,5,5,1.0
zsre-2041,0.75,1.0,0.0,5,5,5,0.0
zsre-2041,0.7,1.0,0.0,5,5,5,0.0
zsre-2042,0.95,1.0,0.0,5,5,5,0.0
zsre-2042,0.9,1.0,0.0,5,5,5,0.0
zsre-2042,0.85,1.0,0.0,5,5,5,0.0
zsre-2042,0.8,1.0,0.0,5,5,5,0.0
zsre-2042,0.75,1.0,0.0,5,5,5,0.0
zsre-2042,0.7,1.0,0.0,5,5,5,0.0
zsre-2045,0.95,1.0,0.4,5,5,5,0.4
zsre-2045,0.9,1.0,0.4,5,5,5,0.4
zsre-2045,0.85,1.0,0.4,5,5,5,0.4
zsre-2045,0.8,1.0,0.4,5,5,5,0.4
zsre-2045,0.75,1.0,0.4,5,5,5,0.4
zsre-2045,0.7,1.0,0.4,5,5,5,0.4
zsre-2047,0.95,1.0,0.4,5,5,5,0.4
zsre-2047,0.9,1.0,0.4,5,5,5,0.4
zsre-2047,0.85,1.0,0.4,5,5,5,0.4
zsre-2047,0.8,1.0,0.4,5,5,5,0.4
zsre-2047,0.75,1.0,0.4,5,5,5,0.4
zsre-2047,0.7,1.0,0.4,5,5,5,0.4
zsre-2048,0.95,1.0,0.4,5,5,5,0.4
zsre-2048,0.9,1.0,0.4,5,5,5,0.4
zsre-2048,0.85,1.0,0.4,5,5,5,0.4
zsre-2048,0.8,1.0,0.4,5,5,5,0.4
zsre-2048,0.75,1.0,0.4,5,5,5,0.4
zsre-2048,0.7,1.0,0.4,5,5,5,0.4
zsre-2055,0.95,0.0,0.0,20,20,20,1.0
zsre-2055,0.9,0.0,0.0,20,20,20,1.0
zsre-2055,0.85,0.0,0.0,20,20,20,1.0
zsre-2055,0.8,1.0,0.05,20,20,20,0.05
zsre-2055,0.75,1.0,0.05,20,20,20,0.05
zsre-2055,0.7,1.0,0.1,20,20,20,0.1
zsre-2056,0.95,0.0,0.0,20,20,20,1.0
zsre-2056,0.9,0.0,0.0,20,20,20,1.0
zsre-2056,0.85,0.0,0.0,20,20,20,1.0
zsre-2056,0.8,1.0,0.0,20,20,20,0.0
zsre-2056,0.75,1.0,0.05,20,20,20,0.05
zsre-2056,0.7,1.0,0.05,20,20,20,0.05
zsre-2068,0.95,0.0,0.0,20,20,20,1.0
zsre-2068,0.9,0.0,0.0,20,20,20,1.0
zsre-2068,0.85,0.0,0.0,20,20,20,1.0
zsre-2068,0.8,1.0,0.1,20,20,20,0.1
zsre-2068,0.75,1.0,0.1,20,20,20,0.1
zsre-2068,0.7,1.0,0.05,20,20,20,0.05
zsre-2069,0.95,0.0,0.0,20,20,20,1.0
zsre-2069,0.9,0.0,0.0,20,20,20,1.0
zsre-2069,0.85,1.0,0.1,20,20,20,0.1
zsre-2069,0.8,1.0,0.1,20,20,20,0.1
zsre-2069,0.75,1.0,0.1,20,20,20,0.1
zsre-2069,0.7,1.0,0.1,20,20,20,0.1
zsre-2070,0.95,0.0,0.0,20,20,20,1.0
zsre-2070,0.9,0.0,0.0,20,20,20,1.0
zsre-2070,0.85,1.0,0.1,20,20,20,0.1
zsre-2070,0.8,1.0,0.1,20,20,20,0.1
zsre-2070,0.75,1.0,0.1,20,20,20,0.1
zsre-2070,0.7,1.0,0.1,20,20,20,0.1
zsre-2080,0.95,1.0,0.0,5,5,5,0.0
zsre-2080,0.9,1.0,0.0,5,5,5,0.0
zsre-2080,0.85,1.0,0.0,5,5,5,0.0
zsre-2080,0.8,1.0,0.0,5,5,5,0.0
zsre-2080,0.75,1.0,0.0,5,5,5,0.0
zsre-2080,0.7,1.0,0.0,5,5,5,0.0
zsre-2099,0.95,1.0,0.0,5,5,5,0.0
zsre-2099,0.9,1.0,0.0,5,5,5,0.0
zsre-2099,0.85,1.0,0.0,5,5,5,0.0
zsre-2099,0.8,1.0,0.0,5,5,5,0.0
zsre-2099,0.75,1.0,0.0,5,5,5,0.0
zsre-2099,0.7,1.0,0.0,5,5,5,0.0
zsre-2104,0.95,0.0,0.0,5,5,5,1.0
zsre-2104,0.9,0.0,0.0,5,5,5,1.0
zsre-2104,0.85,0.0,0.0,5,5,5,1.0
zsre-2104,0.8,1.0,0.2,5,5,5,0.2
zsre-2104,0.75,1.0,0.2,5,5,5,0.2
zsre-2104,0.7,1.0,0.2,5,5,5,0.2
zsre-2105,0.95,0.0,0.0,5,5,5,1.0
zsre-2105,0.9,0.0,0.0,5,5,5,1.0
zsre-2105,0.85,0.0,0.0,5,5,5,1.0
zsre-2105,0.8,1.0,0.2,5,5,5,0.2
zsre-2105,0.75,1.0,0.2,5,5,5,0.2
zsre-2105,0.7,1.0,0.2,5,5,5,0.2
zsre-2109,0.95,1.0,0.0,5,5,5,0.0
zsre-2109,0.9,1.0,0.0,5,5,5,0.0
zsre-2109,0.85,1.0,0.0,5,5,5,0.0
zsre-2109,0.8,1.0,0.0,5,5,5,0.0
zsre-2109,0.75,1.0,0.0,5,5,5,0.0
zsre-2109,0.7,1.0,0.0,5,5,5,0.0
zsre-2116,0.95,1.0,0.0,5,5,5,0.0
zsre-2116,0.9,1.0,0.0,5,5,5,0.0
zsre-2116,0.85,0.0,0.0,5,5,5,1.0
zsre-2116,0.8,1.0,0.0,5,5,5,0.0
zsre-2116,0.75,1.0,0.0,5,5,5,0.0
zsre-2116,0.7,1.0,0.0,5,5,5,0.0
zsre-2135,0.95,0.0,0.0,17,17,17,1.0
zsre-2135,0.9,0.0,0.0,17,17,17,1.0
zsre-2135,0.85,0.0,0.0,17,17,17,1.0
zsre-2135,0.8,1.0,0.4117647058823529,17,17,17,0.4117647058823529
zsre-2135,0.75,1.0,0.4117647058823529,17,17,17,0.4117647058823529
zsre-2135,0.7,1.0,0.4117647058823529,17,17,17,0.4117647058823529
zsre-2136,0.95,0.0,0.0,16,16,16,1.0
zsre-2136,0.9,0.0,0.0,16,16,16,1.0
zsre-2136,0.85,0.0,0.0,16,16,16,1.0
zsre-2136,0.8,1.0,0.4375,16,16,16,0.4375
zsre-2136,0.75,1.0,0.4375,16,16,16,0.4375
zsre-2136,0.7,1.0,0.4375,16,16,16,0.4375
zsre-2137,0.95,0.0,0.0,20,20,20,1.0
zsre-2137,0.9,0.0,0.0,20,20,20,1.0
zsre-2137,0.85,0.0,0.0,20,20,20,1.0
zsre-2137,0.8,1.0,0.35,20,20,20,0.35
zsre-2137,0.75,1.0,0.35,20,20,20,0.35
zsre-2137,0.7,1.0,0.35,20,20,20,0.35
zsre-2138,0.95,0.0,0.0,14,14,14,1.0
zsre-2138,0.9,0.0,0.0,14,14,14,1.0
zsre-2138,0.85,0.0,0.0,14,14,14,1.0
zsre-2138,0.8,0.0,0.0,14,14,14,1.0
zsre-2138,0.75,1.0,0.5,14,14,14,0.5
zsre-2138,0.7,1.0,0.5,14,14,14,0.5
zsre-2139,0.95,0.0,0.0,20,20,20,1.0
zsre-2139,0.9,0.0,0.0,20,20,20,1.0
zsre-2139,0.85,0.0,0.0,20,20,20,1.0
zsre-2139,0.8,1.0,0.35,20,20,20,0.35
zsre-2139,0.75,1.0,0.35,20,20,20,0.35
zsre-2139,0.7,1.0,0.35,20,20,20,0.35
zsre-2140,0.95,0.0,0.0,20,20,20,1.0
zsre-2140,0.9,0.0,0.0,20,20,20,1.0
zsre-2140,0.85,0.0,0.0,20,20,20,1.0
zsre-2140,0.8,1.0,0.35,20,20,20,0.35
zsre-2140,0.75,1.0,0.35,20,20,20,0.35
zsre-2140,0.7,1.0,0.35,20,20,20,0.35
zsre-2141,0.95,0.0,0.0,15,15,15,1.0
zsre-2141,0.9,0.0,0.0,15,15,15,1.0
zsre-2141,0.85,0.0,0.0,15,15,15,1.0
zsre-2141,0.8,0.0,0.0,15,15,15,1.0
zsre-2141,0.75,0.0,0.0,15,15,15,1.0
zsre-2141,0.7,1.0,0.4666666666666667,15,15,15,0.4666666666666667
zsre-2142,0.95,0.0,0.0,9,9,9,1.0
zsre-2142,0.9,0.0,0.0,9,9,9,1.0
zsre-2142,0.85,0.0,0.0,9,9,9,1.0
zsre-2142,0.8,0.0,0.0,9,9,9,1.0
zsre-2142,0.75,1.0,0.7777777777777778,9,9,9,0.7777777777777778
zsre-2142,0.7,1.0,0.7777777777777778,9,9,9,0.7777777777777778
zsre-2154,0.95,1.0,0.0,8,8,8,0.0
zsre-2154,0.9,1.0,0.0,8,8,8,0.0
zsre-2154,0.85,1.0,0.0,8,8,8,0.0
zsre-2154,0.8,1.0,0.0,8,8,8,0.0
zsre-2154,0.75,1.0,0.0,8,8,8,0.0
zsre-2154,0.7,1.0,0.0,8,8,8,0.0
zsre-2157,0.95,1.0,0.0,5,5,5,0.0
zsre-2157,0.9,1.0,0.0,5,5,5,0.0
zsre-2157,0.85,1.0,0.0,5,5,5,0.0
zsre-2157,0.8,1.0,0.0,5,5,5,0.0
zsre-2157,0.75,1.0,0.0,5,5,5,0.0
zsre-2157,0.7,1.0,0.0,5,5,5,0.0
zsre-216,0.95,1.0,0.0,5,5,5,0.0
zsre-216,0.9,1.0,0.0,5,5,5,0.0
zsre-216,0.85,1.0,0.0,5,5,5,0.0
zsre-216,0.8,1.0,0.0,5,5,5,0.0
zsre-216,0.75,1.0,0.0,5,5,5,0.0
zsre-216,0.7,1.0,0.2,5,5,5,0.2
zsre-220,0.95,1.0,0.0,5,5,5,0.0
zsre-220,0.9,1.0,0.0,5,5,5,0.0
zsre-220,0.85,1.0,0.0,5,5,5,0.0
zsre-220,0.8,1.0,0.0,5,5,5,0.0
zsre-220,0.75,1.0,0.0,5,5,5,0.0
zsre-220,0.7,1.0,0.0,5,5,5,0.0
zsre-2203,0.95,1.0,0.0,5,5,5,0.0
zsre-2203,0.9,1.0,0.0,5,5,5,0.0
zsre-2203,0.85,1.0,0.0,5,5,5,0.0
zsre-2203,0.8,1.0,0.0,5,5,5,0.0
zsre-2203,0.75,1.0,0.0,5,5,5,0.0
zsre-2203,0.7,1.0,0.0,5,5,5,0.0
zsre-2209,0.95,0.0,0.0,5,5,5,1.0
zsre-2209,0.9,0.0,0.0,5,5,5,1.0
zsre-2209,0.85,0.0,0.0,5,5,5,1.0
zsre-2209,0.8,1.0,0.0,5,5,5,0.0
zsre-2209,0.75,1.0,0.0,5,5,5,0.0
zsre-2209,0.7,1.0,0.0,5,5,5,0.0
zsre-2213,0.95,1.0,0.05555555555555555,18,18,18,0.05555555555555555
zsre-2213,0.9,1.0,0.05555555555555555,18,18,18,0.05555555555555555
zsre-2213,0.85,1.0,0.05555555555555555,18,18,18,0.05555555555555555
zsre-2213,0.8,1.0,0.05555555555555555,18,18,18,0.05555555555555555
zsre-2213,0.75,1.0,0.05555555555555555,18,18,18,0.05555555555555555
zsre-2213,0.7,1.0,0.05555555555555555,18,18,18,0.05555555555555555
zsre-223,0.95,1.0,0.0,7,7,7,0.0
zsre-223,0.9,1.0,0.0,7,7,7,0.0
zsre-223,0.85,1.0,0.0,7,7,7,0.0
zsre-223,0.8,1.0,0.0,7,7,7,0.0
zsre-223,0.75,1.0,0.0,7,7,7,0.0
zsre-223,0.7,1.0,0.0,7,7,7,0.0
zsre-2233,0.95,1.0,0.0,7,7,7,0.0
zsre-2233,0.9,1.0,0.0,7,7,7,0.0
zsre-2233,0.85,1.0,0.0,7,7,7,0.0
zsre-2233,0.8,1.0,0.0,7,7,7,0.0
zsre-2233,0.75,1.0,0.0,7,7,7,0.0
zsre-2233,0.7,1.0,0.0,7,7,7,0.0
zsre-2246,0.95,1.0,0.0,5,5,5,0.0
zsre-2246,0.9,1.0,0.0,5,5,5,0.0
zsre-2246,0.85,1.0,0.0,5,5,5,0.0
zsre-2246,0.8,1.0,0.0,5,5,5,0.0
zsre-2246,0.75,1.0,0.0,5,5,5,0.0
zsre-2246,0.7,1.0,0.0,5,5,5,0.0
zsre-2247,0.95,1.0,0.0,7,7,7,0.0
zsre-2247,0.9,1.0,0.0,7,7,7,0.0
zsre-2247,0.85,1.0,0.0,7,7,7,0.0
zsre-2247,0.8,1.0,0.0,7,7,7,0.0
zsre-2247,0.75,1.0,0.0,7,7,7,0.0
zsre-2247,0.7,1.0,0.0,7,7,7,0.0
zsre-2249,0.95,1.0,0.0,5,5,5,0.0
zsre-2249,0.9,1.0,0.0,5,5,5,0.0
zsre-2249,0.85,1.0,0.0,5,5,5,0.0
zsre-2249,0.8,1.0,0.0,5,5,5,0.0
zsre-2249,0.75,1.0,0.0,5,5,5,0.0
zsre-2249,0.7,1.0,0.0,5,5,5,0.0
zsre-2268,0.95,1.0,0.0,5,5,5,0.0
zsre-2268,0.9,1.0,0.0,5,5,5,0.0
zsre-2268,0.85,1.0,0.0,5,5,5,0.0
zsre-2268,0.8,1.0,0.0,5,5,5,0.0
zsre-2268,0.75,1.0,0.0,5,5,5,0.0
zsre-2268,0.7,1.0,0.0,5,5,5,0.0
zsre-2270,0.95,0.0,0.0,8,8,8,1.0
zsre-2270,0.9,0.0,0.0,8,8,8,1.0
zsre-2270,0.85,1.0,0.0,8,8,8,0.0
zsre-2270,0.8,1.0,0.0,8,8,8,0.0
zsre-2270,0.75,1.0,0.0,8,8,8,0.0
zsre-2270,0.7,1.0,0.125,8,8,8,0.125
zsre-2276,0.95,0.0,0.0,5,5,5,1.0
zsre-2276,0.9,0.0,0.0,5,5,5,1.0
zsre-2276,0.85,0.0,0.0,5,5,5,1.0
zsre-2276,0.8,0.0,0.0,5,5,5,1.0
zsre-2276,0.75,1.0,0.0,5,5,5,0.0
zsre-2276,0.7,1.0,0.0,5,5,5,0.0
zsre-2286,0.95,1.0,0.0,5,5,5,0.0
zsre-2286,0.9,1.0,0.0,5,5,5,0.0
zsre-2286,0.85,1.0,0.0,5,5,5,0.0
zsre-2286,0.8,1.0,0.0,5,5,5,0.0
zsre-2286,0.75,1.0,0.0,5,5,5,0.0
zsre-2286,0.7,1.0,0.0,5,5,5,0.0
zsre-2298,0.95,1.0,0.0,5,5,5,0.0
zsre-2298,0.9,1.0,0.0,5,5,5,0.0
zsre-2298,0.85,1.0,0.0,5,5,5,0.0
zsre-2298,0.8,1.0,0.0,5,5,5,0.0
zsre-2298,0.75,1.0,0.0,5,5,5,0.0
zsre-2298,0.7,1.0,0.0,5,5,5,0.0
zsre-23,0.95,0.0,0.0,13,13,13,1.0
zsre-23,0.9,0.0,0.0,13,13,13,1.0
zsre-23,0.85,0.0,0.0,13,13,13,1.0
zsre-23,0.8,1.0,0.07692307692307693,13,13,13,0.07692307692307693
zsre-23,0.75,1.0,0.07692307692307693,13,13,13,0.07692307692307693
zsre-23,0.7,1.0,0.07692307692307693,13,13,13,0.07692307692307693
zsre-2300,0.95,1.0,0.0,9,9,9,0.0
zsre-2300,0.9,1.0,0.0,9,9,9,0.0
zsre-2300,0.85,1.0,0.0,9,9,9,0.0
zsre-2300,0.8,1.0,0.0,9,9,9,0.0
zsre-2300,0.75,1.0,0.0,9,9,9,0.0
zsre-2300,0.7,1.0,0.0,9,9,9,0.0
zsre-2317,0.95,0.0,0.0,5,5,5,1.0
zsre-2317,0.9,0.0,0.0,5,5,5,1.0
zsre-2317,0.85,0.0,0.0,5,5,5,1.0
zsre-2317,0.8,0.0,0.0,5,5,5,1.0
zsre-2317,0.75,0.0,0.0,5,5,5,1.0
zsre-2317,0.7,1.0,0.0,5,5,5,0.0
zsre-2319,0.95,1.0,0.0,5,5,5,0.0
zsre-2319,0.9,1.0,0.0,5,5,5,0.0
zsre-2319,0.85,1.0,0.0,5,5,5,0.0
zsre-2319,0.8,1.0,0.0,5,5,5,0.0
zsre-2319,0.75,1.0,0.0,5,5,5,0.0
zsre-2319,0.7,1.0,0.0,5,5,5,0.0
zsre-2327,0.95,1.0,0.0,5,5,5,0.0
zsre-2327,0.9,1.0,0.0,5,5,5,0.0
zsre-2327,0.85,1.0,0.0,5,5,5,0.0
zsre-2327,0.8,1.0,0.0,5,5,5,0.0
zsre-2327,0.75,1.0,0.0,5,5,5,0.0
zsre-2327,0.7,1.0,0.0,5,5,5,0.0
zsre-2336,0.95,0.0,0.0,7,7,7,1.0
zsre-2336,0.9,0.0,0.0,7,7,7,1.0
zsre-2336,0.85,0.0,0.0,7,7,7,1.0
zsre-2336,0.8,0.0,0.0,7,7,7,1.0
zsre-2336,0.75,1.0,0.0,7,7,7,0.0
zsre-2336,0.7,1.0,0.0,7,7,7,0.0
zsre-2337,0.95,0.0,0.0,5,5,5,1.0
zsre-2337,0.9,0.0,0.0,5,5,5,1.0
zsre-2337,0.85,0.0,0.0,5,5,5,1.0
zsre-2337,0.8,0.0,0.2,5,5,5,1.2
zsre-2337,0.75,0.0,0.2,5,5,5,1.2
zsre-2337,0.7,1.0,0.4,5,5,5,0.4
zsre-2338,0.95,0.0,0.0,5,5,5,1.0
zsre-2338,0.9,0.0,0.0,5,5,5,1.0
zsre-2338,0.85,0.0,0.0,5,5,5,1.0
zsre-2338,0.8,0.0,0.2,5,5,5,1.2
zsre-2338,0.75,1.0,0.4,5,5,5,0.4
zsre-2338,0.7,1.0,0.4,5,5,5,0.4
zsre-2339,0.95,0.0,0.0,5,5,5,1.0
zsre-2339,0.9,0.0,0.0,5,5,5,1.0
zsre-2339,0.85,0.0,0.2,5,5,5,1.2
zsre-2339,0.8,1.0,0.0,5,5,5,0.0
zsre-2339,0.75,1.0,0.4,5,5,5,0.4
zsre-2339,0.7,1.0,0.4,5,5,5,0.4
zsre-2343,0.95,1.0,0.0,7,7,7,0.0
zsre-2343,0.9,1.0,0.0,7,7,7,0.0
zsre-2343,0.85,1.0,0.0,7,7,7,0.0
zsre-2343,0.8,1.0,0.0,7,7,7,0.0
zsre-2343,0.75,1.0,0.0,7,7,7,0.0
zsre-2343,0.7,1.0,0.0,7,7,7,0.0
zsre-2349,0.95,1.0,0.0,5,5,5,0.0
zsre-2349,0.9,1.0,0.0,5,5,5,0.0
zsre-2349,0.85,1.0,0.0,5,5,5,0.0
zsre-2349,0.8,1.0,0.0,5,5,5,0.0
zsre-2349,0.75,1.0,0.0,5,5,5,0.0
zsre-2349,0.7,1.0,0.0,5,5,5,0.0
zsre-2360,0.95,1.0,0.0,20,20,20,0.0
zsre-2360,0.9,1.0,0.0,20,20,20,0.0
zsre-2360,0.85,1.0,0.0,20,20,20,0.0
zsre-2360,0.8,1.0,0.0,20,20,20,0.0
zsre-2360,0.75,1.0,0.0,20,20,20,0.0
zsre-2360,0.7,1.0,0.0,20,20,20,0.0
zsre-237,0.95,1.0,0.0,20,20,20,0.0
zsre-237,0.9,1.0,0.0,20,20,20,0.0
zsre-237,0.85,1.0,0.0,20,20,20,0.0
zsre-237,0.8,1.0,0.0,20,20,20,0.0
zsre-237,0.75,1.0,0.0,20,20,20,0.0
zsre-237,0.7,1.0,0.0,20,20,20,0.0
zsre-2378,0.95,1.0,0.0,5,5,5,0.0
zsre-2378,0.9,1.0,0.0,5,5,5,0.0
zsre-2378,0.85,1.0,0.0,5,5,5,0.0
zsre-2378,0.8,1.0,0.0,5,5,5,0.0
zsre-2378,0.75,1.0,0.0,5,5,5,0.0
zsre-2378,0.7,1.0,0.0,5,5,5,0.0
zsre-2385,0.95,0.0,0.0,5,5,5,1.0
zsre-2385,0.9,0.0,0.0,5,5,5,1.0
zsre-2385,0.85,1.0,0.2,5,5,5,0.2
zsre-2385,0.8,1.0,0.2,5,5,5,0.2
zsre-2385,0.75,1.0,0.2,5,5,5,0.2
zsre-2385,0.7,1.0,0.2,5,5,5,0.2
zsre-2387,0.95,1.0,0.0,9,9,9,0.0
zsre-2387,0.9,0.0,0.0,9,9,9,1.0
zsre-2387,0.85,1.0,0.1111111111111111,9,9,9,0.1111111111111111
zsre-2387,0.8,1.0,0.1111111111111111,9,9,9,0.1111111111111111
zsre-2387,0.75,1.0,0.1111111111111111,9,9,9,0.1111111111111111
zsre-2387,0.7,1.0,0.1111111111111111,9,9,9,0.1111111111111111
zsre-2399,0.95,0.0,0.0,5,5,5,1.0
zsre-2399,0.9,0.0,0.0,5,5,5,1.0
zsre-2399,0.85,0.0,0.0,5,5,5,1.0
zsre-2399,0.8,0.0,0.0,5,5,5,1.0
zsre-2399,0.75,1.0,0.0,5,5,5,0.0
zsre-2399,0.7,1.0,0.0,5,5,5,0.0
zsre-24,0.95,0.0,0.0,13,13,13,1.0
zsre-24,0.9,0.0,0.0,13,13,13,1.0
zsre-24,0.85,0.0,0.0,13,13,13,1.0
zsre-24,0.8,1.0,0.07692307692307693,13,13,13,0.07692307692307693
zsre-24,0.75,1.0,0.07692307692307693,13,13,13,0.07692307692307693
zsre-24,0.7,1.0,0.07692307692307693,13,13,13,0.07692307692307693
zsre-2435,0.95,0.0,0.0,5,5,5,1.0
zsre-2435,0.9,0.0,0.0,5,5,5,1.0
zsre-2435,0.85,0.0,0.0,5,5,5,1.0
zsre-2435,0.8,0.0,0.0,5,5,5,1.0
zsre-2435,0.75,1.0,0.0,5,5,5,0.0
zsre-2435,0.7,1.0,0.0,5,5,5,0.0
zsre-2458,0.95,1.0,0.07142857142857142,14,14,14,0.07142857142857142
zsre-2458,0.9,1.0,0.07142857142857142,14,14,14,0.07142857142857142
zsre-2458,0.85,1.0,0.07142857142857142,14,14,14,0.07142857142857142
zsre-2458,0.8,1.0,0.07142857142857142,14,14,14,0.07142857142857142
zsre-2458,0.75,1.0,0.07142857142857142,14,14,14,0.07142857142857142
zsre-2458,0.7,1.0,0.07142857142857142,14,14,14,0.07142857142857142
zsre-2461,0.95,1.0,0.058823529411764705,17,17,17,0.058823529411764705
zsre-2461,0.9,1.0,0.058823529411764705,17,17,17,0.058823529411764705
zsre-2461,0.85,1.0,0.058823529411764705,17,17,17,0.058823529411764705
zsre-2461,0.8,1.0,0.058823529411764705,17,17,17,0.058823529411764705
zsre-2461,0.75,1.0,0.058823529411764705,17,17,17,0.058823529411764705
zsre-2461,0.7,1.0,0.058823529411764705,17,17,17,0.058823529411764705
zsre-2475,0.95,1.0,0.0,5,5,5,0.0
zsre-2475,0.9,1.0,0.0,5,5,5,0.0
zsre-2475,0.85,1.0,0.0,5,5,5,0.0
zsre-2475,0.8,1.0,0.0,5,5,5,0.0
zsre-2475,0.75,1.0,0.0,5,5,5,0.0
zsre-2475,0.7,1.0,0.0,5,5,5,0.0
zsre-2497,0.95,1.0,0.0,6,6,6,0.0
zsre-2497,0.9,1.0,0.0,6,6,6,0.0
zsre-2497,0.85,1.0,0.0,6,6,6,0.0
zsre-2497,0.8,1.0,0.0,6,6,6,0.0
zsre-2497,0.75,1.0,0.0,6,6,6,0.0
zsre-2497,0.7,1.0,0.0,6,6,6,0.0
zsre-2524,0.95,1.0,0.0,5,5,5,0.0
zsre-2524,0.9,1.0,0.0,5,5,5,0.0
zsre-2524,0.85,1.0,0.0,5,5,5,0.0
zsre-2524,0.8,1.0,0.0,5,5,5,0.0
zsre-2524,0.75,1.0,0.0,5,5,5,0.0
zsre-2524,0.7,1.0,0.0,5,5,5,0.0
zsre-2527,0.95,1.0,0.0,18,18,18,0.0
zsre-2527,0.9,1.0,0.0,18,18,18,0.0
zsre-2527,0.85,1.0,0.0,18,18,18,0.0
zsre-2527,0.8,1.0,0.0,18,18,18,0.0
zsre-2527,0.75,1.0,0.0,18,18,18,0.0
zsre-2527,0.7,1.0,0.05555555555555555,18,18,18,0.05555555555555555
zsre-2530,0.95,0.0,0.0,5,5,5,1.0
zsre-2530,0.9,0.0,0.0,5,5,5,1.0
zsre-2530,0.85,0.0,0.0,5,5,5,1.0
zsre-2530,0.8,0.0,0.0,5,5,5,1.0
zsre-2530,0.75,0.0,0.0,5,5,5,1.0
zsre-2530,0.7,1.0,0.0,5,5,5,0.0
zsre-2532,0.95,1.0,0.0,20,20,20,0.0
zsre-2532,0.9,1.0,0.0,20,20,20,0.0
zsre-2532,0.85,1.0,0.0,20,20,20,0.0
zsre-2532,0.8,1.0,0.0,20,20,20,0.0
zsre-2532,0.75,1.0,0.0,20,20,20,0.0
zsre-2532,0.7,1.0,0.05,20,20,20,0.05
zsre-2536,0.95,1.0,0.0,16,16,16,0.0
zsre-2536,0.9,1.0,0.0,16,16,16,0.0
zsre-2536,0.85,1.0,0.0,16,16,16,0.0
zsre-2536,0.8,1.0,0.0,16,16,16,0.0
zsre-2536,0.75,1.0,0.0,16,16,16,0.0
zsre-2536,0.7,1.0,0.0,16,16,16,0.0
zsre-2549,0.95,0.0,0.0,5,5,5,1.0
zsre-2549,0.9,0.0,0.0,5,5,5,1.0
zsre-2549,0.85,0.0,0.0,5,5,5,1.0
zsre-2549,0.8,1.0,0.0,5,5,5,0.0
zsre-2549,0.75,1.0,0.0,5,5,5,0.0
zsre-2549,0.7,1.0,0.0,5,5,5,0.0
zsre-2550,0.95,0.0,0.0,5,5,5,1.0
zsre-2550,0.9,0.0,0.0,5,5,5,1.0
zsre-2550,0.85,0.0,0.0,5,5,5,1.0
zsre-2550,0.8,0.0,0.0,5,5,5,1.0
zsre-2550,0.75,0.0,0.0,5,5,5,1.0
zsre-2550,0.7,1.0,0.0,5,5,5,0.0
zsre-2570,0.95,0.0,0.0,5,5,5,1.0
zsre-2570,0.9,0.0,0.0,5,5,5,1.0
zsre-2570,0.85,0.0,0.0,5,5,5,1.0
zsre-2570,0.8,1.0,0.0,5,5,5,0.0
zsre-2570,0.75,1.0,0.0,5,5,5,0.0
zsre-2570,0.7,1.0,0.0,5,5,5,0.0
zsre-2584,0.95,1.0,0.1111111111111111,9,9,9,0.1111111111111111
zsre-2584,0.9,1.0,0.1111111111111111,9,9,9,0.1111111111111111
zsre-2584,0.85,1.0,0.1111111111111111,9,9,9,0.1111111111111111
zsre-2584,0.8,1.0,0.1111111111111111,9,9,9,0.1111111111111111
zsre-2584,0.75,1.0,0.1111111111111111,9,9,9,0.1111111111111111
zsre-2584,0.7,1.0,0.1111111111111111,9,9,9,0.1111111111111111
zsre-2585,0.95,1.0,0.1111111111111111,9,9,9,0.1111111111111111
zsre-2585,0.9,1.0,0.1111111111111111,9,9,9,0.1111111111111111
zsre-2585,0.85,1.0,0.1111111111111111,9,9,9,0.1111111111111111
zsre-2585,0.8,1.0,0.1111111111111111,9,9,9,0.1111111111111111
zsre-2585,0.75,1.0,0.1111111111111111,9,9,9,0.1111111111111111
zsre-2585,0.7,1.0,0.1111111111111111,9,9,9,0.1111111111111111
zsre-2590,0.95,1.0,0.25,20,20,20,0.25
zsre-2590,0.9,1.0,0.25,20,20,20,0.25
zsre-2590,0.85,1.0,0.25,20,20,20,0.25
zsre-2590,0.8,1.0,0.25,20,20,20,0.25
zsre-2590,0.75,1.0,0.25,20,20,20,0.25
zsre-2590,0.7,1.0,0.25,20,20,20,0.25
zsre-2591,0.95,1.0,0.25,20,20,20,0.25
zsre-2591,0.9,1.0,0.25,20,20,20,0.25
zsre-2591,0.85,1.0,0.25,20,20,20,0.25
zsre-2591,0.8,1.0,0.25,20,20,20,0.25
zsre-2591,0.75,1.0,0.25,20,20,20,0.25
zsre-2591,0.7,1.0,0.25,20,20,20,0.25
zsre-2593,0.95,1.0,0.4166666666666667,12,12,12,0.4166666666666667
zsre-2593,0.9,1.0,0.4166666666666667,12,12,12,0.4166666666666667
zsre-2593,0.85,1.0,0.4166666666666667,12,12,12,0.4166666666666667
zsre-2593,0.8,1.0,0.4166666666666667,12,12,12,0.4166666666666667
zsre-2593,0.75,1.0,0.4166666666666667,12,12,12,0.4166666666666667
zsre-2593,0.7,1.0,0.4166666666666667,12,12,12,0.4166666666666667
zsre-2594,0.95,1.0,0.25,20,20,20,0.25
zsre-2594,0.9,1.0,0.25,20,20,20,0.25
zsre-2594,0.85,1.0,0.25,20,20,20,0.25
zsre-2594,0.8,1.0,0.25,20,20,20,0.25
zsre-2594,0.75,1.0,0.25,20,20,20,0.25
zsre-2594,0.7,1.0,0.25,20,20,20,0.25
zsre-2597,0.95,1.0,0.2631578947368421,19,19,19,0.2631578947368421
zsre-2597,0.9,1.0,0.2631578947368421,19,19,19,0.2631578947368421
zsre-2597,0.85,1.0,0.2631578947368421,19,19,19,0.2631578947368421
zsre-2597,0.8,1.0,0.2631578947368421,19,19,19,0.2631578947368421
zsre-2597,0.75,1.0,0.2631578947368421,19,19,19,0.2631578947368421
zsre-2597,0.7,1.0,0.2631578947368421,19,19,19,0.2631578947368421
zsre-2600,0.95,1.0,0.29411764705882354,17,17,17,0.29411764705882354
zsre-2600,0.9,1.0,0.29411764705882354,17,17,17,0.29411764705882354
zsre-2600,0.85,1.0,0.29411764705882354,17,17,17,0.29411764705882354
zsre-2600,0.8,1.0,0.29411764705882354,17,17,17,0.29411764705882354
zsre-2600,0.75,1.0,0.29411764705882354,17,17,17,0.29411764705882354
zsre-2600,0.7,1.0,0.29411764705882354,17,17,17,0.29411764705882354
zsre-2627,0.95,0.0,0.0,5,5,5,1.0
zsre-2627,0.9,0.0,0.0,5,5,5,1.0
zsre-2627,0.85,0.0,0.0,5,5,5,1.0
zsre-2627,0.8,0.0,0.0,5,5,5,1.0
zsre-2627,0.75,1.0,0.0,5,5,5,0.0
zsre-2627,0.7,1.0,0.0,5,5,5,0.0
zsre-2667,0.95,0.0,0.0,5,5,5,1.0
zsre-2667,0.9,0.0,0.0,5,5,5,1.0
zsre-2667,0.85,0.0,0.0,5,5,5,1.0
zsre-2667,0.8,1.0,0.0,5,5,5,0.0
zsre-2667,0.75,1.0,0.0,5,5,5,0.0
zsre-2667,0.7,1.0,0.0,5,5,5,0.0
zsre-2689,0.95,1.0,0.09090909090909091,11,11,11,0.09090909090909091
zsre-2689,0.9,1.0,0.09090909090909091,11,11,11,0.09090909090909091
zsre-2689,0.85,1.0,0.09090909090909091,11,11,11,0.09090909090909091
zsre-2689,0.8,1.0,0.09090909090909091,11,11,11,0.09090909090909091
zsre-2689,0.75,1.0,0.09090909090909091,11,11,11,0.09090909090909091
zsre-2689,0.7,1.0,0.09090909090909091,11,11,11,0.09090909090909091
zsre-2691,0.95,1.0,0.07142857142857142,14,14,14,0.07142857142857142
zsre-2691,0.9,1.0,0.07142857142857142,14,14,14,0.07142857142857142
zsre-2691,0.85,1.0,0.07142857142857142,14,14,14,0.07142857142857142
zsre-2691,0.8,1.0,0.07142857142857142,14,14,14,0.07142857142857142
zsre-2691,0.75,1.0,0.07142857142857142,14,14,14,0.07142857142857142
zsre-2691,0.7,1.0,0.07142857142857142,14,14,14,0.07142857142857142
zsre-2713,0.95,1.0,0.0,5,5,5,0.0
zsre-2713,0.9,1.0,0.0,5,5,5,0.0
zsre-2713,0.85,1.0,0.0,5,5,5,0.0
zsre-2713,0.8,1.0,0.0,5,5,5,0.0
zsre-2713,0.75,1.0,0.0,5,5,5,0.0
zsre-2713,0.7,1.0,0.0,5,5,5,0.0
zsre-2720,0.95,1.0,0.0,5,5,5,0.0
zsre-2720,0.9,1.0,0.0,5,5,5,0.0
zsre-2720,0.85,1.0,0.0,5,5,5,0.0
zsre-2720,0.8,1.0,0.0,5,5,5,0.0
zsre-2720,0.75,1.0,0.0,5,5,5,0.0
zsre-2720,0.7,1.0,0.0,5,5,5,0.0
zsre-2747,0.95,0.0,0.0,20,20,20,1.0
zsre-2747,0.9,0.0,0.0,20,20,20,1.0
zsre-2747,0.85,1.0,0.0,20,20,20,0.0
zsre-2747,0.8,1.0,0.0,20,20,20,0.0
zsre-2747,0.75,1.0,0.0,20,20,20,0.0
zsre-2747,0.7,1.0,0.0,20,20,20,0.0
zsre-2749,0.95,0.0,0.2,5,5,5,1.2
zsre-2749,0.9,0.0,0.2,5,5,5,1.2
zsre-2749,0.85,0.0,0.2,5,5,5,1.2
zsre-2749,0.8,0.0,0.2,5,5,5,1.2
zsre-2749,0.75,0.0,0.2,5,5,5,1.2
zsre-2749,0.7,1.0,0.2,5,5,5,0.2
zsre-2752,0.95,1.0,0.0,19,19,19,0.0
zsre-2752,0.9,1.0,0.0,19,19,19,0.0
zsre-2752,0.85,1.0,0.0,19,19,19,0.0
zsre-2752,0.8,1.0,0.0,19,19,19,0.0
zsre-2752,0.75,1.0,0.0,19,19,19,0.0
zsre-2752,0.7,1.0,0.0,19,19,19,0.0
zsre-2762,0.95,0.0,0.0,5,5,5,1.0
zsre-2762,0.9,0.0,0.0,5,5,5,1.0
zsre-2762,0.85,0.0,0.0,5,5,5,1.0
zsre-2762,0.8,0.0,0.0,5,5,5,1.0
zsre-2762,0.75,1.0,0.0,5,5,5,0.0
zsre-2762,0.7,1.0,0.0,5,5,5,0.0
zsre-2767,0.95,1.0,0.0,9,9,9,0.0
zsre-2767,0.9,1.0,0.0,9,9,9,0.0
zsre-2767,0.85,1.0,0.0,9,9,9,0.0
zsre-2767,0.8,1.0,0.0,9,9,9,0.0
zsre-2767,0.75,1.0,0.0,9,9,9,0.0
zsre-2767,0.7,1.0,0.0,9,9,9,0.0
zsre-2770,0.95,0.0,0.0,5,5,5,1.0
zsre-2770,0.9,0.0,0.0,5,5,5,1.0
zsre-2770,0.85,0.0,0.0,5,5,5,1.0
zsre-2770,0.8,0.0,0.0,5,5,5,1.0
zsre-2770,0.75,1.0,0.0,5,5,5,0.0
zsre-2770,0.7,1.0,0.0,5,5,5,0.0
zsre-2772,0.95,0.0,0.0,5,5,5,1.0
zsre-2772,0.9,0.0,0.0,5,5,5,1.0
zsre-2772,0.85,0.0,0.0,5,5,5,1.0
zsre-2772,0.8,1.0,0.0,5,5,5,0.0
zsre-2772,0.75,1.0,0.0,5,5,5,0.0
zsre-2772,0.7,1.0,0.0,5,5,5,0.0
zsre-2776,0.95,1.0,0.0,5,5,5,0.0
zsre-2776,0.9,1.0,0.0,5,5,5,0.0
zsre-2776,0.85,1.0,0.0,5,5,5,0.0
zsre-2776,0.8,1.0,0.0,5,5,5,0.0
zsre-2776,0.75,1.0,0.0,5,5,5,0.0
zsre-2776,0.7,1.0,0.0,5,5,5,0.0
zsre-2779,0.95,1.0,0.4,5,5,5,0.4
zsre-2779,0.9,1.0,0.4,5,5,5,0.4
zsre-2779,0.85,1.0,0.4,5,5,5,0.4
zsre-2779,0.8,1.0,0.4,5,5,5,0.4
zsre-2779,0.75,0.0,0.2,5,5,5,1.2
zsre-2779,0.7,1.0,0.4,5,5,5,0.4
zsre-278,0.95,1.0,0.0,16,16,16,0.0
zsre-278,0.9,1.0,0.0,16,16,16,0.0
zsre-278,0.85,1.0,0.0,16,16,16,0.0
zsre-278,0.8,1.0,0.0,16,16,16,0.0
zsre-278,0.75,1.0,0.0,16,16,16,0.0
zsre-278,0.7,1.0,0.0,16,16,16,0.0
zsre-2781,0.95,1.0,0.4,5,5,5,0.4
zsre-2781,0.9,1.0,0.4,5,5,5,0.4
zsre-2781,0.85,1.0,0.4,5,5,5,0.4
zsre-2781,0.8,1.0,0.4,5,5,5,0.4
zsre-2781,0.75,1.0,0.4,5,5,5,0.4
zsre-2781,0.7,1.0,0.4,5,5,5,0.4
zsre-2783,0.95,1.0,0.4,5,5,5,0.4
zsre-2783,0.9,1.0,0.4,5,5,5,0.4
zsre-2783,0.85,1.0,0.4,5,5,5,0.4
zsre-2783,0.8,1.0,0.4,5,5,5,0.4
zsre-2783,0.75,1.0,0.4,5,5,5,0.4
zsre-2783,0.7,1.0,0.4,5,5,5,0.4
zsre-2789,0.95,0.0,0.0,5,5,5,1.0
zsre-2789,0.9,0.0,0.0,5,5,5,1.0
zsre-2789,0.85,0.0,0.0,5,5,5,1.0
zsre-2789,0.8,0.0,0.0,5,5,5,1.0
zsre-2789,0.75,0.0,0.0,5,5,5,1.0
zsre-2789,0.7,1.0,0.0,5,5,5,0.0
zsre-2819,0.95,1.0,0.2,5,5,5,0.2
zsre-2819,0.9,1.0,0.2,5,5,5,0.2
zsre-2819,0.85,1.0,0.2,5,5,5,0.2
zsre-2819,0.8,1.0,0.2,5,5,5,0.2
zsre-2819,0.75,1.0,0.2,5,5,5,0.2
zsre-2819,0.7,1.0,0.2,5,5,5,0.2
zsre-282,0.95,1.0,0.0,5,5,5,0.0
zsre-282,0.9,1.0,0.0,5,5,5,0.0
zsre-282,0.85,1.0,0.0,5,5,5,0.0
zsre-282,0.8,1.0,0.0,5,5,5,0.0
zsre-282,0.75,1.0,0.0,5,5,5,0.0
zsre-282,0.7,1.0,0.0,5,5,5,0.0
zsre-2821,0.95,1.0,0.2,5,5,5,0.2
zsre-2821,0.9,1.0,0.2,5,5,5,0.2
zsre-2821,0.85,1.0,0.2,5,5,5,0.2
zsre-2821,0.8,1.0,0.2,5,5,5,0.2
zsre-2821,0.75,1.0,0.2,5,5,5,0.2
zsre-2821,0.7,1.0,0.2,5,5,5,0.2
zsre-2826,0.95,1.0,0.0,5,5,5,0.0
zsre-2826,0.9,1.0,0.0,5,5,5,0.0
zsre-2826,0.85,1.0,0.0,5,5,5,0.0
zsre-2826,0.8,1.0,0.0,5,5,5,0.0
zsre-2826,0.75,1.0,0.0,5,5,5,0.0
zsre-2826,0.7,1.0,0.0,5,5,5,0.0
zsre-2838,0.95,1.0,0.16666666666666666,18,18,18,0.16666666666666666
zsre-2838,0.9,1.0,0.16666666666666666,18,18,18,0.16666666666666666
zsre-2838,0.85,1.0,0.16666666666666666,18,18,18,0.16666666666666666
zsre-2838,0.8,1.0,0.16666666666666666,18,18,18,0.16666666666666666
zsre-2838,0.75,1.0,0.16666666666666666,18,18,18,0.16666666666666666
zsre-2838,0.7,1.0,0.16666666666666666,18,18,18,0.16666666666666666
zsre-2839,0.95,1.0,0.17647058823529413,17,17,17,0.17647058823529413
zsre-2839,0.9,1.0,0.17647058823529413,17,17,17,0.17647058823529413
zsre-2839,0.85,1.0,0.17647058823529413,17,17,17,0.17647058823529413
zsre-2839,0.8,1.0,0.17647058823529413,17,17,17,0.17647058823529413
zsre-2839,0.75,0.0,0.17647058823529413,17,17,17,1.1764705882352942
zsre-2839,0.7,1.0,0.17647058823529413,17,17,17,0.17647058823529413
zsre-2840,0.95,1.0,0.15,20,20,20,0.15
zsre-2840,0.9,1.0,0.15,20,20,20,0.15
zsre-2840,0.85,1.0,0.15,20,20,20,0.15
zsre-2840,0.8,1.0,0.15,20,20,20,0.15
zsre-2840,0.75,1.0,0.15,20,20,20,0.15
zsre-2840,0.7,1.0,0.15,20,20,20,0.15
zsre-2841,0.95,1.0,0.16666666666666666,18,18,18,0.16666666666666666
zsre-2841,0.9,1.0,0.16666666666666666,18,18,18,0.16666666666666666
zsre-2841,0.85,1.0,0.16666666666666666,18,18,18,0.16666666666666666
zsre-2841,0.8,1.0,0.16666666666666666,18,18,18,0.16666666666666666
zsre-2841,0.75,1.0,0.16666666666666666,18,18,18,0.16666666666666666
zsre-2841,0.7,1.0,0.16666666666666666,18,18,18,0.16666666666666666
zsre-2854,0.95,1.0,0.2,5,5,5,0.2
zsre-2854,0.9,1.0,0.2,5,5,5,0.2
zsre-2854,0.85,1.0,0.2,5,5,5,0.2
zsre-2854,0.8,1.0,0.2,5,5,5,0.2
zsre-2854,0.75,1.0,0.2,5,5,5,0.2
zsre-2854,0.7,1.0,0.2,5,5,5,0.2
zsre-2855,0.95,1.0,0.2,5,5,5,0.2
zsre-2855,0.9,1.0,0.2,5,5,5,0.2
zsre-2855,0.85,1.0,0.2,5,5,5,0.2
zsre-2855,0.8,1.0,0.2,5,5,5,0.2
zsre-2855,0.75,1.0,0.2,5,5,5,0.2
zsre-2855,0.7,1.0,0.2,5,5,5,0.2
zsre-2856,0.95,1.0,0.0,6,6,6,0.0
zsre-2856,0.9,1.0,0.0,6,6,6,0.0
zsre-2856,0.85,1.0,0.0,6,6,6,0.0
zsre-2856,0.8,1.0,0.0,6,6,6,0.0
zsre-2856,0.75,1.0,0.0,6,6,6,0.0
zsre-2856,0.7,1.0,0.0,6,6,6,0.0
zsre-2865,0.95,0.0,0.0,7,7,7,1.0
zsre-2865,0.9,0.0,0.0,7,7,7,1.0
zsre-2865,0.85,0.0,0.0,7,7,7,1.0
zsre-2865,0.8,0.0,0.0,7,7,7,1.0
zsre-2865,0.75,1.0,0.0,7,7,7,0.0
zsre-2865,0.7,1.0,0.0,7,7,7,0.0
zsre-2870,0.95,1.0,0.0,5,5,5,0.0
zsre-2870,0.9,1.0,0.0,5,5,5,0.0
zsre-2870,0.85,1.0,0.0,5,5,5,0.0
zsre-2870,0.8,1.0,0.0,5,5,5,0.0
zsre-2870,0.75,1.0,0.0,5,5,5,0.0
zsre-2870,0.7,1.0,0.0,5,5,5,0.0
zsre-288,0.95,1.0,0.0,5,5,5,0.0
zsre-288,0.9,1.0,0.0,5,5,5,0.0
zsre-288,0.85,1.0,0.0,5,5,5,0.0
zsre-288,0.8,1.0,0.0,5,5,5,0.0
zsre-288,0.75,1.0,0.0,5,5,5,0.0
zsre-288,0.7,1.0,0.0,5,5,5,0.0
zsre-2888,0.95,1.0,0.10526315789473684,19,19,19,0.10526315789473684
zsre-2888,0.9,1.0,0.10526315789473684,19,19,19,0.10526315789473684
zsre-2888,0.85,1.0,0.10526315789473684,19,19,19,0.10526315789473684
zsre-2888,0.8,1.0,0.10526315789473684,19,19,19,0.10526315789473684
zsre-2888,0.75,1.0,0.10526315789473684,19,19,19,0.10526315789473684
zsre-2888,0.7,1.0,0.10526315789473684,19,19,19,0.10526315789473684
zsre-2889,0.95,1.0,0.10526315789473684,19,19,19,0.10526315789473684
zsre-2889,0.9,1.0,0.10526315789473684,19,19,19,0.10526315789473684
zsre-2889,0.85,1.0,0.10526315789473684,19,19,19,0.10526315789473684
zsre-2889,0.8,1.0,0.10526315789473684,19,19,19,0.10526315789473684
zsre-2889,0.75,1.0,0.10526315789473684,19,19,19,0.10526315789473684
zsre-2889,0.7,1.0,0.10526315789473684,19,19,19,0.10526315789473684
zsre-2891,0.95,1.0,0.25,8,8,8,0.25
zsre-2891,0.9,1.0,0.25,8,8,8,0.25
zsre-2891,0.85,1.0,0.25,8,8,8,0.25
zsre-2891,0.8,1.0,0.25,8,8,8,0.25
zsre-2891,0.75,1.0,0.25,8,8,8,0.25
zsre-2891,0.7,1.0,0.25,8,8,8,0.25
zsre-290,0.95,1.0,0.1,20,20,20,0.1
zsre-290,0.9,1.0,0.1,20,20,20,0.1
zsre-290,0.85,1.0,0.1,20,20,20,0.1
zsre-290,0.8,1.0,0.1,20,20,20,0.1
zsre-290,0.75,1.0,0.1,20,20,20,0.1
zsre-290,0.7,1.0,0.15,20,20,20,0.15
zsre-2908,0.95,0.0,0.0,5,5,5,1.0
zsre-2908,0.9,0.0,0.0,5,5,5,1.0
zsre-2908,0.85,0.0,0.0,5,5,5,1.0
zsre-2908,0.8,0.0,0.0,5,5,5,1.0
zsre-2908,0.75,0.0,0.0,5,5,5,1.0
zsre-2908,0.7,1.0,0.0,5,5,5,0.0
zsre-2909,0.95,1.0,0.0,5,5,5,0.0
zsre-2909,0.9,1.0,0.0,5,5,5,0.0
zsre-2909,0.85,1.0,0.0,5,5,5,0.0
zsre-2909,0.8,1.0,0.0,5,5,5,0.0
zsre-2909,0.75,1.0,0.0,5,5,5,0.0
zsre-2909,0.7,1.0,0.0,5,5,5,0.0
zsre-291,0.95,1.0,0.1,20,20,20,0.1
zsre-291,0.9,1.0,0.1,20,20,20,0.1
zsre-291,0.85,1.0,0.1,20,20,20,0.1
zsre-291,0.8,1.0,0.1,20,20,20,0.1
zsre-291,0.75,1.0,0.15,20,20,20,0.15
zsre-291,0.7,1.0,0.15,20,20,20,0.15
zsre-2924,0.95,0.0,0.0,13,13,13,1.0
zsre-2924,0.9,0.0,0.0,13,13,13,1.0
zsre-2924,0.85,0.0,0.0,13,13,13,1.0
zsre-2924,0.8,1.0,0.23076923076923078,13,13,13,0.23076923076923078
zsre-2924,0.75,1.0,0.23076923076923078,13,13,13,0.23076923076923078
zsre-2924,0.7,1.0,0.23076923076923078,13,13,13,0.23076923076923078
zsre-2925,0.95,0.0,0.0,5,5,5,1.0
zsre-2925,0.9,0.0,0.0,5,5,5,1.0
zsre-2925,0.85,0.0,0.0,5,5,5,1.0
zsre-2925,0.8,1.0,0.6,5,5,5,0.6
zsre-2925,0.75,1.0,0.6,5,5,5,0.6
zsre-2925,0.7,1.0,0.6,5,5,5,0.6
zsre-2926,0.95,0.0,0.0,5,5,5,1.0
zsre-2926,0.9,0.0,0.0,5,5,5,1.0
zsre-2926,0.85,0.0,0.0,5,5,5,1.0
zsre-2926,0.8,0.0,0.0,5,5,5,1.0
zsre-2926,0.75,1.0,0.6,5,5,5,0.6
zsre-2926,0.7,1.0,0.6,5,5,5,0.6
zsre-2927,0.95,0.0,0.0,6,6,6,1.0
zsre-2927,0.9,0.0,0.0,6,6,6,1.0
zsre-2927,0.85,0.0,0.0,6,6,6,1.0
zsre-2927,0.8,1.0,0.5,6,6,6,0.5
zsre-2927,0.75,1.0,0.5,6,6,6,0.5
zsre-2927,0.7,1.0,0.5,6,6,6,0.5
zsre-293,0.95,1.0,0.1,20,20,20,0.1
zsre-293,0.9,1.0,0.1,20,20,20,0.1
zsre-293,0.85,1.0,0.1,20,20,20,0.1
zsre-293,0.8,1.0,0.1,20,20,20,0.1
zsre-293,0.75,1.0,0.1,20,20,20,0.1
zsre-293,0.7,1.0,0.15,20,20,20,0.15
zsre-2944,0.95,0.0,0.0,5,5,5,1.0
zsre-2944,0.9,0.0,0.0,5,5,5,1.0
zsre-2944,0.85,0.0,0.0,5,5,5,1.0
zsre-2944,0.8,0.0,0.0,5,5,5,1.0
zsre-2944,0.75,0.0,0.0,5,5,5,1.0
zsre-2944,0.7,1.0,0.0,5,5,5,0.0
zsre-2946,0.95,1.0,0.0,5,5,5,0.0
zsre-2946,0.9,1.0,0.0,5,5,5,0.0
zsre-2946,0.85,1.0,0.0,5,5,5,0.0
zsre-2946,0.8,1.0,0.0,5,5,5,0.0
zsre-2946,0.75,1.0,0.0,5,5,5,0.0
zsre-2946,0.7,1.0,0.0,5,5,5,0.0
zsre-2952,0.95,1.0,0.0,7,7,7,0.0
zsre-2952,0.9,1.0,0.0,7,7,7,0.0
zsre-2952,0.85,1.0,0.0,7,7,7,0.0
zsre-2952,0.8,1.0,0.0,7,7,7,0.0
zsre-2952,0.75,1.0,0.0,7,7,7,0.0
zsre-2952,0.7,1.0,0.0,7,7,7,0.0
zsre-2988,0.95,1.0,0.0,6,6,6,0.0
zsre-2988,0.9,1.0,0.0,6,6,6,0.0
zsre-2988,0.85,1.0,0.0,6,6,6,0.0
zsre-2988,0.8,1.0,0.0,6,6,6,0.0
zsre-2988,0.75,1.0,0.0,6,6,6,0.0
zsre-2988,0.7,1.0,0.0,6,6,6,0.0
zsre-2991,0.95,0.0,0.0,5,5,5,1.0
zsre-2991,0.9,0.0,0.0,5,5,5,1.0
zsre-2991,0.85,0.0,0.0,5,5,5,1.0
zsre-2991,0.8,1.0,0.0,5,5,5,0.0
zsre-2991,0.75,1.0,0.0,5,5,5,0.0
zsre-2991,0.7,1.0,0.0,5,5,5,0.0
zsre-3000,0.95,1.0,0.0,5,5,5,0.0
zsre-3000,0.9,1.0,0.0,5,5,5,0.0
zsre-3000,0.85,1.0,0.0,5,5,5,0.0
zsre-3000,0.8,1.0,0.0,5,5,5,0.0
zsre-3000,0.75,1.0,0.0,5,5,5,0.0
zsre-3000,0.7,1.0,0.0,5,5,5,0.0
zsre-3001,0.95,1.0,0.0,5,5,5,0.0
zsre-3001,0.9,1.0,0.0,5,5,5,0.0
zsre-3001,0.85,1.0,0.0,5,5,5,0.0
zsre-3001,0.8,1.0,0.0,5,5,5,0.0
zsre-3001,0.75,1.0,0.0,5,5,5,0.0
zsre-3001,0.7,1.0,0.0,5,5,5,0.0
zsre-3006,0.95,0.0,0.0,5,5,5,1.0
zsre-3006,0.9,0.0,0.0,5,5,5,1.0
zsre-3006,0.85,0.0,0.0,5,5,5,1.0
zsre-3006,0.8,0.0,0.0,5,5,5,1.0
zsre-3006,0.75,1.0,0.0,5,5,5,0.0
zsre-3006,0.7,1.0,0.0,5,5,5,0.0
zsre-301,0.95,1.0,0.0,20,20,20,0.0
zsre-301,0.9,1.0,0.0,20,20,20,0.0
zsre-301,0.85,1.0,0.0,20,20,20,0.0
zsre-301,0.8,1.0,0.0,20,20,20,0.0
zsre-301,0.75,1.0,0.0,20,20,20,0.0
zsre-301,0.7,1.0,0.0,20,20,20,0.0
zsre-3018,0.95,0.0,0.0,5,5,5,1.0
zsre-3018,0.9,0.0,0.0,5,5,5,1.0
zsre-3018,0.85,0.0,0.0,5,5,5,1.0
zsre-3018,0.8,0.0,0.0,5,5,5,1.0
zsre-3018,0.75,0.0,0.0,5,5,5,1.0
zsre-3018,0.7,1.0,0.0,5,5,5,0.0
zsre-3039,0.95,1.0,0.0,5,5,5,0.0
zsre-3039,0.9,1.0,0.0,5,5,5,0.0
zsre-3039,0.85,1.0,0.0,5,5,5,0.0
zsre-3039,0.8,1.0,0.0,5,5,5,0.0
zsre-3039,0.75,1.0,0.0,5,5,5,0.0
zsre-3039,0.7,1.0,0.0,5,5,5,0.0
zsre-3041,0.95,0.0,0.0,20,20,20,1.0
zsre-3041,0.9,0.0,0.0,20,20,20,1.0
zsre-3041,0.85,0.0,0.0,20,20,20,1.0
zsre-3041,0.8,1.0,0.15,20,20,20,0.15
zsre-3041,0.75,1.0,0.15,20,20,20,0.15
zsre-3041,0.7,1.0,0.15,20,20,20,0.15
zsre-3042,0.95,0.0,0.0,20,20,20,1.0
zsre-3042,0.9,0.0,0.0,20,20,20,1.0
zsre-3042,0.85,0.0,0.0,20,20,20,1.0
zsre-3042,0.8,1.0,0.15,20,20,20,0.15
zsre-3042,0.75,1.0,0.15,20,20,20,0.15
zsre-3042,0.7,1.0,0.15,20,20,20,0.15
zsre-3043,0.95,0.0,0.0,20,20,20,1.0
zsre-3043,0.9,0.0,0.0,20,20,20,1.0
zsre-3043,0.85,0.0,0.0,20,20,20,1.0
zsre-3043,0.8,0.0,0.0,20,20,20,1.0
zsre-3043,0.75,1.0,0.15,20,20,20,0.15
zsre-3043,0.7,1.0,0.15,20,20,20,0.15
zsre-3044,0.95,0.0,0.0,20,20,20,1.0
zsre-3044,0.9,0.0,0.0,20,20,20,1.0
zsre-3044,0.85,0.0,0.0,20,20,20,1.0
zsre-3044,0.8,1.0,0.15,20,20,20,0.15
zsre-3044,0.75,1.0,0.15,20,20,20,0.15
zsre-3044,0.7,1.0,0.15,20,20,20,0.15
zsre-3052,0.95,1.0,0.17647058823529413,17,17,17,0.17647058823529413
zsre-3052,0.9,1.0,0.17647058823529413,17,17,17,0.17647058823529413
zsre-3052,0.85,1.0,0.17647058823529413,17,17,17,0.17647058823529413
zsre-3052,0.8,1.0,0.17647058823529413,17,17,17,0.17647058823529413
zsre-3052,0.75,1.0,0.17647058823529413,17,17,17,0.17647058823529413
zsre-3052,0.7,1.0,0.17647058823529413,17,17,17,0.17647058823529413
zsre-3053,0.95,1.0,0.17647058823529413,17,17,17,0.17647058823529413
zsre-3053,0.9,1.0,0.17647058823529413,17,17,17,0.17647058823529413
zsre-3053,0.85,1.0,0.17647058823529413,17,17,17,0.17647058823529413
zsre-3053,0.8,1.0,0.17647058823529413,17,17,17,0.17647058823529413
zsre-3053,0.75,1.0,0.17647058823529413,17,17,17,0.17647058823529413
zsre-3053,0.7,1.0,0.17647058823529413,17,17,17,0.17647058823529413
zsre-3054,0.95,1.0,0.17647058823529413,17,17,17,0.17647058823529413
zsre-3054,0.9,1.0,0.17647058823529413,17,17,17,0.17647058823529413
zsre-3054,0.85,1.0,0.17647058823529413,17,17,17,0.17647058823529413
zsre-3054,0.8,1.0,0.17647058823529413,17,17,17,0.17647058823529413
zsre-3054,0.75,1.0,0.17647058823529413,17,17,17,0.17647058823529413
zsre-3054,0.7,1.0,0.17647058823529413,17,17,17,0.17647058823529413
zsre-3055,0.95,1.0,0.15789473684210525,19,19,19,0.15789473684210525
zsre-3055,0.9,1.0,0.15789473684210525,19,19,19,0.15789473684210525
zsre-3055,0.85,1.0,0.15789473684210525,19,19,19,0.15789473684210525
zsre-3055,0.8,1.0,0.15789473684210525,19,19,19,0.15789473684210525
zsre-3055,0.75,1.0,0.15789473684210525,19,19,19,0.15789473684210525
zsre-3055,0.7,1.0,0.15789473684210525,19,19,19,0.15789473684210525
zsre-3079,0.95,1.0,0.0,5,5,5,0.0
zsre-3079,0.9,1.0,0.0,5,5,5,0.0
zsre-3079,0.85,1.0,0.0,5,5,5,0.0
zsre-3079,0.8,1.0,0.0,5,5,5,0.0
zsre-3079,0.75,1.0,0.0,5,5,5,0.0
zsre-3079,0.7,1.0,0.0,5,5,5,0.0
zsre-3091,0.95,1.0,0.0,5,5,5,0.0
zsre-3091,0.9,1.0,0.0,5,5,5,0.0
zsre-3091,0.85,1.0,0.0,5,5,5,0.0
zsre-3091,0.8,1.0,0.0,5,5,5,0.0
zsre-3091,0.75,1.0,0.0,5,5,5,0.0
zsre-3091,0.7,1.0,0.2,5,5,5,0.2
zsre-3099,0.95,0.0,0.2,5,5,5,1.2
zsre-3099,0.9,0.0,0.2,5,5,5,1.2
zsre-3099,0.85,0.0,0.2,5,5,5,1.2
zsre-3099,0.8,0.0,0.2,5,5,5,1.2
zsre-3099,0.75,0.0,0.2,5,5,5,1.2
zsre-3099,0.7,1.0,0.2,5,5,5,0.2
zsre-3126,0.95,1.0,0.0,5,5,5,0.0
zsre-3126,0.9,1.0,0.0,5,5,5,0.0
zsre-3126,0.85,1.0,0.0,5,5,5,0.0
zsre-3126,0.8,1.0,0.0,5,5,5,0.0
zsre-3126,0.75,1.0,0.0,5,5,5,0.0
zsre-3126,0.7,1.0,0.0,5,5,5,0.0
zsre-3135,0.95,0.0,0.0,5,5,5,1.0
zsre-3135,0.9,0.0,0.0,5,5,5,1.0
zsre-3135,0.85,0.0,0.0,5,5,5,1.0
zsre-3135,0.8,0.0,0.0,5,5,5,1.0
zsre-3135,0.75,1.0,0.2,5,5,5,0.2
zsre-3135,0.7,1.0,0.2,5,5,5,0.2
zsre-3137,0.95,0.0,0.0,5,5,5,1.0
zsre-3137,0.9,0.0,0.0,5,5,5,1.0
zsre-3137,0.85,0.0,0.0,5,5,5,1.0
zsre-3137,0.8,0.0,0.0,5,5,5,1.0
zsre-3137,0.75,1.0,0.2,5,5,5,0.2
zsre-3137,0.7,1.0,0.2,5,5,5,0.2
zsre-3143,0.95,1.0,0.0,5,5,5,0.0
zsre-3143,0.9,1.0,0.0,5,5,5,0.0
zsre-3143,0.85,1.0,0.0,5,5,5,0.0
zsre-3143,0.8,1.0,0.0,5,5,5,0.0
zsre-3143,0.75,1.0,0.0,5,5,5,0.0
zsre-3143,0.7,1.0,0.0,5,5,5,0.0
zsre-3158,0.95,1.0,0.0,5,5,5,0.0
zsre-3158,0.9,1.0,0.0,5,5,5,0.0
zsre-3158,0.85,1.0,0.0,5,5,5,0.0
zsre-3158,0.8,1.0,0.0,5,5,5,0.0
zsre-3158,0.75,1.0,0.0,5,5,5,0.0
zsre-3158,0.7,1.0,0.0,5,5,5,0.0
zsre-3170,0.95,1.0,0.0,5,5,5,0.0
zsre-3170,0.9,1.0,0.0,5,5,5,0.0
zsre-3170,0.85,1.0,0.0,5,5,5,0.0
zsre-3170,0.8,1.0,0.0,5,5,5,0.0
zsre-3170,0.75,1.0,0.0,5,5,5,0.0
zsre-3170,0.7,1.0,0.0,5,5,5,0.0
zsre-3188,0.95,0.0,0.0,12,12,12,1.0
zsre-3188,0.9,0.0,0.0,12,12,12,1.0
zsre-3188,0.85,0.0,0.0,12,12,12,1.0
zsre-3188,0.8,1.0,0.25,12,12,12,0.25
zsre-3188,0.75,1.0,0.25,12,12,12,0.25
zsre-3188,0.7,1.0,0.25,12,12,12,0.25
zsre-3190,0.95,0.0,0.0,9,9,9,1.0
zsre-3190,0.9,0.0,0.0,9,9,9,1.0
zsre-3190,0.85,0.0,0.0,9,9,9,1.0
zsre-3190,0.8,1.0,0.3333333333333333,9,9,9,0.3333333333333333
zsre-3190,0.75,1.0,0.3333333333333333,9,9,9,0.3333333333333333
zsre-3190,0.7,1.0,0.3333333333333333,9,9,9,0.3333333333333333
zsre-3191,0.95,0.0,0.0,14,14,14,1.0
zsre-3191,0.9,0.0,0.0,14,14,14,1.0
zsre-3191,0.85,0.0,0.0,14,14,14,1.0
zsre-3191,0.8,1.0,0.21428571428571427,14,14,14,0.21428571428571427
zsre-3191,0.75,1.0,0.21428571428571427,14,14,14,0.21428571428571427
zsre-3191,0.7,1.0,0.21428571428571427,14,14,14,0.21428571428571427
zsre-3192,0.95,0.0,0.0,9,9,9,1.0
zsre-3192,0.9,0.0,0.0,9,9,9,1.0
zsre-3192,0.85,0.0,0.0,9,9,9,1.0
zsre-3192,0.8,1.0,0.3333333333333333,9,9,9,0.3333333333333333
zsre-3192,0.75,1.0,0.3333333333333333,9,9,9,0.3333333333333333
zsre-3192,0.7,1.0,0.3333333333333333,9,9,9,0.3333333333333333
zsre-32,0.95,1.0,0.0,9,9,9,0.0
zsre-32,0.9,1.0,0.0,9,9,9,0.0
zsre-32,0.85,1.0,0.0,9,9,9,0.0
zsre-32,0.8,1.0,0.0,9,9,9,0.0
zsre-32,0.75,1.0,0.0,9,9,9,0.0
zsre-32,0.7,1.0,0.0,9,9,9,0.0
zsre-3201,0.95,0.0,0.0,6,6,6,1.0
zsre-3201,0.9,0.0,0.0,6,6,6,1.0
zsre-3201,0.85,0.0,0.0,6,6,6,1.0
zsre-3201,0.8,0.0,0.0,6,6,6,1.0
zsre-3201,0.75,1.0,0.0,6,6,6,0.0
zsre-3201,0.7,1.0,0.0,6,6,6,0.0
zsre-3204,0.95,1.0,0.0,5,5,5,0.0
zsre-3204,0.9,1.0,0.0,5,5,5,0.0
zsre-3204,0.85,1.0,0.0,5,5,5,0.0
zsre-3204,0.8,1.0,0.0,5,5,5,0.0
zsre-3204,0.75,1.0,0.0,5,5,5,0.0
zsre-3204,0.7,1.0,0.0,5,5,5,0.0
zsre-3209,0.95,1.0,0.0,5,5,5,0.0
zsre-3209,0.9,1.0,0.0,5,5,5,0.0
zsre-3209,0.85,1.0,0.0,5,5,5,0.0
zsre-3209,0.8,1.0,0.0,5,5,5,0.0
zsre-3209,0.75,1.0,0.0,5,5,5,0.0
zsre-3209,0.7,1.0,0.0,5,5,5,0.0
zsre-3217,0.95,1.0,0.0,5,5,5,0.0
zsre-3217,0.9,1.0,0.0,5,5,5,0.0
zsre-3217,0.85,1.0,0.0,5,5,5,0.0
zsre-3217,0.8,1.0,0.0,5,5,5,0.0
zsre-3217,0.75,1.0,0.0,5,5,5,0.0
zsre-3217,0.7,1.0,0.0,5,5,5,0.0
zsre-3219,0.95,1.0,0.0,18,18,18,0.0
zsre-3219,0.9,1.0,0.0,18,18,18,0.0
zsre-3219,0.85,1.0,0.0,18,18,18,0.0
zsre-3219,0.8,1.0,0.0,18,18,18,0.0
zsre-3219,0.75,1.0,0.0,18,18,18,0.0
zsre-3219,0.7,1.0,0.0,18,18,18,0.0
zsre-3226,0.95,0.0,0.0,7,7,7,1.0
zsre-3226,0.9,0.0,0.0,7,7,7,1.0
zsre-3226,0.85,1.0,0.0,7,7,7,0.0
zsre-3226,0.8,1.0,0.0,7,7,7,0.0
zsre-3226,0.75,1.0,0.0,7,7,7,0.0
zsre-3226,0.7,1.0,0.0,7,7,7,0.0
zsre-3231,0.95,1.0,0.0,5,5,5,0.0
zsre-3231,0.9,1.0,0.0,5,5,5,0.0
zsre-3231,0.85,1.0,0.0,5,5,5,0.0
zsre-3231,0.8,1.0,0.0,5,5,5,0.0
zsre-3231,0.75,1.0,0.0,5,5,5,0.0
zsre-3231,0.7,1.0,0.0,5,5,5,0.0
zsre-324,0.95,0.0,0.0,13,13,13,1.0
zsre-324,0.9,0.0,0.0,13,13,13,1.0
zsre-324,0.85,0.0,0.0,13,13,13,1.0
zsre-324,0.8,0.0,0.0,13,13,13,1.0
zsre-324,0.75,0.0,0.0,13,13,13,1.0
zsre-324,0.7,1.0,0.0,13,13,13,0.0
zsre-3249,0.95,1.0,0.0,5,5,5,0.0
zsre-3249,0.9,1.0,0.0,5,5,5,0.0
zsre-3249,0.85,1.0,0.0,5,5,5,0.0
zsre-3249,0.8,1.0,0.0,5,5,5,0.0
zsre-3249,0.75,1.0,0.0,5,5,5,0.0
zsre-3249,0.7,1.0,0.0,5,5,5,0.0
zsre-3250,0.95,0.0,0.0,6,6,6,1.0
zsre-3250,0.9,0.0,0.0,6,6,6,1.0
zsre-3250,0.85,0.0,0.0,6,6,6,1.0
zsre-3250,0.8,0.0,0.0,6,6,6,1.0
zsre-3250,0.75,1.0,0.0,6,6,6,0.0
zsre-3250,0.7,1.0,0.16666666666666666,6,6,6,0.16666666666666666
zsre-3252,0.95,0.0,0.0,5,5,5,1.0
zsre-3252,0.9,0.0,0.0,5,5,5,1.0
zsre-3252,0.85,1.0,0.2,5,5,5,0.2
zsre-3252,0.8,0.0,0.0,5,5,5,1.0
zsre-3252,0.75,1.0,0.2,5,5,5,0.2
zsre-3252,0.7,1.0,0.2,5,5,5,0.2
zsre-3254,0.95,1.0,0.0,5,5,5,0.0
zsre-3254,0.9,1.0,0.0,5,5,5,0.0
zsre-3254,0.85,1.0,0.0,5,5,5,0.0
zsre-3254,0.8,0.0,0.0,5,5,5,1.0
zsre-3254,0.75,0.0,0.0,5,5,5,1.0
zsre-3254,0.7,1.0,0.0,5,5,5,0.0
zsre-3257,0.95,0.0,0.0,20,20,20,1.0
zsre-3257,0.9,0.0,0.0,20,20,20,1.0
zsre-3257,0.85,0.0,0.0,20,20,20,1.0
zsre-3257,0.8,1.0,0.0,20,20,20,0.0
zsre-3257,0.75,0.0,0.0,20,20,20,1.0
zsre-3257,0.7,1.0,0.0,20,20,20,0.0
zsre-3258,0.95,0.0,0.0,20,20,20,1.0
zsre-3258,0.9,0.0,0.0,20,20,20,1.0
zsre-3258,0.85,0.0,0.0,20,20,20,1.0
zsre-3258,0.8,0.0,0.0,20,20,20,1.0
zsre-3258,0.75,0.0,0.0,20,20,20,1.0
zsre-3258,0.7,1.0,0.0,20,20,20,0.0
zsre-3282,0.95,1.0,0.0,5,5,5,0.0
zsre-3282,0.9,1.0,0.0,5,5,5,0.0
zsre-3282,0.85,1.0,0.0,5,5,5,0.0
zsre-3282,0.8,1.0,0.0,5,5,5,0.0
zsre-3282,0.75,1.0,0.0,5,5,5,0.0
zsre-3282,0.7,1.0,0.0,5,5,5,0.0
zsre-3308,0.95,0.0,0.0,12,12,12,1.0
zsre-3308,0.9,0.0,0.0,12,12,12,1.0
zsre-3308,0.85,0.0,0.0,12,12,12,1.0
zsre-3308,0.8,0.0,0.0,12,12,12,1.0
zsre-3308,0.75,1.0,0.0,12,12,12,0.0
zsre-3308,0.7,1.0,0.0,12,12,12,0.0
zsre-3315,0.95,1.0,0.4,5,5,5,0.4
zsre-3315,0.9,1.0,0.4,5,5,5,0.4
zsre-3315,0.85,1.0,0.4,5,5,5,0.4
zsre-3315,0.8,1.0,0.4,5,5,5,0.4
zsre-3315,0.75,1.0,0.4,5,5,5,0.4
zsre-3315,0.7,1.0,0.4,5,5,5,0.4
zsre-3316,0.95,1.0,0.2222222222222222,9,9,9,0.2222222222222222
zsre-3316,0.9,1.0,0.2222222222222222,9,9,9,0.2222222222222222
zsre-3316,0.85,1.0,0.2222222222222222,9,9,9,0.2222222222222222
zsre-3316,0.8,1.0,0.2222222222222222,9,9,9,0.2222222222222222
zsre-3316,0.75,1.0,0.2222222222222222,9,9,9,0.2222222222222222
zsre-3316,0.7,1.0,0.2222222222222222,9,9,9,0.2222222222222222
zsre-3317,0.95,1.0,0.25,8,8,8,0.25
zsre-3317,0.9,1.0,0.25,8,8,8,0.25
zsre-3317,0.85,1.0,0.25,8,8,8,0.25
zsre-3317,0.8,1.0,0.25,8,8,8,0.25
zsre-3317,0.75,1.0,0.25,8,8,8,0.25
zsre-3317,0.7,1.0,0.25,8,8,8,0.25
zsre-3321,0.95,1.0,0.0,20,20,20,0.0
zsre-3321,0.9,1.0,0.0,20,20,20,0.0
zsre-3321,0.85,1.0,0.0,20,20,20,0.0
zsre-3321,0.8,1.0,0.0,20,20,20,0.0
zsre-3321,0.75,1.0,0.0,20,20,20,0.0
zsre-3321,0.7,1.0,0.0,20,20,20,0.0
zsre-3324,0.95,1.0,0.0,5,5,5,0.0
zsre-3324,0.9,1.0,0.0,5,5,5,0.0
zsre-3324,0.85,1.0,0.0,5,5,5,0.0
zsre-3324,0.8,1.0,0.0,5,5,5,0.0
zsre-3324,0.75,1.0,0.0,5,5,5,0.0
zsre-3324,0.7,1.0,0.0,5,5,5,0.0
zsre-333,0.95,1.0,0.16666666666666666,12,12,12,0.16666666666666666
zsre-333,0.9,1.0,0.16666666666666666,12,12,12,0.16666666666666666
zsre-333,0.85,1.0,0.16666666666666666,12,12,12,0.16666666666666666
zsre-333,0.8,1.0,0.16666666666666666,12,12,12,0.16666666666666666
zsre-333,0.75,1.0,0.16666666666666666,12,12,12,0.16666666666666666
zsre-333,0.7,1.0,0.16666666666666666,12,12,12,0.16666666666666666
zsre-3338,0.95,1.0,0.0,5,5,5,0.0
zsre-3338,0.9,1.0,0.0,5,5,5,0.0
zsre-3338,0.85,1.0,0.0,5,5,5,0.0
zsre-3338,0.8,1.0,0.0,5,5,5,0.0
zsre-3338,0.75,1.0,0.0,5,5,5,0.0
zsre-3338,0.7,1.0,0.0,5,5,5,0.0
zsre-3339,0.95,1.0,0.0,5,5,5,0.0
zsre-3339,0.9,1.0,0.0,5,5,5,0.0
zsre-3339,0.85,1.0,0.0,5,5,5,0.0
zsre-3339,0.8,1.0,0.0,5,5,5,0.0
zsre-3339,0.75,1.0,0.0,5,5,5,0.0
zsre-3339,0.7,1.0,0.0,5,5,5,0.0
zsre-334,0.95,1.0,0.2,10,10,10,0.2
zsre-334,0.9,1.0,0.2,10,10,10,0.2
zsre-334,0.85,1.0,0.2,10,10,10,0.2
zsre-334,0.8,1.0,0.2,10,10,10,0.2
zsre-334,0.75,1.0,0.2,10,10,10,0.2
zsre-334,0.7,1.0,0.2,10,10,10,0.2
zsre-335,0.95,1.0,0.2,10,10,10,0.2
zsre-335,0.9,1.0,0.2,10,10,10,0.2
zsre-335,0.85,1.0,0.2,10,10,10,0.2
zsre-335,0.8,1.0,0.2,10,10,10,0.2
zsre-335,0.75,1.0,0.2,10,10,10,0.2
zsre-335,0.7,1.0,0.2,10,10,10,0.2
zsre-3361,0.95,1.0,0.0,5,5,5,0.0
zsre-3361,0.9,1.0,0.0,5,5,5,0.0
zsre-3361,0.85,1.0,0.0,5,5,5,0.0
zsre-3361,0.8,1.0,0.0,5,5,5,0.0
zsre-3361,0.75,1.0,0.0,5,5,5,0.0
zsre-3361,0.7,1.0,0.0,5,5,5,0.0
zsre-3383,0.95,1.0,0.0,6,6,6,0.0
zsre-3383,0.9,1.0,0.0,6,6,6,0.0
zsre-3383,0.85,1.0,0.0,6,6,6,0.0
zsre-3383,0.8,1.0,0.0,6,6,6,0.0
zsre-3383,0.75,1.0,0.0,6,6,6,0.0
zsre-3383,0.7,1.0,0.0,6,6,6,0.0
zsre-3384,0.95,1.0,0.0,13,13,13,0.0
zsre-3384,0.9,1.0,0.0,13,13,13,0.0
zsre-3384,0.85,1.0,0.0,13,13,13,0.0
zsre-3384,0.8,1.0,0.0,13,13,13,0.0
zsre-3384,0.75,1.0,0.0,13,13,13,0.0
zsre-3384,0.7,1.0,0.07692307692307693,13,13,13,0.07692307692307693
zsre-3393,0.95,1.0,0.0,5,5,5,0.0
zsre-3393,0.9,1.0,0.0,5,5,5,0.0
zsre-3393,0.85,1.0,0.0,5,5,5,0.0
zsre-3393,0.8,1.0,0.0,5,5,5,0.0
zsre-3393,0.75,1.0,0.0,5,5,5,0.0
zsre-3393,0.7,1.0,0.0,5,5,5,0.0
zsre-3401,0.95,1.0,0.11764705882352941,17,17,17,0.11764705882352941
zsre-3401,0.9,1.0,0.11764705882352941,17,17,17,0.11764705882352941
zsre-3401,0.85,1.0,0.11764705882352941,17,17,17,0.11764705882352941
zsre-3401,0.8,1.0,0.11764705882352941,17,17,17,0.11764705882352941
zsre-3401,0.75,1.0,0.11764705882352941,17,17,17,0.11764705882352941
zsre-3401,0.7,1.0,0.11764705882352941,17,17,17,0.11764705882352941
zsre-3403,0.95,1.0,0.15384615384615385,13,13,13,0.15384615384615385
zsre-3403,0.9,1.0,0.15384615384615385,13,13,13,0.15384615384615385
zsre-3403,0.85,1.0,0.15384615384615385,13,13,13,0.15384615384615385
zsre-3403,0.8,1.0,0.15384615384615385,13,13,13,0.15384615384615385
zsre-3403,0.75,1.0,0.15384615384615385,13,13,13,0.15384615384615385
zsre-3403,0.7,1.0,0.15384615384615385,13,13,13,0.15384615384615385
zsre-3407,0.95,1.0,0.15384615384615385,13,13,13,0.15384615384615385
zsre-3407,0.9,1.0,0.15384615384615385,13,13,13,0.15384615384615385
zsre-3407,0.85,1.0,0.15384615384615385,13,13,13,0.15384615384615385
zsre-3407,0.8,1.0,0.15384615384615385,13,13,13,0.15384615384615385
zsre-3407,0.75,1.0,0.15384615384615385,13,13,13,0.15384615384615385
zsre-3407,0.7,1.0,0.15384615384615385,13,13,13,0.15384615384615385
zsre-3415,0.95,0.0,0.0,5,5,5,1.0
zsre-3415,0.9,0.0,0.0,5,5,5,1.0
zsre-3415,0.85,0.0,0.0,5,5,5,1.0
zsre-3415,0.8,0.0,0.0,5,5,5,1.0
zsre-3415,0.75,1.0,0.0,5,5,5,0.0
zsre-3415,0.7,1.0,0.0,5,5,5,0.0
zsre-342,0.95,0.0,0.0,5,5,5,1.0
zsre-342,0.9,0.0,0.0,5,5,5,1.0
zsre-342,0.85,0.0,0.0,5,5,5,1.0
zsre-342,0.8,0.0,0.0,5,5,5,1.0
zsre-342,0.75,1.0,0.0,5,5,5,0.0
zsre-342,0.7,1.0,0.0,5,5,5,0.0
zsre-3425,0.95,1.0,0.0,5,5,5,0.0
zsre-3425,0.9,1.0,0.0,5,5,5,0.0
zsre-3425,0.85,1.0,0.0,5,5,5,0.0
zsre-3425,0.8,1.0,0.0,5,5,5,0.0
zsre-3425,0.75,1.0,0.0,5,5,5,0.0
zsre-3425,0.7,1.0,0.0,5,5,5,0.0
zsre-3429,0.95,0.0,0.0,5,5,5,1.0
zsre-3429,0.9,0.0,0.0,5,5,5,1.0
zsre-3429,0.85,0.0,0.0,5,5,5,1.0
zsre-3429,0.8,0.0,0.0,5,5,5,1.0
zsre-3429,0.75,0.0,0.0,5,5,5,1.0
zsre-3429,0.7,1.0,0.0,5,5,5,0.0
zsre-3439,0.95,1.0,0.0,5,5,5,0.0
zsre-3439,0.9,1.0,0.0,5,5,5,0.0
zsre-3439,0.85,1.0,0.0,5,5,5,0.0
zsre-3439,0.8,1.0,0.0,5,5,5,0.0
zsre-3439,0.75,1.0,0.0,5,5,5,0.0
zsre-3439,0.7,1.0,0.0,5,5,5,0.0
zsre-3446,0.95,1.0,0.0,5,5,5,0.0
zsre-3446,0.9,1.0,0.0,5,5,5,0.0
zsre-3446,0.85,1.0,0.0,5,5,5,0.0
zsre-3446,0.8,1.0,0.0,5,5,5,0.0
zsre-3446,0.75,1.0,0.0,5,5,5,0.0
zsre-3446,0.7,1.0,0.0,5,5,5,0.0
zsre-3447,0.95,1.0,0.0,5,5,5,0.0
zsre-3447,0.9,1.0,0.0,5,5,5,0.0
zsre-3447,0.85,1.0,0.0,5,5,5,0.0
zsre-3447,0.8,1.0,0.0,5,5,5,0.0
zsre-3447,0.75,1.0,0.0,5,5,5,0.0
zsre-3447,0.7,1.0,0.0,5,5,5,0.0
zsre-3454,0.95,0.0,0.0,10,10,10,1.0
zsre-3454,0.9,0.0,0.0,10,10,10,1.0
zsre-3454,0.85,0.0,0.0,10,10,10,1.0
zsre-3454,0.8,0.0,0.0,10,10,10,1.0
zsre-3454,0.75,0.0,0.1,10,10,10,1.1
zsre-3454,0.7,1.0,0.9,10,10,10,0.9
zsre-3455,0.95,0.0,0.0,12,12,12,1.0
zsre-3455,0.9,0.0,0.0,12,12,12,1.0
zsre-3455,0.85,0.0,0.0,12,12,12,1.0
zsre-3455,0.8,0.0,0.0,12,12,12,1.0
zsre-3455,0.75,1.0,0.75,12,12,12,0.75
zsre-3455,0.7,1.0,0.75,12,12,12,0.75
zsre-3456,0.95,0.0,0.0,12,12,12,1.0
zsre-3456,0.9,0.0,0.0,12,12,12,1.0
zsre-3456,0.85,0.0,0.0,12,12,12,1.0
zsre-3456,0.8,0.0,0.0,12,12,12,1.0
zsre-3456,0.75,1.0,0.75,12,12,12,0.75
zsre-3456,0.7,1.0,0.75,12,12,12,0.75
zsre-3457,0.95,0.0,0.0,9,9,9,1.0
zsre-3457,0.9,0.0,0.0,9,9,9,1.0
zsre-3457,0.85,0.0,0.0,9,9,9,1.0
zsre-3457,0.8,0.0,0.0,9,9,9,1.0
zsre-3457,0.75,0.0,0.0,9,9,9,1.0
zsre-3457,0.7,1.0,1.0,9,9,9,1.0
zsre-3458,0.95,0.0,0.0,9,9,9,1.0
zsre-3458,0.9,0.0,0.0,9,9,9,1.0
zsre-3458,0.85,0.0,0.0,9,9,9,1.0
zsre-3458,0.8,0.0,0.0,9,9,9,1.0
zsre-3458,0.75,0.0,0.0,9,9,9,1.0
zsre-3458,0.7,1.0,0.0,9,9,9,0.0
zsre-3460,0.95,0.0,0.0,14,14,14,1.0
zsre-3460,0.9,0.0,0.0,14,14,14,1.0
zsre-3460,0.85,0.0,0.0,14,14,14,1.0
zsre-3460,0.8,0.0,0.0,14,14,14,1.0
zsre-3460,0.75,1.0,0.6428571428571429,14,14,14,0.6428571428571429
zsre-3460,0.7,1.0,0.6428571428571429,14,14,14,0.6428571428571429
zsre-3461,0.95,0.0,0.0,10,10,10,1.0
zsre-3461,0.9,0.0,0.0,10,10,10,1.0
zsre-3461,0.85,0.0,0.0,10,10,10,1.0
zsre-3461,0.8,0.0,0.0,10,10,10,1.0
zsre-3461,0.75,0.0,0.1,10,10,10,1.1
zsre-3461,0.7,1.0,0.9,10,10,10,0.9
zsre-3462,0.95,0.0,0.0,10,10,10,1.0
zsre-3462,0.9,0.0,0.0,10,10,10,1.0
zsre-3462,0.85,0.0,0.0,10,10,10,1.0
zsre-3462,0.8,0.0,0.0,10,10,10,1.0
zsre-3462,0.75,0.0,0.1,10,10,10,1.1
zsre-3462,0.7,1.0,0.9,10,10,10,0.9
zsre-3463,0.95,0.0,0.0,9,9,9,1.0
zsre-3463,0.9,0.0,0.0,9,9,9,1.0
zsre-3463,0.85,0.0,0.0,9,9,9,1.0
zsre-3463,0.8,0.0,0.0,9,9,9,1.0
zsre-3463,0.75,0.0,0.1111111111111111,9,9,9,1.1111111111111112
zsre-3463,0.7,1.0,1.0,9,9,9,1.0
zsre-3464,0.95,0.0,0.0,9,9,9,1.0
zsre-3464,0.9,0.0,0.0,9,9,9,1.0
zsre-3464,0.85,0.0,0.0,9,9,9,1.0
zsre-3464,0.8,0.0,0.0,9,9,9,1.0
zsre-3464,0.75,0.0,0.1111111111111111,9,9,9,1.1111111111111112
zsre-3464,0.7,1.0,1.0,9,9,9,1.0
zsre-3494,0.95,0.0,0.0,5,5,5,1.0
zsre-3494,0.9,0.0,0.0,5,5,5,1.0
zsre-3494,0.85,1.0,0.0,5,5,5,0.0
zsre-3494,0.8,0.0,0.0,5,5,5,1.0
zsre-3494,0.75,1.0,0.0,5,5,5,0.0
zsre-3494,0.7,1.0,0.0,5,5,5,0.0
zsre-3558,0.95,1.0,0.125,8,8,8,0.125
zsre-3558,0.9,1.0,0.125,8,8,8,0.125
zsre-3558,0.85,1.0,0.125,8,8,8,0.125
zsre-3558,0.8,1.0,0.125,8,8,8,0.125
zsre-3558,0.75,1.0,0.125,8,8,8,0.125
zsre-3558,0.7,1.0,0.125,8,8,8,0.125
zsre-3559,0.95,1.0,0.1111111111111111,9,9,9,0.1111111111111111
zsre-3559,0.9,1.0,0.1111111111111111,9,9,9,0.1111111111111111
zsre-3559,0.85,1.0,0.1111111111111111,9,9,9,0.1111111111111111
zsre-3559,0.8,1.0,0.1111111111111111,9,9,9,0.1111111111111111
zsre-3559,0.75,1.0,0.1111111111111111,9,9,9,0.1111111111111111
zsre-3559,0.7,1.0,0.1111111111111111,9,9,9,0.1111111111111111
zsre-3567,0.95,1.0,0.0,5,5,5,0.0
zsre-3567,0.9,1.0,0.0,5,5,5,0.0
zsre-3567,0.85,1.0,0.0,5,5,5,0.0
zsre-3567,0.8,1.0,0.0,5,5,5,0.0
zsre-3567,0.75,1.0,0.0,5,5,5,0.0
zsre-3567,0.7,1.0,0.0,5,5,5,0.0
zsre-3568,0.95,1.0,0.0,5,5,5,0.0
zsre-3568,0.9,1.0,0.0,5,5,5,0.0
zsre-3568,0.85,1.0,0.0,5,5,5,0.0
zsre-3568,0.8,1.0,0.0,5,5,5,0.0
zsre-3568,0.75,1.0,0.0,5,5,5,0.0
zsre-3568,0.7,1.0,0.0,5,5,5,0.0
zsre-3575,0.95,1.0,0.0,5,5,5,0.0
zsre-3575,0.9,1.0,0.0,5,5,5,0.0
zsre-3575,0.85,1.0,0.0,5,5,5,0.0
zsre-3575,0.8,1.0,0.0,5,5,5,0.0
zsre-3575,0.75,1.0,0.0,5,5,5,0.0
zsre-3575,0.7,1.0,0.0,5,5,5,0.0
zsre-3576,0.95,1.0,0.0,5,5,5,0.0
zsre-3576,0.9,1.0,0.0,5,5,5,0.0
zsre-3576,0.85,1.0,0.0,5,5,5,0.0
zsre-3576,0.8,1.0,0.0,5,5,5,0.0
zsre-3576,0.75,1.0,0.0,5,5,5,0.0
zsre-3576,0.7,1.0,0.0,5,5,5,0.0
zsre-3577,0.95,1.0,0.0,5,5,5,0.0
zsre-3577,0.9,1.0,0.0,5,5,5,0.0
zsre-3577,0.85,1.0,0.0,5,5,5,0.0
zsre-3577,0.8,1.0,0.0,5,5,5,0.0
zsre-3577,0.75,1.0,0.0,5,5,5,0.0
zsre-3577,0.7,1.0,0.0,5,5,5,0.0
zsre-3607,0.95,0.0,0.0,6,6,6,1.0
zsre-3607,0.9,0.0,0.0,6,6,6,1.0
zsre-3607,0.85,0.0,0.0,6,6,6,1.0
zsre-3607,0.8,0.0,0.0,6,6,6,1.0
zsre-3607,0.75,1.0,0.0,6,6,6,0.0
zsre-3607,0.7,1.0,0.0,6,6,6,0.0
zsre-3612,0.95,1.0,0.2,5,5,5,0.2
zsre-3612,0.9,1.0,0.2,5,5,5,0.2
zsre-3612,0.85,1.0,0.2,5,5,5,0.2
zsre-3612,0.8,1.0,0.2,5,5,5,0.2
zsre-3612,0.75,1.0,0.2,5,5,5,0.2
zsre-3612,0.7,1.0,0.2,5,5,5,0.2
zsre-3613,0.95,1.0,0.2,5,5,5,0.2
zsre-3613,0.9,1.0,0.2,5,5,5,0.2
zsre-3613,0.85,1.0,0.2,5,5,5,0.2
zsre-3613,0.8,1.0,0.2,5,5,5,0.2
zsre-3613,0.75,1.0,0.2,5,5,5,0.2
zsre-3613,0.7,1.0,0.2,5,5,5,0.2
zsre-3662,0.95,1.0,0.0,5,5,5,0.0
zsre-3662,0.9,1.0,0.0,5,5,5,0.0
zsre-3662,0.85,1.0,0.0,5,5,5,0.0
zsre-3662,0.8,1.0,0.0,5,5,5,0.0
zsre-3662,0.75,1.0,0.0,5,5,5,0.0
zsre-3662,0.7,1.0,0.0,5,5,5,0.0
zsre-3671,0.95,0.0,0.0,5,5,5,1.0
zsre-3671,0.9,0.0,0.0,5,5,5,1.0
zsre-3671,0.85,0.0,0.0,5,5,5,1.0
zsre-3671,0.8,0.0,0.0,5,5,5,1.0
zsre-3671,0.75,1.0,0.0,5,5,5,0.0
zsre-3671,0.7,1.0,0.0,5,5,5,0.0
zsre-3676,0.95,1.0,0.0,5,5,5,0.0
zsre-3676,0.9,1.0,0.0,5,5,5,0.0
zsre-3676,0.85,1.0,0.0,5,5,5,0.0
zsre-3676,0.8,1.0,0.0,5,5,5,0.0
zsre-3676,0.75,1.0,0.0,5,5,5,0.0
zsre-3676,0.7,1.0,0.0,5,5,5,0.0
zsre-3686,0.95,0.0,0.0,10,10,10,1.0
zsre-3686,0.9,0.0,0.0,10,10,10,1.0
zsre-3686,0.85,0.0,0.0,10,10,10,1.0
zsre-3686,0.8,0.0,0.0,10,10,10,1.0
zsre-3686,0.75,1.0,0.0,10,10,10,0.0
zsre-3686,0.7,1.0,0.0,10,10,10,0.0
zsre-3688,0.95,1.0,0.4444444444444444,9,9,9,0.4444444444444444
zsre-3688,0.9,1.0,0.4444444444444444,9,9,9,0.4444444444444444
zsre-3688,0.85,1.0,0.4444444444444444,9,9,9,0.4444444444444444
zsre-3688,0.8,1.0,0.4444444444444444,9,9,9,0.4444444444444444
zsre-3688,0.75,1.0,0.4444444444444444,9,9,9,0.4444444444444444
zsre-3688,0.7,1.0,0.4444444444444444,9,9,9,0.4444444444444444
zsre-3689,0.95,1.0,0.36363636363636365,11,11,11,0.36363636363636365
zsre-3689,0.9,1.0,0.36363636363636365,11,11,11,0.36363636363636365
zsre-3689,0.85,1.0,0.36363636363636365,11,11,11,0.36363636363636365
zsre-3689,0.8,1.0,0.36363636363636365,11,11,11,0.36363636363636365
zsre-3689,0.75,1.0,0.36363636363636365,11,11,11,0.36363636363636365
zsre-3689,0.7,1.0,0.36363636363636365,11,11,11,0.36363636363636365
zsre-3690,0.95,1.0,0.26666666666666666,15,15,15,0.26666666666666666
zsre-3690,0.9,1.0,0.26666666666666666,15,15,15,0.26666666666666666
zsre-3690,0.85,1.0,0.26666666666666666,15,15,15,0.26666666666666666
zsre-3690,0.8,1.0,0.26666666666666666,15,15,15,0.26666666666666666
zsre-3690,0.75,1.0,0.26666666666666666,15,15,15,0.26666666666666666
zsre-3690,0.7,1.0,0.26666666666666666,15,15,15,0.26666666666666666
zsre-3691,0.95,1.0,0.3333333333333333,12,12,12,0.3333333333333333
zsre-3691,0.9,1.0,0.3333333333333333,12,12,12,0.3333333333333333
zsre-3691,0.85,1.0,0.3333333333333333,12,12,12,0.3333333333333333
zsre-3691,0.8,1.0,0.3333333333333333,12,12,12,0.3333333333333333
zsre-3691,0.75,1.0,0.3333333333333333,12,12,12,0.3333333333333333
zsre-3691,0.7,1.0,0.3333333333333333,12,12,12,0.3333333333333333
zsre-3692,0.95,1.0,0.36363636363636365,11,11,11,0.36363636363636365
zsre-3692,0.9,1.0,0.36363636363636365,11,11,11,0.36363636363636365
zsre-3692,0.85,1.0,0.36363636363636365,11,11,11,0.36363636363636365
zsre-3692,0.8,1.0,0.36363636363636365,11,11,11,0.36363636363636365
zsre-3692,0.75,1.0,0.36363636363636365,11,11,11,0.36363636363636365
zsre-3692,0.7,1.0,0.36363636363636365,11,11,11,0.36363636363636365
zsre-3729,0.95,0.0,0.07142857142857142,14,14,14,1.0714285714285714
zsre-3729,0.9,0.0,0.07142857142857142,14,14,14,1.0714285714285714
zsre-3729,0.85,0.0,0.07142857142857142,14,14,14,1.0714285714285714
zsre-3729,0.8,0.0,0.07142857142857142,14,14,14,1.0714285714285714
zsre-3729,0.75,1.0,0.07142857142857142,14,14,14,0.07142857142857142
zsre-3729,0.7,1.0,0.07142857142857142,14,14,14,0.07142857142857142
zsre-3730,0.95,1.0,0.0,13,13,13,0.0
zsre-3730,0.9,1.0,0.0,13,13,13,0.0
zsre-3730,0.85,1.0,0.0,13,13,13,0.0
zsre-3730,0.8,1.0,0.0,13,13,13,0.0
zsre-3730,0.75,1.0,0.07692307692307693,13,13,13,0.07692307692307693
zsre-3730,0.7,1.0,0.07692307692307693,13,13,13,0.07692307692307693
zsre-3731,0.95,1.0,0.0,5,5,5,0.0
zsre-3731,0.9,1.0,0.0,5,5,5,0.0
zsre-3731,0.85,1.0,0.0,5,5,5,0.0
zsre-3731,0.8,1.0,0.0,5,5,5,0.0
zsre-3731,0.75,1.0,0.0,5,5,5,0.0
zsre-3731,0.7,1.0,0.0,5,5,5,0.0
zsre-3751,0.95,1.0,0.2,5,5,5,0.2
zsre-3751,0.9,1.0,0.2,5,5,5,0.2
zsre-3751,0.85,1.0,0.2,5,5,5,0.2
zsre-3751,0.8,1.0,0.2,5,5,5,0.2
zsre-3751,0.75,0.0,0.2,5,5,5,1.2
zsre-3751,0.7,1.0,0.2,5,5,5,0.2
zsre-3752,0.95,1.0,0.2,5,5,5,0.2
zsre-3752,0.9,1.0,0.2,5,5,5,0.2
zsre-3752,0.85,1.0,0.2,5,5,5,0.2
zsre-3752,0.8,1.0,0.2,5,5,5,0.2
zsre-3752,0.75,1.0,0.0,5,5,5,0.0
zsre-3752,0.7,1.0,0.4,5,5,5,0.4
zsre-3761,0.95,1.0,0.0,5,5,5,0.0
zsre-3761,0.9,1.0,0.0,5,5,5,0.0
zsre-3761,0.85,1.0,0.0,5,5,5,0.0
zsre-3761,0.8,1.0,0.0,5,5,5,0.0
zsre-3761,0.75,1.0,0.0,5,5,5,0.0
zsre-3761,0.7,1.0,0.0,5,5,5,0.0
zsre-3762,0.95,1.0,0.0,5,5,5,0.0
zsre-3762,0.9,1.0,0.0,5,5,5,0.0
zsre-3762,0.85,1.0,0.0,5,5,5,0.0
zsre-3762,0.8,1.0,0.0,5,5,5,0.0
zsre-3762,0.75,1.0,0.0,5,5,5,0.0
zsre-3762,0.7,1.0,0.0,5,5,5,0.0
zsre-3777,0.95,1.0,0.2,5,5,5,0.2
zsre-3777,0.9,1.0,0.2,5,5,5,0.2
zsre-3777,0.85,1.0,0.2,5,5,5,0.2
zsre-3777,0.8,1.0,0.2,5,5,5,0.2
zsre-3777,0.75,1.0,0.2,5,5,5,0.2
zsre-3777,0.7,1.0,0.2,5,5,5,0.2
zsre-3778,0.95,1.0,0.2,5,5,5,0.2
zsre-3778,0.9,1.0,0.2,5,5,5,0.2
zsre-3778,0.85,1.0,0.2,5,5,5,0.2
zsre-3778,0.8,1.0,0.2,5,5,5,0.2
zsre-3778,0.75,1.0,0.2,5,5,5,0.2
zsre-3778,0.7,1.0,0.2,5,5,5,0.2
zsre-3784,0.95,1.0,0.0,6,6,6,0.0
zsre-3784,0.9,1.0,0.0,6,6,6,0.0
zsre-3784,0.85,1.0,0.0,6,6,6,0.0
zsre-3784,0.8,1.0,0.0,6,6,6,0.0
zsre-3784,0.75,1.0,0.0,6,6,6,0.0
zsre-3784,0.7,1.0,0.0,6,6,6,0.0
zsre-379,0.95,0.0,0.0,5,5,5,1.0
zsre-379,0.9,0.0,0.0,5,5,5,1.0
zsre-379,0.85,0.0,0.0,5,5,5,1.0
zsre-379,0.8,0.0,0.0,5,5,5,1.0
zsre-379,0.75,0.0,0.0,5,5,5,1.0
zsre-379,0.7,1.0,0.0,5,5,5,0.0
zsre-3792,0.95,0.0,0.0,5,5,5,1.0
zsre-3792,0.9,0.0,0.0,5,5,5,1.0
zsre-3792,0.85,0.0,0.0,5,5,5,1.0
zsre-3792,0.8,0.0,0.0,5,5,5,1.0
zsre-3792,0.75,0.0,0.0,5,5,5,1.0
zsre-3792,0.7,1.0,0.0,5,5,5,0.0
zsre-3802,0.95,0.0,0.0,5,5,5,1.0
zsre-3802,0.9,0.0,0.0,5,5,5,1.0
zsre-3802,0.85,0.0,0.0,5,5,5,1.0
zsre-3802,0.8,0.0,0.0,5,5,5,1.0
zsre-3802,0.75,1.0,0.0,5,5,5,0.0
zsre-3802,0.7,1.0,0.4,5,5,5,0.4
zsre-3803,0.95,0.0,0.0,5,5,5,1.0
zsre-3803,0.9,0.0,0.0,5,5,5,1.0
zsre-3803,0.85,0.0,0.0,5,5,5,1.0
zsre-3803,0.8,0.0,0.0,5,5,5,1.0
zsre-3803,0.75,1.0,0.2,5,5,5,0.2
zsre-3803,0.7,1.0,0.0,5,5,5,0.0
zsre-3804,0.95,0.0,0.0,5,5,5,1.0
zsre-3804,0.9,0.0,0.0,5,5,5,1.0
zsre-3804,0.85,0.0,0.0,5,5,5,1.0
zsre-3804,0.8,0.0,0.2,5,5,5,1.2
zsre-3804,0.75,1.0,0.4,5,5,5,0.4
zsre-3804,0.7,1.0,0.6,5,5,5,0.6
zsre-3805,0.95,0.0,0.0,5,5,5,1.0
zsre-3805,0.9,0.0,0.0,5,5,5,1.0
zsre-3805,0.85,0.0,0.0,5,5,5,1.0
zsre-3805,0.8,0.0,0.6,5,5,5,1.6
zsre-3805,0.75,1.0,0.6,5,5,5,0.6
zsre-3805,0.7,1.0,0.6,5,5,5,0.6
zsre-3831,0.95,1.0,0.0,5,5,5,0.0
zsre-3831,0.9,1.0,0.0,5,5,5,0.0
zsre-3831,0.85,1.0,0.0,5,5,5,0.0
zsre-3831,0.8,1.0,0.0,5,5,5,0.0
zsre-3831,0.75,1.0,0.0,5,5,5,0.0
zsre-3831,0.7,1.0,0.0,5,5,5,0.0
zsre-3836,0.95,1.0,0.0,5,5,5,0.0
zsre-3836,0.9,1.0,0.0,5,5,5,0.0
zsre-3836,0.85,1.0,0.0,5,5,5,0.0
zsre-3836,0.8,1.0,0.0,5,5,5,0.0
zsre-3836,0.75,1.0,0.0,5,5,5,0.0
zsre-3836,0.7,1.0,0.0,5,5,5,0.0
zsre-3850,0.95,1.0,0.0,5,5,5,0.0
zsre-3850,0.9,1.0,0.0,5,5,5,0.0
zsre-3850,0.85,1.0,0.0,5,5,5,0.0
zsre-3850,0.8,1.0,0.0,5,5,5,0.0
zsre-3850,0.75,1.0,0.0,5,5,5,0.0
zsre-3850,0.7,1.0,0.0,5,5,5,0.0
zsre-3870,0.95,1.0,0.0,5,5,5,0.0
zsre-3870,0.9,1.0,0.0,5,5,5,0.0
zsre-3870,0.85,1.0,0.0,5,5,5,0.0
zsre-3870,0.8,1.0,0.0,5,5,5,0.0
zsre-3870,0.75,1.0,0.0,5,5,5,0.0
zsre-3870,0.7,1.0,0.0,5,5,5,0.0
zsre-3871,0.95,0.0,0.0,5,5,5,1.0
zsre-3871,0.9,0.0,0.0,5,5,5,1.0
zsre-3871,0.85,0.0,0.0,5,5,5,1.0
zsre-3871,0.8,0.0,0.0,5,5,5,1.0
zsre-3871,0.75,1.0,0.0,5,5,5,0.0
zsre-3871,0.7,1.0,0.0,5,5,5,0.0
zsre-3876,0.95,1.0,0.2,5,5,5,0.2
zsre-3876,0.9,1.0,0.2,5,5,5,0.2
zsre-3876,0.85,1.0,0.2,5,5,5,0.2
zsre-3876,0.8,1.0,0.2,5,5,5,0.2
zsre-3876,0.75,1.0,0.2,5,5,5,0.2
zsre-3876,0.7,1.0,0.2,5,5,5,0.2
zsre-3878,0.95,1.0,0.2,5,5,5,0.2
zsre-3878,0.9,1.0,0.2,5,5,5,0.2
zsre-3878,0.85,1.0,0.2,5,5,5,0.2
zsre-3878,0.8,1.0,0.2,5,5,5,0.2
zsre-3878,0.75,1.0,0.2,5,5,5,0.2
zsre-3878,0.7,1.0,0.2,5,5,5,0.2
zsre-3888,0.95,1.0,0.0,5,5,5,0.0
zsre-3888,0.9,1.0,0.0,5,5,5,0.0
zsre-3888,0.85,1.0,0.0,5,5,5,0.0
zsre-3888,0.8,1.0,0.0,5,5,5,0.0
zsre-3888,0.75,1.0,0.0,5,5,5,0.0
zsre-3888,0.7,1.0,0.0,5,5,5,0.0
zsre-389,0.95,0.0,0.0,6,6,6,1.0
zsre-389,0.9,1.0,0.0,6,6,6,0.0
zsre-389,0.85,0.0,0.0,6,6,6,1.0
zsre-389,0.8,1.0,0.0,6,6,6,0.0
zsre-389,0.75,0.0,0.0,6,6,6,1.0
zsre-389,0.7,1.0,0.0,6,6,6,0.0
zsre-3894,0.95,1.0,0.0,5,5,5,0.0
zsre-3894,0.9,1.0,0.0,5,5,5,0.0
zsre-3894,0.85,1.0,0.0,5,5,5,0.0
zsre-3894,0.8,1.0,0.0,5,5,5,0.0
zsre-3894,0.75,1.0,0.0,5,5,5,0.0
zsre-3894,0.7,1.0,0.0,5,5,5,0.0
zsre-3895,0.95,1.0,0.0,6,6,6,0.0
zsre-3895,0.9,1.0,0.0,6,6,6,0.0
zsre-3895,0.85,0.0,0.0,6,6,6,1.0
zsre-3895,0.8,1.0,0.0,6,6,6,0.0
zsre-3895,0.75,1.0,0.0,6,6,6,0.0
zsre-3895,0.7,1.0,0.0,6,6,6,0.0
zsre-3897,0.95,1.0,0.0,5,5,5,0.0
zsre-3897,0.9,1.0,0.0,5,5,5,0.0
zsre-3897,0.85,1.0,0.0,5,5,5,0.0
zsre-3897,0.8,1.0,0.0,5,5,5,0.0
zsre-3897,0.75,1.0,0.0,5,5,5,0.0
zsre-3897,0.7,1.0,0.0,5,5,5,0.0
zsre-39,0.95,1.0,0.0,5,5,5,0.0
zsre-39,0.9,1.0,0.0,5,5,5,0.0
zsre-39,0.85,1.0,0.0,5,5,5,0.0
zsre-39,0.8,1.0,0.0,5,5,5,0.0
zsre-39,0.75,1.0,0.0,5,5,5,0.0
zsre-39,0.7,1.0,0.0,5,5,5,0.0
zsre-390,0.95,0.0,0.2,5,5,5,1.2
zsre-390,0.9,0.0,0.2,5,5,5,1.2
zsre-390,0.85,0.0,0.2,5,5,5,1.2
zsre-390,0.8,0.0,0.2,5,5,5,1.2
zsre-390,0.75,1.0,0.6,5,5,5,0.6
zsre-390,0.7,1.0,0.6,5,5,5,0.6
zsre-3901,0.95,0.0,0.0,6,6,6,1.0
zsre-3901,0.9,0.0,0.0,6,6,6,1.0
zsre-3901,0.85,0.0,0.0,6,6,6,1.0
zsre-3901,0.8,1.0,0.16666666666666666,6,6,6,0.16666666666666666
zsre-3901,0.75,1.0,0.16666666666666666,6,6,6,0.16666666666666666
zsre-3901,0.7,1.0,0.16666666666666666,6,6,6,0.16666666666666666
zsre-3902,0.95,0.0,0.0,5,5,5,1.0
zsre-3902,0.9,0.0,0.0,5,5,5,1.0
zsre-3902,0.85,0.0,0.0,5,5,5,1.0
zsre-3902,0.8,1.0,0.2,5,5,5,0.2
zsre-3902,0.75,1.0,0.2,5,5,5,0.2
zsre-3902,0.7,1.0,0.2,5,5,5,0.2
zsre-391,0.95,0.0,0.2,5,5,5,1.2
zsre-391,0.9,0.0,0.2,5,5,5,1.2
zsre-391,0.85,0.0,0.2,5,5,5,1.2
zsre-391,0.8,0.0,0.2,5,5,5,1.2
zsre-391,0.75,0.0,0.2,5,5,5,1.2
zsre-391,0.7,1.0,0.6,5,5,5,0.6
zsre-3917,0.95,0.0,0.0,20,20,20,1.0
zsre-3917,0.9,0.0,0.0,20,20,20,1.0
zsre-3917,0.85,0.0,0.0,20,20,20,1.0
zsre-3917,0.8,0.0,0.0,20,20,20,1.0
zsre-3917,0.75,0.0,0.0,20,20,20,1.0
zsre-3917,0.7,1.0,0.0,20,20,20,0.0
zsre-392,0.95,0.0,0.0,5,5,5,1.0
zsre-392,0.9,0.0,0.0,5,5,5,1.0
zsre-392,0.85,0.0,0.0,5,5,5,1.0
zsre-392,0.8,0.0,0.0,5,5,5,1.0
zsre-392,0.75,0.0,0.0,5,5,5,1.0
zsre-392,0.7,1.0,0.6,5,5,5,0.6
zsre-393,0.95,1.0,0.0,5,5,5,0.0
zsre-393,0.9,1.0,0.0,5,5,5,0.0
zsre-393,0.85,1.0,0.0,5,5,5,0.0
zsre-393,0.8,1.0,0.0,5,5,5,0.0
zsre-393,0.75,1.0,0.0,5,5,5,0.0
zsre-393,0.7,1.0,0.0,5,5,5,0.0
zsre-3937,0.95,1.0,0.2,5,5,5,0.2
zsre-3937,0.9,1.0,0.2,5,5,5,0.2
zsre-3937,0.85,1.0,0.2,5,5,5,0.2
zsre-3937,0.8,1.0,0.2,5,5,5,0.2
zsre-3937,0.75,1.0,0.2,5,5,5,0.2
zsre-3937,0.7,1.0,0.2,5,5,5,0.2
zsre-3938,0.95,1.0,0.2,5,5,5,0.2
zsre-3938,0.9,1.0,0.2,5,5,5,0.2
zsre-3938,0.85,1.0,0.2,5,5,5,0.2
zsre-3938,0.8,1.0,0.2,5,5,5,0.2
zsre-3938,0.75,1.0,0.2,5,5,5,0.2
zsre-3938,0.7,1.0,0.2,5,5,5,0.2
zsre-3953,0.95,1.0,0.375,8,8,8,0.375
zsre-3953,0.9,1.0,0.375,8,8,8,0.375
zsre-3953,0.85,1.0,0.375,8,8,8,0.375
zsre-3953,0.8,1.0,0.375,8,8,8,0.375
zsre-3953,0.75,1.0,0.375,8,8,8,0.375
zsre-3953,0.7,1.0,0.375,8,8,8,0.375
zsre-3954,0.95,1.0,0.375,8,8,8,0.375
zsre-3954,0.9,1.0,0.375,8,8,8,0.375
zsre-3954,0.85,1.0,0.375,8,8,8,0.375
zsre-3954,0.8,1.0,0.375,8,8,8,0.375
zsre-3954,0.75,1.0,0.375,8,8,8,0.375
zsre-3954,0.7,1.0,0.375,8,8,8,0.375
zsre-3955,0.95,1.0,0.375,8,8,8,0.375
zsre-3955,0.9,1.0,0.375,8,8,8,0.375
zsre-3955,0.85,1.0,0.375,8,8,8,0.375
zsre-3955,0.8,1.0,0.375,8,8,8,0.375
zsre-3955,0.75,1.0,0.375,8,8,8,0.375
zsre-3955,0.7,1.0,0.375,8,8,8,0.375
zsre-3956,0.95,1.0,0.375,8,8,8,0.375
zsre-3956,0.9,1.0,0.375,8,8,8,0.375
zsre-3956,0.85,1.0,0.375,8,8,8,0.375
zsre-3956,0.8,1.0,0.375,8,8,8,0.375
zsre-3956,0.75,1.0,0.375,8,8,8,0.375
zsre-3956,0.7,1.0,0.375,8,8,8,0.375
zsre-3961,0.95,1.0,0.16666666666666666,6,6,6,0.16666666666666666
zsre-3961,0.9,1.0,0.16666666666666666,6,6,6,0.16666666666666666
zsre-3961,0.85,1.0,0.16666666666666666,6,6,6,0.16666666666666666
zsre-3961,0.8,1.0,0.16666666666666666,6,6,6,0.16666666666666666
zsre-3961,0.75,1.0,0.16666666666666666,6,6,6,0.16666666666666666
zsre-3961,0.7,1.0,0.16666666666666666,6,6,6,0.16666666666666666
zsre-3963,0.95,1.0,0.14285714285714285,7,7,7,0.14285714285714285
zsre-3963,0.9,1.0,0.14285714285714285,7,7,7,0.14285714285714285
zsre-3963,0.85,1.0,0.14285714285714285,7,7,7,0.14285714285714285
zsre-3963,0.8,1.0,0.14285714285714285,7,7,7,0.14285714285714285
zsre-3963,0.75,1.0,0.14285714285714285,7,7,7,0.14285714285714285
zsre-3963,0.7,1.0,0.14285714285714285,7,7,7,0.14285714285714285
zsre-3965,0.95,0.0,0.0,7,7,7,1.0
zsre-3965,0.9,0.0,0.0,7,7,7,1.0
zsre-3965,0.85,0.0,0.0,7,7,7,1.0
zsre-3965,0.8,1.0,0.14285714285714285,7,7,7,0.14285714285714285
zsre-3965,0.75,1.0,0.14285714285714285,7,7,7,0.14285714285714285
zsre-3965,0.7,1.0,0.2857142857142857,7,7,7,0.2857142857142857
zsre-3967,0.95,0.0,0.0,6,6,6,1.0
zsre-3967,0.9,0.0,0.0,6,6,6,1.0
zsre-3967,0.85,0.0,0.0,6,6,6,1.0
zsre-3967,0.8,0.0,0.0,6,6,6,1.0
zsre-3967,0.75,1.0,0.16666666666666666,6,6,6,0.16666666666666666
zsre-3967,0.7,1.0,0.16666666666666666,6,6,6,0.16666666666666666
zsre-4,0.95,0.0,0.0,13,13,13,1.0
zsre-4,0.9,0.0,0.0,13,13,13,1.0
zsre-4,0.85,1.0,0.0,13,13,13,0.0
zsre-4,0.8,1.0,0.3076923076923077,13,13,13,0.3076923076923077
zsre-4,0.75,1.0,0.38461538461538464,13,13,13,0.38461538461538464
zsre-4,0.7,1.0,0.38461538461538464,13,13,13,0.38461538461538464
zsre-4011,0.95,1.0,0.1,20,20,20,0.1
zsre-4011,0.9,1.0,0.1,20,20,20,0.1
zsre-4011,0.85,1.0,0.1,20,20,20,0.1
zsre-4011,0.8,1.0,0.1,20,20,20,0.1
zsre-4011,0.75,1.0,0.1,20,20,20,0.1
zsre-4011,0.7,1.0,0.1,20,20,20,0.1
zsre-4014,0.95,1.0,0.1,20,20,20,0.1
zsre-4014,0.9,1.0,0.1,20,20,20,0.1
zsre-4014,0.85,1.0,0.1,20,20,20,0.1
zsre-4014,0.8,1.0,0.1,20,20,20,0.1
zsre-4014,0.75,1.0,0.1,20,20,20,0.1
zsre-4014,0.7,1.0,0.1,20,20,20,0.1
zsre-4016,0.95,1.0,0.1111111111111111,18,18,18,0.1111111111111111
zsre-4016,0.9,1.0,0.1111111111111111,18,18,18,0.1111111111111111
zsre-4016,0.85,1.0,0.1111111111111111,18,18,18,0.1111111111111111
zsre-4016,0.8,1.0,0.1111111111111111,18,18,18,0.1111111111111111
zsre-4016,0.75,1.0,0.1111111111111111,18,18,18,0.1111111111111111
zsre-4016,0.7,1.0,0.1111111111111111,18,18,18,0.1111111111111111
zsre-4023,0.95,0.0,0.0,5,5,5,1.0
zsre-4023,0.9,0.0,0.0,5,5,5,1.0
zsre-4023,0.85,0.0,0.0,5,5,5,1.0
zsre-4023,0.8,0.0,0.0,5,5,5,1.0
zsre-4023,0.75,0.0,0.0,5,5,5,1.0
zsre-4023,0.7,1.0,0.0,5,5,5,0.0
zsre-4024,0.95,0.0,0.0,7,7,7,1.0
zsre-4024,0.9,0.0,0.0,7,7,7,1.0
zsre-4024,0.85,0.0,0.0,7,7,7,1.0
zsre-4024,0.8,0.0,0.0,7,7,7,1.0
zsre-4024,0.75,1.0,0.14285714285714285,7,7,7,0.14285714285714285
zsre-4024,0.7,1.0,0.2857142857142857,7,7,7,0.2857142857142857
zsre-4025,0.95,0.0,0.0,5,5,5,1.0
zsre-4025,0.9,0.0,0.0,5,5,5,1.0
zsre-4025,0.85,0.0,0.0,5,5,5,1.0
zsre-4025,0.8,0.0,0.0,5,5,5,1.0
zsre-4025,0.75,0.0,0.0,5,5,5,1.0
zsre-4025,0.7,1.0,0.4,5,5,5,0.4
zsre-4036,0.95,1.0,0.0,5,5,5,0.0
zsre-4036,0.9,1.0,0.0,5,5,5,0.0
zsre-4036,0.85,1.0,0.0,5,5,5,0.0
zsre-4036,0.8,1.0,0.0,5,5,5,0.0
zsre-4036,0.75,1.0,0.0,5,5,5,0.0
zsre-4036,0.7,1.0,0.0,5,5,5,0.0
zsre-4049,0.95,1.0,0.2,5,5,5,0.2
zsre-4049,0.9,1.0,0.2,5,5,5,0.2
zsre-4049,0.85,1.0,0.2,5,5,5,0.2
zsre-4049,0.8,1.0,0.2,5,5,5,0.2
zsre-4049,0.75,1.0,0.2,5,5,5,0.2
zsre-4049,0.7,1.0,0.2,5,5,5,0.2
zsre-4051,0.95,1.0,0.07692307692307693,13,13,13,0.07692307692307693
zsre-4051,0.9,1.0,0.07692307692307693,13,13,13,0.07692307692307693
zsre-4051,0.85,1.0,0.07692307692307693,13,13,13,0.07692307692307693
zsre-4051,0.8,1.0,0.07692307692307693,13,13,13,0.07692307692307693
zsre-4051,0.75,1.0,0.07692307692307693,13,13,13,0.07692307692307693
zsre-4051,0.7,1.0,0.07692307692307693,13,13,13,0.07692307692307693
zsre-4055,0.95,1.0,0.0,9,9,9,0.0
zsre-4055,0.9,1.0,0.0,9,9,9,0.0
zsre-4055,0.85,1.0,0.0,9,9,9,0.0
zsre-4055,0.8,1.0,0.0,9,9,9,0.0
zsre-4055,0.75,1.0,0.0,9,9,9,0.0
zsre-4055,0.7,1.0,0.0,9,9,9,0.0
zsre-4075,0.95,0.0,0.0,5,5,5,1.0
zsre-4075,0.9,0.0,0.0,5,5,5,1.0
zsre-4075,0.85,1.0,0.0,5,5,5,0.0
zsre-4075,0.8,1.0,0.0,5,5,5,0.0
zsre-4075,0.75,1.0,0.0,5,5,5,0.0
zsre-4075,0.7,1.0,0.0,5,5,5,0.0
zsre-4097,0.95,1.0,0.0,5,5,5,0.0
zsre-4097,0.9,1.0,0.0,5,5,5,0.0
zsre-4097,0.85,1.0,0.0,5,5,5,0.0
zsre-4097,0.8,1.0,0.0,5,5,5,0.0
zsre-4097,0.75,1.0,0.0,5,5,5,0.0
zsre-4097,0.7,1.0,0.0,5,5,5,0.0
zsre-4103,0.95,0.0,0.0,20,20,20,1.0
zsre-4103,0.9,0.0,0.0,20,20,20,1.0
zsre-4103,0.85,1.0,0.0,20,20,20,0.0
zsre-4103,0.8,1.0,0.0,20,20,20,0.0
zsre-4103,0.75,1.0,0.0,20,20,20,0.0
zsre-4103,0.7,1.0,0.0,20,20,20,0.0
zsre-4116,0.95,1.0,0.0,5,5,5,0.0
zsre-4116,0.9,1.0,0.0,5,5,5,0.0
zsre-4116,0.85,1.0,0.0,5,5,5,0.0
zsre-4116,0.8,1.0,0.0,5,5,5,0.0
zsre-4116,0.75,1.0,0.0,5,5,5,0.0
zsre-4116,0.7,1.0,0.0,5,5,5,0.0
zsre-413,0.95,1.0,0.0,5,5,5,0.0
zsre-413,0.9,1.0,0.0,5,5,5,0.0
zsre-413,0.85,1.0,0.0,5,5,5,0.0
zsre-413,0.8,1.0,0.0,5,5,5,0.0
zsre-413,0.75,1.0,0.0,5,5,5,0.0
zsre-413,0.7,1.0,0.0,5,5,5,0.0
zsre-4146,0.95,0.0,0.0,5,5,5,1.0
zsre-4146,0.9,0.0,0.0,5,5,5,1.0
zsre-4146,0.85,0.0,0.0,5,5,5,1.0
zsre-4146,0.8,0.0,0.0,5,5,5,1.0
zsre-4146,0.75,0.0,0.0,5,5,5,1.0
zsre-4146,0.7,1.0,0.0,5,5,5,0.0
zsre-4152,0.95,1.0,0.0,5,5,5,0.0
zsre-4152,0.9,1.0,0.0,5,5,5,0.0
zsre-4152,0.85,1.0,0.0,5,5,5,0.0
zsre-4152,0.8,1.0,0.0,5,5,5,0.0
zsre-4152,0.75,1.0,0.0,5,5,5,0.0
zsre-4152,0.7,1.0,0.0,5,5,5,0.0
zsre-4157,0.95,0.0,0.0,11,11,11,1.0
zsre-4157,0.9,0.0,0.0,11,11,11,1.0
zsre-4157,0.85,1.0,0.09090909090909091,11,11,11,0.09090909090909091
zsre-4157,0.8,1.0,0.09090909090909091,11,11,11,0.09090909090909091
zsre-4157,0.75,1.0,0.09090909090909091,11,11,11,0.09090909090909091
zsre-4157,0.7,1.0,0.09090909090909091,11,11,11,0.09090909090909091
zsre-4158,0.95,0.0,0.0,18,18,18,1.0
zsre-4158,0.9,1.0,0.05555555555555555,18,18,18,0.05555555555555555
zsre-4158,0.85,1.0,0.05555555555555555,18,18,18,0.05555555555555555
zsre-4158,0.8,1.0,0.05555555555555555,18,18,18,0.05555555555555555
zsre-4158,0.75,1.0,0.05555555555555555,18,18,18,0.05555555555555555
zsre-4158,0.7,1.0,0.05555555555555555,18,18,18,0.05555555555555555
zsre-4159,0.95,0.0,0.0,18,18,18,1.0
zsre-4159,0.9,1.0,0.05555555555555555,18,18,18,0.05555555555555555
zsre-4159,0.85,1.0,0.05555555555555555,18,18,18,0.05555555555555555
zsre-4159,0.8,1.0,0.05555555555555555,18,18,18,0.05555555555555555
zsre-4159,0.75,1.0,0.05555555555555555,18,18,18,0.05555555555555555
zsre-4159,0.7,1.0,0.05555555555555555,18,18,18,0.05555555555555555
zsre-4160,0.95,0.0,0.0,5,5,5,1.0
zsre-4160,0.9,0.0,0.0,5,5,5,1.0
zsre-4160,0.85,0.0,0.0,5,5,5,1.0
zsre-4160,0.8,1.0,0.0,5,5,5,0.0
zsre-4160,0.75,1.0,0.2,5,5,5,0.2
zsre-4160,0.7,1.0,0.2,5,5,5,0.2
zsre-4183,0.95,1.0,0.0,5,5,5,0.0
zsre-4183,0.9,1.0,0.0,5,5,5,0.0
zsre-4183,0.85,1.0,0.0,5,5,5,0.0
zsre-4183,0.8,1.0,0.0,5,5,5,0.0
zsre-4183,0.75,1.0,0.0,5,5,5,0.0
zsre-4183,0.7,1.0,0.0,5,5,5,0.0
zsre-4197,0.95,0.0,0.0,5,5,5,1.0
zsre-4197,0.9,0.0,0.0,5,5,5,1.0
zsre-4197,0.85,0.0,0.0,5,5,5,1.0
zsre-4197,0.8,1.0,0.0,5,5,5,0.0
zsre-4197,0.75,1.0,0.0,5,5,5,0.0
zsre-4197,0.7,1.0,0.0,5,5,5,0.0
zsre-4209,0.95,0.0,0.0,5,5,5,1.0
zsre-4209,0.9,0.0,0.0,5,5,5,1.0
zsre-4209,0.85,1.0,0.0,5,5,5,0.0
zsre-4209,0.8,1.0,0.0,5,5,5,0.0
zsre-4209,0.75,1.0,0.0,5,5,5,0.0
zsre-4209,0.7,1.0,0.0,5,5,5,0.0
zsre-4231,0.95,0.0,0.0,7,7,7,1.0
zsre-4231,0.9,0.0,0.0,7,7,7,1.0
zsre-4231,0.85,0.0,0.0,7,7,7,1.0
zsre-4231,0.8,0.0,0.0,7,7,7,1.0
zsre-4231,0.75,0.0,0.0,7,7,7,1.0
zsre-4231,0.7,1.0,0.0,7,7,7,0.0
zsre-4236,0.95,1.0,0.0,5,5,5,0.0
zsre-4236,0.9,1.0,0.0,5,5,5,0.0
zsre-4236,0.85,1.0,0.0,5,5,5,0.0
zsre-4236,0.8,1.0,0.0,5,5,5,0.0
zsre-4236,0.75,1.0,0.0,5,5,5,0.0
zsre-4236,0.7,1.0,0.0,5,5,5,0.0
zsre-4247,0.95,0.0,0.0,20,20,20,1.0
zsre-4247,0.9,0.0,0.0,20,20,20,1.0
zsre-4247,0.85,0.0,0.0,20,20,20,1.0
zsre-4247,0.8,0.0,0.0,20,20,20,1.0
zsre-4247,0.75,1.0,0.05,20,20,20,0.05
zsre-4247,0.7,1.0,0.05,20,20,20,0.05
zsre-4248,0.95,0.0,0.0,20,20,20,1.0
zsre-4248,0.9,0.0,0.0,20,20,20,1.0
zsre-4248,0.85,0.0,0.0,20,20,20,1.0
zsre-4248,0.8,0.0,0.0,20,20,20,1.0
zsre-4248,0.75,1.0,0.05,20,20,20,0.05
zsre-4248,0.7,1.0,0.05,20,20,20,0.05
zsre-4255,0.95,1.0,0.0,6,6,6,0.0
zsre-4255,0.9,1.0,0.0,6,6,6,0.0
zsre-4255,0.85,1.0,0.0,6,6,6,0.0
zsre-4255,0.8,1.0,0.0,6,6,6,0.0
zsre-4255,0.75,1.0,0.0,6,6,6,0.0
zsre-4255,0.7,1.0,0.0,6,6,6,0.0
zsre-4278,0.95,1.0,0.0,5,5,5,0.0
zsre-4278,0.9,1.0,0.0,5,5,5,0.0
zsre-4278,0.85,1.0,0.0,5,5,5,0.0
zsre-4278,0.8,1.0,0.0,5,5,5,0.0
zsre-4278,0.75,1.0,0.0,5,5,5,0.0
zsre-4278,0.7,1.0,0.0,5,5,5,0.0
zsre-4301,0.95,1.0,0.0,5,5,5,0.0
zsre-4301,0.9,1.0,0.0,5,5,5,0.0
zsre-4301,0.85,1.0,0.0,5,5,5,0.0
zsre-4301,0.8,1.0,0.0,5,5,5,0.0
zsre-4301,0.75,1.0,0.0,5,5,5,0.0
zsre-4301,0.7,1.0,0.0,5,5,5,0.0
zsre-4303,0.95,1.0,0.0,5,5,5,0.0
zsre-4303,0.9,1.0,0.0,5,5,5,0.0
zsre-4303,0.85,1.0,0.0,5,5,5,0.0
zsre-4303,0.8,1.0,0.0,5,5,5,0.0
zsre-4303,0.75,1.0,0.0,5,5,5,0.0
zsre-4303,0.7,1.0,0.0,5,5,5,0.0
zsre-4322,0.95,1.0,0.0,20,20,20,0.0
zsre-4322,0.9,1.0,0.0,20,20,20,0.0
zsre-4322,0.85,1.0,0.0,20,20,20,0.0
zsre-4322,0.8,1.0,0.0,20,20,20,0.0
zsre-4322,0.75,1.0,0.0,20,20,20,0.0
zsre-4322,0.7,1.0,0.0,20,20,20,0.0
zsre-4323,0.95,1.0,0.05,20,20,20,0.05
zsre-4323,0.9,1.0,0.05,20,20,20,0.05
zsre-4323,0.85,1.0,0.05,20,20,20,0.05
zsre-4323,0.8,1.0,0.05,20,20,20,0.05
zsre-4323,0.75,1.0,0.05,20,20,20,0.05
zsre-4323,0.7,1.0,0.05,20,20,20,0.05
zsre-4324,0.95,1.0,0.05,20,20,20,0.05
zsre-4324,0.9,1.0,0.05,20,20,20,0.05
zsre-4324,0.85,1.0,0.05,20,20,20,0.05
zsre-4324,0.8,1.0,0.05,20,20,20,0.05
zsre-4324,0.75,0.0,0.05,20,20,20,1.05
zsre-4324,0.7,1.0,0.1,20,20,20,0.1
zsre-4328,0.95,1.0,0.0,7,7,7,0.0
zsre-4328,0.9,1.0,0.0,7,7,7,0.0
zsre-4328,0.85,1.0,0.0,7,7,7,0.0
zsre-4328,0.8,1.0,0.0,7,7,7,0.0
zsre-4328,0.75,1.0,0.0,7,7,7,0.0
zsre-4328,0.7,1.0,0.0,7,7,7,0.0
zsre-4383,0.95,1.0,0.0,5,5,5,0.0
zsre-4383,0.9,1.0,0.0,5,5,5,0.0
zsre-4383,0.85,1.0,0.0,5,5,5,0.0
zsre-4383,0.8,1.0,0.0,5,5,5,0.0
zsre-4383,0.75,1.0,0.0,5,5,5,0.0
zsre-4383,0.7,1.0,0.0,5,5,5,0.0
zsre-4392,0.95,1.0,0.2,5,5,5,0.2
zsre-4392,0.9,1.0,0.2,5,5,5,0.2
zsre-4392,0.85,1.0,0.2,5,5,5,0.2
zsre-4392,0.8,1.0,0.2,5,5,5,0.2
zsre-4392,0.75,1.0,0.2,5,5,5,0.2
zsre-4392,0.7,1.0,0.2,5,5,5,0.2
zsre-4393,0.95,1.0,0.2,5,5,5,0.2
zsre-4393,0.9,1.0,0.2,5,5,5,0.2
zsre-4393,0.85,0.0,0.0,5,5,5,1.0
zsre-4393,0.8,0.0,0.2,5,5,5,1.2
zsre-4393,0.75,1.0,0.2,5,5,5,0.2
zsre-4393,0.7,1.0,0.2,5,5,5,0.2
zsre-44,0.95,1.0,0.0,6,6,6,0.0
zsre-44,0.9,1.0,0.0,6,6,6,0.0
zsre-44,0.85,1.0,0.0,6,6,6,0.0
zsre-44,0.8,1.0,0.0,6,6,6,0.0
zsre-44,0.75,1.0,0.0,6,6,6,0.0
zsre-44,0.7,1.0,0.0,6,6,6,0.0
zsre-4407,0.95,1.0,0.0,13,13,13,0.0
zsre-4407,0.9,1.0,0.0,13,13,13,0.0
zsre-4407,0.85,1.0,0.0,13,13,13,0.0
zsre-4407,0.8,1.0,0.0,13,13,13,0.0
zsre-4407,0.75,1.0,0.0,13,13,13,0.0
zsre-4407,0.7,1.0,0.0,13,13,13,0.0
zsre-4432,0.95,0.0,0.0,5,5,5,1.0
zsre-4432,0.9,0.0,0.0,5,5,5,1.0
zsre-4432,0.85,0.0,0.0,5,5,5,1.0
zsre-4432,0.8,0.0,0.0,5,5,5,1.0
zsre-4432,0.75,0.0,0.0,5,5,5,1.0
zsre-4432,0.7,1.0,0.0,5,5,5,0.0
zsre-4434,0.95,1.0,0.0,7,7,7,0.0
zsre-4434,0.9,1.0,0.0,7,7,7,0.0
zsre-4434,0.85,1.0,0.0,7,7,7,0.0
zsre-4434,0.8,1.0,0.0,7,7,7,0.0
zsre-4434,0.75,1.0,0.0,7,7,7,0.0
zsre-4434,0.7,1.0,0.0,7,7,7,0.0
zsre-4463,0.95,1.0,0.2,5,5,5,0.2
zsre-4463,0.9,1.0,0.2,5,5,5,0.2
zsre-4463,0.85,1.0,0.2,5,5,5,0.2
zsre-4463,0.8,1.0,0.2,5,5,5,0.2
zsre-4463,0.75,1.0,0.2,5,5,5,0.2
zsre-4463,0.7,1.0,0.2,5,5,5,0.2
zsre-4464,0.95,1.0,0.16666666666666666,6,6,6,0.16666666666666666
zsre-4464,0.9,1.0,0.16666666666666666,6,6,6,0.16666666666666666
zsre-4464,0.85,1.0,0.16666666666666666,6,6,6,0.16666666666666666
zsre-4464,0.8,1.0,0.16666666666666666,6,6,6,0.16666666666666666
zsre-4464,0.75,1.0,0.16666666666666666,6,6,6,0.16666666666666666
zsre-4464,0.7,1.0,0.16666666666666666,6,6,6,0.16666666666666666
zsre-4487,0.95,0.0,0.0,5,5,5,1.0
zsre-4487,0.9,0.0,0.0,5,5,5,1.0
zsre-4487,0.85,0.0,0.0,5,5,5,1.0
zsre-4487,0.8,1.0,0.2,5,5,5,0.2
zsre-4487,0.75,1.0,0.2,5,5,5,0.2
zsre-4487,0.7,1.0,0.2,5,5,5,0.2
zsre-4488,0.95,0.0,0.0,5,5,5,1.0
zsre-4488,0.9,0.0,0.0,5,5,5,1.0
zsre-4488,0.85,0.0,0.0,5,5,5,1.0
zsre-4488,0.8,0.0,0.0,5,5,5,1.0
zsre-4488,0.75,1.0,0.2,5,5,5,0.2
zsre-4488,0.7,1.0,0.2,5,5,5,0.2
zsre-45,0.95,0.0,0.0,14,14,14,1.0
zsre-45,0.9,0.0,0.0,14,14,14,1.0
zsre-45,0.85,0.0,0.0,14,14,14,1.0
zsre-45,0.8,1.0,0.0,14,14,14,0.0
zsre-45,0.75,1.0,0.0,14,14,14,0.0
zsre-45,0.7,1.0,0.0,14,14,14,0.0
zsre-4503,0.95,1.0,0.0,5,5,5,0.0
zsre-4503,0.9,1.0,0.0,5,5,5,0.0
zsre-4503,0.85,1.0,0.0,5,5,5,0.0
zsre-4503,0.8,1.0,0.0,5,5,5,0.0
zsre-4503,0.75,1.0,0.0,5,5,5,0.0
zsre-4503,0.7,1.0,0.0,5,5,5,0.0
zsre-4504,0.95,1.0,0.0,5,5,5,0.0
zsre-4504,0.9,1.0,0.0,5,5,5,0.0
zsre-4504,0.85,1.0,0.0,5,5,5,0.0
zsre-4504,0.8,1.0,0.0,5,5,5,0.0
zsre-4504,0.75,1.0,0.0,5,5,5,0.0
zsre-4504,0.7,1.0,0.0,5,5,5,0.0
zsre-4541,0.95,1.0,0.0,5,5,5,0.0
zsre-4541,0.9,1.0,0.0,5,5,5,0.0
zsre-4541,0.85,1.0,0.0,5,5,5,0.0
zsre-4541,0.8,1.0,0.0,5,5,5,0.0
zsre-4541,0.75,1.0,0.0,5,5,5,0.0
zsre-4541,0.7,1.0,0.0,5,5,5,0.0
zsre-4543,0.95,1.0,0.2222222222222222,9,9,9,0.2222222222222222
zsre-4543,0.9,1.0,0.2222222222222222,9,9,9,0.2222222222222222
zsre-4543,0.85,0.0,0.0,9,9,9,1.0
zsre-4543,0.8,0.0,0.0,9,9,9,1.0
zsre-4543,0.75,0.0,0.0,9,9,9,1.0
zsre-4543,0.7,1.0,0.2222222222222222,9,9,9,0.2222222222222222
zsre-4544,0.95,1.0,0.0,13,13,13,0.0
zsre-4544,0.9,1.0,0.0,13,13,13,0.0
zsre-4544,0.85,1.0,0.0,13,13,13,0.0
zsre-4544,0.8,1.0,0.0,13,13,13,0.0
zsre-4544,0.75,1.0,0.0,13,13,13,0.0
zsre-4544,0.7,1.0,0.0,13,13,13,0.0
zsre-4545,0.95,1.0,0.18181818181818182,11,11,11,0.18181818181818182
zsre-4545,0.9,1.0,0.18181818181818182,11,11,11,0.18181818181818182
zsre-4545,0.85,0.0,0.0,11,11,11,1.0
zsre-4545,0.8,0.0,0.0,11,11,11,1.0
zsre-4545,0.75,1.0,0.18181818181818182,11,11,11,0.18181818181818182
zsre-4545,0.7,1.0,0.09090909090909091,11,11,11,0.09090909090909091
zsre-4547,0.95,1.0,0.2,10,10,10,0.2
zsre-4547,0.9,1.0,0.2,10,10,10,0.2
zsre-4547,0.85,0.0,0.0,10,10,10,1.0
zsre-4547,0.8,0.0,0.2,10,10,10,1.2
zsre-4547,0.75,1.0,0.1,10,10,10,0.1
zsre-4547,0.7,1.0,0.1,10,10,10,0.1
zsre-455,0.95,0.0,0.0,7,7,7,1.0
zsre-455,0.9,0.0,0.0,7,7,7,1.0
zsre-455,0.85,0.0,0.0,7,7,7,1.0
zsre-455,0.8,0.0,0.0,7,7,7,1.0
zsre-455,0.75,0.0,0.0,7,7,7,1.0
zsre-455,0.7,1.0,0.0,7,7,7,0.0
zsre-4551,0.95,1.0,0.38461538461538464,13,13,13,0.38461538461538464
zsre-4551,0.9,1.0,0.38461538461538464,13,13,13,0.38461538461538464
zsre-4551,0.85,1.0,0.38461538461538464,13,13,13,0.38461538461538464
zsre-4551,0.8,1.0,0.38461538461538464,13,13,13,0.38461538461538464
zsre-4551,0.75,1.0,0.38461538461538464,13,13,13,0.38461538461538464
zsre-4551,0.7,1.0,0.38461538461538464,13,13,13,0.38461538461538464
zsre-4552,0.95,1.0,0.38461538461538464,13,13,13,0.38461538461538464
zsre-4552,0.9,1.0,0.38461538461538464,13,13,13,0.38461538461538464
zsre-4552,0.85,1.0,0.38461538461538464,13,13,13,0.38461538461538464
zsre-4552,0.8,1.0,0.38461538461538464,13,13,13,0.38461538461538464
zsre-4552,0.75,1.0,0.38461538461538464,13,13,13,0.38461538461538464
zsre-4552,0.7,1.0,0.38461538461538464,13,13,13,0.38461538461538464
zsre-4553,0.95,1.0,0.8333333333333334,6,6,6,0.8333333333333334
zsre-4553,0.9,1.0,0.8333333333333334,6,6,6,0.8333333333333334
zsre-4553,0.85,1.0,0.8333333333333334,6,6,6,0.8333333333333334
zsre-4553,0.8,1.0,0.8333333333333334,6,6,6,0.8333333333333334
zsre-4553,0.75,1.0,0.8333333333333334,6,6,6,0.8333333333333334
zsre-4553,0.7,1.0,0.8333333333333334,6,6,6,0.8333333333333334
zsre-4554,0.95,1.0,0.8333333333333334,6,6,6,0.8333333333333334
zsre-4554,0.9,1.0,0.8333333333333334,6,6,6,0.8333333333333334
zsre-4554,0.85,1.0,0.8333333333333334,6,6,6,0.8333333333333334
zsre-4554,0.8,1.0,0.8333333333333334,6,6,6,0.8333333333333334
zsre-4554,0.75,1.0,0.8333333333333334,6,6,6,0.8333333333333334
zsre-4554,0.7,1.0,0.8333333333333334,6,6,6,0.8333333333333334
zsre-4555,0.95,1.0,0.5555555555555556,9,9,9,0.5555555555555556
zsre-4555,0.9,1.0,0.5555555555555556,9,9,9,0.5555555555555556
zsre-4555,0.85,1.0,0.5555555555555556,9,9,9,0.5555555555555556
zsre-4555,0.8,1.0,0.5555555555555556,9,9,9,0.5555555555555556
zsre-4555,0.75,1.0,0.5555555555555556,9,9,9,0.5555555555555556
zsre-4555,0.7,1.0,0.5555555555555556,9,9,9,0.5555555555555556
zsre-4556,0.95,1.0,0.8333333333333334,6,6,6,0.8333333333333334
zsre-4556,0.9,1.0,0.8333333333333334,6,6,6,0.8333333333333334
zsre-4556,0.85,1.0,0.8333333333333334,6,6,6,0.8333333333333334
zsre-4556,0.8,1.0,0.8333333333333334,6,6,6,0.8333333333333334
zsre-4556,0.75,1.0,0.8333333333333334,6,6,6,0.8333333333333334
zsre-4556,0.7,1.0,0.8333333333333334,6,6,6,0.8333333333333334
zsre-457,0.95,0.0,0.0,5,5,5,1.0
zsre-457,0.9,0.0,0.0,5,5,5,1.0
zsre-457,0.85,0.0,0.0,5,5,5,1.0
zsre-457,0.8,1.0,0.0,5,5,5,0.0
zsre-457,0.75,1.0,0.0,5,5,5,0.0
zsre-457,0.7,1.0,0.0,5,5,5,0.0
zsre-4579,0.95,0.0,0.0,5,5,5,1.0
zsre-4579,0.9,0.0,0.0,5,5,5,1.0
zsre-4579,0.85,0.0,0.0,5,5,5,1.0
zsre-4579,0.8,0.0,0.0,5,5,5,1.0
zsre-4579,0.75,0.0,0.0,5,5,5,1.0
zsre-4579,0.7,1.0,0.0,5,5,5,0.0
zsre-4582,0.95,1.0,0.0,5,5,5,0.0
zsre-4582,0.9,1.0,0.0,5,5,5,0.0
zsre-4582,0.85,1.0,0.0,5,5,5,0.0
zsre-4582,0.8,1.0,0.0,5,5,5,0.0
zsre-4582,0.75,1.0,0.0,5,5,5,0.0
zsre-4582,0.7,1.0,0.0,5,5,5,0.0
zsre-4589,0.95,1.0,0.09090909090909091,11,11,11,0.09090909090909091
zsre-4589,0.9,1.0,0.09090909090909091,11,11,11,0.09090909090909091
zsre-4589,0.85,1.0,0.09090909090909091,11,11,11,0.09090909090909091
zsre-4589,0.8,1.0,0.09090909090909091,11,11,11,0.09090909090909091
zsre-4589,0.75,1.0,0.09090909090909091,11,11,11,0.09090909090909091
zsre-4589,0.7,1.0,0.09090909090909091,11,11,11,0.09090909090909091
zsre-4591,0.95,1.0,0.09090909090909091,11,11,11,0.09090909090909091
zsre-4591,0.9,1.0,0.09090909090909091,11,11,11,0.09090909090909091
zsre-4591,0.85,1.0,0.09090909090909091,11,11,11,0.09090909090909091
zsre-4591,0.8,1.0,0.09090909090909091,11,11,11,0.09090909090909091
zsre-4591,0.75,1.0,0.09090909090909091,11,11,11,0.09090909090909091
zsre-4591,0.7,1.0,0.09090909090909091,11,11,11,0.09090909090909091
zsre-4595,0.95,0.0,0.0,5,5,5,1.0
zsre-4595,0.9,0.0,0.0,5,5,5,1.0
zsre-4595,0.85,0.0,0.0,5,5,5,1.0
zsre-4595,0.8,0.0,0.0,5,5,5,1.0
zsre-4595,0.75,1.0,0.0,5,5,5,0.0
zsre-4595,0.7,1.0,0.0,5,5,5,0.0
zsre-4607,0.95,1.0,0.0,5,5,5,0.0
zsre-4607,0.9,1.0,0.0,5,5,5,0.0
zsre-4607,0.85,1.0,0.0,5,5,5,0.0
zsre-4607,0.8,1.0,0.0,5,5,5,0.0
zsre-4607,0.75,1.0,0.0,5,5,5,0.0
zsre-4607,0.7,1.0,0.0,5,5,5,0.0
zsre-4614,0.95,1.0,0.0,5,5,5,0.0
zsre-4614,0.9,1.0,0.0,5,5,5,0.0
zsre-4614,0.85,1.0,0.0,5,5,5,0.0
zsre-4614,0.8,1.0,0.0,5,5,5,0.0
zsre-4614,0.75,1.0,0.0,5,5,5,0.0
zsre-4614,0.7,1.0,0.0,5,5,5,0.0
zsre-4631,0.95,1.0,0.0,5,5,5,0.0
zsre-4631,0.9,1.0,0.0,5,5,5,0.0
zsre-4631,0.85,1.0,0.0,5,5,5,0.0
zsre-4631,0.8,1.0,0.0,5,5,5,0.0
zsre-4631,0.75,1.0,0.0,5,5,5,0.0
zsre-4631,0.7,1.0,0.0,5,5,5,0.0
zsre-4636,0.95,0.0,0.0,5,5,5,1.0
zsre-4636,0.9,0.0,0.0,5,5,5,1.0
zsre-4636,0.85,0.0,0.0,5,5,5,1.0
zsre-4636,0.8,0.0,0.0,5,5,5,1.0
zsre-4636,0.75,1.0,0.0,5,5,5,0.0
zsre-4636,0.7,0.0,0.0,5,5,5,1.0
zsre-4638,0.95,1.0,0.0,5,5,5,0.0
zsre-4638,0.9,1.0,0.0,5,5,5,0.0
zsre-4638,0.85,1.0,0.0,5,5,5,0.0
zsre-4638,0.8,1.0,0.0,5,5,5,0.0
zsre-4638,0.75,1.0,0.0,5,5,5,0.0
zsre-4638,0.7,1.0,0.0,5,5,5,0.0
zsre-466,0.95,0.0,0.0,7,7,7,1.0
zsre-466,0.9,0.0,0.0,7,7,7,1.0
zsre-466,0.85,0.0,0.0,7,7,7,1.0
zsre-466,0.8,0.0,0.0,7,7,7,1.0
zsre-466,0.75,0.0,0.0,7,7,7,1.0
zsre-466,0.7,1.0,0.0,7,7,7,0.0
zsre-468,0.95,0.0,0.0,20,20,20,1.0
zsre-468,0.9,0.0,0.0,20,20,20,1.0
zsre-468,0.85,0.0,0.0,20,20,20,1.0
zsre-468,0.8,0.0,0.0,20,20,20,1.0
zsre-468,0.75,0.0,0.0,20,20,20,1.0
zsre-468,0.7,1.0,0.1,20,20,20,0.1
zsre-470,0.95,0.0,0.0,20,20,20,1.0
zsre-470,0.9,0.0,0.0,20,20,20,1.0
zsre-470,0.85,1.0,0.1,20,20,20,0.1
zsre-470,0.8,0.0,0.0,20,20,20,1.0
zsre-470,0.75,0.0,0.0,20,20,20,1.0
zsre-470,0.7,0.0,0.05,20,20,20,1.05
zsre-4704,0.95,0.0,0.0,5,5,5,1.0
zsre-4704,0.9,0.0,0.0,5,5,5,1.0
zsre-4704,0.85,0.0,0.0,5,5,5,1.0
zsre-4704,0.8,0.0,0.0,5,5,5,1.0
zsre-4704,0.75,1.0,0.0,5,5,5,0.0
zsre-4704,0.7,1.0,0.0,5,5,5,0.0
zsre-4707,0.95,1.0,0.0,5,5,5,0.0
zsre-4707,0.9,1.0,0.0,5,5,5,0.0
zsre-4707,0.85,1.0,0.0,5,5,5,0.0
zsre-4707,0.8,1.0,0.0,5,5,5,0.0
zsre-4707,0.75,1.0,0.0,5,5,5,0.0
zsre-4707,0.7,1.0,0.0,5,5,5,0.0
zsre-4708,0.95,1.0,0.0,5,5,5,0.0
zsre-4708,0.9,1.0,0.0,5,5,5,0.0
zsre-4708,0.85,1.0,0.0,5,5,5,0.0
zsre-4708,0.8,1.0,0.0,5,5,5,0.0
zsre-4708,0.75,1.0,0.0,5,5,5,0.0
zsre-4708,0.7,1.0,0.0,5,5,5,0.0
zsre-471,0.95,0.0,0.0,20,20,20,1.0
zsre-471,0.9,0.0,0.0,20,20,20,1.0
zsre-471,0.85,0.0,0.0,20,20,20,1.0
zsre-471,0.8,0.0,0.0,20,20,20,1.0
zsre-471,0.75,1.0,0.1,20,20,20,0.1
zsre-471,0.7,0.0,0.1,20,20,20,1.1
zsre-4744,0.95,1.0,0.0,5,5,5,0.0
zsre-4744,0.9,1.0,0.0,5,5,5,0.0
zsre-4744,0.85,1.0,0.0,5,5,5,0.0
zsre-4744,0.8,1.0,0.0,5,5,5,0.0
zsre-4744,0.75,1.0,0.0,5,5,5,0.0
zsre-4744,0.7,1.0,0.0,5,5,5,0.0
zsre-4787,0.95,1.0,0.0,5,5,5,0.0
zsre-4787,0.9,1.0,0.0,5,5,5,0.0
zsre-4787,0.85,1.0,0.0,5,5,5,0.0
zsre-4787,0.8,1.0,0.0,5,5,5,0.0
zsre-4787,0.75,1.0,0.0,5,5,5,0.0
zsre-4787,0.7,1.0,0.0,5,5,5,0.0
zsre-4789,0.95,1.0,0.0,5,5,5,0.0
zsre-4789,0.9,1.0,0.0,5,5,5,0.0
zsre-4789,0.85,1.0,0.0,5,5,5,0.0
zsre-4789,0.8,1.0,0.0,5,5,5,0.0
zsre-4789,0.75,1.0,0.0,5,5,5,0.0
zsre-4789,0.7,1.0,0.0,5,5,5,0.0
zsre-4796,0.95,1.0,0.0625,16,16,16,0.0625
zsre-4796,0.9,1.0,0.0625,16,16,16,0.0625
zsre-4796,0.85,1.0,0.0625,16,16,16,0.0625
zsre-4796,0.8,1.0,0.0625,16,16,16,0.0625
zsre-4796,0.75,0.0,0.0,16,16,16,1.0
zsre-4796,0.7,1.0,0.0625,16,16,16,0.0625
zsre-4797,0.95,1.0,0.05,20,20,20,0.05
zsre-4797,0.9,1.0,0.05,20,20,20,0.05
zsre-4797,0.85,1.0,0.05,20,20,20,0.05
zsre-4797,0.8,1.0,0.05,20,20,20,0.05
zsre-4797,0.75,1.0,0.05,20,20,20,0.05
zsre-4797,0.7,1.0,0.15,20,20,20,0.15
zsre-4814,0.95,1.0,0.16666666666666666,6,6,6,0.16666666666666666
zsre-4814,0.9,1.0,0.16666666666666666,6,6,6,0.16666666666666666
zsre-4814,0.85,1.0,0.16666666666666666,6,6,6,0.16666666666666666
zsre-4814,0.8,1.0,0.16666666666666666,6,6,6,0.16666666666666666
zsre-4814,0.75,1.0,0.16666666666666666,6,6,6,0.16666666666666666
zsre-4814,0.7,1.0,0.16666666666666666,6,6,6,0.16666666666666666
zsre-4817,0.95,1.0,0.16666666666666666,6,6,6,0.16666666666666666
zsre-4817,0.9,1.0,0.16666666666666666,6,6,6,0.16666666666666666
zsre-4817,0.85,1.0,0.16666666666666666,6,6,6,0.16666666666666666
zsre-4817,0.8,1.0,0.16666666666666666,6,6,6,0.16666666666666666
zsre-4817,0.75,1.0,0.16666666666666666,6,6,6,0.16666666666666666
zsre-4817,0.7,1.0,0.16666666666666666,6,6,6,0.16666666666666666
zsre-4820,0.95,1.0,0.0,5,5,5,0.0
zsre-4820,0.9,1.0,0.0,5,5,5,0.0
zsre-4820,0.85,1.0,0.0,5,5,5,0.0
zsre-4820,0.8,1.0,0.0,5,5,5,0.0
zsre-4820,0.75,1.0,0.0,5,5,5,0.0
zsre-4820,0.7,1.0,0.0,5,5,5,0.0
zsre-4827,0.95,0.0,0.0,16,16,16,1.0
zsre-4827,0.9,0.0,0.0,16,16,16,1.0
zsre-4827,0.85,0.0,0.0,16,16,16,1.0
zsre-4827,0.8,1.0,0.0,16,16,16,0.0
zsre-4827,0.75,0.0,0.0,16,16,16,1.0
zsre-4827,0.7,1.0,0.0625,16,16,16,0.0625
zsre-4828,0.95,0.0,0.0,12,12,12,1.0
zsre-4828,0.9,0.0,0.0,12,12,12,1.0
zsre-4828,0.85,0.0,0.0,12,12,12,1.0
zsre-4828,0.8,1.0,0.0,12,12,12,0.0
zsre-4828,0.75,0.0,0.08333333333333333,12,12,12,1.0833333333333333
zsre-4828,0.7,1.0,0.08333333333333333,12,12,12,0.08333333333333333
zsre-4830,0.95,1.0,0.0,9,9,9,0.0
zsre-4830,0.9,1.0,0.0,9,9,9,0.0
zsre-4830,0.85,1.0,0.0,9,9,9,0.0
zsre-4830,0.8,1.0,0.0,9,9,9,0.0
zsre-4830,0.75,1.0,0.0,9,9,9,0.0
zsre-4830,0.7,1.0,0.0,9,9,9,0.0
zsre-4831,0.95,1.0,0.2,5,5,5,0.2
zsre-4831,0.9,1.0,0.2,5,5,5,0.2
zsre-4831,0.85,1.0,0.2,5,5,5,0.2
zsre-4831,0.8,1.0,0.2,5,5,5,0.2
zsre-4831,0.75,1.0,0.2,5,5,5,0.2
zsre-4831,0.7,1.0,0.2,5,5,5,0.2
zsre-4834,0.95,1.0,0.2,5,5,5,0.2
zsre-4834,0.9,1.0,0.2,5,5,5,0.2
zsre-4834,0.85,1.0,0.2,5,5,5,0.2
zsre-4834,0.8,1.0,0.2,5,5,5,0.2
zsre-4834,0.75,1.0,0.2,5,5,5,0.2
zsre-4834,0.7,1.0,0.2,5,5,5,0.2
zsre-4837,0.95,0.0,0.0,5,5,5,1.0
zsre-4837,0.9,0.0,0.0,5,5,5,1.0
zsre-4837,0.85,0.0,0.0,5,5,5,1.0
zsre-4837,0.8,0.0,0.0,5,5,5,1.0
zsre-4837,0.75,1.0,0.0,5,5,5,0.0
zsre-4837,0.7,1.0,0.0,5,5,5,0.0
zsre-4839,0.95,1.0,0.0,5,5,5,0.0
zsre-4839,0.9,1.0,0.0,5,5,5,0.0
zsre-4839,0.85,1.0,0.0,5,5,5,0.0
zsre-4839,0.8,1.0,0.0,5,5,5,0.0
zsre-4839,0.75,1.0,0.0,5,5,5,0.0
zsre-4839,0.7,1.0,0.0,5,5,5,0.0
zsre-4854,0.95,0.0,0.0,6,6,6,1.0
zsre-4854,0.9,0.0,0.0,6,6,6,1.0
zsre-4854,0.85,0.0,0.0,6,6,6,1.0
zsre-4854,0.8,0.0,0.0,6,6,6,1.0
zsre-4854,0.75,1.0,0.3333333333333333,6,6,6,0.3333333333333333
zsre-4854,0.7,1.0,0.3333333333333333,6,6,6,0.3333333333333333
zsre-4855,0.95,0.0,0.0,5,5,5,1.0
zsre-4855,0.9,0.0,0.0,5,5,5,1.0
zsre-4855,0.85,0.0,0.0,5,5,5,1.0
zsre-4855,0.8,0.0,0.0,5,5,5,1.0
zsre-4855,0.75,1.0,0.4,5,5,5,0.4
zsre-4855,0.7,1.0,0.4,5,5,5,0.4
zsre-4856,0.95,0.0,0.0,6,6,6,1.0
zsre-4856,0.9,0.0,0.0,6,6,6,1.0
zsre-4856,0.85,0.0,0.0,6,6,6,1.0
zsre-4856,0.8,1.0,0.3333333333333333,6,6,6,0.3333333333333333
zsre-4856,0.75,1.0,0.3333333333333333,6,6,6,0.3333333333333333
zsre-4856,0.7,1.0,0.3333333333333333,6,6,6,0.3333333333333333
zsre-4870,0.95,1.0,0.0,5,5,5,0.0
zsre-4870,0.9,1.0,0.0,5,5,5,0.0
zsre-4870,0.85,1.0,0.0,5,5,5,0.0
zsre-4870,0.8,1.0,0.0,5,5,5,0.0
zsre-4870,0.75,1.0,0.0,5,5,5,0.0
zsre-4870,0.7,1.0,0.0,5,5,5,0.0
zsre-4872,0.95,0.0,0.0,7,7,7,1.0
zsre-4872,0.9,0.0,0.0,7,7,7,1.0
zsre-4872,0.85,0.0,0.0,7,7,7,1.0
zsre-4872,0.8,0.0,0.0,7,7,7,1.0
zsre-4872,0.75,0.0,0.0,7,7,7,1.0
zsre-4872,0.7,1.0,0.0,7,7,7,0.0
zsre-4873,0.95,1.0,0.0,6,6,6,0.0
zsre-4873,0.9,1.0,0.0,6,6,6,0.0
zsre-4873,0.85,1.0,0.0,6,6,6,0.0
zsre-4873,0.8,1.0,0.0,6,6,6,0.0
zsre-4873,0.75,1.0,0.0,6,6,6,0.0
zsre-4873,0.7,1.0,0.0,6,6,6,0.0
zsre-4880,0.95,1.0,0.0,5,5,5,0.0
zsre-4880,0.9,1.0,0.0,5,5,5,0.0
zsre-4880,0.85,1.0,0.0,5,5,5,0.0
zsre-4880,0.8,1.0,0.0,5,5,5,0.0
zsre-4880,0.75,1.0,0.0,5,5,5,0.0
zsre-4880,0.7,1.0,0.0,5,5,5,0.0
zsre-4893,0.95,0.0,0.0,7,7,7,1.0
zsre-4893,0.9,0.0,0.0,7,7,7,1.0
zsre-4893,0.85,0.0,0.0,7,7,7,1.0
zsre-4893,0.8,1.0,0.42857142857142855,7,7,7,0.42857142857142855
zsre-4893,0.75,1.0,0.42857142857142855,7,7,7,0.42857142857142855
zsre-4893,0.7,1.0,0.42857142857142855,7,7,7,0.42857142857142855
zsre-4894,0.95,0.0,0.0,5,5,5,1.0
zsre-4894,0.9,0.0,0.0,5,5,5,1.0
zsre-4894,0.85,0.0,0.0,5,5,5,1.0
zsre-4894,0.8,1.0,0.6,5,5,5,0.6
zsre-4894,0.75,1.0,0.6,5,5,5,0.6
zsre-4894,0.7,1.0,0.6,5,5,5,0.6
zsre-4895,0.95,0.0,0.0,9,9,9,1.0
zsre-4895,0.9,0.0,0.0,9,9,9,1.0
zsre-4895,0.85,0.0,0.0,9,9,9,1.0
zsre-4895,0.8,0.0,0.0,9,9,9,1.0
zsre-4895,0.75,1.0,0.3333333333333333,9,9,9,0.3333333333333333
zsre-4895,0.7,1.0,0.3333333333333333,9,9,9,0.3333333333333333
zsre-4896,0.95,0.0,0.0,12,12,12,1.0
zsre-4896,0.9,0.0,0.0,12,12,12,1.0
zsre-4896,0.85,0.0,0.0,12,12,12,1.0
zsre-4896,0.8,1.0,0.25,12,12,12,0.25
zsre-4896,0.75,1.0,0.25,12,12,12,0.25
zsre-4896,0.7,1.0,0.25,12,12,12,0.25
zsre-4912,0.95,1.0,0.0,5,5,5,0.0
zsre-4912,0.9,1.0,0.0,5,5,5,0.0
zsre-4912,0.85,1.0,0.0,5,5,5,0.0
zsre-4912,0.8,1.0,0.0,5,5,5,0.0
zsre-4912,0.75,1.0,0.0,5,5,5,0.0
zsre-4912,0.7,1.0,0.0,5,5,5,0.0
zsre-4924,0.95,0.0,0.0,5,5,5,1.0
zsre-4924,0.9,0.0,0.0,5,5,5,1.0
zsre-4924,0.85,0.0,0.0,5,5,5,1.0
zsre-4924,0.8,1.0,0.0,5,5,5,0.0
zsre-4924,0.75,1.0,0.0,5,5,5,0.0
zsre-4924,0.7,1.0,0.0,5,5,5,0.0
zsre-4937,0.95,1.0,0.0,5,5,5,0.0
zsre-4937,0.9,1.0,0.0,5,5,5,0.0
zsre-4937,0.85,1.0,0.0,5,5,5,0.0
zsre-4937,0.8,1.0,0.0,5,5,5,0.0
zsre-4937,0.75,1.0,0.0,5,5,5,0.0
zsre-4937,0.7,1.0,0.0,5,5,5,0.0
zsre-4938,0.95,1.0,0.0,5,5,5,0.0
zsre-4938,0.9,1.0,0.0,5,5,5,0.0
zsre-4938,0.85,1.0,0.0,5,5,5,0.0
zsre-4938,0.8,1.0,0.0,5,5,5,0.0
zsre-4938,0.75,1.0,0.0,5,5,5,0.0
zsre-4938,0.7,1.0,0.0,5,5,5,0.0
zsre-4973,0.95,0.0,0.0,6,6,6,1.0
zsre-4973,0.9,0.0,0.0,6,6,6,1.0
zsre-4973,0.85,0.0,0.0,6,6,6,1.0
zsre-4973,0.8,0.0,0.0,6,6,6,1.0
zsre-4973,0.75,0.0,0.0,6,6,6,1.0
zsre-4973,0.7,1.0,0.0,6,6,6,0.0
zsre-4975,0.95,0.0,0.0,5,5,5,1.0
zsre-4975,0.9,0.0,0.0,5,5,5,1.0
zsre-4975,0.85,0.0,0.0,5,5,5,1.0
zsre-4975,0.8,1.0,0.0,5,5,5,0.0
zsre-4975,0.75,1.0,0.0,5,5,5,0.0
zsre-4975,0.7,1.0,0.0,5,5,5,0.0
zsre-4976,0.95,0.0,0.0,5,5,5,1.0
zsre-4976,0.9,0.0,0.0,5,5,5,1.0
zsre-4976,0.85,0.0,0.0,5,5,5,1.0
zsre-4976,0.8,0.0,0.0,5,5,5,1.0
zsre-4976,0.75,1.0,0.0,5,5,5,0.0
zsre-4976,0.7,1.0,0.0,5,5,5,0.0
zsre-4990,0.95,0.0,0.0,5,5,5,1.0
zsre-4990,0.9,0.0,0.0,5,5,5,1.0
zsre-4990,0.85,0.0,0.0,5,5,5,1.0
zsre-4990,0.8,0.0,0.0,5,5,5,1.0
zsre-4990,0.75,0.0,0.0,5,5,5,1.0
zsre-4990,0.7,1.0,0.0,5,5,5,0.0
zsre-5,0.95,0.0,0.0,10,10,10,1.0
zsre-5,0.9,0.0,0.0,10,10,10,1.0
zsre-5,0.85,1.0,0.2,10,10,10,0.2
zsre-5,0.8,1.0,0.5,10,10,10,0.5
zsre-5,0.75,1.0,0.5,10,10,10,0.5
zsre-5,0.7,1.0,0.5,10,10,10,0.5
zsre-5001,0.95,1.0,0.0,5,5,5,0.0
zsre-5001,0.9,1.0,0.0,5,5,5,0.0
zsre-5001,0.85,1.0,0.0,5,5,5,0.0
zsre-5001,0.8,1.0,0.0,5,5,5,0.0
zsre-5001,0.75,1.0,0.0,5,5,5,0.0
zsre-5001,0.7,1.0,0.0,5,5,5,0.0
zsre-501,0.95,0.0,0.0,20,20,20,1.0
zsre-501,0.9,1.0,0.0,20,20,20,0.0
zsre-501,0.85,0.0,0.0,20,20,20,1.0
zsre-501,0.8,0.0,0.0,20,20,20,1.0
zsre-501,0.75,1.0,0.0,20,20,20,0.0
zsre-501,0.7,1.0,0.0,20,20,20,0.0
zsre-5012,0.95,1.0,0.0,5,5,5,0.0
zsre-5012,0.9,1.0,0.0,5,5,5,0.0
zsre-5012,0.85,1.0,0.0,5,5,5,0.0
zsre-5012,0.8,1.0,0.0,5,5,5,0.0
zsre-5012,0.75,1.0,0.0,5,5,5,0.0
zsre-5012,0.7,1.0,0.0,5,5,5,0.0
zsre-5029,0.95,1.0,0.0,5,5,5,0.0
zsre-5029,0.9,1.0,0.0,5,5,5,0.0
zsre-5029,0.85,1.0,0.0,5,5,5,0.0
zsre-5029,0.8,1.0,0.0,5,5,5,0.0
zsre-5029,0.75,1.0,0.0,5,5,5,0.0
zsre-5029,0.7,1.0,0.0,5,5,5,0.0
zsre-5035,0.95,0.0,0.0,12,12,12,1.0
zsre-5035,0.9,0.0,0.0,12,12,12,1.0
zsre-5035,0.85,0.0,0.0,12,12,12,1.0
zsre-5035,0.8,0.0,0.0,12,12,12,1.0
zsre-5035,0.75,1.0,0.08333333333333333,12,12,12,0.08333333333333333
zsre-5035,0.7,1.0,0.08333333333333333,12,12,12,0.08333333333333333
zsre-5036,0.95,0.0,0.0,12,12,12,1.0
zsre-5036,0.9,0.0,0.0,12,12,12,1.0
zsre-5036,0.85,0.0,0.0,12,12,12,1.0
zsre-5036,0.8,0.0,0.0,12,12,12,1.0
zsre-5036,0.75,1.0,0.08333333333333333,12,12,12,0.08333333333333333
zsre-5036,0.7,1.0,0.08333333333333333,12,12,12,0.08333333333333333
zsre-5038,0.95,0.0,0.0,13,13,13,1.0
zsre-5038,0.9,0.0,0.0,13,13,13,1.0
zsre-5038,0.85,0.0,0.0,13,13,13,1.0
zsre-5038,0.8,1.0,0.15384615384615385,13,13,13,0.15384615384615385
zsre-5038,0.75,1.0,0.15384615384615385,13,13,13,0.15384615384615385
zsre-5038,0.7,1.0,0.07692307692307693,13,13,13,0.07692307692307693
zsre-5039,0.95,0.0,0.0,19,19,19,1.0
zsre-5039,0.9,0.0,0.0,19,19,19,1.0
zsre-5039,0.85,0.0,0.0,19,19,19,1.0
zsre-5039,0.8,1.0,0.10526315789473684,19,19,19,0.10526315789473684
zsre-5039,0.75,0.0,0.10526315789473684,19,19,19,1.1052631578947367
zsre-5039,0.7,1.0,0.10526315789473684,19,19,19,0.10526315789473684
zsre-5040,0.95,0.0,0.0,13,13,13,1.0
zsre-5040,0.9,0.0,0.0,13,13,13,1.0
zsre-5040,0.85,0.0,0.0,13,13,13,1.0
zsre-5040,0.8,1.0,0.15384615384615385,13,13,13,0.15384615384615385
zsre-5040,0.75,1.0,0.15384615384615385,13,13,13,0.15384615384615385
zsre-5040,0.7,1.0,0.15384615384615385,13,13,13,0.15384615384615385
zsre-5098,0.95,0.0,0.1,20,20,20,1.1
zsre-5098,0.9,0.0,0.1,20,20,20,1.1
zsre-5098,0.85,0.0,0.1,20,20,20,1.1
zsre-5098,0.8,1.0,0.1,20,20,20,0.1
zsre-5098,0.75,1.0,0.1,20,20,20,0.1
zsre-5098,0.7,1.0,0.1,20,20,20,0.1
zsre-5099,0.95,1.0,0.05,20,20,20,0.05
zsre-5099,0.9,1.0,0.05,20,20,20,0.05
zsre-5099,0.85,1.0,0.05,20,20,20,0.05
zsre-5099,0.8,1.0,0.05,20,20,20,0.05
zsre-5099,0.75,0.0,0.0,20,20,20,1.0
zsre-5099,0.7,1.0,0.1,20,20,20,0.1
zsre-5100,0.95,1.0,0.05,20,20,20,0.05
zsre-5100,0.9,1.0,0.05,20,20,20,0.05
zsre-5100,0.85,1.0,0.05,20,20,20,0.05
zsre-5100,0.8,0.0,0.0,20,20,20,1.0
zsre-5100,0.75,1.0,0.1,20,20,20,0.1
zsre-5100,0.7,1.0,0.1,20,20,20,0.1
zsre-5101,0.95,1.0,0.26666666666666666,15,15,15,0.26666666666666666
zsre-5101,0.9,1.0,0.26666666666666666,15,15,15,0.26666666666666666
zsre-5101,0.85,1.0,0.26666666666666666,15,15,15,0.26666666666666666
zsre-5101,0.8,1.0,0.26666666666666666,15,15,15,0.26666666666666666
zsre-5101,0.75,1.0,0.26666666666666666,15,15,15,0.26666666666666666
zsre-5101,0.7,1.0,0.26666666666666666,15,15,15,0.26666666666666666
zsre-5103,0.95,1.0,0.5714285714285714,7,7,7,0.5714285714285714
zsre-5103,0.9,1.0,0.5714285714285714,7,7,7,0.5714285714285714
zsre-5103,0.85,1.0,0.5714285714285714,7,7,7,0.5714285714285714
zsre-5103,0.8,1.0,0.5714285714285714,7,7,7,0.5714285714285714
zsre-5103,0.75,1.0,0.5714285714285714,7,7,7,0.5714285714285714
zsre-5103,0.7,1.0,0.5714285714285714,7,7,7,0.5714285714285714
zsre-5104,0.95,1.0,0.5,8,8,8,0.5
zsre-5104,0.9,1.0,0.5,8,8,8,0.5
zsre-5104,0.85,1.0,0.5,8,8,8,0.5
zsre-5104,0.8,1.0,0.5,8,8,8,0.5
zsre-5104,0.75,1.0,0.5,8,8,8,0.5
zsre-5104,0.7,1.0,0.5,8,8,8,0.5
zsre-5105,0.95,1.0,0.2,20,20,20,0.2
zsre-5105,0.9,1.0,0.2,20,20,20,0.2
zsre-5105,0.85,1.0,0.2,20,20,20,0.2
zsre-5105,0.8,1.0,0.2,20,20,20,0.2
zsre-5105,0.75,1.0,0.2,20,20,20,0.2
zsre-5105,0.7,1.0,0.2,20,20,20,0.2
zsre-5106,0.95,1.0,0.5,8,8,8,0.5
zsre-5106,0.9,1.0,0.5,8,8,8,0.5
zsre-5106,0.85,1.0,0.5,8,8,8,0.5
zsre-5106,0.8,1.0,0.5,8,8,8,0.5
zsre-5106,0.75,1.0,0.5,8,8,8,0.5
zsre-5106,0.7,1.0,0.5,8,8,8,0.5
zsre-5125,0.95,0.0,0.0,5,5,5,1.0
zsre-5125,0.9,0.0,0.0,5,5,5,1.0
zsre-5125,0.85,0.0,0.0,5,5,5,1.0
zsre-5125,0.8,0.0,0.0,5,5,5,1.0
zsre-5125,0.75,0.0,0.0,5,5,5,1.0
zsre-5125,0.7,1.0,0.0,5,5,5,0.0
zsre-5131,0.95,1.0,0.6,5,5,5,0.6
zsre-5131,0.9,1.0,0.6,5,5,5,0.6
zsre-5131,0.85,1.0,0.6,5,5,5,0.6
zsre-5131,0.8,1.0,0.6,5,5,5,0.6
zsre-5131,0.75,1.0,0.6,5,5,5,0.6
zsre-5131,0.7,1.0,0.6,5,5,5,0.6
zsre-5133,0.95,1.0,0.375,8,8,8,0.375
zsre-5133,0.9,1.0,0.375,8,8,8,0.375
zsre-5133,0.85,1.0,0.375,8,8,8,0.375
zsre-5133,0.8,1.0,0.375,8,8,8,0.375
zsre-5133,0.75,1.0,0.375,8,8,8,0.375
zsre-5133,0.7,1.0,0.375,8,8,8,0.375
zsre-5134,0.95,1.0,0.3,10,10,10,0.3
zsre-5134,0.9,1.0,0.3,10,10,10,0.3
zsre-5134,0.85,1.0,0.3,10,10,10,0.3
zsre-5134,0.8,1.0,0.3,10,10,10,0.3
zsre-5134,0.75,1.0,0.3,10,10,10,0.3
zsre-5134,0.7,1.0,0.3,10,10,10,0.3
zsre-5135,0.95,1.0,0.3333333333333333,9,9,9,0.3333333333333333
zsre-5135,0.9,1.0,0.3333333333333333,9,9,9,0.3333333333333333
zsre-5135,0.85,1.0,0.3333333333333333,9,9,9,0.3333333333333333
zsre-5135,0.8,1.0,0.3333333333333333,9,9,9,0.3333333333333333
zsre-5135,0.75,1.0,0.3333333333333333,9,9,9,0.3333333333333333
zsre-5135,0.7,1.0,0.3333333333333333,9,9,9,0.3333333333333333
zsre-5161,0.95,1.0,0.0,12,12,12,0.0
zsre-5161,0.9,1.0,0.0,12,12,12,0.0
zsre-5161,0.85,1.0,0.0,12,12,12,0.0
zsre-5161,0.8,1.0,0.0,12,12,12,0.0
zsre-5161,0.75,1.0,0.0,12,12,12,0.0
zsre-5161,0.7,1.0,0.0,12,12,12,0.0
zsre-5165,0.95,0.0,0.0,5,5,5,1.0
zsre-5165,0.9,0.0,0.0,5,5,5,1.0
zsre-5165,0.85,0.0,0.0,5,5,5,1.0
zsre-5165,0.8,0.0,0.0,5,5,5,1.0
zsre-5165,0.75,0.0,0.0,5,5,5,1.0
zsre-5165,0.7,1.0,0.0,5,5,5,0.0
zsre-5169,0.95,0.0,0.0,5,5,5,1.0
zsre-5169,0.9,0.0,0.0,5,5,5,1.0
zsre-5169,0.85,0.0,0.0,5,5,5,1.0
zsre-5169,0.8,0.0,0.0,5,5,5,1.0
zsre-5169,0.75,1.0,0.0,5,5,5,0.0
zsre-5169,0.7,1.0,0.0,5,5,5,0.0
zsre-5174,0.95,1.0,0.0,5,5,5,0.0
zsre-5174,0.9,1.0,0.0,5,5,5,0.0
zsre-5174,0.85,1.0,0.0,5,5,5,0.0
zsre-5174,0.8,1.0,0.0,5,5,5,0.0
zsre-5174,0.75,1.0,0.0,5,5,5,0.0
zsre-5174,0.7,1.0,0.0,5,5,5,0.0
zsre-5176,0.95,0.0,0.0,5,5,5,1.0
zsre-5176,0.9,0.0,0.0,5,5,5,1.0
zsre-5176,0.85,0.0,0.0,5,5,5,1.0
zsre-5176,0.8,0.0,0.0,5,5,5,1.0
zsre-5176,0.75,1.0,0.0,5,5,5,0.0
zsre-5176,0.7,1.0,0.0,5,5,5,0.0
zsre-5178,0.95,1.0,0.0,5,5,5,0.0
zsre-5178,0.9,1.0,0.0,5,5,5,0.0
zsre-5178,0.85,1.0,0.0,5,5,5,0.0
zsre-5178,0.8,1.0,0.0,5,5,5,0.0
zsre-5178,0.75,1.0,0.0,5,5,5,0.0
zsre-5178,0.7,1.0,0.0,5,5,5,0.0
zsre-5189,0.95,1.0,0.0,17,17,17,0.0
zsre-5189,0.9,1.0,0.0,17,17,17,0.0
zsre-5189,0.85,1.0,0.0,17,17,17,0.0
zsre-5189,0.8,1.0,0.0,17,17,17,0.0
zsre-5189,0.75,1.0,0.0,17,17,17,0.0
zsre-5189,0.7,1.0,0.0,17,17,17,0.0
zsre-520,0.95,1.0,0.0,5,5,5,0.0
zsre-520,0.9,1.0,0.0,5,5,5,0.0
zsre-520,0.85,1.0,0.0,5,5,5,0.0
zsre-520,0.8,1.0,0.0,5,5,5,0.0
zsre-520,0.75,1.0,0.0,5,5,5,0.0
zsre-520,0.7,1.0,0.0,5,5,5,0.0
zsre-5204,0.95,1.0,0.0,5,5,5,0.0
zsre-5204,0.9,1.0,0.0,5,5,5,0.0
zsre-5204,0.85,1.0,0.0,5,5,5,0.0
zsre-5204,0.8,1.0,0.0,5,5,5,0.0
zsre-5204,0.75,1.0,0.0,5,5,5,0.0
zsre-5204,0.7,1.0,0.0,5,5,5,0.0
zsre-521,0.95,1.0,0.0,5,5,5,0.0
zsre-521,0.9,1.0,0.0,5,5,5,0.0
zsre-521,0.85,1.0,0.0,5,5,5,0.0
zsre-521,0.8,1.0,0.0,5,5,5,0.0
zsre-521,0.75,1.0,0.0,5,5,5,0.0
zsre-521,0.7,1.0,0.0,5,5,5,0.0
zsre-5228,0.95,0.0,0.0,5,5,5,1.0
zsre-5228,0.9,0.0,0.0,5,5,5,1.0
zsre-5228,0.85,0.0,0.0,5,5,5,1.0
zsre-5228,0.8,1.0,0.0,5,5,5,0.0
zsre-5228,0.75,1.0,0.0,5,5,5,0.0
zsre-5228,0.7,1.0,0.0,5,5,5,0.0
zsre-5253,0.95,1.0,0.0,7,7,7,0.0
zsre-5253,0.9,1.0,0.0,7,7,7,0.0
zsre-5253,0.85,1.0,0.0,7,7,7,0.0
zsre-5253,0.8,1.0,0.0,7,7,7,0.0
zsre-5253,0.75,1.0,0.0,7,7,7,0.0
zsre-5253,0.7,1.0,0.0,7,7,7,0.0
zsre-5260,0.95,0.0,0.0,20,20,20,1.0
zsre-5260,0.9,0.0,0.0,20,20,20,1.0
zsre-5260,0.85,1.0,0.0,20,20,20,0.0
zsre-5260,0.8,1.0,0.0,20,20,20,0.0
zsre-5260,0.75,1.0,0.0,20,20,20,0.0
zsre-5260,0.7,1.0,0.0,20,20,20,0.0
zsre-5261,0.95,0.0,0.0,20,20,20,1.0
zsre-5261,0.9,0.0,0.0,20,20,20,1.0
zsre-5261,0.85,0.0,0.0,20,20,20,1.0
zsre-5261,0.8,0.0,0.0,20,20,20,1.0
zsre-5261,0.75,0.0,0.0,20,20,20,1.0
zsre-5261,0.7,1.0,0.0,20,20,20,0.0
zsre-5269,0.95,1.0,0.0,5,5,5,0.0
zsre-5269,0.9,1.0,0.0,5,5,5,0.0
zsre-5269,0.85,1.0,0.0,5,5,5,0.0
zsre-5269,0.8,1.0,0.0,5,5,5,0.0
zsre-5269,0.75,1.0,0.0,5,5,5,0.0
zsre-5269,0.7,1.0,0.0,5,5,5,0.0
zsre-5270,0.95,1.0,0.0,5,5,5,0.0
zsre-5270,0.9,1.0,0.0,5,5,5,0.0
zsre-5270,0.85,1.0,0.0,5,5,5,0.0
zsre-5270,0.8,1.0,0.0,5,5,5,0.0
zsre-5270,0.75,1.0,0.0,5,5,5,0.0
zsre-5270,0.7,1.0,0.0,5,5,5,0.0
zsre-5271,0.95,0.0,0.0,5,5,5,1.0
zsre-5271,0.9,0.0,0.0,5,5,5,1.0
zsre-5271,0.85,0.0,0.0,5,5,5,1.0
zsre-5271,0.8,0.0,0.0,5,5,5,1.0
zsre-5271,0.75,1.0,0.0,5,5,5,0.0
zsre-5271,0.7,1.0,0.0,5,5,5,0.0
zsre-5302,0.95,0.0,0.0,5,5,5,1.0
zsre-5302,0.9,0.0,0.0,5,5,5,1.0
zsre-5302,0.85,0.0,0.0,5,5,5,1.0
zsre-5302,0.8,0.0,0.0,5,5,5,1.0
zsre-5302,0.75,0.0,0.0,5,5,5,1.0
zsre-5302,0.7,1.0,0.0,5,5,5,0.0
zsre-5303,0.95,1.0,0.0,5,5,5,0.0
zsre-5303,0.9,1.0,0.0,5,5,5,0.0
zsre-5303,0.85,1.0,0.0,5,5,5,0.0
zsre-5303,0.8,1.0,0.0,5,5,5,0.0
zsre-5303,0.75,1.0,0.0,5,5,5,0.0
zsre-5303,0.7,1.0,0.0,5,5,5,0.0
zsre-5307,0.95,0.0,0.0,18,18,18,1.0
zsre-5307,0.9,0.0,0.0,18,18,18,1.0
zsre-5307,0.85,0.0,0.0,18,18,18,1.0
zsre-5307,0.8,0.0,0.0,18,18,18,1.0
zsre-5307,0.75,1.0,0.1111111111111111,18,18,18,0.1111111111111111
zsre-5307,0.7,1.0,0.1111111111111111,18,18,18,0.1111111111111111
zsre-5308,0.95,0.0,0.0,17,17,17,1.0
zsre-5308,0.9,0.0,0.0,17,17,17,1.0
zsre-5308,0.85,0.0,0.0,17,17,17,1.0
zsre-5308,0.8,0.0,0.0,17,17,17,1.0
zsre-5308,0.75,1.0,0.11764705882352941,17,17,17,0.11764705882352941
zsre-5308,0.7,1.0,0.11764705882352941,17,17,17,0.11764705882352941
zsre-5309,0.95,0.0,0.0,18,18,18,1.0
zsre-5309,0.9,0.0,0.0,18,18,18,1.0
zsre-5309,0.85,0.0,0.0,18,18,18,1.0
zsre-5309,0.8,0.0,0.0,18,18,18,1.0
zsre-5309,0.75,1.0,0.1111111111111111,18,18,18,0.1111111111111111
zsre-5309,0.7,1.0,0.1111111111111111,18,18,18,0.1111111111111111
zsre-5311,0.95,1.0,0.0,10,10,10,0.0
zsre-5311,0.9,1.0,0.0,10,10,10,0.0
zsre-5311,0.85,1.0,0.0,10,10,10,0.0
zsre-5311,0.8,1.0,0.0,10,10,10,0.0
zsre-5311,0.75,1.0,0.0,10,10,10,0.0
zsre-5311,0.7,1.0,0.0,10,10,10,0.0
zsre-5314,0.95,1.0,0.0,5,5,5,0.0
zsre-5314,0.9,1.0,0.0,5,5,5,0.0
zsre-5314,0.85,1.0,0.0,5,5,5,0.0
zsre-5314,0.8,1.0,0.0,5,5,5,0.0
zsre-5314,0.75,1.0,0.0,5,5,5,0.0
zsre-5314,0.7,1.0,0.0,5,5,5,0.0
zsre-5354,0.95,1.0,0.0,5,5,5,0.0
zsre-5354,0.9,1.0,0.0,5,5,5,0.0
zsre-5354,0.85,1.0,0.0,5,5,5,0.0
zsre-5354,0.8,1.0,0.0,5,5,5,0.0
zsre-5354,0.75,1.0,0.0,5,5,5,0.0
zsre-5354,0.7,1.0,0.0,5,5,5,0.0
zsre-5359,0.95,1.0,0.4,5,5,5,0.4
zsre-5359,0.9,1.0,0.4,5,5,5,0.4
zsre-5359,0.85,1.0,0.4,5,5,5,0.4
zsre-5359,0.8,1.0,0.4,5,5,5,0.4
zsre-5359,0.75,1.0,0.4,5,5,5,0.4
zsre-5359,0.7,1.0,0.4,5,5,5,0.4
zsre-5361,0.95,1.0,0.4,5,5,5,0.4
zsre-5361,0.9,1.0,0.4,5,5,5,0.4
zsre-5361,0.85,1.0,0.4,5,5,5,0.4
zsre-5361,0.8,1.0,0.4,5,5,5,0.4
zsre-5361,0.75,1.0,0.4,5,5,5,0.4
zsre-5361,0.7,1.0,0.4,5,5,5,0.4
zsre-5363,0.95,1.0,0.4,5,5,5,0.4
zsre-5363,0.9,1.0,0.4,5,5,5,0.4
zsre-5363,0.85,1.0,0.4,5,5,5,0.4
zsre-5363,0.8,1.0,0.4,5,5,5,0.4
zsre-5363,0.75,1.0,0.4,5,5,5,0.4
zsre-5363,0.7,1.0,0.4,5,5,5,0.4
zsre-5379,0.95,1.0,0.0,5,5,5,0.0
zsre-5379,0.9,1.0,0.0,5,5,5,0.0
zsre-5379,0.85,1.0,0.0,5,5,5,0.0
zsre-5379,0.8,0.0,0.0,5,5,5,1.0
zsre-5379,0.75,1.0,0.2,5,5,5,0.2
zsre-5379,0.7,1.0,0.0,5,5,5,0.0
zsre-538,0.95,1.0,0.0,5,5,5,0.0
zsre-538,0.9,1.0,0.0,5,5,5,0.0
zsre-538,0.85,1.0,0.0,5,5,5,0.0
zsre-538,0.8,1.0,0.0,5,5,5,0.0
zsre-538,0.75,1.0,0.0,5,5,5,0.0
zsre-538,0.7,1.0,0.0,5,5,5,0.0
zsre-5380,0.95,0.0,0.0,5,5,5,1.0
zsre-5380,0.9,0.0,0.0,5,5,5,1.0
zsre-5380,0.85,0.0,0.2,5,5,5,1.2
zsre-5380,0.8,0.0,0.2,5,5,5,1.2
zsre-5380,0.75,0.0,0.2,5,5,5,1.2
zsre-5380,0.7,1.0,0.2,5,5,5,0.2
zsre-5385,0.95,1.0,0.0,5,5,5,0.0
zsre-5385,0.9,1.0,0.0,5,5,5,0.0
zsre-5385,0.85,1.0,0.0,5,5,5,0.0
zsre-5385,0.8,1.0,0.0,5,5,5,0.0
zsre-5385,0.75,0.0,0.0,5,5,5,1.0
zsre-5385,0.7,1.0,0.0,5,5,5,0.0
zsre-5400,0.95,0.0,0.0,20,20,20,1.0
zsre-5400,0.9,0.0,0.0,20,20,20,1.0
zsre-5400,0.85,0.0,0.0,20,20,20,1.0
zsre-5400,0.8,0.0,0.0,20,20,20,1.0
zsre-5400,0.75,1.0,0.0,20,20,20,0.0
zsre-5400,0.7,1.0,0.0,20,20,20,0.0
zsre-5416,0.95,1.0,0.0,5,5,5,0.0
zsre-5416,0.9,1.0,0.0,5,5,5,0.0
zsre-5416,0.85,1.0,0.0,5,5,5,0.0
zsre-5416,0.8,1.0,0.0,5,5,5,0.0
zsre-5416,0.75,1.0,0.0,5,5,5,0.0
zsre-5416,0.7,1.0,0.0,5,5,5,0.0
zsre-5421,0.95,1.0,0.0,5,5,5,0.0
zsre-5421,0.9,1.0,0.0,5,5,5,0.0
zsre-5421,0.85,1.0,0.0,5,5,5,0.0
zsre-5421,0.8,1.0,0.0,5,5,5,0.0
zsre-5421,0.75,1.0,0.0,5,5,5,0.0
zsre-5421,0.7,1.0,0.0,5,5,5,0.0
zsre-5441,0.95,1.0,0.0,5,5,5,0.0
zsre-5441,0.9,1.0,0.0,5,5,5,0.0
zsre-5441,0.85,1.0,0.0,5,5,5,0.0
zsre-5441,0.8,1.0,0.0,5,5,5,0.0
zsre-5441,0.75,1.0,0.0,5,5,5,0.0
zsre-5441,0.7,1.0,0.0,5,5,5,0.0
zsre-5442,0.95,1.0,0.14285714285714285,14,14,14,0.14285714285714285
zsre-5442,0.9,1.0,0.14285714285714285,14,14,14,0.14285714285714285
zsre-5442,0.85,1.0,0.14285714285714285,14,14,14,0.14285714285714285
zsre-5442,0.8,1.0,0.14285714285714285,14,14,14,0.14285714285714285
zsre-5442,0.75,1.0,0.14285714285714285,14,14,14,0.14285714285714285
zsre-5442,0.7,1.0,0.14285714285714285,14,14,14,0.14285714285714285
zsre-5443,0.95,0.0,0.0,20,20,20,1.0
zsre-5443,0.9,0.0,0.0,20,20,20,1.0
zsre-5443,0.85,0.0,0.0,20,20,20,1.0
zsre-5443,0.8,1.0,0.0,20,20,20,0.0
zsre-5443,0.75,1.0,0.0,20,20,20,0.0
zsre-5443,0.7,1.0,0.0,20,20,20,0.0
zsre-5444,0.95,1.0,0.1111111111111111,18,18,18,0.1111111111111111
zsre-5444,0.9,1.0,0.1111111111111111,18,18,18,0.1111111111111111
zsre-5444,0.85,1.0,0.1111111111111111,18,18,18,0.1111111111111111
zsre-5444,0.8,1.0,0.1111111111111111,18,18,18,0.1111111111111111
zsre-5444,0.75,1.0,0.1111111111111111,18,18,18,0.1111111111111111
zsre-5444,0.7,1.0,0.1111111111111111,18,18,18,0.1111111111111111
zsre-5445,0.95,1.0,0.16666666666666666,12,12,12,0.16666666666666666
zsre-5445,0.9,1.0,0.16666666666666666,12,12,12,0.16666666666666666
zsre-5445,0.85,1.0,0.16666666666666666,12,12,12,0.16666666666666666
zsre-5445,0.8,1.0,0.16666666666666666,12,12,12,0.16666666666666666
zsre-5445,0.75,1.0,0.16666666666666666,12,12,12,0.16666666666666666
zsre-5445,0.7,1.0,0.16666666666666666,12,12,12,0.16666666666666666
zsre-5452,0.95,1.0,0.0,5,5,5,0.0
zsre-5452,0.9,1.0,0.0,5,5,5,0.0
zsre-5452,0.85,1.0,0.0,5,5,5,0.0
zsre-5452,0.8,1.0,0.0,5,5,5,0.0
zsre-5452,0.75,1.0,0.0,5,5,5,0.0
zsre-5452,0.7,1.0,0.0,5,5,5,0.0
zsre-5461,0.95,0.0,0.0,5,5,5,1.0
zsre-5461,0.9,0.0,0.0,5,5,5,1.0
zsre-5461,0.85,0.0,0.0,5,5,5,1.0
zsre-5461,0.8,0.0,0.0,5,5,5,1.0
zsre-5461,0.75,0.0,0.0,5,5,5,1.0
zsre-5461,0.7,1.0,0.0,5,5,5,0.0
zsre-547,0.95,1.0,0.3,10,10,10,0.3
zsre-547,0.9,1.0,0.3,10,10,10,0.3
zsre-547,0.85,1.0,0.3,10,10,10,0.3
zsre-547,0.8,1.0,0.3,10,10,10,0.3
zsre-547,0.75,1.0,0.3,10,10,10,0.3
zsre-547,0.7,1.0,0.3,10,10,10,0.3
zsre-5481,0.95,1.0,0.0,5,5,5,0.0
zsre-5481,0.9,1.0,0.0,5,5,5,0.0
zsre-5481,0.85,1.0,0.0,5,5,5,0.0
zsre-5481,0.8,1.0,0.0,5,5,5,0.0
zsre-5481,0.75,1.0,0.0,5,5,5,0.0
zsre-5481,0.7,1.0,0.0,5,5,5,0.0
zsre-5482,0.95,1.0,0.0,5,5,5,0.0
zsre-5482,0.9,1.0,0.0,5,5,5,0.0
zsre-5482,0.85,1.0,0.0,5,5,5,0.0
zsre-5482,0.8,1.0,0.0,5,5,5,0.0
zsre-5482,0.75,1.0,0.0,5,5,5,0.0
zsre-5482,0.7,1.0,0.0,5,5,5,0.0
zsre-5489,0.95,1.0,0.0,5,5,5,0.0
zsre-5489,0.9,1.0,0.0,5,5,5,0.0
zsre-5489,0.85,1.0,0.0,5,5,5,0.0
zsre-5489,0.8,0.0,0.0,5,5,5,1.0
zsre-5489,0.75,0.0,0.0,5,5,5,1.0
zsre-5489,0.7,1.0,0.0,5,5,5,0.0
zsre-549,0.95,1.0,0.3,10,10,10,0.3
zsre-549,0.9,1.0,0.3,10,10,10,0.3
zsre-549,0.85,1.0,0.3,10,10,10,0.3
zsre-549,0.8,1.0,0.3,10,10,10,0.3
zsre-549,0.75,1.0,0.3,10,10,10,0.3
zsre-549,0.7,1.0,0.2,10,10,10,0.2
zsre-5497,0.95,1.0,0.0,5,5,5,0.0
zsre-5497,0.9,1.0,0.0,5,5,5,0.0
zsre-5497,0.85,1.0,0.0,5,5,5,0.0
zsre-5497,0.8,1.0,0.0,5,5,5,0.0
zsre-5497,0.75,1.0,0.0,5,5,5,0.0
zsre-5497,0.7,1.0,0.0,5,5,5,0.0
zsre-5500,0.95,1.0,0.0,20,20,20,0.0
zsre-5500,0.9,1.0,0.0,20,20,20,0.0
zsre-5500,0.85,1.0,0.0,20,20,20,0.0
zsre-5500,0.8,1.0,0.0,20,20,20,0.0
zsre-5500,0.75,1.0,0.0,20,20,20,0.0
zsre-5500,0.7,1.0,0.0,20,20,20,0.0
zsre-551,0.95,1.0,0.6,5,5,5,0.6
zsre-551,0.9,1.0,0.6,5,5,5,0.6
zsre-551,0.85,1.0,0.6,5,5,5,0.6
zsre-551,0.8,1.0,0.6,5,5,5,0.6
zsre-551,0.75,1.0,0.6,5,5,5,0.6
zsre-551,0.7,1.0,0.6,5,5,5,0.6
zsre-5518,0.95,0.0,0.2,5,5,5,1.2
zsre-5518,0.9,0.0,0.2,5,5,5,1.2
zsre-5518,0.85,0.0,0.2,5,5,5,1.2
zsre-5518,0.8,0.0,0.2,5,5,5,1.2
zsre-5518,0.75,0.0,0.2,5,5,5,1.2
zsre-5518,0.7,1.0,0.6,5,5,5,0.6
zsre-5519,0.95,0.0,0.2,5,5,5,1.2
zsre-5519,0.9,0.0,0.2,5,5,5,1.2
zsre-5519,0.85,0.0,0.2,5,5,5,1.2
zsre-5519,0.8,0.0,0.2,5,5,5,1.2
zsre-5519,0.75,0.0,0.2,5,5,5,1.2
zsre-5519,0.7,1.0,0.6,5,5,5,0.6
zsre-5520,0.95,0.0,0.0,5,5,5,1.0
zsre-5520,0.9,0.0,0.0,5,5,5,1.0
zsre-5520,0.85,0.0,0.0,5,5,5,1.0
zsre-5520,0.8,0.0,0.0,5,5,5,1.0
zsre-5520,0.75,0.0,0.2,5,5,5,1.2
zsre-5520,0.7,1.0,0.6,5,5,5,0.6
zsre-5521,0.95,1.0,0.0,5,5,5,0.0
zsre-5521,0.9,1.0,0.0,5,5,5,0.0
zsre-5521,0.85,1.0,0.0,5,5,5,0.0
zsre-5521,0.8,1.0,0.0,5,5,5,0.0
zsre-5521,0.75,1.0,0.0,5,5,5,0.0
zsre-5521,0.7,1.0,0.6,5,5,5,0.6
zsre-5525,0.95,1.0,0.0,5,5,5,0.0
zsre-5525,0.9,1.0,0.0,5,5,5,0.0
zsre-5525,0.85,1.0,0.0,5,5,5,0.0
zsre-5525,0.8,1.0,0.0,5,5,5,0.0
zsre-5525,0.75,1.0,0.0,5,5,5,0.0
zsre-5525,0.7,1.0,0.0,5,5,5,0.0
zsre-553,0.95,1.0,0.5,6,6,6,0.5
zsre-553,0.9,1.0,0.5,6,6,6,0.5
zsre-553,0.85,1.0,0.5,6,6,6,0.5
zsre-553,0.8,1.0,0.5,6,6,6,0.5
zsre-553,0.75,1.0,0.5,6,6,6,0.5
zsre-553,0.7,1.0,0.5,6,6,6,0.5
zsre-5534,0.95,0.0,0.0,5,5,5,1.0
zsre-5534,0.9,0.0,0.0,5,5,5,1.0
zsre-5534,0.85,0.0,0.0,5,5,5,1.0
zsre-5534,0.8,0.0,0.0,5,5,5,1.0
zsre-5534,0.75,0.0,0.0,5,5,5,1.0
zsre-5534,0.7,1.0,0.2,5,5,5,0.2
zsre-5535,0.95,0.0,0.0,5,5,5,1.0
zsre-5535,0.9,0.0,0.0,5,5,5,1.0
zsre-5535,0.85,0.0,0.0,5,5,5,1.0
zsre-5535,0.8,0.0,0.0,5,5,5,1.0
zsre-5535,0.75,0.0,0.0,5,5,5,1.0
zsre-5535,0.7,1.0,0.2,5,5,5,0.2
zsre-5541,0.95,1.0,0.1111111111111111,9,9,9,0.1111111111111111
zsre-5541,0.9,1.0,0.1111111111111111,9,9,9,0.1111111111111111
zsre-5541,0.85,1.0,0.1111111111111111,9,9,9,0.1111111111111111
zsre-5541,0.8,1.0,0.1111111111111111,9,9,9,0.1111111111111111
zsre-5541,0.75,1.0,0.1111111111111111,9,9,9,0.1111111111111111
zsre-5541,0.7,1.0,0.1111111111111111,9,9,9,0.1111111111111111
zsre-5542,0.95,1.0,0.09090909090909091,11,11,11,0.09090909090909091
zsre-5542,0.9,1.0,0.09090909090909091,11,11,11,0.09090909090909091
zsre-5542,0.85,1.0,0.09090909090909091,11,11,11,0.09090909090909091
zsre-5542,0.8,1.0,0.09090909090909091,11,11,11,0.09090909090909091
zsre-5542,0.75,1.0,0.09090909090909091,11,11,11,0.09090909090909091
zsre-5542,0.7,1.0,0.09090909090909091,11,11,11,0.09090909090909091
zsre-5547,0.95,1.0,0.0,5,5,5,0.0
zsre-5547,0.9,1.0,0.0,5,5,5,0.0
zsre-5547,0.85,1.0,0.0,5,5,5,0.0
zsre-5547,0.8,1.0,0.0,5,5,5,0.0
zsre-5547,0.75,1.0,0.0,5,5,5,0.0
zsre-5547,0.7,1.0,0.0,5,5,5,0.0
zsre-5552,0.95,1.0,0.0,5,5,5,0.0
zsre-5552,0.9,1.0,0.0,5,5,5,0.0
zsre-5552,0.85,1.0,0.0,5,5,5,0.0
zsre-5552,0.8,1.0,0.0,5,5,5,0.0
zsre-5552,0.75,1.0,0.0,5,5,5,0.0
zsre-5552,0.7,1.0,0.0,5,5,5,0.0
zsre-5563,0.95,1.0,0.0,20,20,20,0.0
zsre-5563,0.9,1.0,0.0,20,20,20,0.0
zsre-5563,0.85,1.0,0.0,20,20,20,0.0
zsre-5563,0.8,1.0,0.0,20,20,20,0.0
zsre-5563,0.75,1.0,0.0,20,20,20,0.0
zsre-5563,0.7,1.0,0.05,20,20,20,0.05
zsre-5599,0.95,0.0,0.0,5,5,5,1.0
zsre-5599,0.9,0.0,0.0,5,5,5,1.0
zsre-5599,0.85,0.0,0.0,5,5,5,1.0
zsre-5599,0.8,0.0,0.0,5,5,5,1.0
zsre-5599,0.75,1.0,0.0,5,5,5,0.0
zsre-5599,0.7,1.0,0.0,5,5,5,0.0
zsre-5600,0.95,0.0,0.0,5,5,5,1.0
zsre-5600,0.9,0.0,0.0,5,5,5,1.0
zsre-5600,0.85,1.0,0.0,5,5,5,0.0
zsre-5600,0.8,1.0,0.0,5,5,5,0.0
zsre-5600,0.75,1.0,0.0,5,5,5,0.0
zsre-5600,0.7,1.0,0.0,5,5,5,0.0
zsre-5604,0.95,1.0,0.0,5,5,5,0.0
zsre-5604,0.9,1.0,0.0,5,5,5,0.0
zsre-5604,0.85,1.0,0.0,5,5,5,0.0
zsre-5604,0.8,1.0,0.0,5,5,5,0.0
zsre-5604,0.75,1.0,0.0,5,5,5,0.0
zsre-5604,0.7,1.0,0.0,5,5,5,0.0
zsre-5629,0.95,0.0,0.0,20,20,20,1.0
zsre-5629,0.9,0.0,0.0,20,20,20,1.0
zsre-5629,0.85,0.0,0.0,20,20,20,1.0
zsre-5629,0.8,0.0,0.0,20,20,20,1.0
zsre-5629,0.75,1.0,0.0,20,20,20,0.0
zsre-5629,0.7,1.0,0.0,20,20,20,0.0
zsre-5631,0.95,1.0,0.4,5,5,5,0.4
zsre-5631,0.9,1.0,0.4,5,5,5,0.4
zsre-5631,0.85,1.0,0.4,5,5,5,0.4
zsre-5631,0.8,1.0,0.4,5,5,5,0.4
zsre-5631,0.75,1.0,0.4,5,5,5,0.4
zsre-5631,0.7,1.0,0.4,5,5,5,0.4
zsre-5632,0.95,1.0,0.4,5,5,5,0.4
zsre-5632,0.9,1.0,0.4,5,5,5,0.4
zsre-5632,0.85,1.0,0.4,5,5,5,0.4
zsre-5632,0.8,1.0,0.4,5,5,5,0.4
zsre-5632,0.75,1.0,0.4,5,5,5,0.4
zsre-5632,0.7,1.0,0.4,5,5,5,0.4
zsre-5635,0.95,1.0,0.4,5,5,5,0.4
zsre-5635,0.9,1.0,0.4,5,5,5,0.4
zsre-5635,0.85,1.0,0.4,5,5,5,0.4
zsre-5635,0.8,1.0,0.4,5,5,5,0.4
zsre-5635,0.75,1.0,0.4,5,5,5,0.4
zsre-5635,0.7,1.0,0.4,5,5,5,0.4
zsre-5646,0.95,0.0,0.0,5,5,5,1.0
zsre-5646,0.9,0.0,0.0,5,5,5,1.0
zsre-5646,0.85,0.0,0.0,5,5,5,1.0
zsre-5646,0.8,0.0,0.0,5,5,5,1.0
zsre-5646,0.75,0.0,0.0,5,5,5,1.0
zsre-5646,0.7,1.0,0.0,5,5,5,0.0
zsre-5659,0.95,0.0,0.0,7,7,7,1.0
zsre-5659,0.9,0.0,0.0,7,7,7,1.0
zsre-5659,0.85,1.0,0.0,7,7,7,0.0
zsre-5659,0.8,1.0,0.0,7,7,7,0.0
zsre-5659,0.75,1.0,0.0,7,7,7,0.0
zsre-5659,0.7,1.0,0.0,7,7,7,0.0
zsre-5671,0.95,1.0,0.0,14,14,14,0.0
zsre-5671,0.9,1.0,0.0,14,14,14,0.0
zsre-5671,0.85,0.0,0.0,14,14,14,1.0
zsre-5671,0.8,0.0,0.0,14,14,14,1.0
zsre-5671,0.75,1.0,0.14285714285714285,14,14,14,0.14285714285714285
zsre-5671,0.7,1.0,0.14285714285714285,14,14,14,0.14285714285714285
zsre-5673,0.95,0.0,0.0,14,14,14,1.0
zsre-5673,0.9,0.0,0.0,14,14,14,1.0
zsre-5673,0.85,0.0,0.0,14,14,14,1.0
zsre-5673,0.8,0.0,0.0,14,14,14,1.0
zsre-5673,0.75,0.0,0.14285714285714285,14,14,14,1.1428571428571428
zsre-5673,0.7,1.0,0.14285714285714285,14,14,14,0.14285714285714285
zsre-5674,0.95,0.0,0.0,11,11,11,1.0
zsre-5674,0.9,0.0,0.0,11,11,11,1.0
zsre-5674,0.85,0.0,0.09090909090909091,11,11,11,1.0909090909090908
zsre-5674,0.8,0.0,0.0,11,11,11,1.0
zsre-5674,0.75,0.0,0.09090909090909091,11,11,11,1.0909090909090908
zsre-5674,0.7,1.0,0.18181818181818182,11,11,11,0.18181818181818182
zsre-5675,0.95,1.0,0.09090909090909091,11,11,11,0.09090909090909091
zsre-5675,0.9,1.0,0.09090909090909091,11,11,11,0.09090909090909091
zsre-5675,0.85,1.0,0.09090909090909091,11,11,11,0.09090909090909091
zsre-5675,0.8,0.0,0.0,11,11,11,1.0
zsre-5675,0.75,1.0,0.0,11,11,11,0.0
zsre-5675,0.7,1.0,0.09090909090909091,11,11,11,0.09090909090909091
zsre-5676,0.95,1.0,0.1111111111111111,9,9,9,0.1111111111111111
zsre-5676,0.9,1.0,0.1111111111111111,9,9,9,0.1111111111111111
zsre-5676,0.85,1.0,0.1111111111111111,9,9,9,0.1111111111111111
zsre-5676,0.8,1.0,0.1111111111111111,9,9,9,0.1111111111111111
zsre-5676,0.75,1.0,0.1111111111111111,9,9,9,0.1111111111111111
zsre-5676,0.7,1.0,0.0,9,9,9,0.0
zsre-5687,0.95,1.0,0.5714285714285714,7,7,7,0.5714285714285714
zsre-5687,0.9,1.0,0.5714285714285714,7,7,7,0.5714285714285714
zsre-5687,0.85,1.0,0.5714285714285714,7,7,7,0.5714285714285714
zsre-5687,0.8,1.0,0.5714285714285714,7,7,7,0.5714285714285714
zsre-5687,0.75,1.0,0.5714285714285714,7,7,7,0.5714285714285714
zsre-5687,0.7,1.0,0.5714285714285714,7,7,7,0.5714285714285714
zsre-5688,0.95,1.0,0.4,10,10,10,0.4
zsre-5688,0.9,1.0,0.4,10,10,10,0.4
zsre-5688,0.85,1.0,0.4,10,10,10,0.4
zsre-5688,0.8,1.0,0.4,10,10,10,0.4
zsre-5688,0.75,1.0,0.4,10,10,10,0.4
zsre-5688,0.7,1.0,0.4,10,10,10,0.4
zsre-5689,0.95,1.0,0.4444444444444444,9,9,9,0.4444444444444444
zsre-5689,0.9,1.0,0.4444444444444444,9,9,9,0.4444444444444444
zsre-5689,0.85,1.0,0.4444444444444444,9,9,9,0.4444444444444444
zsre-5689,0.8,1.0,0.4444444444444444,9,9,9,0.4444444444444444
zsre-5689,0.75,1.0,0.4444444444444444,9,9,9,0.4444444444444444
zsre-5689,0.7,1.0,0.4444444444444444,9,9,9,0.4444444444444444
zsre-5690,0.95,1.0,0.5714285714285714,7,7,7,0.5714285714285714
zsre-5690,0.9,1.0,0.5714285714285714,7,7,7,0.5714285714285714
zsre-5690,0.85,1.0,0.5714285714285714,7,7,7,0.5714285714285714
zsre-5690,0.8,1.0,0.5714285714285714,7,7,7,0.5714285714285714
zsre-5690,0.75,1.0,0.5714285714285714,7,7,7,0.5714285714285714
zsre-5690,0.7,1.0,0.5714285714285714,7,7,7,0.5714285714285714
zsre-5692,0.95,1.0,0.4444444444444444,9,9,9,0.4444444444444444
zsre-5692,0.9,1.0,0.4444444444444444,9,9,9,0.4444444444444444
zsre-5692,0.85,1.0,0.4444444444444444,9,9,9,0.4444444444444444
zsre-5692,0.8,1.0,0.4444444444444444,9,9,9,0.4444444444444444
zsre-5692,0.75,1.0,0.4444444444444444,9,9,9,0.4444444444444444
zsre-5692,0.7,1.0,0.4444444444444444,9,9,9,0.4444444444444444
zsre-574,0.95,1.0,0.0,7,7,7,0.0
zsre-574,0.9,1.0,0.0,7,7,7,0.0
zsre-574,0.85,1.0,0.0,7,7,7,0.0
zsre-574,0.8,1.0,0.0,7,7,7,0.0
zsre-574,0.75,1.0,0.0,7,7,7,0.0
zsre-574,0.7,1.0,0.0,7,7,7,0.0
zsre-5744,0.95,1.0,0.0,5,5,5,0.0
zsre-5744,0.9,1.0,0.0,5,5,5,0.0
zsre-5744,0.85,1.0,0.0,5,5,5,0.0
zsre-5744,0.8,1.0,0.0,5,5,5,0.0
zsre-5744,0.75,1.0,0.0,5,5,5,0.0
zsre-5744,0.7,1.0,0.0,5,5,5,0.0
zsre-575,0.95,0.0,0.0,5,5,5,1.0
zsre-575,0.9,0.0,0.0,5,5,5,1.0
zsre-575,0.85,0.0,0.0,5,5,5,1.0
zsre-575,0.8,1.0,0.0,5,5,5,0.0
zsre-575,0.75,1.0,0.0,5,5,5,0.0
zsre-575,0.7,1.0,0.0,5,5,5,0.0
zsre-5754,0.95,1.0,0.0,5,5,5,0.0
zsre-5754,0.9,1.0,0.0,5,5,5,0.0
zsre-5754,0.85,1.0,0.0,5,5,5,0.0
zsre-5754,0.8,1.0,0.0,5,5,5,0.0
zsre-5754,0.75,1.0,0.0,5,5,5,0.0
zsre-5754,0.7,1.0,0.0,5,5,5,0.0
zsre-5760,0.95,1.0,0.0,5,5,5,0.0
zsre-5760,0.9,1.0,0.0,5,5,5,0.0
zsre-5760,0.85,1.0,0.0,5,5,5,0.0
zsre-5760,0.8,1.0,0.0,5,5,5,0.0
zsre-5760,0.75,1.0,0.0,5,5,5,0.0
zsre-5760,0.7,1.0,0.0,5,5,5,0.0
zsre-5761,0.95,1.0,0.0,8,8,8,0.0
zsre-5761,0.9,1.0,0.0,8,8,8,0.0
zsre-5761,0.85,1.0,0.0,8,8,8,0.0
zsre-5761,0.8,1.0,0.0,8,8,8,0.0
zsre-5761,0.75,1.0,0.0,8,8,8,0.0
zsre-5761,0.7,1.0,0.0,8,8,8,0.0
zsre-581,0.95,1.0,0.0,5,5,5,0.0
zsre-581,0.9,1.0,0.0,5,5,5,0.0
zsre-581,0.85,1.0,0.0,5,5,5,0.0
zsre-581,0.8,1.0,0.0,5,5,5,0.0
zsre-581,0.75,1.0,0.0,5,5,5,0.0
zsre-581,0.7,1.0,0.0,5,5,5,0.0
zsre-5821,0.95,1.0,0.0,5,5,5,0.0
zsre-5821,0.9,1.0,0.0,5,5,5,0.0
zsre-5821,0.85,1.0,0.0,5,5,5,0.0
zsre-5821,0.8,0.0,0.0,5,5,5,1.0
zsre-5821,0.75,1.0,0.2,5,5,5,0.2
zsre-5821,0.7,1.0,0.2,5,5,5,0.2
zsre-5822,0.95,0.0,0.0,5,5,5,1.0
zsre-5822,0.9,0.0,0.0,5,5,5,1.0
zsre-5822,0.85,0.0,0.0,5,5,5,1.0
zsre-5822,0.8,0.0,0.0,5,5,5,1.0
zsre-5822,0.75,0.0,0.0,5,5,5,1.0
zsre-5822,0.7,1.0,0.0,5,5,5,0.0
zsre-5823,0.95,0.0,0.0,5,5,5,1.0
zsre-5823,0.9,0.0,0.0,5,5,5,1.0
zsre-5823,0.85,0.0,0.0,5,5,5,1.0
zsre-5823,0.8,0.0,0.0,5,5,5,1.0
zsre-5823,0.75,0.0,0.2,5,5,5,1.2
zsre-5823,0.7,1.0,0.0,5,5,5,0.0
zsre-5824,0.95,1.0,0.0,5,5,5,0.0
zsre-5824,0.9,1.0,0.0,5,5,5,0.0
zsre-5824,0.85,1.0,0.0,5,5,5,0.0
zsre-5824,0.8,1.0,0.0,5,5,5,0.0
zsre-5824,0.75,0.0,0.0,5,5,5,1.0
zsre-5824,0.7,1.0,0.0,5,5,5,0.0
zsre-583,0.95,1.0,0.0,5,5,5,0.0
zsre-583,0.9,1.0,0.0,5,5,5,0.0
zsre-583,0.85,1.0,0.0,5,5,5,0.0
zsre-583,0.8,1.0,0.0,5,5,5,0.0
zsre-583,0.75,1.0,0.0,5,5,5,0.0
zsre-583,0.7,1.0,0.0,5,5,5,0.0
zsre-584,0.95,0.0,0.0,11,11,11,1.0
zsre-584,0.9,0.0,0.0,11,11,11,1.0
zsre-584,0.85,0.0,0.0,11,11,11,1.0
zsre-584,0.8,0.0,0.0,11,11,11,1.0
zsre-584,0.75,0.0,0.0,11,11,11,1.0
zsre-584,0.7,1.0,0.0,11,11,11,0.0
zsre-5842,0.95,0.0,0.0,5,5,5,1.0
zsre-5842,0.9,0.0,0.0,5,5,5,1.0
zsre-5842,0.85,0.0,0.0,5,5,5,1.0
zsre-5842,0.8,0.0,0.0,5,5,5,1.0
zsre-5842,0.75,1.0,0.0,5,5,5,0.0
zsre-5842,0.7,1.0,0.0,5,5,5,0.0
zsre-5850,0.95,0.0,0.0,5,5,5,1.0
zsre-5850,0.9,0.0,0.0,5,5,5,1.0
zsre-5850,0.85,0.0,0.0,5,5,5,1.0
zsre-5850,0.8,0.0,0.0,5,5,5,1.0
zsre-5850,0.75,0.0,0.0,5,5,5,1.0
zsre-5850,0.7,1.0,0.0,5,5,5,0.0
zsre-5854,0.95,1.0,0.0,5,5,5,0.0
zsre-5854,0.9,1.0,0.0,5,5,5,0.0
zsre-5854,0.85,1.0,0.0,5,5,5,0.0
zsre-5854,0.8,1.0,0.0,5,5,5,0.0
zsre-5854,0.75,1.0,0.0,5,5,5,0.0
zsre-5854,0.7,1.0,0.0,5,5,5,0.0
zsre-5860,0.95,1.0,0.0,20,20,20,0.0
zsre-5860,0.9,1.0,0.0,20,20,20,0.0
zsre-5860,0.85,1.0,0.0,20,20,20,0.0
zsre-5860,0.8,1.0,0.0,20,20,20,0.0
zsre-5860,0.75,1.0,0.0,20,20,20,0.0
zsre-5860,0.7,1.0,0.0,20,20,20,0.0
zsre-5865,0.95,1.0,0.0,5,5,5,0.0
zsre-5865,0.9,1.0,0.0,5,5,5,0.0
zsre-5865,0.85,1.0,0.0,5,5,5,0.0
zsre-5865,0.8,1.0,0.0,5,5,5,0.0
zsre-5865,0.75,1.0,0.0,5,5,5,0.0
zsre-5865,0.7,1.0,0.0,5,5,5,0.0
zsre-5868,0.95,1.0,0.0,5,5,5,0.0
zsre-5868,0.9,1.0,0.0,5,5,5,0.0
zsre-5868,0.85,1.0,0.0,5,5,5,0.0
zsre-5868,0.8,1.0,0.0,5,5,5,0.0
zsre-5868,0.75,1.0,0.0,5,5,5,0.0
zsre-5868,0.7,1.0,0.0,5,5,5,0.0
zsre-5876,0.95,0.0,0.0,5,5,5,1.0
zsre-5876,0.9,0.0,0.0,5,5,5,1.0
zsre-5876,0.85,0.0,0.0,5,5,5,1.0
zsre-5876,0.8,0.0,0.0,5,5,5,1.0
zsre-5876,0.75,1.0,0.0,5,5,5,0.0
zsre-5876,0.7,1.0,0.0,5,5,5,0.0
zsre-5880,0.95,1.0,0.0,5,5,5,0.0
zsre-5880,0.9,1.0,0.0,5,5,5,0.0
zsre-5880,0.85,1.0,0.0,5,5,5,0.0
zsre-5880,0.8,1.0,0.0,5,5,5,0.0
zsre-5880,0.75,1.0,0.0,5,5,5,0.0
zsre-5880,0.7,1.0,0.0,5,5,5,0.0
zsre-5887,0.95,1.0,0.0,12,12,12,0.0
zsre-5887,0.9,1.0,0.0,12,12,12,0.0
zsre-5887,0.85,1.0,0.0,12,12,12,0.0
zsre-5887,0.8,1.0,0.0,12,12,12,0.0
zsre-5887,0.75,1.0,0.0,12,12,12,0.0
zsre-5887,0.7,1.0,0.0,12,12,12,0.0
zsre-5889,0.95,1.0,0.0,5,5,5,0.0
zsre-5889,0.9,1.0,0.0,5,5,5,0.0
zsre-5889,0.85,1.0,0.0,5,5,5,0.0
zsre-5889,0.8,1.0,0.0,5,5,5,0.0
zsre-5889,0.75,1.0,0.0,5,5,5,0.0
zsre-5889,0.7,1.0,0.0,5,5,5,0.0
zsre-5890,0.95,1.0,0.0,5,5,5,0.0
zsre-5890,0.9,1.0,0.0,5,5,5,0.0
zsre-5890,0.85,1.0,0.0,5,5,5,0.0
zsre-5890,0.8,1.0,0.0,5,5,5,0.0
zsre-5890,0.75,1.0,0.0,5,5,5,0.0
zsre-5890,0.7,1.0,0.0,5,5,5,0.0
zsre-5926,0.95,1.0,0.0,5,5,5,0.0
zsre-5926,0.9,1.0,0.0,5,5,5,0.0
zsre-5926,0.85,1.0,0.0,5,5,5,0.0
zsre-5926,0.8,1.0,0.0,5,5,5,0.0
zsre-5926,0.75,1.0,0.0,5,5,5,0.0
zsre-5926,0.7,1.0,0.0,5,5,5,0.0
zsre-5927,0.95,0.0,0.0,5,5,5,1.0
zsre-5927,0.9,0.0,0.0,5,5,5,1.0
zsre-5927,0.85,0.0,0.0,5,5,5,1.0
zsre-5927,0.8,1.0,0.0,5,5,5,0.0
zsre-5927,0.75,1.0,0.0,5,5,5,0.0
zsre-5927,0.7,1.0,0.0,5,5,5,0.0
zsre-5960,0.95,1.0,0.0,5,5,5,0.0
zsre-5960,0.9,1.0,0.0,5,5,5,0.0
zsre-5960,0.85,1.0,0.0,5,5,5,0.0
zsre-5960,0.8,1.0,0.0,5,5,5,0.0
zsre-5960,0.75,1.0,0.0,5,5,5,0.0
zsre-5960,0.7,1.0,0.0,5,5,5,0.0
zsre-5961,0.95,1.0,0.0,5,5,5,0.0
zsre-5961,0.9,1.0,0.0,5,5,5,0.0
zsre-5961,0.85,1.0,0.0,5,5,5,0.0
zsre-5961,0.8,1.0,0.0,5,5,5,0.0
zsre-5961,0.75,1.0,0.0,5,5,5,0.0
zsre-5961,0.7,1.0,0.0,5,5,5,0.0
zsre-5978,0.95,1.0,0.0,13,13,13,0.0
zsre-5978,0.9,1.0,0.0,13,13,13,0.0
zsre-5978,0.85,1.0,0.0,13,13,13,0.0
zsre-5978,0.8,0.0,0.07692307692307693,13,13,13,1.0769230769230769
zsre-5978,0.75,0.0,0.07692307692307693,13,13,13,1.0769230769230769
zsre-5978,0.7,1.0,0.07692307692307693,13,13,13,0.07692307692307693
zsre-5981,0.95,1.0,0.0,11,11,11,0.0
zsre-5981,0.9,1.0,0.0,11,11,11,0.0
zsre-5981,0.85,1.0,0.0,11,11,11,0.0
zsre-5981,0.8,1.0,0.0,11,11,11,0.0
zsre-5981,0.75,1.0,0.0,11,11,11,0.0
zsre-5981,0.7,1.0,0.0,11,11,11,0.0
zsre-5993,0.95,0.0,0.0,5,5,5,1.0
zsre-5993,0.9,0.0,0.0,5,5,5,1.0
zsre-5993,0.85,0.0,0.0,5,5,5,1.0
zsre-5993,0.8,1.0,0.0,5,5,5,0.0
zsre-5993,0.75,1.0,0.0,5,5,5,0.0
zsre-5993,0.7,1.0,0.0,5,5,5,0.0
zsre-6,0.95,0.0,0.0,7,7,7,1.0
zsre-6,0.9,0.0,0.0,7,7,7,1.0
zsre-6,0.85,0.0,0.0,7,7,7,1.0
zsre-6,0.8,1.0,0.7142857142857143,7,7,7,0.7142857142857143
zsre-6,0.75,1.0,0.7142857142857143,7,7,7,0.7142857142857143
zsre-6,0.7,1.0,0.7142857142857143,7,7,7,0.7142857142857143
zsre-6007,0.95,0.0,0.0,6,6,6,1.0
zsre-6007,0.9,0.0,0.0,6,6,6,1.0
zsre-6007,0.85,1.0,0.0,6,6,6,0.0
zsre-6007,0.8,1.0,0.0,6,6,6,0.0
zsre-6007,0.75,1.0,0.0,6,6,6,0.0
zsre-6007,0.7,1.0,0.0,6,6,6,0.0
zsre-6011,0.95,0.0,0.0,5,5,5,1.0
zsre-6011,0.9,0.0,0.0,5,5,5,1.0
zsre-6011,0.85,0.0,0.0,5,5,5,1.0
zsre-6011,0.8,0.0,0.0,5,5,5,1.0
zsre-6011,0.75,0.0,0.0,5,5,5,1.0
zsre-6011,0.7,1.0,0.0,5,5,5,0.0
zsre-6012,0.95,0.0,0.0,5,5,5,1.0
zsre-6012,0.9,0.0,0.0,5,5,5,1.0
zsre-6012,0.85,0.0,0.0,5,5,5,1.0
zsre-6012,0.8,0.0,0.0,5,5,5,1.0
zsre-6012,0.75,1.0,0.0,5,5,5,0.0
zsre-6012,0.7,1.0,0.0,5,5,5,0.0
zsre-6025,0.95,1.0,0.0,5,5,5,0.0
zsre-6025,0.9,1.0,0.0,5,5,5,0.0
zsre-6025,0.85,1.0,0.0,5,5,5,0.0
zsre-6025,0.8,1.0,0.0,5,5,5,0.0
zsre-6025,0.75,1.0,0.0,5,5,5,0.0
zsre-6025,0.7,1.0,0.0,5,5,5,0.0
zsre-6055,0.95,0.0,0.0,5,5,5,1.0
zsre-6055,0.9,0.0,0.0,5,5,5,1.0
zsre-6055,0.85,0.0,0.0,5,5,5,1.0
zsre-6055,0.8,0.0,0.0,5,5,5,1.0
zsre-6055,0.75,0.0,0.0,5,5,5,1.0
zsre-6055,0.7,1.0,0.0,5,5,5,0.0
zsre-6056,0.95,1.0,0.0,5,5,5,0.0
zsre-6056,0.9,1.0,0.0,5,5,5,0.0
zsre-6056,0.85,1.0,0.0,5,5,5,0.0
zsre-6056,0.8,1.0,0.0,5,5,5,0.0
zsre-6056,0.75,1.0,0.0,5,5,5,0.0
zsre-6056,0.7,1.0,0.0,5,5,5,0.0
zsre-6060,0.95,1.0,0.1,20,20,20,0.1
zsre-6060,0.9,1.0,0.1,20,20,20,0.1
zsre-6060,0.85,1.0,0.1,20,20,20,0.1
zsre-6060,0.8,1.0,0.1,20,20,20,0.1
zsre-6060,0.75,1.0,0.1,20,20,20,0.1
zsre-6060,0.7,1.0,0.0,20,20,20,0.0
zsre-6061,0.95,1.0,0.1,20,20,20,0.1
zsre-6061,0.9,1.0,0.1,20,20,20,0.1
zsre-6061,0.85,1.0,0.1,20,20,20,0.1
zsre-6061,0.8,1.0,0.1,20,20,20,0.1
zsre-6061,0.75,1.0,0.1,20,20,20,0.1
zsre-6061,0.7,0.0,0.1,20,20,20,1.1
zsre-6062,0.95,1.0,0.1,20,20,20,0.1
zsre-6062,0.9,1.0,0.1,20,20,20,0.1
zsre-6062,0.85,1.0,0.1,20,20,20,0.1
zsre-6062,0.8,1.0,0.1,20,20,20,0.1
zsre-6062,0.75,0.0,0.1,20,20,20,1.1
zsre-6062,0.7,0.0,0.1,20,20,20,1.1
zsre-6069,0.95,1.0,0.0,6,6,6,0.0
zsre-6069,0.9,1.0,0.0,6,6,6,0.0
zsre-6069,0.85,1.0,0.0,6,6,6,0.0
zsre-6069,0.8,1.0,0.0,6,6,6,0.0
zsre-6069,0.75,1.0,0.0,6,6,6,0.0
zsre-6069,0.7,1.0,0.0,6,6,6,0.0
zsre-6074,0.95,0.0,0.0,5,5,5,1.0
zsre-6074,0.9,0.0,0.0,5,5,5,1.0
zsre-6074,0.85,0.0,0.0,5,5,5,1.0
zsre-6074,0.8,0.0,0.0,5,5,5,1.0
zsre-6074,0.75,1.0,0.0,5,5,5,0.0
zsre-6074,0.7,1.0,0.0,5,5,5,0.0
zsre-6094,0.95,0.0,0.0,7,7,7,1.0
zsre-6094,0.9,0.0,0.0,7,7,7,1.0
zsre-6094,0.85,0.0,0.0,7,7,7,1.0
zsre-6094,0.8,0.0,0.0,7,7,7,1.0
zsre-6094,0.75,1.0,0.0,7,7,7,0.0
zsre-6094,0.7,1.0,0.0,7,7,7,0.0
zsre-6129,0.95,1.0,0.16666666666666666,6,6,6,0.16666666666666666
zsre-6129,0.9,1.0,0.16666666666666666,6,6,6,0.16666666666666666
zsre-6129,0.85,1.0,0.16666666666666666,6,6,6,0.16666666666666666
zsre-6129,0.8,1.0,0.16666666666666666,6,6,6,0.16666666666666666
zsre-6129,0.75,1.0,0.16666666666666666,6,6,6,0.16666666666666666
zsre-6129,0.7,1.0,0.16666666666666666,6,6,6,0.16666666666666666
zsre-6130,0.95,1.0,0.2,5,5,5,0.2
zsre-6130,0.9,1.0,0.2,5,5,5,0.2
zsre-6130,0.85,1.0,0.2,5,5,5,0.2
zsre-6130,0.8,1.0,0.2,5,5,5,0.2
zsre-6130,0.75,1.0,0.2,5,5,5,0.2
zsre-6130,0.7,1.0,0.2,5,5,5,0.2
zsre-6131,0.95,0.0,0.0,5,5,5,1.0
zsre-6131,0.9,0.0,0.0,5,5,5,1.0
zsre-6131,0.85,0.0,0.0,5,5,5,1.0
zsre-6131,0.8,1.0,0.0,5,5,5,0.0
zsre-6131,0.75,1.0,0.0,5,5,5,0.0
zsre-6131,0.7,1.0,0.0,5,5,5,0.0
zsre-614,0.95,0.0,0.0,20,20,20,1.0
zsre-614,0.9,0.0,0.0,20,20,20,1.0
zsre-614,0.85,0.0,0.0,20,20,20,1.0
zsre-614,0.8,0.0,0.0,20,20,20,1.0
zsre-614,0.75,0.0,0.0,20,20,20,1.0
zsre-614,0.7,1.0,0.0,20,20,20,0.0
zsre-616,0.95,0.0,0.0,5,5,5,1.0
zsre-616,0.9,0.0,0.0,5,5,5,1.0
zsre-616,0.85,0.0,0.0,5,5,5,1.0
zsre-616,0.8,0.0,0.0,5,5,5,1.0
zsre-616,0.75,1.0,0.0,5,5,5,0.0
zsre-616,0.7,1.0,0.0,5,5,5,0.0
zsre-6163,0.95,0.0,0.0,8,8,8,1.0
zsre-6163,0.9,0.0,0.0,8,8,8,1.0
zsre-6163,0.85,0.0,0.0,8,8,8,1.0
zsre-6163,0.8,0.0,0.0,8,8,8,1.0
zsre-6163,0.75,1.0,0.0,8,8,8,0.0
zsre-6163,0.7,1.0,0.0,8,8,8,0.0
zsre-6180,0.95,1.0,0.0,5,5,5,0.0
zsre-6180,0.9,1.0,0.0,5,5,5,0.0
zsre-6180,0.85,1.0,0.0,5,5,5,0.0
zsre-6180,0.8,1.0,0.0,5,5,5,0.0
zsre-6180,0.75,1.0,0.0,5,5,5,0.0
zsre-6180,0.7,1.0,0.0,5,5,5,0.0
zsre-6182,0.95,0.0,0.0,7,7,7,1.0
zsre-6182,0.9,0.0,0.0,7,7,7,1.0
zsre-6182,0.85,0.0,0.0,7,7,7,1.0
zsre-6182,0.8,0.0,0.0,7,7,7,1.0
zsre-6182,0.75,1.0,0.0,7,7,7,0.0
zsre-6182,0.7,1.0,0.0,7,7,7,0.0
zsre-6186,0.95,1.0,0.0,5,5,5,0.0
zsre-6186,0.9,1.0,0.0,5,5,5,0.0
zsre-6186,0.85,1.0,0.0,5,5,5,0.0
zsre-6186,0.8,1.0,0.0,5,5,5,0.0
zsre-6186,0.75,1.0,0.0,5,5,5,0.0
zsre-6186,0.7,1.0,0.0,5,5,5,0.0
zsre-619,0.95,1.0,0.0,5,5,5,0.0
zsre-619,0.9,1.0,0.0,5,5,5,0.0
zsre-619,0.85,1.0,0.0,5,5,5,0.0
zsre-619,0.8,1.0,0.0,5,5,5,0.0
zsre-619,0.75,1.0,0.0,5,5,5,0.0
zsre-619,0.7,1.0,0.0,5,5,5,0.0
zsre-6204,0.95,0.0,0.0,5,5,5,1.0
zsre-6204,0.9,0.0,0.0,5,5,5,1.0
zsre-6204,0.85,0.0,0.0,5,5,5,1.0
zsre-6204,0.8,0.0,0.0,5,5,5,1.0
zsre-6204,0.75,1.0,0.0,5,5,5,0.0
zsre-6204,0.7,1.0,0.0,5,5,5,0.0
zsre-6210,0.95,1.0,0.0,5,5,5,0.0
zsre-6210,0.9,1.0,0.0,5,5,5,0.0
zsre-6210,0.85,1.0,0.0,5,5,5,0.0
zsre-6210,0.8,1.0,0.0,5,5,5,0.0
zsre-6210,0.75,1.0,0.0,5,5,5,0.0
zsre-6210,0.7,1.0,0.0,5,5,5,0.0
zsre-6231,0.95,0.0,0.0,20,20,20,1.0
zsre-6231,0.9,0.0,0.0,20,20,20,1.0
zsre-6231,0.85,0.0,0.0,20,20,20,1.0
zsre-6231,0.8,0.0,0.0,20,20,20,1.0
zsre-6231,0.75,1.0,0.0,20,20,20,0.0
zsre-6231,0.7,1.0,0.0,20,20,20,0.0
zsre-6234,0.95,1.0,0.0,10,10,10,0.0
zsre-6234,0.9,1.0,0.0,10,10,10,0.0
zsre-6234,0.85,1.0,0.0,10,10,10,0.0
zsre-6234,0.8,1.0,0.0,10,10,10,0.0
zsre-6234,0.75,1.0,0.0,10,10,10,0.0
zsre-6234,0.7,1.0,0.0,10,10,10,0.0
zsre-6241,0.95,0.0,0.0,13,13,13,1.0
zsre-6241,0.9,0.0,0.0,13,13,13,1.0
zsre-6241,0.85,1.0,0.23076923076923078,13,13,13,0.23076923076923078
zsre-6241,0.8,1.0,0.3076923076923077,13,13,13,0.3076923076923077
zsre-6241,0.75,1.0,0.3076923076923077,13,13,13,0.3076923076923077
zsre-6241,0.7,1.0,0.3076923076923077,13,13,13,0.3076923076923077
zsre-6242,0.95,0.0,0.0,9,9,9,1.0
zsre-6242,0.9,0.0,0.0,9,9,9,1.0
zsre-6242,0.85,1.0,0.4444444444444444,9,9,9,0.4444444444444444
zsre-6242,0.8,1.0,0.4444444444444444,9,9,9,0.4444444444444444
zsre-6242,0.75,1.0,0.4444444444444444,9,9,9,0.4444444444444444
zsre-6242,0.7,1.0,0.4444444444444444,9,9,9,0.4444444444444444
zsre-6243,0.95,0.0,0.0,16,16,16,1.0
zsre-6243,0.9,0.0,0.0,16,16,16,1.0
zsre-6243,0.85,1.0,0.0625,16,16,16,0.0625
zsre-6243,0.8,1.0,0.0625,16,16,16,0.0625
zsre-6243,0.75,1.0,0.25,16,16,16,0.25
zsre-6243,0.7,1.0,0.25,16,16,16,0.25
zsre-6244,0.95,0.0,0.0,9,9,9,1.0
zsre-6244,0.9,0.0,0.0,9,9,9,1.0
zsre-6244,0.85,0.0,0.3333333333333333,9,9,9,1.3333333333333333
zsre-6244,0.8,1.0,0.4444444444444444,9,9,9,0.4444444444444444
zsre-6244,0.75,1.0,0.4444444444444444,9,9,9,0.4444444444444444
zsre-6244,0.7,1.0,0.3333333333333333,9,9,9,0.3333333333333333
zsre-6245,0.95,0.0,0.0,8,8,8,1.0
zsre-6245,0.9,0.0,0.0,8,8,8,1.0
zsre-6245,0.85,0.0,0.375,8,8,8,1.375
zsre-6245,0.8,1.0,0.5,8,8,8,0.5
zsre-6245,0.75,1.0,0.5,8,8,8,0.5
zsre-6245,0.7,1.0,0.5,8,8,8,0.5
zsre-625,0.95,1.0,0.0,17,17,17,0.0
zsre-625,0.9,1.0,0.0,17,17,17,0.0
zsre-625,0.85,1.0,0.0,17,17,17,0.0
zsre-625,0.8,1.0,0.0,17,17,17,0.0
zsre-625,0.75,1.0,0.0,17,17,17,0.0
zsre-625,0.7,1.0,0.0,17,17,17,0.0
zsre-6264,0.95,1.0,0.0,13,13,13,0.0
zsre-6264,0.9,1.0,0.0,13,13,13,0.0
zsre-6264,0.85,1.0,0.0,13,13,13,0.0
zsre-6264,0.8,1.0,0.0,13,13,13,0.0
zsre-6264,0.75,1.0,0.0,13,13,13,0.0
zsre-6264,0.7,1.0,0.0,13,13,13,0.0
zsre-6273,0.95,1.0,0.0,5,5,5,0.0
zsre-6273,0.9,1.0,0.0,5,5,5,0.0
zsre-6273,0.85,1.0,0.0,5,5,5,0.0
zsre-6273,0.8,1.0,0.0,5,5,5,0.0
zsre-6273,0.75,1.0,0.0,5,5,5,0.0
zsre-6273,0.7,1.0,0.0,5,5,5,0.0
zsre-6275,0.95,1.0,0.0,14,14,14,0.0
zsre-6275,0.9,1.0,0.0,14,14,14,0.0
zsre-6275,0.85,1.0,0.0,14,14,14,0.0
zsre-6275,0.8,1.0,0.0,14,14,14,0.0
zsre-6275,0.75,1.0,0.0,14,14,14,0.0
zsre-6275,0.7,1.0,0.0,14,14,14,0.0
zsre-6287,0.95,0.0,0.0,5,5,5,1.0
zsre-6287,0.9,0.0,0.0,5,5,5,1.0
zsre-6287,0.85,1.0,0.0,5,5,5,0.0
zsre-6287,0.8,1.0,0.0,5,5,5,0.0
zsre-6287,0.75,1.0,0.0,5,5,5,0.0
zsre-6287,0.7,1.0,0.0,5,5,5,0.0
zsre-6303,0.95,0.0,0.0,5,5,5,1.0
zsre-6303,0.9,0.0,0.0,5,5,5,1.0
zsre-6303,0.85,0.0,0.0,5,5,5,1.0
zsre-6303,0.8,1.0,0.0,5,5,5,0.0
zsre-6303,0.75,0.0,0.0,5,5,5,1.0
zsre-6303,0.7,1.0,0.0,5,5,5,0.0
zsre-6305,0.95,1.0,0.0,5,5,5,0.0
zsre-6305,0.9,1.0,0.0,5,5,5,0.0
zsre-6305,0.85,1.0,0.0,5,5,5,0.0
zsre-6305,0.8,1.0,0.0,5,5,5,0.0
zsre-6305,0.75,1.0,0.0,5,5,5,0.0
zsre-6305,0.7,1.0,0.0,5,5,5,0.0
zsre-6310,0.95,0.0,0.0,5,5,5,1.0
zsre-6310,0.9,0.0,0.0,5,5,5,1.0
zsre-6310,0.85,0.0,0.0,5,5,5,1.0
zsre-6310,0.8,0.0,0.0,5,5,5,1.0
zsre-6310,0.75,0.0,0.0,5,5,5,1.0
zsre-6310,0.7,1.0,0.0,5,5,5,0.0
zsre-6317,0.95,0.0,0.0,7,7,7,1.0
zsre-6317,0.9,0.0,0.0,7,7,7,1.0
zsre-6317,0.85,0.0,0.0,7,7,7,1.0
zsre-6317,0.8,0.0,0.0,7,7,7,1.0
zsre-6317,0.75,0.0,0.0,7,7,7,1.0
zsre-6317,0.7,1.0,0.0,7,7,7,0.0
zsre-6326,0.95,0.0,0.0,5,5,5,1.0
zsre-6326,0.9,0.0,0.0,5,5,5,1.0
zsre-6326,0.85,0.0,0.0,5,5,5,1.0
zsre-6326,0.8,0.0,0.0,5,5,5,1.0
zsre-6326,0.75,1.0,0.0,5,5,5,0.0
zsre-6326,0.7,1.0,0.0,5,5,5,0.0
zsre-6336,0.95,0.0,0.0,13,13,13,1.0
zsre-6336,0.9,0.0,0.0,13,13,13,1.0
zsre-6336,0.85,0.0,0.0,13,13,13,1.0
zsre-6336,0.8,0.0,0.0,13,13,13,1.0
zsre-6336,0.75,1.0,0.0,13,13,13,0.0
zsre-6336,0.7,1.0,0.0,13,13,13,0.0
zsre-6344,0.95,0.0,0.0,20,20,20,1.0
zsre-6344,0.9,0.0,0.0,20,20,20,1.0
zsre-6344,0.85,0.0,0.0,20,20,20,1.0
zsre-6344,0.8,0.0,0.0,20,20,20,1.0
zsre-6344,0.75,0.0,0.0,20,20,20,1.0
zsre-6344,0.7,1.0,0.0,20,20,20,0.0
zsre-6380,0.95,1.0,0.0,5,5,5,0.0
zsre-6380,0.9,1.0,0.0,5,5,5,0.0
zsre-6380,0.85,1.0,0.0,5,5,5,0.0
zsre-6380,0.8,1.0,0.0,5,5,5,0.0
zsre-6380,0.75,1.0,0.0,5,5,5,0.0
zsre-6380,0.7,1.0,0.0,5,5,5,0.0
zsre-6394,0.95,0.0,0.0,5,5,5,1.0
zsre-6394,0.9,0.0,0.0,5,5,5,1.0
zsre-6394,0.85,0.0,0.0,5,5,5,1.0
zsre-6394,0.8,0.0,0.0,5,5,5,1.0
zsre-6394,0.75,1.0,0.0,5,5,5,0.0
zsre-6394,0.7,1.0,0.0,5,5,5,0.0
zsre-64,0.95,0.0,0.0,5,5,5,1.0
zsre-64,0.9,0.0,0.0,5,5,5,1.0
zsre-64,0.85,1.0,0.0,5,5,5,0.0
zsre-64,0.8,1.0,0.0,5,5,5,0.0
zsre-64,0.75,1.0,0.0,5,5,5,0.0
zsre-64,0.7,1.0,0.0,5,5,5,0.0
zsre-6400,0.95,1.0,0.0,5,5,5,0.0
zsre-6400,0.9,1.0,0.0,5,5,5,0.0
zsre-6400,0.85,1.0,0.0,5,5,5,0.0
zsre-6400,0.8,1.0,0.0,5,5,5,0.0
zsre-6400,0.75,1.0,0.0,5,5,5,0.0
zsre-6400,0.7,1.0,0.0,5,5,5,0.0
zsre-6414,0.95,1.0,0.16666666666666666,6,6,6,0.16666666666666666
zsre-6414,0.9,1.0,0.16666666666666666,6,6,6,0.16666666666666666
zsre-6414,0.85,1.0,0.16666666666666666,6,6,6,0.16666666666666666
zsre-6414,0.8,1.0,0.16666666666666666,6,6,6,0.16666666666666666
zsre-6414,0.75,1.0,0.16666666666666666,6,6,6,0.16666666666666666
zsre-6414,0.7,1.0,0.16666666666666666,6,6,6,0.16666666666666666
zsre-6415,0.95,1.0,0.2,5,5,5,0.2
zsre-6415,0.9,1.0,0.2,5,5,5,0.2
zsre-6415,0.85,1.0,0.2,5,5,5,0.2
zsre-6415,0.8,1.0,0.2,5,5,5,0.2
zsre-6415,0.75,1.0,0.2,5,5,5,0.2
zsre-6415,0.7,1.0,0.2,5,5,5,0.2
zsre-6432,0.95,1.0,0.0,6,6,6,0.0
zsre-6432,0.9,1.0,0.0,6,6,6,0.0
zsre-6432,0.85,1.0,0.0,6,6,6,0.0
zsre-6432,0.8,1.0,0.0,6,6,6,0.0
zsre-6432,0.75,1.0,0.0,6,6,6,0.0
zsre-6432,0.7,1.0,0.0,6,6,6,0.0
zsre-6460,0.95,1.0,0.0,5,5,5,0.0
zsre-6460,0.9,1.0,0.0,5,5,5,0.0
zsre-6460,0.85,1.0,0.0,5,5,5,0.0
zsre-6460,0.8,0.0,0.0,5,5,5,1.0
zsre-6460,0.75,0.0,0.0,5,5,5,1.0
zsre-6460,0.7,1.0,0.0,5,5,5,0.0
zsre-6462,0.95,0.0,0.0,18,18,18,1.0
zsre-6462,0.9,0.0,0.0,18,18,18,1.0
zsre-6462,0.85,0.0,0.0,18,18,18,1.0
zsre-6462,0.8,1.0,0.05555555555555555,18,18,18,0.05555555555555555
zsre-6462,0.75,1.0,0.05555555555555555,18,18,18,0.05555555555555555
zsre-6462,0.7,1.0,0.05555555555555555,18,18,18,0.05555555555555555
zsre-6463,0.95,0.0,0.0,13,13,13,1.0
zsre-6463,0.9,0.0,0.0,13,13,13,1.0
zsre-6463,0.85,0.0,0.0,13,13,13,1.0
zsre-6463,0.8,1.0,0.07692307692307693,13,13,13,0.07692307692307693
zsre-6463,0.75,1.0,0.07692307692307693,13,13,13,0.07692307692307693
zsre-6463,0.7,1.0,0.07692307692307693,13,13,13,0.07692307692307693
zsre-6475,0.95,0.0,0.0,20,20,20,1.0
zsre-6475,0.9,0.0,0.0,20,20,20,1.0
zsre-6475,0.85,0.0,0.0,20,20,20,1.0
zsre-6475,0.8,0.0,0.0,20,20,20,1.0
zsre-6475,0.75,1.0,0.05,20,20,20,0.05
zsre-6475,0.7,1.0,0.15,20,20,20,0.15
zsre-6476,0.95,0.0,0.0,20,20,20,1.0
zsre-6476,0.9,0.0,0.0,20,20,20,1.0
zsre-6476,0.85,0.0,0.0,20,20,20,1.0
zsre-6476,0.8,0.0,0.05,20,20,20,1.05
zsre-6476,0.75,1.0,0.1,20,20,20,0.1
zsre-6476,0.7,1.0,0.1,20,20,20,0.1
zsre-6478,0.95,0.0,0.0,20,20,20,1.0
zsre-6478,0.9,0.0,0.0,20,20,20,1.0
zsre-6478,0.85,0.0,0.0,20,20,20,1.0
zsre-6478,0.8,1.0,0.1,20,20,20,0.1
zsre-6478,0.75,1.0,0.1,20,20,20,0.1
zsre-6478,0.7,1.0,0.2,20,20,20,0.2
zsre-6488,0.95,1.0,0.0,10,10,10,0.0
zsre-6488,0.9,1.0,0.0,10,10,10,0.0
zsre-6488,0.85,1.0,0.0,10,10,10,0.0
zsre-6488,0.8,0.0,0.0,10,10,10,1.0
zsre-6488,0.75,0.0,0.0,10,10,10,1.0
zsre-6488,0.7,1.0,0.2,10,10,10,0.2
zsre-6491,0.95,0.0,0.058823529411764705,17,17,17,1.0588235294117647
zsre-6491,0.9,0.0,0.058823529411764705,17,17,17,1.0588235294117647
zsre-6491,0.85,0.0,0.058823529411764705,17,17,17,1.0588235294117647
zsre-6491,0.8,1.0,0.11764705882352941,17,17,17,0.11764705882352941
zsre-6491,0.75,1.0,0.17647058823529413,17,17,17,0.17647058823529413
zsre-6491,0.7,1.0,0.17647058823529413,17,17,17,0.17647058823529413
zsre-6492,0.95,0.0,0.0625,16,16,16,1.0625
zsre-6492,0.9,0.0,0.0625,16,16,16,1.0625
zsre-6492,0.85,1.0,0.1875,16,16,16,0.1875
zsre-6492,0.8,1.0,0.1875,16,16,16,0.1875
zsre-6492,0.75,1.0,0.1875,16,16,16,0.1875
zsre-6492,0.7,1.0,0.1875,16,16,16,0.1875
zsre-6496,0.95,1.0,0.0,20,20,20,0.0
zsre-6496,0.9,1.0,0.0,20,20,20,0.0
zsre-6496,0.85,0.0,0.0,20,20,20,1.0
zsre-6496,0.8,1.0,0.15,20,20,20,0.15
zsre-6496,0.75,1.0,0.15,20,20,20,0.15
zsre-6496,0.7,1.0,0.05,20,20,20,0.05
zsre-6501,0.95,1.0,0.2,5,5,5,0.2
zsre-6501,0.9,1.0,0.2,5,5,5,0.2
zsre-6501,0.85,1.0,0.2,5,5,5,0.2
zsre-6501,0.8,1.0,0.2,5,5,5,0.2
zsre-6501,0.75,0.0,0.2,5,5,5,1.2
zsre-6501,0.7,1.0,0.4,5,5,5,0.4
zsre-6502,0.95,0.0,0.4,5,5,5,1.4
zsre-6502,0.9,0.0,0.4,5,5,5,1.4
zsre-6502,0.85,0.0,0.4,5,5,5,1.4
zsre-6502,0.8,1.0,0.2,5,5,5,0.2
zsre-6502,0.75,0.0,0.4,5,5,5,1.4
zsre-6502,0.7,1.0,0.4,5,5,5,0.4
zsre-6504,0.95,1.0,0.16666666666666666,6,6,6,0.16666666666666666
zsre-6504,0.9,1.0,0.16666666666666666,6,6,6,0.16666666666666666
zsre-6504,0.85,1.0,0.16666666666666666,6,6,6,0.16666666666666666
zsre-6504,0.8,0.0,0.0,6,6,6,1.0
zsre-6504,0.75,1.0,0.0,6,6,6,0.0
zsre-6504,0.7,1.0,0.16666666666666666,6,6,6,0.16666666666666666
zsre-6505,0.95,1.0,0.0,5,5,5,0.0
zsre-6505,0.9,1.0,0.0,5,5,5,0.0
zsre-6505,0.85,1.0,0.0,5,5,5,0.0
zsre-6505,0.8,1.0,0.0,5,5,5,0.0
zsre-6505,0.75,1.0,0.0,5,5,5,0.0
zsre-6505,0.7,1.0,0.0,5,5,5,0.0
zsre-6526,0.95,0.0,0.0,20,20,20,1.0
zsre-6526,0.9,0.0,0.0,20,20,20,1.0
zsre-6526,0.85,0.0,0.0,20,20,20,1.0
zsre-6526,0.8,1.0,0.0,20,20,20,0.0
zsre-6526,0.75,1.0,0.0,20,20,20,0.0
zsre-6526,0.7,1.0,0.0,20,20,20,0.0
zsre-6551,0.95,1.0,0.0,16,16,16,0.0
zsre-6551,0.9,1.0,0.0,16,16,16,0.0
zsre-6551,0.85,1.0,0.0,16,16,16,0.0
zsre-6551,0.8,1.0,0.0,16,16,16,0.0
zsre-6551,0.75,1.0,0.0,16,16,16,0.0
zsre-6551,0.7,1.0,0.0,16,16,16,0.0
zsre-6554,0.95,0.0,0.0,5,5,5,1.0
zsre-6554,0.9,0.0,0.0,5,5,5,1.0
zsre-6554,0.85,0.0,0.0,5,5,5,1.0
zsre-6554,0.8,1.0,0.4,5,5,5,0.4
zsre-6554,0.75,1.0,0.4,5,5,5,0.4
zsre-6554,0.7,1.0,0.4,5,5,5,0.4
zsre-6555,0.95,0.0,0.0,5,5,5,1.0
zsre-6555,0.9,0.0,0.0,5,5,5,1.0
zsre-6555,0.85,0.0,0.0,5,5,5,1.0
zsre-6555,0.8,1.0,0.4,5,5,5,0.4
zsre-6555,0.75,1.0,0.4,5,5,5,0.4
zsre-6555,0.7,1.0,0.4,5,5,5,0.4
zsre-6556,0.95,0.0,0.0,5,5,5,1.0
zsre-6556,0.9,0.0,0.0,5,5,5,1.0
zsre-6556,0.85,0.0,0.0,5,5,5,1.0
zsre-6556,0.8,1.0,0.4,5,5,5,0.4
zsre-6556,0.75,1.0,0.4,5,5,5,0.4
zsre-6556,0.7,1.0,0.4,5,5,5,0.4
zsre-6558,0.95,1.0,0.0,5,5,5,0.0
zsre-6558,0.9,1.0,0.0,5,5,5,0.0
zsre-6558,0.85,1.0,0.0,5,5,5,0.0
zsre-6558,0.8,1.0,0.0,5,5,5,0.0
zsre-6558,0.75,1.0,0.0,5,5,5,0.0
zsre-6558,0.7,1.0,0.0,5,5,5,0.0
zsre-6565,0.95,0.0,0.0,13,13,13,1.0
zsre-6565,0.9,0.0,0.0,13,13,13,1.0
zsre-6565,0.85,0.0,0.0,13,13,13,1.0
zsre-6565,0.8,1.0,0.0,13,13,13,0.0
zsre-6565,0.75,1.0,0.0,13,13,13,0.0
zsre-6565,0.7,1.0,0.0,13,13,13,0.0
zsre-6587,0.95,1.0,0.0,13,13,13,0.0
zsre-6587,0.9,1.0,0.0,13,13,13,0.0
zsre-6587,0.85,1.0,0.0,13,13,13,0.0
zsre-6587,0.8,1.0,0.0,13,13,13,0.0
zsre-6587,0.75,0.0,0.0,13,13,13,1.0
zsre-6587,0.7,0.0,0.0,13,13,13,1.0
zsre-6598,0.95,1.0,0.0,5,5,5,0.0
zsre-6598,0.9,1.0,0.0,5,5,5,0.0
zsre-6598,0.85,1.0,0.0,5,5,5,0.0
zsre-6598,0.8,1.0,0.0,5,5,5,0.0
zsre-6598,0.75,1.0,0.0,5,5,5,0.0
zsre-6598,0.7,1.0,0.0,5,5,5,0.0
zsre-660,0.95,0.0,0.0,5,5,5,1.0
zsre-660,0.9,0.0,0.0,5,5,5,1.0
zsre-660,0.85,0.0,0.0,5,5,5,1.0
zsre-660,0.8,1.0,0.0,5,5,5,0.0
zsre-660,0.75,1.0,0.0,5,5,5,0.0
zsre-660,0.7,1.0,0.0,5,5,5,0.0
zsre-6615,0.95,1.0,0.0,5,5,5,0.0
zsre-6615,0.9,1.0,0.0,5,5,5,0.0
zsre-6615,0.85,1.0,0.0,5,5,5,0.0
zsre-6615,0.8,1.0,0.0,5,5,5,0.0
zsre-6615,0.75,1.0,0.0,5,5,5,0.0
zsre-6615,0.7,1.0,0.0,5,5,5,0.0
zsre-662,0.95,0.0,0.0,5,5,5,1.0
zsre-662,0.9,0.0,0.0,5,5,5,1.0
zsre-662,0.85,0.0,0.0,5,5,5,1.0
zsre-662,0.8,0.0,0.0,5,5,5,1.0
zsre-662,0.75,0.0,0.0,5,5,5,1.0
zsre-662,0.7,1.0,0.0,5,5,5,0.0
zsre-663,0.95,0.0,0.0,5,5,5,1.0
zsre-663,0.9,0.0,0.0,5,5,5,1.0
zsre-663,0.85,0.0,0.0,5,5,5,1.0
zsre-663,0.8,0.0,0.0,5,5,5,1.0
zsre-663,0.75,1.0,0.0,5,5,5,0.0
zsre-663,0.7,1.0,0.0,5,5,5,0.0
zsre-6644,0.95,0.0,0.0,11,11,11,1.0
zsre-6644,0.9,0.0,0.0,11,11,11,1.0
zsre-6644,0.85,0.0,0.0,11,11,11,1.0
zsre-6644,0.8,1.0,0.0,11,11,11,0.0
zsre-6644,0.75,1.0,0.0,11,11,11,0.0
zsre-6644,0.7,1.0,0.0,11,11,11,0.0
zsre-6664,0.95,1.0,0.0,9,9,9,0.0
zsre-6664,0.9,1.0,0.0,9,9,9,0.0
zsre-6664,0.85,1.0,0.0,9,9,9,0.0
zsre-6664,0.8,1.0,0.0,9,9,9,0.0
zsre-6664,0.75,1.0,0.0,9,9,9,0.0
zsre-6664,0.7,1.0,0.0,9,9,9,0.0
zsre-6676,0.95,1.0,0.0,7,7,7,0.0
zsre-6676,0.9,1.0,0.0,7,7,7,0.0
zsre-6676,0.85,1.0,0.0,7,7,7,0.0
zsre-6676,0.8,1.0,0.0,7,7,7,0.0
zsre-6676,0.75,1.0,0.0,7,7,7,0.0
zsre-6676,0.7,1.0,0.0,7,7,7,0.0
zsre-6686,0.95,1.0,0.0,5,5,5,0.0
zsre-6686,0.9,1.0,0.0,5,5,5,0.0
zsre-6686,0.85,1.0,0.0,5,5,5,0.0
zsre-6686,0.8,1.0,0.0,5,5,5,0.0
zsre-6686,0.75,1.0,0.0,5,5,5,0.0
zsre-6686,0.7,1.0,0.0,5,5,5,0.0
zsre-669,0.95,1.0,0.0,5,5,5,0.0
zsre-669,0.9,1.0,0.0,5,5,5,0.0
zsre-669,0.85,1.0,0.0,5,5,5,0.0
zsre-669,0.8,1.0,0.0,5,5,5,0.0
zsre-669,0.75,1.0,0.0,5,5,5,0.0
zsre-669,0.7,1.0,0.0,5,5,5,0.0
zsre-6693,0.95,1.0,0.0,5,5,5,0.0
zsre-6693,0.9,1.0,0.0,5,5,5,0.0
zsre-6693,0.85,1.0,0.0,5,5,5,0.0
zsre-6693,0.8,1.0,0.0,5,5,5,0.0
zsre-6693,0.75,1.0,0.0,5,5,5,0.0
zsre-6693,0.7,1.0,0.0,5,5,5,0.0
zsre-6694,0.95,1.0,0.0,13,13,13,0.0
zsre-6694,0.9,1.0,0.0,13,13,13,0.0
zsre-6694,0.85,1.0,0.0,13,13,13,0.0
zsre-6694,0.8,1.0,0.0,13,13,13,0.0
zsre-6694,0.75,1.0,0.0,13,13,13,0.0
zsre-6694,0.7,1.0,0.0,13,13,13,0.0
zsre-6727,0.95,0.0,0.0,5,5,5,1.0
zsre-6727,0.9,0.0,0.0,5,5,5,1.0
zsre-6727,0.85,0.0,0.0,5,5,5,1.0
zsre-6727,0.8,0.0,0.0,5,5,5,1.0
zsre-6727,0.75,1.0,0.0,5,5,5,0.0
zsre-6727,0.7,1.0,0.0,5,5,5,0.0
zsre-6728,0.95,0.0,0.0,5,5,5,1.0
zsre-6728,0.9,0.0,0.0,5,5,5,1.0
zsre-6728,0.85,0.0,0.0,5,5,5,1.0
zsre-6728,0.8,0.0,0.0,5,5,5,1.0
zsre-6728,0.75,0.0,0.0,5,5,5,1.0
zsre-6728,0.7,1.0,0.0,5,5,5,0.0
zsre-6739,0.95,1.0,0.0,5,5,5,0.0
zsre-6739,0.9,1.0,0.0,5,5,5,0.0
zsre-6739,0.85,1.0,0.0,5,5,5,0.0
zsre-6739,0.8,1.0,0.0,5,5,5,0.0
zsre-6739,0.75,1.0,0.0,5,5,5,0.0
zsre-6739,0.7,1.0,0.0,5,5,5,0.0
zsre-6760,0.95,1.0,0.0,17,17,17,0.0
zsre-6760,0.9,1.0,0.0,17,17,17,0.0
zsre-6760,0.85,1.0,0.0,17,17,17,0.0
zsre-6760,0.8,1.0,0.0,17,17,17,0.0
zsre-6760,0.75,1.0,0.0,17,17,17,0.0
zsre-6760,0.7,1.0,0.0,17,17,17,0.0
zsre-6773,0.95,1.0,0.0,5,5,5,0.0
zsre-6773,0.9,1.0,0.0,5,5,5,0.0
zsre-6773,0.85,1.0,0.0,5,5,5,0.0
zsre-6773,0.8,1.0,0.0,5,5,5,0.0
zsre-6773,0.75,1.0,0.0,5,5,5,0.0
zsre-6773,0.7,1.0,0.0,5,5,5,0.0
zsre-6788,0.95,0.0,0.0,5,5,5,1.0
zsre-6788,0.9,0.0,0.0,5,5,5,1.0
zsre-6788,0.85,0.0,0.0,5,5,5,1.0
zsre-6788,0.8,0.0,0.0,5,5,5,1.0
zsre-6788,0.75,0.0,0.0,5,5,5,1.0
zsre-6788,0.7,1.0,0.0,5,5,5,0.0
zsre-6807,0.95,1.0,0.0,5,5,5,0.0
zsre-6807,0.9,1.0,0.0,5,5,5,0.0
zsre-6807,0.85,1.0,0.0,5,5,5,0.0
zsre-6807,0.8,1.0,0.0,5,5,5,0.0
zsre-6807,0.75,1.0,0.0,5,5,5,0.0
zsre-6807,0.7,1.0,0.0,5,5,5,0.0
zsre-6831,0.95,0.0,0.0,20,20,20,1.0
zsre-6831,0.9,0.0,0.0,20,20,20,1.0
zsre-6831,0.85,0.0,0.0,20,20,20,1.0
zsre-6831,0.8,0.0,0.0,20,20,20,1.0
zsre-6831,0.75,1.0,0.0,20,20,20,0.0
zsre-6831,0.7,1.0,0.0,20,20,20,0.0
zsre-6857,0.95,0.0,0.0,5,5,5,1.0
zsre-6857,0.9,0.0,0.0,5,5,5,1.0
zsre-6857,0.85,0.0,0.0,5,5,5,1.0
zsre-6857,0.8,0.0,0.0,5,5,5,1.0
zsre-6857,0.75,0.0,0.0,5,5,5,1.0
zsre-6857,0.7,1.0,0.0,5,5,5,0.0
zsre-6862,0.95,0.0,0.0,5,5,5,1.0
zsre-6862,0.9,0.0,0.0,5,5,5,1.0
zsre-6862,0.85,0.0,0.0,5,5,5,1.0
zsre-6862,0.8,0.0,0.0,5,5,5,1.0
zsre-6862,0.75,0.0,0.0,5,5,5,1.0
zsre-6862,0.7,1.0,0.0,5,5,5,0.0
zsre-6863,0.95,1.0,0.0,5,5,5,0.0
zsre-6863,0.9,1.0,0.0,5,5,5,0.0
zsre-6863,0.85,1.0,0.0,5,5,5,0.0
zsre-6863,0.8,1.0,0.0,5,5,5,0.0
zsre-6863,0.75,1.0,0.0,5,5,5,0.0
zsre-6863,0.7,1.0,0.0,5,5,5,0.0
zsre-6865,0.95,1.0,0.0,5,5,5,0.0
zsre-6865,0.9,1.0,0.0,5,5,5,0.0
zsre-6865,0.85,1.0,0.0,5,5,5,0.0
zsre-6865,0.8,1.0,0.0,5,5,5,0.0
zsre-6865,0.75,1.0,0.0,5,5,5,0.0
zsre-6865,0.7,1.0,0.0,5,5,5,0.0
zsre-6866,0.95,0.0,0.0,5,5,5,1.0
zsre-6866,0.9,0.0,0.0,5,5,5,1.0
zsre-6866,0.85,0.0,0.0,5,5,5,1.0
zsre-6866,0.8,0.0,0.0,5,5,5,1.0
zsre-6866,0.75,1.0,0.0,5,5,5,0.0
zsre-6866,0.7,1.0,0.0,5,5,5,0.0
zsre-6882,0.95,1.0,0.0,5,5,5,0.0
zsre-6882,0.9,1.0,0.0,5,5,5,0.0
zsre-6882,0.85,1.0,0.0,5,5,5,0.0
zsre-6882,0.8,1.0,0.0,5,5,5,0.0
zsre-6882,0.75,1.0,0.0,5,5,5,0.0
zsre-6882,0.7,1.0,0.0,5,5,5,0.0
zsre-6904,0.95,0.0,0.0,5,5,5,1.0
zsre-6904,0.9,0.0,0.0,5,5,5,1.0
zsre-6904,0.85,1.0,0.0,5,5,5,0.0
zsre-6904,0.8,1.0,0.0,5,5,5,0.0
zsre-6904,0.75,1.0,0.0,5,5,5,0.0
zsre-6904,0.7,1.0,0.0,5,5,5,0.0
zsre-6911,0.95,1.0,0.0,12,12,12,0.0
zsre-6911,0.9,1.0,0.0,12,12,12,0.0
zsre-6911,0.85,1.0,0.0,12,12,12,0.0
zsre-6911,0.8,1.0,0.0,12,12,12,0.0
zsre-6911,0.75,1.0,0.0,12,12,12,0.0
zsre-6911,0.7,1.0,0.0,12,12,12,0.0
zsre-6957,0.95,1.0,0.0,5,5,5,0.0
zsre-6957,0.9,1.0,0.0,5,5,5,0.0
zsre-6957,0.85,1.0,0.0,5,5,5,0.0
zsre-6957,0.8,0.0,0.0,5,5,5,1.0
zsre-6957,0.75,1.0,0.0,5,5,5,0.0
zsre-6957,0.7,1.0,0.0,5,5,5,0.0
zsre-6958,0.95,1.0,0.0,5,5,5,0.0
zsre-6958,0.9,1.0,0.0,5,5,5,0.0
zsre-6958,0.85,1.0,0.0,5,5,5,0.0
zsre-6958,0.8,1.0,0.0,5,5,5,0.0
zsre-6958,0.75,1.0,0.0,5,5,5,0.0
zsre-6958,0.7,1.0,0.0,5,5,5,0.0
zsre-6965,0.95,0.0,0.0,5,5,5,1.0
zsre-6965,0.9,1.0,0.0,5,5,5,0.0
zsre-6965,0.85,1.0,0.0,5,5,5,0.0
zsre-6965,0.8,1.0,0.0,5,5,5,0.0
zsre-6965,0.75,1.0,0.0,5,5,5,0.0
zsre-6965,0.7,1.0,0.0,5,5,5,0.0
zsre-7,0.95,0.0,0.0,12,12,12,1.0
zsre-7,0.9,0.0,0.0,12,12,12,1.0
zsre-7,0.85,0.0,0.0,12,12,12,1.0
zsre-7,0.8,0.0,0.0,12,12,12,1.0
zsre-7,0.75,1.0,0.4166666666666667,12,12,12,0.4166666666666667
zsre-7,0.7,1.0,0.4166666666666667,12,12,12,0.4166666666666667
zsre-7003,0.95,1.0,0.0,20,20,20,0.0
zsre-7003,0.9,1.0,0.0,20,20,20,0.0
zsre-7003,0.85,1.0,0.0,20,20,20,0.0
zsre-7003,0.8,1.0,0.0,20,20,20,0.0
zsre-7003,0.75,1.0,0.0,20,20,20,0.0
zsre-7003,0.7,1.0,0.0,20,20,20,0.0
zsre-7007,0.95,1.0,0.0,5,5,5,0.0
zsre-7007,0.9,1.0,0.0,5,5,5,0.0
zsre-7007,0.85,0.0,0.0,5,5,5,1.0
zsre-7007,0.8,1.0,0.0,5,5,5,0.0
zsre-7007,0.75,1.0,0.0,5,5,5,0.0
zsre-7007,0.7,1.0,0.0,5,5,5,0.0
zsre-7011,0.95,0.0,0.0,20,20,20,1.0
zsre-7011,0.9,0.0,0.0,20,20,20,1.0
zsre-7011,0.85,0.0,0.0,20,20,20,1.0
zsre-7011,0.8,0.0,0.0,20,20,20,1.0
zsre-7011,0.75,0.0,0.0,20,20,20,1.0
zsre-7011,0.7,1.0,0.0,20,20,20,0.0
zsre-7049,0.95,1.0,0.0,5,5,5,0.0
zsre-7049,0.9,1.0,0.0,5,5,5,0.0
zsre-7049,0.85,1.0,0.0,5,5,5,0.0
zsre-7049,0.8,1.0,0.0,5,5,5,0.0
zsre-7049,0.75,1.0,0.0,5,5,5,0.0
zsre-7049,0.7,1.0,0.0,5,5,5,0.0
zsre-705,0.95,1.0,0.0,5,5,5,0.0
zsre-705,0.9,1.0,0.0,5,5,5,0.0
zsre-705,0.85,1.0,0.0,5,5,5,0.0
zsre-705,0.8,1.0,0.0,5,5,5,0.0
zsre-705,0.75,1.0,0.0,5,5,5,0.0
zsre-705,0.7,1.0,0.0,5,5,5,0.0
zsre-7080,0.95,1.0,0.05,20,20,20,0.05
zsre-7080,0.9,1.0,0.05,20,20,20,0.05
zsre-7080,0.85,1.0,0.05,20,20,20,0.05
zsre-7080,0.8,1.0,0.05,20,20,20,0.05
zsre-7080,0.75,1.0,0.05,20,20,20,0.05
zsre-7080,0.7,1.0,0.05,20,20,20,0.05
zsre-7081,0.95,1.0,0.05,20,20,20,0.05
zsre-7081,0.9,1.0,0.05,20,20,20,0.05
zsre-7081,0.85,1.0,0.05,20,20,20,0.05
zsre-7081,0.8,1.0,0.05,20,20,20,0.05
zsre-7081,0.75,1.0,0.05,20,20,20,0.05
zsre-7081,0.7,1.0,0.05,20,20,20,0.05
zsre-7105,0.95,0.0,0.0,18,18,18,1.0
zsre-7105,0.9,0.0,0.0,18,18,18,1.0
zsre-7105,0.85,0.0,0.0,18,18,18,1.0
zsre-7105,0.8,1.0,0.1111111111111111,18,18,18,0.1111111111111111
zsre-7105,0.75,1.0,0.1111111111111111,18,18,18,0.1111111111111111
zsre-7105,0.7,1.0,0.1111111111111111,18,18,18,0.1111111111111111
zsre-7107,0.95,0.0,0.0,18,18,18,1.0
zsre-7107,0.9,0.0,0.0,18,18,18,1.0
zsre-7107,0.85,0.0,0.0,18,18,18,1.0
zsre-7107,0.8,0.0,0.0,18,18,18,1.0
zsre-7107,0.75,1.0,0.1111111111111111,18,18,18,0.1111111111111111
zsre-7107,0.7,1.0,0.1111111111111111,18,18,18,0.1111111111111111
zsre-7108,0.95,0.0,0.0,19,19,19,1.0
zsre-7108,0.9,0.0,0.0,19,19,19,1.0
zsre-7108,0.85,0.0,0.0,19,19,19,1.0
zsre-7108,0.8,1.0,0.10526315789473684,19,19,19,0.10526315789473684
zsre-7108,0.75,1.0,0.10526315789473684,19,19,19,0.10526315789473684
zsre-7108,0.7,1.0,0.10526315789473684,19,19,19,0.10526315789473684
zsre-7130,0.95,1.0,0.0,5,5,5,0.0
zsre-7130,0.9,1.0,0.0,5,5,5,0.0
zsre-7130,0.85,1.0,0.0,5,5,5,0.0
zsre-7130,0.8,1.0,0.0,5,5,5,0.0
zsre-7130,0.75,1.0,0.0,5,5,5,0.0
zsre-7130,0.7,1.0,0.0,5,5,5,0.0
zsre-7136,0.95,1.0,0.2,5,5,5,0.2
zsre-7136,0.9,1.0,0.2,5,5,5,0.2
zsre-7136,0.85,1.0,0.2,5,5,5,0.2
zsre-7136,0.8,0.0,0.2,5,5,5,1.2
zsre-7136,0.75,1.0,0.2,5,5,5,0.2
zsre-7136,0.7,0.0,0.2,5,5,5,1.2
zsre-7137,0.95,1.0,0.2,5,5,5,0.2
zsre-7137,0.9,1.0,0.2,5,5,5,0.2
zsre-7137,0.85,1.0,0.2,5,5,5,0.2
zsre-7137,0.8,1.0,0.2,5,5,5,0.2
zsre-7137,0.75,1.0,0.0,5,5,5,0.0
zsre-7137,0.7,1.0,0.0,5,5,5,0.0
zsre-7164,0.95,1.0,0.0,5,5,5,0.0
zsre-7164,0.9,1.0,0.0,5,5,5,0.0
zsre-7164,0.85,1.0,0.0,5,5,5,0.0
zsre-7164,0.8,1.0,0.0,5,5,5,0.0
zsre-7164,0.75,1.0,0.0,5,5,5,0.0
zsre-7164,0.7,1.0,0.0,5,5,5,0.0
zsre-7168,0.95,0.0,0.0,6,6,6,1.0
zsre-7168,0.9,0.0,0.0,6,6,6,1.0
zsre-7168,0.85,0.0,0.0,6,6,6,1.0
zsre-7168,0.8,0.0,0.0,6,6,6,1.0
zsre-7168,0.75,0.0,0.0,6,6,6,1.0
zsre-7168,0.7,1.0,0.0,6,6,6,0.0
zsre-7173,0.95,1.0,0.0,5,5,5,0.0
zsre-7173,0.9,1.0,0.0,5,5,5,0.0
zsre-7173,0.85,1.0,0.0,5,5,5,0.0
zsre-7173,0.8,1.0,0.0,5,5,5,0.0
zsre-7173,0.75,1.0,0.0,5,5,5,0.0
zsre-7173,0.7,1.0,0.0,5,5,5,0.0
zsre-7175,0.95,1.0,0.0,6,6,6,0.0
zsre-7175,0.9,1.0,0.0,6,6,6,0.0
zsre-7175,0.85,1.0,0.0,6,6,6,0.0
zsre-7175,0.8,1.0,0.0,6,6,6,0.0
zsre-7175,0.75,1.0,0.0,6,6,6,0.0
zsre-7175,0.7,1.0,0.0,6,6,6,0.0
zsre-7178,0.95,0.0,0.0,5,5,5,1.0
zsre-7178,0.9,0.0,0.0,5,5,5,1.0
zsre-7178,0.85,0.0,0.0,5,5,5,1.0
zsre-7178,0.8,0.0,0.0,5,5,5,1.0
zsre-7178,0.75,1.0,0.0,5,5,5,0.0
zsre-7178,0.7,1.0,0.0,5,5,5,0.0
zsre-7179,0.95,1.0,0.0,5,5,5,0.0
zsre-7179,0.9,1.0,0.0,5,5,5,0.0
zsre-7179,0.85,1.0,0.0,5,5,5,0.0
zsre-7179,0.8,1.0,0.0,5,5,5,0.0
zsre-7179,0.75,1.0,0.0,5,5,5,0.0
zsre-7179,0.7,1.0,0.0,5,5,5,0.0
zsre-7183,0.95,0.0,0.0,5,5,5,1.0
zsre-7183,0.9,0.0,0.0,5,5,5,1.0
zsre-7183,0.85,0.0,0.0,5,5,5,1.0
zsre-7183,0.8,0.0,0.0,5,5,5,1.0
zsre-7183,0.75,1.0,0.0,5,5,5,0.0
zsre-7183,0.7,1.0,0.0,5,5,5,0.0
zsre-7187,0.95,0.0,0.0,5,5,5,1.0
zsre-7187,0.9,0.0,0.0,5,5,5,1.0
zsre-7187,0.85,0.0,0.0,5,5,5,1.0
zsre-7187,0.8,1.0,0.0,5,5,5,0.0
zsre-7187,0.75,0.0,0.0,5,5,5,1.0
zsre-7187,0.7,1.0,0.0,5,5,5,0.0
zsre-7190,0.95,1.0,0.0,5,5,5,0.0
zsre-7190,0.9,1.0,0.0,5,5,5,0.0
zsre-7190,0.85,1.0,0.0,5,5,5,0.0
zsre-7190,0.8,1.0,0.0,5,5,5,0.0
zsre-7190,0.75,1.0,0.0,5,5,5,0.0
zsre-7190,0.7,1.0,0.0,5,5,5,0.0
zsre-7191,0.95,1.0,0.2,5,5,5,0.2
zsre-7191,0.9,1.0,0.2,5,5,5,0.2
zsre-7191,0.85,1.0,0.2,5,5,5,0.2
zsre-7191,0.8,1.0,0.2,5,5,5,0.2
zsre-7191,0.75,1.0,0.2,5,5,5,0.2
zsre-7191,0.7,1.0,0.2,5,5,5,0.2
zsre-7192,0.95,1.0,0.2,5,5,5,0.2
zsre-7192,0.9,1.0,0.2,5,5,5,0.2
zsre-7192,0.85,1.0,0.2,5,5,5,0.2
zsre-7192,0.8,1.0,0.2,5,5,5,0.2
zsre-7192,0.75,1.0,0.2,5,5,5,0.2
zsre-7192,0.7,1.0,0.2,5,5,5,0.2
zsre-7195,0.95,0.0,0.0,5,5,5,1.0
zsre-7195,0.9,0.0,0.0,5,5,5,1.0
zsre-7195,0.85,0.0,0.0,5,5,5,1.0
zsre-7195,0.8,0.0,0.0,5,5,5,1.0
zsre-7195,0.75,0.0,0.0,5,5,5,1.0
zsre-7195,0.7,1.0,0.0,5,5,5,0.0
zsre-7197,0.95,1.0,0.2,5,5,5,0.2
zsre-7197,0.9,1.0,0.2,5,5,5,0.2
zsre-7197,0.85,1.0,0.2,5,5,5,0.2
zsre-7197,0.8,1.0,0.2,5,5,5,0.2
zsre-7197,0.75,1.0,0.2,5,5,5,0.2
zsre-7197,0.7,1.0,0.2,5,5,5,0.2
zsre-7198,0.95,1.0,0.2,5,5,5,0.2
zsre-7198,0.9,1.0,0.2,5,5,5,0.2
zsre-7198,0.85,1.0,0.2,5,5,5,0.2
zsre-7198,0.8,1.0,0.2,5,5,5,0.2
zsre-7198,0.75,1.0,0.2,5,5,5,0.2
zsre-7198,0.7,1.0,0.2,5,5,5,0.2
zsre-7200,0.95,1.0,0.0,5,5,5,0.0
zsre-7200,0.9,1.0,0.0,5,5,5,0.0
zsre-7200,0.85,1.0,0.0,5,5,5,0.0
zsre-7200,0.8,1.0,0.0,5,5,5,0.0
zsre-7200,0.75,1.0,0.0,5,5,5,0.0
zsre-7200,0.7,1.0,0.0,5,5,5,0.0
zsre-722,0.95,0.0,0.0,5,5,5,1.0
zsre-722,0.9,0.0,0.0,5,5,5,1.0
zsre-722,0.85,0.0,0.0,5,5,5,1.0
zsre-722,0.8,1.0,0.0,5,5,5,0.0
zsre-722,0.75,1.0,0.0,5,5,5,0.0
zsre-722,0.7,1.0,0.0,5,5,5,0.0
zsre-7222,0.95,1.0,0.05,20,20,20,0.05
zsre-7222,0.9,1.0,0.05,20,20,20,0.05
zsre-7222,0.85,1.0,0.05,20,20,20,0.05
zsre-7222,0.8,1.0,0.05,20,20,20,0.05
zsre-7222,0.75,1.0,0.05,20,20,20,0.05
zsre-7222,0.7,1.0,0.05,20,20,20,0.05
zsre-7223,0.95,1.0,0.05,20,20,20,0.05
zsre-7223,0.9,1.0,0.05,20,20,20,0.05
zsre-7223,0.85,1.0,0.05,20,20,20,0.05
zsre-7223,0.8,1.0,0.05,20,20,20,0.05
zsre-7223,0.75,1.0,0.05,20,20,20,0.05
zsre-7223,0.7,1.0,0.05,20,20,20,0.05
zsre-7255,0.95,0.0,0.0,5,5,5,1.0
zsre-7255,0.9,0.0,0.0,5,5,5,1.0
zsre-7255,0.85,0.0,0.0,5,5,5,1.0
zsre-7255,0.8,0.0,0.0,5,5,5,1.0
zsre-7255,0.75,1.0,0.0,5,5,5,0.0
zsre-7255,0.7,1.0,0.0,5,5,5,0.0
zsre-726,0.95,0.0,0.0,6,6,6,1.0
zsre-726,0.9,0.0,0.0,6,6,6,1.0
zsre-726,0.85,0.0,0.0,6,6,6,1.0
zsre-726,0.8,0.0,0.0,6,6,6,1.0
zsre-726,0.75,0.0,0.0,6,6,6,1.0
zsre-726,0.7,1.0,0.0,6,6,6,0.0
zsre-728,0.95,0.0,0.0,11,11,11,1.0
zsre-728,0.9,0.0,0.0,11,11,11,1.0
zsre-728,0.85,0.0,0.0,11,11,11,1.0
zsre-728,0.8,0.0,0.09090909090909091,11,11,11,1.0909090909090908
zsre-728,0.75,0.0,0.09090909090909091,11,11,11,1.0909090909090908
zsre-728,0.7,1.0,0.09090909090909091,11,11,11,0.09090909090909091
zsre-7280,0.95,1.0,0.4,5,5,5,0.4
zsre-7280,0.9,1.0,0.4,5,5,5,0.4
zsre-7280,0.85,1.0,0.4,5,5,5,0.4
zsre-7280,0.8,1.0,0.4,5,5,5,0.4
zsre-7280,0.75,1.0,0.4,5,5,5,0.4
zsre-7280,0.7,1.0,0.4,5,5,5,0.4
zsre-7283,0.95,1.0,0.13333333333333333,15,15,15,0.13333333333333333
zsre-7283,0.9,1.0,0.13333333333333333,15,15,15,0.13333333333333333
zsre-7283,0.85,1.0,0.13333333333333333,15,15,15,0.13333333333333333
zsre-7283,0.8,1.0,0.13333333333333333,15,15,15,0.13333333333333333
zsre-7283,0.75,1.0,0.13333333333333333,15,15,15,0.13333333333333333
zsre-7283,0.7,1.0,0.13333333333333333,15,15,15,0.13333333333333333
zsre-7284,0.95,1.0,0.4,5,5,5,0.4
zsre-7284,0.9,1.0,0.4,5,5,5,0.4
zsre-7284,0.85,1.0,0.4,5,5,5,0.4
zsre-7284,0.8,1.0,0.4,5,5,5,0.4
zsre-7284,0.75,1.0,0.4,5,5,5,0.4
zsre-7284,0.7,1.0,0.4,5,5,5,0.4
zsre-7295,0.95,0.0,0.0,12,12,12,1.0
zsre-7295,0.9,0.0,0.0,12,12,12,1.0
zsre-7295,0.85,1.0,0.0,12,12,12,0.0
zsre-7295,0.8,1.0,0.0,12,12,12,0.0
zsre-7295,0.75,1.0,0.0,12,12,12,0.0
zsre-7295,0.7,1.0,0.0,12,12,12,0.0
zsre-7296,0.95,0.0,0.0,8,8,8,1.0
zsre-7296,0.9,0.0,0.0,8,8,8,1.0
zsre-7296,0.85,0.0,0.0,8,8,8,1.0
zsre-7296,0.8,0.0,0.0,8,8,8,1.0
zsre-7296,0.75,0.0,0.0,8,8,8,1.0
zsre-7296,0.7,1.0,0.0,8,8,8,0.0
zsre-73,0.95,0.0,0.0,8,8,8,1.0
zsre-73,0.9,0.0,0.0,8,8,8,1.0
zsre-73,0.85,0.0,0.0,8,8,8,1.0
zsre-73,0.8,0.0,0.0,8,8,8,1.0
zsre-73,0.75,0.0,0.0,8,8,8,1.0
zsre-73,0.7,1.0,0.0,8,8,8,0.0
zsre-7304,0.95,0.0,0.0,5,5,5,1.0
zsre-7304,0.9,0.0,0.0,5,5,5,1.0
zsre-7304,0.85,0.0,0.0,5,5,5,1.0
zsre-7304,0.8,1.0,0.0,5,5,5,0.0
zsre-7304,0.75,1.0,0.0,5,5,5,0.0
zsre-7304,0.7,1.0,0.0,5,5,5,0.0
zsre-731,0.95,0.0,0.0,9,9,9,1.0
zsre-731,0.9,0.0,0.0,9,9,9,1.0
zsre-731,0.85,0.0,0.0,9,9,9,1.0
zsre-731,0.8,0.0,0.0,9,9,9,1.0
zsre-731,0.75,1.0,0.0,9,9,9,0.0
zsre-731,0.7,1.0,0.0,9,9,9,0.0
zsre-733,0.95,1.0,0.0,5,5,5,0.0
zsre-733,0.9,1.0,0.0,5,5,5,0.0
zsre-733,0.85,1.0,0.0,5,5,5,0.0
zsre-733,0.8,1.0,0.0,5,5,5,0.0
zsre-733,0.75,1.0,0.0,5,5,5,0.0
zsre-733,0.7,1.0,0.0,5,5,5,0.0
zsre-7339,0.95,0.0,0.0,5,5,5,1.0
zsre-7339,0.9,0.0,0.0,5,5,5,1.0
zsre-7339,0.85,0.0,0.0,5,5,5,1.0
zsre-7339,0.8,0.0,0.0,5,5,5,1.0
zsre-7339,0.75,0.0,0.0,5,5,5,1.0
zsre-7339,0.7,1.0,0.0,5,5,5,0.0
zsre-7345,0.95,1.0,0.0,5,5,5,0.0
zsre-7345,0.9,1.0,0.0,5,5,5,0.0
zsre-7345,0.85,1.0,0.0,5,5,5,0.0
zsre-7345,0.8,1.0,0.0,5,5,5,0.0
zsre-7345,0.75,1.0,0.0,5,5,5,0.0
zsre-7345,0.7,1.0,0.0,5,5,5,0.0
zsre-7348,0.95,1.0,0.6,5,5,5,0.6
zsre-7348,0.9,1.0,0.6,5,5,5,0.6
zsre-7348,0.85,1.0,0.6,5,5,5,0.6
zsre-7348,0.8,1.0,0.6,5,5,5,0.6
zsre-7348,0.75,1.0,0.6,5,5,5,0.6
zsre-7348,0.7,1.0,0.6,5,5,5,0.6
zsre-7349,0.95,1.0,0.42857142857142855,7,7,7,0.42857142857142855
zsre-7349,0.9,1.0,0.42857142857142855,7,7,7,0.42857142857142855
zsre-7349,0.85,1.0,0.42857142857142855,7,7,7,0.42857142857142855
zsre-7349,0.8,1.0,0.42857142857142855,7,7,7,0.42857142857142855
zsre-7349,0.75,1.0,0.42857142857142855,7,7,7,0.42857142857142855
zsre-7349,0.7,1.0,0.42857142857142855,7,7,7,0.42857142857142855
zsre-7350,0.95,1.0,0.42857142857142855,7,7,7,0.42857142857142855
zsre-7350,0.9,1.0,0.42857142857142855,7,7,7,0.42857142857142855
zsre-7350,0.85,1.0,0.42857142857142855,7,7,7,0.42857142857142855
zsre-7350,0.8,1.0,0.42857142857142855,7,7,7,0.42857142857142855
zsre-7350,0.75,1.0,0.42857142857142855,7,7,7,0.42857142857142855
zsre-7350,0.7,1.0,0.42857142857142855,7,7,7,0.42857142857142855
zsre-7351,0.95,1.0,0.375,8,8,8,0.375
zsre-7351,0.9,1.0,0.375,8,8,8,0.375
zsre-7351,0.85,1.0,0.375,8,8,8,0.375
zsre-7351,0.8,1.0,0.375,8,8,8,0.375
zsre-7351,0.75,1.0,0.375,8,8,8,0.375
zsre-7351,0.7,1.0,0.375,8,8,8,0.375
zsre-7354,0.95,1.0,0.0,5,5,5,0.0
zsre-7354,0.9,1.0,0.0,5,5,5,0.0
zsre-7354,0.85,1.0,0.0,5,5,5,0.0
zsre-7354,0.8,1.0,0.0,5,5,5,0.0
zsre-7354,0.75,1.0,0.0,5,5,5,0.0
zsre-7354,0.7,1.0,0.0,5,5,5,0.0
zsre-7355,0.95,1.0,0.0,5,5,5,0.0
zsre-7355,0.9,1.0,0.0,5,5,5,0.0
zsre-7355,0.85,1.0,0.0,5,5,5,0.0
zsre-7355,0.8,1.0,0.0,5,5,5,0.0
zsre-7355,0.75,1.0,0.0,5,5,5,0.0
zsre-7355,0.7,1.0,0.0,5,5,5,0.0
zsre-7356,0.95,0.0,0.0,5,5,5,1.0
zsre-7356,0.9,0.0,0.0,5,5,5,1.0
zsre-7356,0.85,0.0,0.0,5,5,5,1.0
zsre-7356,0.8,0.0,0.0,5,5,5,1.0
zsre-7356,0.75,1.0,0.2,5,5,5,0.2
zsre-7356,0.7,1.0,0.2,5,5,5,0.2
zsre-7357,0.95,0.0,0.0,5,5,5,1.0
zsre-7357,0.9,0.0,0.0,5,5,5,1.0
zsre-7357,0.85,0.0,0.0,5,5,5,1.0
zsre-7357,0.8,1.0,0.0,5,5,5,0.0
zsre-7357,0.75,1.0,0.2,5,5,5,0.2
zsre-7357,0.7,1.0,0.2,5,5,5,0.2
zsre-7363,0.95,0.0,0.0,5,5,5,1.0
zsre-7363,0.9,0.0,0.0,5,5,5,1.0
zsre-7363,0.85,0.0,0.0,5,5,5,1.0
zsre-7363,0.8,1.0,0.0,5,5,5,0.0
zsre-7363,0.75,1.0,0.0,5,5,5,0.0
zsre-7363,0.7,1.0,0.0,5,5,5,0.0
zsre-7366,0.95,1.0,0.0,5,5,5,0.0
zsre-7366,0.9,1.0,0.0,5,5,5,0.0
zsre-7366,0.85,1.0,0.0,5,5,5,0.0
zsre-7366,0.8,1.0,0.0,5,5,5,0.0
zsre-7366,0.75,1.0,0.0,5,5,5,0.0
zsre-7366,0.7,1.0,0.0,5,5,5,0.0
zsre-7367,0.95,0.0,0.0,5,5,5,1.0
zsre-7367,0.9,0.0,0.0,5,5,5,1.0
zsre-7367,0.85,0.0,0.0,5,5,5,1.0
zsre-7367,0.8,1.0,0.0,5,5,5,0.0
zsre-7367,0.75,1.0,0.0,5,5,5,0.0
zsre-7367,0.7,1.0,0.0,5,5,5,0.0
zsre-7368,0.95,1.0,0.0,5,5,5,0.0
zsre-7368,0.9,1.0,0.0,5,5,5,0.0
zsre-7368,0.85,1.0,0.0,5,5,5,0.0
zsre-7368,0.8,1.0,0.0,5,5,5,0.0
zsre-7368,0.75,1.0,0.0,5,5,5,0.0
zsre-7368,0.7,1.0,0.0,5,5,5,0.0
zsre-7369,0.95,0.0,0.0,5,5,5,1.0
zsre-7369,0.9,0.0,0.0,5,5,5,1.0
zsre-7369,0.85,0.0,0.0,5,5,5,1.0
zsre-7369,0.8,1.0,0.0,5,5,5,0.0
zsre-7369,0.75,1.0,0.0,5,5,5,0.0
zsre-7369,0.7,1.0,0.0,5,5,5,0.0
zsre-7373,0.95,1.0,0.0,5,5,5,0.0
zsre-7373,0.9,1.0,0.0,5,5,5,0.0
zsre-7373,0.85,1.0,0.0,5,5,5,0.0
zsre-7373,0.8,1.0,0.0,5,5,5,0.0
zsre-7373,0.75,1.0,0.0,5,5,5,0.0
zsre-7373,0.7,1.0,0.0,5,5,5,0.0
zsre-7376,0.95,0.0,0.0,5,5,5,1.0
zsre-7376,0.9,0.0,0.0,5,5,5,1.0
zsre-7376,0.85,0.0,0.0,5,5,5,1.0
zsre-7376,0.8,0.0,0.0,5,5,5,1.0
zsre-7376,0.75,0.0,0.0,5,5,5,1.0
zsre-7376,0.7,1.0,0.0,5,5,5,0.0
zsre-7397,0.95,1.0,0.0,5,5,5,0.0
zsre-7397,0.9,1.0,0.0,5,5,5,0.0
zsre-7397,0.85,1.0,0.0,5,5,5,0.0
zsre-7397,0.8,1.0,0.0,5,5,5,0.0
zsre-7397,0.75,1.0,0.0,5,5,5,0.0
zsre-7397,0.7,1.0,0.0,5,5,5,0.0
zsre-7435,0.95,1.0,0.0,13,13,13,0.0
zsre-7435,0.9,1.0,0.0,13,13,13,0.0
zsre-7435,0.85,1.0,0.07692307692307693,13,13,13,0.07692307692307693
zsre-7435,0.8,1.0,0.07692307692307693,13,13,13,0.07692307692307693
zsre-7435,0.75,1.0,0.07692307692307693,13,13,13,0.07692307692307693
zsre-7435,0.7,1.0,0.07692307692307693,13,13,13,0.07692307692307693
zsre-7436,0.95,0.0,0.07142857142857142,14,14,14,1.0714285714285714
zsre-7436,0.9,0.0,0.07142857142857142,14,14,14,1.0714285714285714
zsre-7436,0.85,1.0,0.07142857142857142,14,14,14,0.07142857142857142
zsre-7436,0.8,1.0,0.07142857142857142,14,14,14,0.07142857142857142
zsre-7436,0.75,1.0,0.07142857142857142,14,14,14,0.07142857142857142
zsre-7436,0.7,1.0,0.07142857142857142,14,14,14,0.07142857142857142
zsre-7474,0.95,1.0,0.0,5,5,5,0.0
zsre-7474,0.9,1.0,0.0,5,5,5,0.0
zsre-7474,0.85,1.0,0.0,5,5,5,0.0
zsre-7474,0.8,1.0,0.0,5,5,5,0.0
zsre-7474,0.75,1.0,0.0,5,5,5,0.0
zsre-7474,0.7,1.0,0.0,5,5,5,0.0
zsre-7475,0.95,1.0,0.0,5,5,5,0.0
zsre-7475,0.9,1.0,0.0,5,5,5,0.0
zsre-7475,0.85,1.0,0.0,5,5,5,0.0
zsre-7475,0.8,1.0,0.0,5,5,5,0.0
zsre-7475,0.75,1.0,0.0,5,5,5,0.0
zsre-7475,0.7,1.0,0.0,5,5,5,0.0
zsre-7476,0.95,1.0,0.0,7,7,7,0.0
zsre-7476,0.9,1.0,0.0,7,7,7,0.0
zsre-7476,0.85,1.0,0.0,7,7,7,0.0
zsre-7476,0.8,1.0,0.0,7,7,7,0.0
zsre-7476,0.75,1.0,0.0,7,7,7,0.0
zsre-7476,0.7,1.0,0.0,7,7,7,0.0
zsre-7486,0.95,1.0,0.0,5,5,5,0.0
zsre-7486,0.9,1.0,0.0,5,5,5,0.0
zsre-7486,0.85,1.0,0.0,5,5,5,0.0
zsre-7486,0.8,1.0,0.0,5,5,5,0.0
zsre-7486,0.75,1.0,0.0,5,5,5,0.0
zsre-7486,0.7,1.0,0.0,5,5,5,0.0
zsre-7487,0.95,1.0,0.0,5,5,5,0.0
zsre-7487,0.9,1.0,0.0,5,5,5,0.0
zsre-7487,0.85,1.0,0.0,5,5,5,0.0
zsre-7487,0.8,1.0,0.0,5,5,5,0.0
zsre-7487,0.75,1.0,0.0,5,5,5,0.0
zsre-7487,0.7,1.0,0.0,5,5,5,0.0
zsre-75,0.95,0.0,0.0,11,11,11,1.0
zsre-75,0.9,0.0,0.0,11,11,11,1.0
zsre-75,0.85,0.0,0.0,11,11,11,1.0
zsre-75,0.8,1.0,0.45454545454545453,11,11,11,0.45454545454545453
zsre-75,0.75,1.0,0.45454545454545453,11,11,11,0.45454545454545453
zsre-75,0.7,1.0,0.45454545454545453,11,11,11,0.45454545454545453
zsre-7505,0.95,0.0,0.0,5,5,5,1.0
zsre-7505,0.9,0.0,0.0,5,5,5,1.0
zsre-7505,0.85,0.0,0.0,5,5,5,1.0
zsre-7505,0.8,1.0,0.0,5,5,5,0.0
zsre-7505,0.75,0.0,0.0,5,5,5,1.0
zsre-7505,0.7,1.0,0.0,5,5,5,0.0
zsre-7508,0.95,1.0,0.0,5,5,5,0.0
zsre-7508,0.9,1.0,0.0,5,5,5,0.0
zsre-7508,0.85,1.0,0.0,5,5,5,0.0
zsre-7508,0.8,1.0,0.0,5,5,5,0.0
zsre-7508,0.75,1.0,0.0,5,5,5,0.0
zsre-7508,0.7,1.0,0.0,5,5,5,0.0
zsre-752,0.95,1.0,0.0,5,5,5,0.0
zsre-752,0.9,1.0,0.0,5,5,5,0.0
zsre-752,0.85,1.0,0.0,5,5,5,0.0
zsre-752,0.8,0.0,0.0,5,5,5,1.0
zsre-752,0.75,1.0,0.0,5,5,5,0.0
zsre-752,0.7,1.0,0.0,5,5,5,0.0
zsre-7529,0.95,0.0,0.0,8,8,8,1.0
zsre-7529,0.9,0.0,0.0,8,8,8,1.0
zsre-7529,0.85,0.0,0.0,8,8,8,1.0
zsre-7529,0.8,0.0,0.125,8,8,8,1.125
zsre-7529,0.75,1.0,0.0,8,8,8,0.0
zsre-7529,0.7,1.0,0.0,8,8,8,0.0
zsre-7530,0.95,0.0,0.0,7,7,7,1.0
zsre-7530,0.9,0.0,0.0,7,7,7,1.0
zsre-7530,0.85,0.0,0.0,7,7,7,1.0
zsre-7530,0.8,1.0,0.0,7,7,7,0.0
zsre-7530,0.75,0.0,0.0,7,7,7,1.0
zsre-7530,0.7,1.0,0.14285714285714285,7,7,7,0.14285714285714285
zsre-7548,0.95,1.0,0.0,6,6,6,0.0
zsre-7548,0.9,1.0,0.0,6,6,6,0.0
zsre-7548,0.85,1.0,0.0,6,6,6,0.0
zsre-7548,0.8,1.0,0.0,6,6,6,0.0
zsre-7548,0.75,1.0,0.0,6,6,6,0.0
zsre-7548,0.7,1.0,0.0,6,6,6,0.0
zsre-7561,0.95,1.0,0.11764705882352941,17,17,17,0.11764705882352941
zsre-7561,0.9,1.0,0.11764705882352941,17,17,17,0.11764705882352941
zsre-7561,0.85,1.0,0.11764705882352941,17,17,17,0.11764705882352941
zsre-7561,0.8,1.0,0.11764705882352941,17,17,17,0.11764705882352941
zsre-7561,0.75,1.0,0.11764705882352941,17,17,17,0.11764705882352941
zsre-7561,0.7,1.0,0.11764705882352941,17,17,17,0.11764705882352941
zsre-7562,0.95,1.0,0.16666666666666666,12,12,12,0.16666666666666666
zsre-7562,0.9,1.0,0.16666666666666666,12,12,12,0.16666666666666666
zsre-7562,0.85,1.0,0.16666666666666666,12,12,12,0.16666666666666666
zsre-7562,0.8,1.0,0.16666666666666666,12,12,12,0.16666666666666666
zsre-7562,0.75,1.0,0.16666666666666666,12,12,12,0.16666666666666666
zsre-7562,0.7,1.0,0.16666666666666666,12,12,12,0.16666666666666666
zsre-7563,0.95,1.0,0.1111111111111111,18,18,18,0.1111111111111111
zsre-7563,0.9,1.0,0.1111111111111111,18,18,18,0.1111111111111111
zsre-7563,0.85,1.0,0.1111111111111111,18,18,18,0.1111111111111111
zsre-7563,0.8,1.0,0.1111111111111111,18,18,18,0.1111111111111111
zsre-7563,0.75,1.0,0.1111111111111111,18,18,18,0.1111111111111111
zsre-7563,0.7,1.0,0.1111111111111111,18,18,18,0.1111111111111111
zsre-757,0.95,1.0,0.05,20,20,20,0.05
zsre-757,0.9,1.0,0.05,20,20,20,0.05
zsre-757,0.85,1.0,0.05,20,20,20,0.05
zsre-757,0.8,1.0,0.05,20,20,20,0.05
zsre-757,0.75,1.0,0.05,20,20,20,0.05
zsre-757,0.7,1.0,0.05,20,20,20,0.05
zsre-7571,0.95,1.0,0.0,5,5,5,0.0
zsre-7571,0.9,1.0,0.0,5,5,5,0.0
zsre-7571,0.85,1.0,0.0,5,5,5,0.0
zsre-7571,0.8,1.0,0.0,5,5,5,0.0
zsre-7571,0.75,1.0,0.0,5,5,5,0.0
zsre-7571,0.7,1.0,0.0,5,5,5,0.0
zsre-758,0.95,1.0,0.05,20,20,20,0.05
zsre-758,0.9,1.0,0.05,20,20,20,0.05
zsre-758,0.85,1.0,0.05,20,20,20,0.05
zsre-758,0.8,1.0,0.05,20,20,20,0.05
zsre-758,0.75,1.0,0.05,20,20,20,0.05
zsre-758,0.7,1.0,0.05,20,20,20,0.05
zsre-759,0.95,1.0,0.0,5,5,5,0.0
zsre-759,0.9,1.0,0.0,5,5,5,0.0
zsre-759,0.85,1.0,0.0,5,5,5,0.0
zsre-759,0.8,1.0,0.0,5,5,5,0.0
zsre-759,0.75,1.0,0.0,5,5,5,0.0
zsre-759,0.7,1.0,0.0,5,5,5,0.0
zsre-76,0.95,0.0,0.0,9,9,9,1.0
zsre-76,0.9,0.0,0.0,9,9,9,1.0
zsre-76,0.85,0.0,0.0,9,9,9,1.0
zsre-76,0.8,0.0,0.1111111111111111,9,9,9,1.1111111111111112
zsre-76,0.75,1.0,0.5555555555555556,9,9,9,0.5555555555555556
zsre-76,0.7,1.0,0.5555555555555556,9,9,9,0.5555555555555556
zsre-7600,0.95,0.0,0.0,5,5,5,1.0
zsre-7600,0.9,0.0,0.0,5,5,5,1.0
zsre-7600,0.85,0.0,0.0,5,5,5,1.0
zsre-7600,0.8,0.0,0.0,5,5,5,1.0
zsre-7600,0.75,1.0,0.0,5,5,5,0.0
zsre-7600,0.7,1.0,0.0,5,5,5,0.0
zsre-7609,0.95,1.0,0.0,5,5,5,0.0
zsre-7609,0.9,1.0,0.0,5,5,5,0.0
zsre-7609,0.85,1.0,0.0,5,5,5,0.0
zsre-7609,0.8,1.0,0.0,5,5,5,0.0
zsre-7609,0.75,1.0,0.0,5,5,5,0.0
zsre-7609,0.7,1.0,0.0,5,5,5,0.0
zsre-7610,0.95,1.0,0.2,5,5,5,0.2
zsre-7610,0.9,1.0,0.2,5,5,5,0.2
zsre-7610,0.85,1.0,0.2,5,5,5,0.2
zsre-7610,0.8,1.0,0.2,5,5,5,0.2
zsre-7610,0.75,1.0,0.2,5,5,5,0.2
zsre-7610,0.7,1.0,0.2,5,5,5,0.2
zsre-7611,0.95,1.0,0.2,5,5,5,0.2
zsre-7611,0.9,1.0,0.2,5,5,5,0.2
zsre-7611,0.85,1.0,0.2,5,5,5,0.2
zsre-7611,0.8,1.0,0.2,5,5,5,0.2
zsre-7611,0.75,1.0,0.2,5,5,5,0.2
zsre-7611,0.7,1.0,0.2,5,5,5,0.2
zsre-7619,0.95,1.0,0.0,5,5,5,0.0
zsre-7619,0.9,1.0,0.0,5,5,5,0.0
zsre-7619,0.85,1.0,0.0,5,5,5,0.0
zsre-7619,0.8,1.0,0.0,5,5,5,0.0
zsre-7619,0.75,1.0,0.0,5,5,5,0.0
zsre-7619,0.7,1.0,0.0,5,5,5,0.0
zsre-7620,0.95,1.0,0.0,5,5,5,0.0
zsre-7620,0.9,1.0,0.0,5,5,5,0.0
zsre-7620,0.85,1.0,0.0,5,5,5,0.0
zsre-7620,0.8,1.0,0.0,5,5,5,0.0
zsre-7620,0.75,1.0,0.0,5,5,5,0.0
zsre-7620,0.7,1.0,0.0,5,5,5,0.0
zsre-7630,0.95,1.0,0.0,5,5,5,0.0
zsre-7630,0.9,1.0,0.0,5,5,5,0.0
zsre-7630,0.85,1.0,0.0,5,5,5,0.0
zsre-7630,0.8,1.0,0.0,5,5,5,0.0
zsre-7630,0.75,1.0,0.0,5,5,5,0.0
zsre-7630,0.7,1.0,0.0,5,5,5,0.0
zsre-7632,0.95,0.0,0.0,17,17,17,1.0
zsre-7632,0.9,0.0,0.0,17,17,17,1.0
zsre-7632,0.85,0.0,0.0,17,17,17,1.0
zsre-7632,0.8,0.0,0.0,17,17,17,1.0
zsre-7632,0.75,0.0,0.11764705882352941,17,17,17,1.1176470588235294
zsre-7632,0.7,1.0,0.4117647058823529,17,17,17,0.4117647058823529
zsre-7634,0.95,0.0,0.0,17,17,17,1.0
zsre-7634,0.9,0.0,0.0,17,17,17,1.0
zsre-7634,0.85,0.0,0.0,17,17,17,1.0
zsre-7634,0.8,0.0,0.0,17,17,17,1.0
zsre-7634,0.75,0.0,0.11764705882352941,17,17,17,1.1176470588235294
zsre-7634,0.7,1.0,0.4117647058823529,17,17,17,0.4117647058823529
zsre-7635,0.95,0.0,0.0,17,17,17,1.0
zsre-7635,0.9,0.0,0.0,17,17,17,1.0
zsre-7635,0.85,0.0,0.0,17,17,17,1.0
zsre-7635,0.8,0.0,0.0,17,17,17,1.0
zsre-7635,0.75,0.0,0.0,17,17,17,1.0
zsre-7635,0.7,1.0,0.4117647058823529,17,17,17,0.4117647058823529
zsre-7636,0.95,1.0,0.0,18,18,18,0.0
zsre-7636,0.9,1.0,0.0,18,18,18,0.0
zsre-7636,0.85,1.0,0.0,18,18,18,0.0
zsre-7636,0.8,1.0,0.0,18,18,18,0.0
zsre-7636,0.75,1.0,0.0,18,18,18,0.0
zsre-7636,0.7,1.0,0.0,18,18,18,0.0
zsre-7640,0.95,0.0,0.0,17,17,17,1.0
zsre-7640,0.9,0.0,0.0,17,17,17,1.0
zsre-7640,0.85,0.0,0.0,17,17,17,1.0
zsre-7640,0.8,0.0,0.0,17,17,17,1.0
zsre-7640,0.75,0.0,0.29411764705882354,17,17,17,1.2941176470588236
zsre-7640,0.7,1.0,0.4117647058823529,17,17,17,0.4117647058823529
zsre-7643,0.95,0.0,0.0,17,17,17,1.0
zsre-7643,0.9,0.0,0.0,17,17,17,1.0
zsre-7643,0.85,0.0,0.0,17,17,17,1.0
zsre-7643,0.8,1.0,0.35294117647058826,17,17,17,0.35294117647058826
zsre-7643,0.75,1.0,0.4117647058823529,17,17,17,0.4117647058823529
zsre-7643,0.7,1.0,0.4117647058823529,17,17,17,0.4117647058823529
zsre-7644,0.95,0.0,0.0,17,17,17,1.0
zsre-7644,0.9,0.0,0.0,17,17,17,1.0
zsre-7644,0.85,0.0,0.0,17,17,17,1.0
zsre-7644,0.8,0.0,0.0,17,17,17,1.0
zsre-7644,0.75,0.0,0.0,17,17,17,1.0
zsre-7644,0.7,1.0,0.0,17,17,17,0.0
zsre-7645,0.95,0.0,0.0,17,17,17,1.0
zsre-7645,0.9,0.0,0.0,17,17,17,1.0
zsre-7645,0.85,0.0,0.0,17,17,17,1.0
zsre-7645,0.8,0.0,0.0,17,17,17,1.0
zsre-7645,0.75,1.0,0.29411764705882354,17,17,17,0.29411764705882354
zsre-7645,0.7,1.0,0.4117647058823529,17,17,17,0.4117647058823529
zsre-7646,0.95,0.0,0.0,16,16,16,1.0
zsre-7646,0.9,0.0,0.0,16,16,16,1.0
zsre-7646,0.85,0.0,0.0,16,16,16,1.0
zsre-7646,0.8,0.0,0.0,16,16,16,1.0
zsre-7646,0.75,0.0,0.4375,16,16,16,1.4375
zsre-7646,0.7,1.0,0.4375,16,16,16,0.4375
zsre-765,0.95,1.0,0.0,5,5,5,0.0
zsre-765,0.9,1.0,0.0,5,5,5,0.0
zsre-765,0.85,1.0,0.0,5,5,5,0.0
zsre-765,0.8,1.0,0.0,5,5,5,0.0
zsre-765,0.75,1.0,0.0,5,5,5,0.0
zsre-765,0.7,1.0,0.0,5,5,5,0.0
zsre-7653,0.95,1.0,0.0,5,5,5,0.0
zsre-7653,0.9,1.0,0.0,5,5,5,0.0
zsre-7653,0.85,1.0,0.0,5,5,5,0.0
zsre-7653,0.8,1.0,0.0,5,5,5,0.0
zsre-7653,0.75,1.0,0.0,5,5,5,0.0
zsre-7653,0.7,1.0,0.0,5,5,5,0.0
zsre-7689,0.95,0.0,0.0,20,20,20,1.0
zsre-7689,0.9,0.0,0.0,20,20,20,1.0
zsre-7689,0.85,0.0,0.0,20,20,20,1.0
zsre-7689,0.8,1.0,0.25,20,20,20,0.25
zsre-7689,0.75,1.0,0.25,20,20,20,0.25
zsre-7689,0.7,1.0,0.25,20,20,20,0.25
zsre-7690,0.95,0.0,0.0,20,20,20,1.0
zsre-7690,0.9,0.0,0.0,20,20,20,1.0
zsre-7690,0.85,0.0,0.0,20,20,20,1.0
zsre-7690,0.8,1.0,0.25,20,20,20,0.25
zsre-7690,0.75,1.0,0.25,20,20,20,0.25
zsre-7690,0.7,1.0,0.25,20,20,20,0.25
zsre-7691,0.95,0.0,0.0,20,20,20,1.0
zsre-7691,0.9,0.0,0.0,20,20,20,1.0
zsre-7691,0.85,1.0,0.25,20,20,20,0.25
zsre-7691,0.8,1.0,0.25,20,20,20,0.25
zsre-7691,0.75,1.0,0.25,20,20,20,0.25
zsre-7691,0.7,1.0,0.25,20,20,20,0.25
zsre-7692,0.95,0.0,0.0,20,20,20,1.0
zsre-7692,0.9,0.0,0.0,20,20,20,1.0
zsre-7692,0.85,0.0,0.0,20,20,20,1.0
zsre-7692,0.8,0.0,0.0,20,20,20,1.0
zsre-7692,0.75,1.0,0.25,20,20,20,0.25
zsre-7692,0.7,1.0,0.25,20,20,20,0.25
zsre-7694,0.95,0.0,0.0,20,20,20,1.0
zsre-7694,0.9,0.0,0.0,20,20,20,1.0
zsre-7694,0.85,1.0,0.25,20,20,20,0.25
zsre-7694,0.8,1.0,0.25,20,20,20,0.25
zsre-7694,0.75,1.0,0.25,20,20,20,0.25
zsre-7694,0.7,1.0,0.25,20,20,20,0.25
zsre-7695,0.95,0.0,0.0,20,20,20,1.0
zsre-7695,0.9,0.0,0.0,20,20,20,1.0
zsre-7695,0.85,1.0,0.25,20,20,20,0.25
zsre-7695,0.8,1.0,0.25,20,20,20,0.25
zsre-7695,0.75,1.0,0.25,20,20,20,0.25
zsre-7695,0.7,1.0,0.25,20,20,20,0.25
zsre-77,0.95,0.0,0.0,9,9,9,1.0
zsre-77,0.9,0.0,0.0,9,9,9,1.0
zsre-77,0.85,0.0,0.0,9,9,9,1.0
zsre-77,0.8,0.0,0.0,9,9,9,1.0
zsre-77,0.75,0.0,0.1111111111111111,9,9,9,1.1111111111111112
zsre-77,0.7,1.0,0.5555555555555556,9,9,9,0.5555555555555556
zsre-7702,0.95,0.0,0.0,5,5,5,1.0
zsre-7702,0.9,0.0,0.0,5,5,5,1.0
zsre-7702,0.85,0.0,0.0,5,5,5,1.0
zsre-7702,0.8,1.0,0.0,5,5,5,0.0
zsre-7702,0.75,1.0,0.0,5,5,5,0.0
zsre-7702,0.7,1.0,0.0,5,5,5,0.0
zsre-7721,0.95,1.0,0.0,8,8,8,0.0
zsre-7721,0.9,1.0,0.0,8,8,8,0.0
zsre-7721,0.85,1.0,0.0,8,8,8,0.0
zsre-7721,0.8,1.0,0.0,8,8,8,0.0
zsre-7721,0.75,1.0,0.0,8,8,8,0.0
zsre-7721,0.7,1.0,0.0,8,8,8,0.0
zsre-7724,0.95,1.0,0.0,7,7,7,0.0
zsre-7724,0.9,1.0,0.0,7,7,7,0.0
zsre-7724,0.85,1.0,0.0,7,7,7,0.0
zsre-7724,0.8,1.0,0.0,7,7,7,0.0
zsre-7724,0.75,1.0,0.0,7,7,7,0.0
zsre-7724,0.7,1.0,0.0,7,7,7,0.0
zsre-7729,0.95,0.0,0.0,5,5,5,1.0
zsre-7729,0.9,0.0,0.0,5,5,5,1.0
zsre-7729,0.85,0.0,0.0,5,5,5,1.0
zsre-7729,0.8,0.0,0.0,5,5,5,1.0
zsre-7729,0.75,0.0,0.0,5,5,5,1.0
zsre-7729,0.7,1.0,0.4,5,5,5,0.4
zsre-7730,0.95,0.0,0.0,5,5,5,1.0
zsre-7730,0.9,0.0,0.0,5,5,5,1.0
zsre-7730,0.85,0.0,0.0,5,5,5,1.0
zsre-7730,0.8,0.0,0.0,5,5,5,1.0
zsre-7730,0.75,0.0,0.0,5,5,5,1.0
zsre-7730,0.7,1.0,0.4,5,5,5,0.4
zsre-7731,0.95,0.0,0.0,5,5,5,1.0
zsre-7731,0.9,0.0,0.0,5,5,5,1.0
zsre-7731,0.85,0.0,0.0,5,5,5,1.0
zsre-7731,0.8,0.0,0.0,5,5,5,1.0
zsre-7731,0.75,1.0,0.4,5,5,5,0.4
zsre-7731,0.7,1.0,0.4,5,5,5,0.4
zsre-7749,0.95,0.0,0.0,5,5,5,1.0
zsre-7749,0.9,0.0,0.0,5,5,5,1.0
zsre-7749,0.85,0.0,0.0,5,5,5,1.0
zsre-7749,0.8,0.0,0.0,5,5,5,1.0
zsre-7749,0.75,0.0,0.0,5,5,5,1.0
zsre-7749,0.7,1.0,0.0,5,5,5,0.0
zsre-7760,0.95,1.0,0.0,5,5,5,0.0
zsre-7760,0.9,1.0,0.0,5,5,5,0.0
zsre-7760,0.85,1.0,0.0,5,5,5,0.0
zsre-7760,0.8,1.0,0.0,5,5,5,0.0
zsre-7760,0.75,1.0,0.0,5,5,5,0.0
zsre-7760,0.7,1.0,0.0,5,5,5,0.0
zsre-7762,0.95,1.0,0.0,6,6,6,0.0
zsre-7762,0.9,1.0,0.0,6,6,6,0.0
zsre-7762,0.85,1.0,0.0,6,6,6,0.0
zsre-7762,0.8,1.0,0.0,6,6,6,0.0
zsre-7762,0.75,1.0,0.0,6,6,6,0.0
zsre-7762,0.7,1.0,0.0,6,6,6,0.0
zsre-7763,0.95,0.0,0.0,6,6,6,1.0
zsre-7763,0.9,0.0,0.0,6,6,6,1.0
zsre-7763,0.85,0.0,0.0,6,6,6,1.0
zsre-7763,0.8,0.0,0.0,6,6,6,1.0
zsre-7763,0.75,1.0,0.0,6,6,6,0.0
zsre-7763,0.7,1.0,0.0,6,6,6,0.0
zsre-7768,0.95,0.0,0.0,5,5,5,1.0
zsre-7768,0.9,0.0,0.0,5,5,5,1.0
zsre-7768,0.85,0.0,0.0,5,5,5,1.0
zsre-7768,0.8,0.0,0.0,5,5,5,1.0
zsre-7768,0.75,1.0,0.0,5,5,5,0.0
zsre-7768,0.7,1.0,0.0,5,5,5,0.0
zsre-7769,0.95,1.0,0.0,5,5,5,0.0
zsre-7769,0.9,1.0,0.0,5,5,5,0.0
zsre-7769,0.85,1.0,0.0,5,5,5,0.0
zsre-7769,0.8,1.0,0.0,5,5,5,0.0
zsre-7769,0.75,1.0,0.0,5,5,5,0.0
zsre-7769,0.7,1.0,0.0,5,5,5,0.0
zsre-7770,0.95,1.0,0.058823529411764705,17,17,17,0.058823529411764705
zsre-7770,0.9,1.0,0.058823529411764705,17,17,17,0.058823529411764705
zsre-7770,0.85,1.0,0.058823529411764705,17,17,17,0.058823529411764705
zsre-7770,0.8,1.0,0.058823529411764705,17,17,17,0.058823529411764705
zsre-7770,0.75,1.0,0.058823529411764705,17,17,17,0.058823529411764705
zsre-7770,0.7,1.0,0.058823529411764705,17,17,17,0.058823529411764705
zsre-7772,0.95,1.0,0.0,5,5,5,0.0
zsre-7772,0.9,1.0,0.0,5,5,5,0.0
zsre-7772,0.85,1.0,0.0,5,5,5,0.0
zsre-7772,0.8,1.0,0.0,5,5,5,0.0
zsre-7772,0.75,1.0,0.0,5,5,5,0.0
zsre-7772,0.7,1.0,0.0,5,5,5,0.0
zsre-7780,0.95,1.0,0.0,9,9,9,0.0
zsre-7780,0.9,1.0,0.0,9,9,9,0.0
zsre-7780,0.85,1.0,0.0,9,9,9,0.0
zsre-7780,0.8,1.0,0.0,9,9,9,0.0
zsre-7780,0.75,1.0,0.0,9,9,9,0.0
zsre-7780,0.7,1.0,0.0,9,9,9,0.0
zsre-7783,0.95,1.0,0.0,5,5,5,0.0
zsre-7783,0.9,1.0,0.0,5,5,5,0.0
zsre-7783,0.85,1.0,0.0,5,5,5,0.0
zsre-7783,0.8,1.0,0.0,5,5,5,0.0
zsre-7783,0.75,1.0,0.0,5,5,5,0.0
zsre-7783,0.7,1.0,0.0,5,5,5,0.0
zsre-7786,0.95,1.0,0.0,5,5,5,0.0
zsre-7786,0.9,1.0,0.0,5,5,5,0.0
zsre-7786,0.85,1.0,0.0,5,5,5,0.0
zsre-7786,0.8,1.0,0.0,5,5,5,0.0
zsre-7786,0.75,1.0,0.0,5,5,5,0.0
zsre-7786,0.7,1.0,0.0,5,5,5,0.0
zsre-7789,0.95,1.0,0.0,5,5,5,0.0
zsre-7789,0.9,1.0,0.0,5,5,5,0.0
zsre-7789,0.85,1.0,0.0,5,5,5,0.0
zsre-7789,0.8,1.0,0.0,5,5,5,0.0
zsre-7789,0.75,1.0,0.0,5,5,5,0.0
zsre-7789,0.7,1.0,0.0,5,5,5,0.0
zsre-7793,0.95,1.0,0.0,5,5,5,0.0
zsre-7793,0.9,1.0,0.0,5,5,5,0.0
zsre-7793,0.85,1.0,0.0,5,5,5,0.0
zsre-7793,0.8,1.0,0.0,5,5,5,0.0
zsre-7793,0.75,1.0,0.0,5,5,5,0.0
zsre-7793,0.7,1.0,0.0,5,5,5,0.0
zsre-78,0.95,0.0,0.0,7,7,7,1.0
zsre-78,0.9,0.0,0.0,7,7,7,1.0
zsre-78,0.85,0.0,0.0,7,7,7,1.0
zsre-78,0.8,0.0,0.0,7,7,7,1.0
zsre-78,0.75,0.0,0.0,7,7,7,1.0
zsre-78,0.7,1.0,0.7142857142857143,7,7,7,0.7142857142857143
zsre-7800,0.95,0.0,0.0,5,5,5,1.0
zsre-7800,0.9,0.0,0.0,5,5,5,1.0
zsre-7800,0.85,0.0,0.0,5,5,5,1.0
zsre-7800,0.8,1.0,0.0,5,5,5,0.0
zsre-7800,0.75,1.0,0.0,5,5,5,0.0
zsre-7800,0.7,1.0,0.0,5,5,5,0.0
zsre-7801,0.95,1.0,0.0,7,7,7,0.0
zsre-7801,0.9,1.0,0.0,7,7,7,0.0
zsre-7801,0.85,1.0,0.0,7,7,7,0.0
zsre-7801,0.8,1.0,0.0,7,7,7,0.0
zsre-7801,0.75,1.0,0.0,7,7,7,0.0
zsre-7801,0.7,1.0,0.0,7,7,7,0.0
zsre-7802,0.95,1.0,0.15,20,20,20,0.15
zsre-7802,0.9,1.0,0.15,20,20,20,0.15
zsre-7802,0.85,0.0,0.0,20,20,20,1.0
zsre-7802,0.8,1.0,0.15,20,20,20,0.15
zsre-7802,0.75,1.0,0.15,20,20,20,0.15
zsre-7802,0.7,1.0,0.15,20,20,20,0.15
zsre-7803,0.95,1.0,0.15,20,20,20,0.15
zsre-7803,0.9,1.0,0.15,20,20,20,0.15
zsre-7803,0.85,0.0,0.0,20,20,20,1.0
zsre-7803,0.8,1.0,0.15,20,20,20,0.15
zsre-7803,0.75,1.0,0.15,20,20,20,0.15
zsre-7803,0.7,1.0,0.15,20,20,20,0.15
zsre-7804,0.95,1.0,0.15,20,20,20,0.15
zsre-7804,0.9,0.0,0.0,20,20,20,1.0
zsre-7804,0.85,0.0,0.0,20,20,20,1.0
zsre-7804,0.8,1.0,0.15,20,20,20,0.15
zsre-7804,0.75,1.0,0.15,20,20,20,0.15
zsre-7804,0.7,1.0,0.15,20,20,20,0.15
zsre-7805,0.95,1.0,0.15,20,20,20,0.15
zsre-7805,0.9,1.0,0.15,20,20,20,0.15
zsre-7805,0.85,0.0,0.0,20,20,20,1.0
zsre-7805,0.8,0.0,0.0,20,20,20,1.0
zsre-7805,0.75,1.0,0.1,20,20,20,0.1
zsre-7805,0.7,1.0,0.15,20,20,20,0.15
zsre-7807,0.95,0.0,0.0,5,5,5,1.0
zsre-7807,0.9,0.0,0.0,5,5,5,1.0
zsre-7807,0.85,0.0,0.0,5,5,5,1.0
zsre-7807,0.8,0.0,0.0,5,5,5,1.0
zsre-7807,0.75,1.0,0.2,5,5,5,0.2
zsre-7807,0.7,1.0,0.2,5,5,5,0.2
zsre-7809,0.95,0.0,0.0,5,5,5,1.0
zsre-7809,0.9,0.0,0.0,5,5,5,1.0
zsre-7809,0.85,0.0,0.0,5,5,5,1.0
zsre-7809,0.8,1.0,0.2,5,5,5,0.2
zsre-7809,0.75,1.0,0.2,5,5,5,0.2
zsre-7809,0.7,1.0,0.2,5,5,5,0.2
zsre-782,0.95,0.0,0.0,7,7,7,1.0
zsre-782,0.9,0.0,0.0,7,7,7,1.0
zsre-782,0.85,1.0,0.0,7,7,7,0.0
zsre-782,0.8,0.0,0.0,7,7,7,1.0
zsre-782,0.75,1.0,0.0,7,7,7,0.0
zsre-782,0.7,1.0,0.0,7,7,7,0.0
zsre-7824,0.95,0.0,0.0,5,5,5,1.0
zsre-7824,0.9,0.0,0.0,5,5,5,1.0
zsre-7824,0.85,0.0,0.0,5,5,5,1.0
zsre-7824,0.8,0.0,0.0,5,5,5,1.0
zsre-7824,0.75,0.0,0.0,5,5,5,1.0
zsre-7824,0.7,1.0,0.0,5,5,5,0.0
zsre-7848,0.95,1.0,0.0,5,5,5,0.0
zsre-7848,0.9,1.0,0.0,5,5,5,0.0
zsre-7848,0.85,1.0,0.0,5,5,5,0.0
zsre-7848,0.8,1.0,0.0,5,5,5,0.0
zsre-7848,0.75,1.0,0.0,5,5,5,0.0
zsre-7848,0.7,1.0,0.0,5,5,5,0.0
zsre-7865,0.95,1.0,0.2,5,5,5,0.2
zsre-7865,0.9,1.0,0.2,5,5,5,0.2
zsre-7865,0.85,1.0,0.2,5,5,5,0.2
zsre-7865,0.8,1.0,0.2,5,5,5,0.2
zsre-7865,0.75,0.0,0.0,5,5,5,1.0
zsre-7865,0.7,1.0,0.4,5,5,5,0.4
zsre-7868,0.95,1.0,0.2,5,5,5,0.2
zsre-7868,0.9,1.0,0.2,5,5,5,0.2
zsre-7868,0.85,1.0,0.2,5,5,5,0.2
zsre-7868,0.8,0.0,0.0,5,5,5,1.0
zsre-7868,0.75,1.0,0.4,5,5,5,0.4
zsre-7868,0.7,1.0,0.4,5,5,5,0.4
zsre-7871,0.95,0.0,0.4,5,5,5,1.4
zsre-7871,0.9,0.0,0.4,5,5,5,1.4
zsre-7871,0.85,0.0,0.4,5,5,5,1.4
zsre-7871,0.8,1.0,0.4,5,5,5,0.4
zsre-7871,0.75,0.0,0.4,5,5,5,1.4
zsre-7871,0.7,1.0,0.4,5,5,5,0.4
zsre-7893,0.95,1.0,0.0,5,5,5,0.0
zsre-7893,0.9,1.0,0.0,5,5,5,0.0
zsre-7893,0.85,1.0,0.0,5,5,5,0.0
zsre-7893,0.8,1.0,0.0,5,5,5,0.0
zsre-7893,0.75,1.0,0.0,5,5,5,0.0
zsre-7893,0.7,1.0,0.0,5,5,5,0.0
zsre-79,0.95,0.0,0.0,11,11,11,1.0
zsre-79,0.9,0.0,0.0,11,11,11,1.0
zsre-79,0.85,0.0,0.0,11,11,11,1.0
zsre-79,0.8,0.0,0.09090909090909091,11,11,11,1.0909090909090908
zsre-79,0.75,1.0,0.45454545454545453,11,11,11,0.45454545454545453
zsre-79,0.7,1.0,0.45454545454545453,11,11,11,0.45454545454545453
zsre-7913,0.95,0.0,0.0,17,17,17,1.0
zsre-7913,0.9,0.0,0.0,17,17,17,1.0
zsre-7913,0.85,0.0,0.0,17,17,17,1.0
zsre-7913,0.8,0.0,0.0,17,17,17,1.0
zsre-7913,0.75,0.0,0.0,17,17,17,1.0
zsre-7913,0.7,1.0,0.0,17,17,17,0.0
zsre-7922,0.95,0.0,0.0,5,5,5,1.0
zsre-7922,0.9,0.0,0.0,5,5,5,1.0
zsre-7922,0.85,0.0,0.0,5,5,5,1.0
zsre-7922,0.8,1.0,0.0,5,5,5,0.0
zsre-7922,0.75,1.0,0.0,5,5,5,0.0
zsre-7922,0.7,1.0,0.0,5,5,5,0.0
zsre-7923,0.95,1.0,0.07692307692307693,13,13,13,0.07692307692307693
zsre-7923,0.9,1.0,0.07692307692307693,13,13,13,0.07692307692307693
zsre-7923,0.85,1.0,0.07692307692307693,13,13,13,0.07692307692307693
zsre-7923,0.8,1.0,0.07692307692307693,13,13,13,0.07692307692307693
zsre-7923,0.75,1.0,0.07692307692307693,13,13,13,0.07692307692307693
zsre-7923,0.7,1.0,0.07692307692307693,13,13,13,0.07692307692307693
zsre-7924,0.95,1.0,0.05,20,20,20,0.05
zsre-7924,0.9,1.0,0.05,20,20,20,0.05
zsre-7924,0.85,1.0,0.05,20,20,20,0.05
zsre-7924,0.8,1.0,0.05,20,20,20,0.05
zsre-7924,0.75,1.0,0.05,20,20,20,0.05
zsre-7924,0.7,1.0,0.05,20,20,20,0.05
zsre-7928,0.95,0.0,0.0,5,5,5,1.0
zsre-7928,0.9,0.0,0.0,5,5,5,1.0
zsre-7928,0.85,0.0,0.0,5,5,5,1.0
zsre-7928,0.8,0.0,0.0,5,5,5,1.0
zsre-7928,0.75,1.0,0.0,5,5,5,0.0
zsre-7928,0.7,1.0,0.0,5,5,5,0.0
zsre-7933,0.95,0.0,0.0,5,5,5,1.0
zsre-7933,0.9,0.0,0.0,5,5,5,1.0
zsre-7933,0.85,0.0,0.0,5,5,5,1.0
zsre-7933,0.8,0.0,0.0,5,5,5,1.0
zsre-7933,0.75,0.0,0.0,5,5,5,1.0
zsre-7933,0.7,1.0,0.0,5,5,5,0.0
zsre-7955,0.95,1.0,0.0,5,5,5,0.0
zsre-7955,0.9,1.0,0.0,5,5,5,0.0
zsre-7955,0.85,1.0,0.0,5,5,5,0.0
zsre-7955,0.8,1.0,0.0,5,5,5,0.0
zsre-7955,0.75,1.0,0.0,5,5,5,0.0
zsre-7955,0.7,1.0,0.0,5,5,5,0.0
zsre-7959,0.95,1.0,0.0,20,20,20,0.0
zsre-7959,0.9,1.0,0.0,20,20,20,0.0
zsre-7959,0.85,1.0,0.0,20,20,20,0.0
zsre-7959,0.8,1.0,0.0,20,20,20,0.0
zsre-7959,0.75,1.0,0.0,20,20,20,0.0
zsre-7959,0.7,1.0,0.0,20,20,20,0.0
zsre-7989,0.95,1.0,0.0,5,5,5,0.0
zsre-7989,0.9,1.0,0.0,5,5,5,0.0
zsre-7989,0.85,1.0,0.0,5,5,5,0.0
zsre-7989,0.8,1.0,0.0,5,5,5,0.0
zsre-7989,0.75,1.0,0.0,5,5,5,0.0
zsre-7989,0.7,1.0,0.0,5,5,5,0.0
zsre-7992,0.95,1.0,0.0,5,5,5,0.0
zsre-7992,0.9,1.0,0.0,5,5,5,0.0
zsre-7992,0.85,1.0,0.0,5,5,5,0.0
zsre-7992,0.8,1.0,0.0,5,5,5,0.0
zsre-7992,0.75,1.0,0.0,5,5,5,0.0
zsre-7992,0.7,1.0,0.0,5,5,5,0.0
zsre-8,0.95,0.0,0.0,10,10,10,1.0
zsre-8,0.9,0.0,0.0,10,10,10,1.0
zsre-8,0.85,0.0,0.0,10,10,10,1.0
zsre-8,0.8,1.0,0.5,10,10,10,0.5
zsre-8,0.75,1.0,0.5,10,10,10,0.5
zsre-8,0.7,1.0,0.5,10,10,10,0.5
zsre-8035,0.95,0.0,0.0,5,5,5,1.0
zsre-8035,0.9,0.0,0.0,5,5,5,1.0
zsre-8035,0.85,0.0,0.0,5,5,5,1.0
zsre-8035,0.8,1.0,0.0,5,5,5,0.0
zsre-8035,0.75,1.0,0.0,5,5,5,0.0
zsre-8035,0.7,1.0,0.0,5,5,5,0.0
zsre-8047,0.95,1.0,0.0,5,5,5,0.0
zsre-8047,0.9,1.0,0.0,5,5,5,0.0
zsre-8047,0.85,1.0,0.0,5,5,5,0.0
zsre-8047,0.8,1.0,0.0,5,5,5,0.0
zsre-8047,0.75,1.0,0.0,5,5,5,0.0
zsre-8047,0.7,1.0,0.0,5,5,5,0.0
zsre-8049,0.95,0.0,0.0,10,10,10,1.0
zsre-8049,0.9,0.0,0.0,10,10,10,1.0
zsre-8049,0.85,0.0,0.0,10,10,10,1.0
zsre-8049,0.8,0.0,0.0,10,10,10,1.0
zsre-8049,0.75,0.0,0.0,10,10,10,1.0
zsre-8049,0.7,1.0,0.0,10,10,10,0.0
zsre-8073,0.95,1.0,0.0,5,5,5,0.0
zsre-8073,0.9,1.0,0.0,5,5,5,0.0
zsre-8073,0.85,1.0,0.0,5,5,5,0.0
zsre-8073,0.8,0.0,0.0,5,5,5,1.0
zsre-8073,0.75,1.0,0.0,5,5,5,0.0
zsre-8073,0.7,1.0,0.0,5,5,5,0.0
zsre-8084,0.95,1.0,0.0,5,5,5,0.0
zsre-8084,0.9,1.0,0.0,5,5,5,0.0
zsre-8084,0.85,1.0,0.0,5,5,5,0.0
zsre-8084,0.8,1.0,0.0,5,5,5,0.0
zsre-8084,0.75,1.0,0.0,5,5,5,0.0
zsre-8084,0.7,1.0,0.0,5,5,5,0.0
zsre-8105,0.95,0.0,0.0,5,5,5,1.0
zsre-8105,0.9,0.0,0.0,5,5,5,1.0
zsre-8105,0.85,0.0,0.0,5,5,5,1.0
zsre-8105,0.8,0.0,0.0,5,5,5,1.0
zsre-8105,0.75,1.0,0.0,5,5,5,0.0
zsre-8105,0.7,1.0,0.0,5,5,5,0.0
zsre-8112,0.95,1.0,0.0,8,8,8,0.0
zsre-8112,0.9,1.0,0.0,8,8,8,0.0
zsre-8112,0.85,1.0,0.0,8,8,8,0.0
zsre-8112,0.8,1.0,0.0,8,8,8,0.0
zsre-8112,0.75,1.0,0.0,8,8,8,0.0
zsre-8112,0.7,1.0,0.0,8,8,8,0.0
zsre-8114,0.95,1.0,0.0,5,5,5,0.0
zsre-8114,0.9,1.0,0.0,5,5,5,0.0
zsre-8114,0.85,1.0,0.0,5,5,5,0.0
zsre-8114,0.8,1.0,0.0,5,5,5,0.0
zsre-8114,0.75,1.0,0.0,5,5,5,0.0
zsre-8114,0.7,1.0,0.0,5,5,5,0.0
zsre-8124,0.95,1.0,0.0,5,5,5,0.0
zsre-8124,0.9,1.0,0.0,5,5,5,0.0
zsre-8124,0.85,1.0,0.0,5,5,5,0.0
zsre-8124,0.8,1.0,0.0,5,5,5,0.0
zsre-8124,0.75,1.0,0.0,5,5,5,0.0
zsre-8124,0.7,1.0,0.0,5,5,5,0.0
zsre-8127,0.95,0.0,0.0,20,20,20,1.0
zsre-8127,0.9,0.0,0.0,20,20,20,1.0
zsre-8127,0.85,0.0,0.0,20,20,20,1.0
zsre-8127,0.8,0.0,0.0,20,20,20,1.0
zsre-8127,0.75,1.0,0.05,20,20,20,0.05
zsre-8127,0.7,1.0,0.05,20,20,20,0.05
zsre-8128,0.95,0.0,0.0,20,20,20,1.0
zsre-8128,0.9,0.0,0.0,20,20,20,1.0
zsre-8128,0.85,0.0,0.0,20,20,20,1.0
zsre-8128,0.8,0.0,0.0,20,20,20,1.0
zsre-8128,0.75,1.0,0.05,20,20,20,0.05
zsre-8128,0.7,1.0,0.05,20,20,20,0.05
zsre-8131,0.95,0.0,0.0,9,9,9,1.0
zsre-8131,0.9,0.0,0.0,9,9,9,1.0
zsre-8131,0.85,0.0,0.0,9,9,9,1.0
zsre-8131,0.8,0.0,0.0,9,9,9,1.0
zsre-8131,0.75,1.0,0.0,9,9,9,0.0
zsre-8131,0.7,1.0,0.0,9,9,9,0.0
zsre-8146,0.95,1.0,0.0,5,5,5,0.0
zsre-8146,0.9,1.0,0.0,5,5,5,0.0
zsre-8146,0.85,1.0,0.0,5,5,5,0.0
zsre-8146,0.8,1.0,0.0,5,5,5,0.0
zsre-8146,0.75,1.0,0.0,5,5,5,0.0
zsre-8146,0.7,1.0,0.0,5,5,5,0.0
zsre-8156,0.95,0.0,0.0,5,5,5,1.0
zsre-8156,0.9,0.0,0.0,5,5,5,1.0
zsre-8156,0.85,0.0,0.0,5,5,5,1.0
zsre-8156,0.8,0.0,0.0,5,5,5,1.0
zsre-8156,0.75,1.0,0.0,5,5,5,0.0
zsre-8156,0.7,1.0,0.0,5,5,5,0.0
zsre-8159,0.95,1.0,0.0,5,5,5,0.0
zsre-8159,0.9,1.0,0.0,5,5,5,0.0
zsre-8159,0.85,1.0,0.0,5,5,5,0.0
zsre-8159,0.8,1.0,0.0,5,5,5,0.0
zsre-8159,0.75,1.0,0.0,5,5,5,0.0
zsre-8159,0.7,1.0,0.0,5,5,5,0.0
zsre-8160,0.95,1.0,0.0,5,5,5,0.0
zsre-8160,0.9,1.0,0.0,5,5,5,0.0
zsre-8160,0.85,1.0,0.0,5,5,5,0.0
zsre-8160,0.8,1.0,0.0,5,5,5,0.0
zsre-8160,0.75,1.0,0.0,5,5,5,0.0
zsre-8160,0.7,1.0,0.0,5,5,5,0.0
zsre-8166,0.95,0.0,0.0,5,5,5,1.0
zsre-8166,0.9,0.0,0.0,5,5,5,1.0
zsre-8166,0.85,1.0,0.0,5,5,5,0.0
zsre-8166,0.8,0.0,0.0,5,5,5,1.0
zsre-8166,0.75,0.0,0.0,5,5,5,1.0
zsre-8166,0.7,1.0,0.2,5,5,5,0.2
zsre-8167,0.95,0.0,0.0,5,5,5,1.0
zsre-8167,0.9,0.0,0.0,5,5,5,1.0
zsre-8167,0.85,0.0,0.0,5,5,5,1.0
zsre-8167,0.8,1.0,0.0,5,5,5,0.0
zsre-8167,0.75,0.0,0.0,5,5,5,1.0
zsre-8167,0.7,1.0,0.2,5,5,5,0.2
zsre-8168,0.95,1.0,0.07692307692307693,13,13,13,0.07692307692307693
zsre-8168,0.9,1.0,0.07692307692307693,13,13,13,0.07692307692307693
zsre-8168,0.85,1.0,0.07692307692307693,13,13,13,0.07692307692307693
zsre-8168,0.8,1.0,0.07692307692307693,13,13,13,0.07692307692307693
zsre-8168,0.75,1.0,0.07692307692307693,13,13,13,0.07692307692307693
zsre-8168,0.7,1.0,0.07692307692307693,13,13,13,0.07692307692307693
zsre-8170,0.95,1.0,0.06666666666666667,15,15,15,0.06666666666666667
zsre-8170,0.9,1.0,0.06666666666666667,15,15,15,0.06666666666666667
zsre-8170,0.85,1.0,0.06666666666666667,15,15,15,0.06666666666666667
zsre-8170,0.8,1.0,0.06666666666666667,15,15,15,0.06666666666666667
zsre-8170,0.75,1.0,0.06666666666666667,15,15,15,0.06666666666666667
zsre-8170,0.7,1.0,0.06666666666666667,15,15,15,0.06666666666666667
zsre-8197,0.95,0.0,0.0,20,20,20,1.0
zsre-8197,0.9,0.0,0.0,20,20,20,1.0
zsre-8197,0.85,0.0,0.0,20,20,20,1.0
zsre-8197,0.8,0.0,0.0,20,20,20,1.0
zsre-8197,0.75,1.0,0.05,20,20,20,0.05
zsre-8197,0.7,1.0,0.1,20,20,20,0.1
zsre-8198,0.95,0.0,0.0,20,20,20,1.0
zsre-8198,0.9,0.0,0.0,20,20,20,1.0
zsre-8198,0.85,0.0,0.0,20,20,20,1.0
zsre-8198,0.8,0.0,0.0,20,20,20,1.0
zsre-8198,0.75,1.0,0.0,20,20,20,0.0
zsre-8198,0.7,1.0,0.1,20,20,20,0.1
zsre-8216,0.95,0.0,0.0,5,5,5,1.0
zsre-8216,0.9,0.0,0.0,5,5,5,1.0
zsre-8216,0.85,1.0,0.2,5,5,5,0.2
zsre-8216,0.8,1.0,0.2,5,5,5,0.2
zsre-8216,0.75,1.0,0.2,5,5,5,0.2
zsre-8216,0.7,1.0,0.2,5,5,5,0.2
zsre-8217,0.95,0.0,0.0,5,5,5,1.0
zsre-8217,0.9,0.0,0.0,5,5,5,1.0
zsre-8217,0.85,0.0,0.0,5,5,5,1.0
zsre-8217,0.8,1.0,0.0,5,5,5,0.0
zsre-8217,0.75,0.0,0.0,5,5,5,1.0
zsre-8217,0.7,1.0,0.0,5,5,5,0.0
zsre-8218,0.95,0.0,0.0,5,5,5,1.0
zsre-8218,0.9,0.0,0.0,5,5,5,1.0
zsre-8218,0.85,0.0,0.0,5,5,5,1.0
zsre-8218,0.8,0.0,0.0,5,5,5,1.0
zsre-8218,0.75,1.0,0.2,5,5,5,0.2
zsre-8218,0.7,1.0,0.2,5,5,5,0.2
zsre-8223,0.95,0.0,0.0,5,5,5,1.0
zsre-8223,0.9,0.0,0.0,5,5,5,1.0
zsre-8223,0.85,0.0,0.0,5,5,5,1.0
zsre-8223,0.8,0.0,0.0,5,5,5,1.0
zsre-8223,0.75,0.0,0.0,5,5,5,1.0
zsre-8223,0.7,1.0,0.0,5,5,5,0.0
zsre-824,0.95,1.0,0.0,5,5,5,0.0
zsre-824,0.9,1.0,0.0,5,5,5,0.0
zsre-824,0.85,1.0,0.0,5,5,5,0.0
zsre-824,0.8,1.0,0.0,5,5,5,0.0
zsre-824,0.75,1.0,0.0,5,5,5,0.0
zsre-824,0.7,1.0,0.0,5,5,5,0.0
zsre-8243,0.95,1.0,0.0,5,5,5,0.0
zsre-8243,0.9,1.0,0.0,5,5,5,0.0
zsre-8243,0.85,1.0,0.0,5,5,5,0.0
zsre-8243,0.8,1.0,0.0,5,5,5,0.0
zsre-8243,0.75,1.0,0.0,5,5,5,0.0
zsre-8243,0.7,1.0,0.0,5,5,5,0.0
zsre-8256,0.95,0.0,0.0,9,9,9,1.0
zsre-8256,0.9,0.0,0.0,9,9,9,1.0
zsre-8256,0.85,0.0,0.0,9,9,9,1.0
zsre-8256,0.8,0.0,0.0,9,9,9,1.0
zsre-8256,0.75,0.0,0.0,9,9,9,1.0
zsre-8256,0.7,1.0,0.0,9,9,9,0.0
zsre-8270,0.95,0.0,0.0,10,10,10,1.0
zsre-8270,0.9,0.0,0.0,10,10,10,1.0
zsre-8270,0.85,0.0,0.0,10,10,10,1.0
zsre-8270,0.8,0.0,0.0,10,10,10,1.0
zsre-8270,0.75,0.0,0.0,10,10,10,1.0
zsre-8270,0.7,1.0,0.0,10,10,10,0.0
zsre-8275,0.95,0.0,0.0,5,5,5,1.0
zsre-8275,0.9,0.0,0.0,5,5,5,1.0
zsre-8275,0.85,0.0,0.0,5,5,5,1.0
zsre-8275,0.8,0.0,0.0,5,5,5,1.0
zsre-8275,0.75,1.0,0.0,5,5,5,0.0
zsre-8275,0.7,1.0,0.0,5,5,5,0.0
zsre-8296,0.95,0.0,0.0,18,18,18,1.0
zsre-8296,0.9,0.0,0.0,18,18,18,1.0
zsre-8296,0.85,0.0,0.0,18,18,18,1.0
zsre-8296,0.8,0.0,0.0,18,18,18,1.0
zsre-8296,0.75,1.0,0.0,18,18,18,0.0
zsre-8296,0.7,1.0,0.0,18,18,18,0.0
zsre-8303,0.95,1.0,0.05555555555555555,18,18,18,0.05555555555555555
zsre-8303,0.9,1.0,0.05555555555555555,18,18,18,0.05555555555555555
zsre-8303,0.85,1.0,0.05555555555555555,18,18,18,0.05555555555555555
zsre-8303,0.8,1.0,0.05555555555555555,18,18,18,0.05555555555555555
zsre-8303,0.75,1.0,0.05555555555555555,18,18,18,0.05555555555555555
zsre-8303,0.7,1.0,0.05555555555555555,18,18,18,0.05555555555555555
zsre-8304,0.95,1.0,0.07692307692307693,13,13,13,0.07692307692307693
zsre-8304,0.9,1.0,0.07692307692307693,13,13,13,0.07692307692307693
zsre-8304,0.85,1.0,0.07692307692307693,13,13,13,0.07692307692307693
zsre-8304,0.8,1.0,0.07692307692307693,13,13,13,0.07692307692307693
zsre-8304,0.75,1.0,0.07692307692307693,13,13,13,0.07692307692307693
zsre-8304,0.7,1.0,0.07692307692307693,13,13,13,0.07692307692307693
zsre-8324,0.95,1.0,0.0,5,5,5,0.0
zsre-8324,0.9,1.0,0.0,5,5,5,0.0
zsre-8324,0.85,1.0,0.0,5,5,5,0.0
zsre-8324,0.8,1.0,0.0,5,5,5,0.0
zsre-8324,0.75,1.0,0.0,5,5,5,0.0
zsre-8324,0.7,1.0,0.0,5,5,5,0.0
zsre-8325,0.95,0.0,0.0,5,5,5,1.0
zsre-8325,0.9,0.0,0.0,5,5,5,1.0
zsre-8325,0.85,0.0,0.0,5,5,5,1.0
zsre-8325,0.8,0.0,0.0,5,5,5,1.0
zsre-8325,0.75,1.0,0.0,5,5,5,0.0
zsre-8325,0.7,1.0,0.2,5,5,5,0.2
zsre-8326,0.95,0.0,0.0,5,5,5,1.0
zsre-8326,0.9,0.0,0.0,5,5,5,1.0
zsre-8326,0.85,0.0,0.0,5,5,5,1.0
zsre-8326,0.8,0.0,0.2,5,5,5,1.2
zsre-8326,0.75,1.0,0.2,5,5,5,0.2
zsre-8326,0.7,1.0,0.2,5,5,5,0.2
zsre-8331,0.95,1.0,0.0,5,5,5,0.0
zsre-8331,0.9,1.0,0.0,5,5,5,0.0
zsre-8331,0.85,1.0,0.0,5,5,5,0.0
zsre-8331,0.8,1.0,0.0,5,5,5,0.0
zsre-8331,0.75,1.0,0.0,5,5,5,0.0
zsre-8331,0.7,1.0,0.0,5,5,5,0.0
zsre-8334,0.95,0.0,0.0,5,5,5,1.0
zsre-8334,0.9,0.0,0.0,5,5,5,1.0
zsre-8334,0.85,0.0,0.0,5,5,5,1.0
zsre-8334,0.8,0.0,0.0,5,5,5,1.0
zsre-8334,0.75,0.0,0.0,5,5,5,1.0
zsre-8334,0.7,1.0,0.0,5,5,5,0.0
zsre-8340,0.95,1.0,0.0,6,6,6,0.0
zsre-8340,0.9,1.0,0.0,6,6,6,0.0
zsre-8340,0.85,1.0,0.0,6,6,6,0.0
zsre-8340,0.8,1.0,0.0,6,6,6,0.0
zsre-8340,0.75,1.0,0.0,6,6,6,0.0
zsre-8340,0.7,1.0,0.0,6,6,6,0.0
zsre-8347,0.95,1.0,0.0,6,6,6,0.0
zsre-8347,0.9,1.0,0.0,6,6,6,0.0
zsre-8347,0.85,1.0,0.0,6,6,6,0.0
zsre-8347,0.8,1.0,0.0,6,6,6,0.0
zsre-8347,0.75,1.0,0.0,6,6,6,0.0
zsre-8347,0.7,1.0,0.0,6,6,6,0.0
zsre-8349,0.95,1.0,0.0,5,5,5,0.0
zsre-8349,0.9,1.0,0.0,5,5,5,0.0
zsre-8349,0.85,1.0,0.0,5,5,5,0.0
zsre-8349,0.8,1.0,0.0,5,5,5,0.0
zsre-8349,0.75,1.0,0.0,5,5,5,0.0
zsre-8349,0.7,1.0,0.0,5,5,5,0.0
zsre-8353,0.95,0.0,0.0,5,5,5,1.0
zsre-8353,0.9,0.0,0.0,5,5,5,1.0
zsre-8353,0.85,0.0,0.0,5,5,5,1.0
zsre-8353,0.8,0.0,0.0,5,5,5,1.0
zsre-8353,0.75,0.0,0.0,5,5,5,1.0
zsre-8353,0.7,1.0,0.0,5,5,5,0.0
zsre-8362,0.95,1.0,0.42857142857142855,7,7,7,0.42857142857142855
zsre-8362,0.9,1.0,0.42857142857142855,7,7,7,0.42857142857142855
zsre-8362,0.85,1.0,0.42857142857142855,7,7,7,0.42857142857142855
zsre-8362,0.8,1.0,0.42857142857142855,7,7,7,0.42857142857142855
zsre-8362,0.75,1.0,0.42857142857142855,7,7,7,0.42857142857142855
zsre-8362,0.7,1.0,0.42857142857142855,7,7,7,0.42857142857142855
zsre-8363,0.95,1.0,0.42857142857142855,7,7,7,0.42857142857142855
zsre-8363,0.9,1.0,0.42857142857142855,7,7,7,0.42857142857142855
zsre-8363,0.85,1.0,0.42857142857142855,7,7,7,0.42857142857142855
zsre-8363,0.8,1.0,0.42857142857142855,7,7,7,0.42857142857142855
zsre-8363,0.75,1.0,0.42857142857142855,7,7,7,0.42857142857142855
zsre-8363,0.7,1.0,0.42857142857142855,7,7,7,0.42857142857142855
zsre-8364,0.95,1.0,0.42857142857142855,7,7,7,0.42857142857142855
zsre-8364,0.9,1.0,0.42857142857142855,7,7,7,0.42857142857142855
zsre-8364,0.85,1.0,0.42857142857142855,7,7,7,0.42857142857142855
zsre-8364,0.8,1.0,0.42857142857142855,7,7,7,0.42857142857142855
zsre-8364,0.75,1.0,0.42857142857142855,7,7,7,0.42857142857142855
zsre-8364,0.7,1.0,0.42857142857142855,7,7,7,0.42857142857142855
zsre-8365,0.95,1.0,0.42857142857142855,7,7,7,0.42857142857142855
zsre-8365,0.9,1.0,0.42857142857142855,7,7,7,0.42857142857142855
zsre-8365,0.85,1.0,0.42857142857142855,7,7,7,0.42857142857142855
zsre-8365,0.8,1.0,0.42857142857142855,7,7,7,0.42857142857142855
zsre-8365,0.75,1.0,0.42857142857142855,7,7,7,0.42857142857142855
zsre-8365,0.7,1.0,0.42857142857142855,7,7,7,0.42857142857142855
zsre-8368,0.95,0.0,0.0,5,5,5,1.0
zsre-8368,0.9,0.0,0.0,5,5,5,1.0
zsre-8368,0.85,0.0,0.0,5,5,5,1.0
zsre-8368,0.8,0.0,0.0,5,5,5,1.0
zsre-8368,0.75,1.0,0.0,5,5,5,0.0
zsre-8368,0.7,1.0,0.0,5,5,5,0.0
zsre-837,0.95,1.0,0.0,5,5,5,0.0
zsre-837,0.9,1.0,0.0,5,5,5,0.0
zsre-837,0.85,1.0,0.0,5,5,5,0.0
zsre-837,0.8,1.0,0.0,5,5,5,0.0
zsre-837,0.75,1.0,0.0,5,5,5,0.0
zsre-837,0.7,1.0,0.0,5,5,5,0.0
zsre-8375,0.95,1.0,0.0,5,5,5,0.0
zsre-8375,0.9,1.0,0.0,5,5,5,0.0
zsre-8375,0.85,1.0,0.0,5,5,5,0.0
zsre-8375,0.8,1.0,0.0,5,5,5,0.0
zsre-8375,0.75,1.0,0.0,5,5,5,0.0
zsre-8375,0.7,1.0,0.0,5,5,5,0.0
zsre-8399,0.95,0.0,0.0,16,16,16,1.0
zsre-8399,0.9,0.0,0.0,16,16,16,1.0
zsre-8399,0.85,0.0,0.0,16,16,16,1.0
zsre-8399,0.8,0.0,0.0,16,16,16,1.0
zsre-8399,0.75,0.0,0.0,16,16,16,1.0
zsre-8399,0.7,1.0,0.0625,16,16,16,0.0625
zsre-840,0.95,0.0,0.0,14,14,14,1.0
zsre-840,0.9,0.0,0.0,14,14,14,1.0
zsre-840,0.85,0.0,0.0,14,14,14,1.0
zsre-840,0.8,0.0,0.0,14,14,14,1.0
zsre-840,0.75,0.0,0.0,14,14,14,1.0
zsre-840,0.7,1.0,0.0,14,14,14,0.0
zsre-8402,0.95,1.0,0.2,5,5,5,0.2
zsre-8402,0.9,1.0,0.2,5,5,5,0.2
zsre-8402,0.85,1.0,0.2,5,5,5,0.2
zsre-8402,0.8,1.0,0.2,5,5,5,0.2
zsre-8402,0.75,1.0,0.2,5,5,5,0.2
zsre-8402,0.7,1.0,0.2,5,5,5,0.2
zsre-8403,0.95,1.0,0.2,5,5,5,0.2
zsre-8403,0.9,1.0,0.2,5,5,5,0.2
zsre-8403,0.85,1.0,0.2,5,5,5,0.2
zsre-8403,0.8,1.0,0.2,5,5,5,0.2
zsre-8403,0.75,1.0,0.2,5,5,5,0.2
zsre-8403,0.7,1.0,0.2,5,5,5,0.2
zsre-8422,0.95,1.0,0.0,5,5,5,0.0
zsre-8422,0.9,1.0,0.0,5,5,5,0.0
zsre-8422,0.85,1.0,0.0,5,5,5,0.0
zsre-8422,0.8,1.0,0.0,5,5,5,0.0
zsre-8422,0.75,1.0,0.0,5,5,5,0.0
zsre-8422,0.7,1.0,0.0,5,5,5,0.0
zsre-846,0.95,1.0,0.0,5,5,5,0.0
zsre-846,0.9,1.0,0.0,5,5,5,0.0
zsre-846,0.85,1.0,0.0,5,5,5,0.0
zsre-846,0.8,1.0,0.0,5,5,5,0.0
zsre-846,0.75,1.0,0.0,5,5,5,0.0
zsre-846,0.7,1.0,0.0,5,5,5,0.0
zsre-8467,0.95,1.0,0.0,5,5,5,0.0
zsre-8467,0.9,1.0,0.0,5,5,5,0.0
zsre-8467,0.85,1.0,0.0,5,5,5,0.0
zsre-8467,0.8,1.0,0.0,5,5,5,0.0
zsre-8467,0.75,1.0,0.0,5,5,5,0.0
zsre-8467,0.7,1.0,0.0,5,5,5,0.0
zsre-8472,0.95,1.0,0.0,5,5,5,0.0
zsre-8472,0.9,1.0,0.0,5,5,5,0.0
zsre-8472,0.85,1.0,0.0,5,5,5,0.0
zsre-8472,0.8,1.0,0.0,5,5,5,0.0
zsre-8472,0.75,1.0,0.0,5,5,5,0.0
zsre-8472,0.7,1.0,0.0,5,5,5,0.0
zsre-8481,0.95,1.0,0.0,5,5,5,0.0
zsre-8481,0.9,1.0,0.0,5,5,5,0.0
zsre-8481,0.85,1.0,0.0,5,5,5,0.0
zsre-8481,0.8,1.0,0.0,5,5,5,0.0
zsre-8481,0.75,1.0,0.0,5,5,5,0.0
zsre-8481,0.7,1.0,0.0,5,5,5,0.0
zsre-8484,0.95,1.0,0.0,5,5,5,0.0
zsre-8484,0.9,1.0,0.0,5,5,5,0.0
zsre-8484,0.85,1.0,0.0,5,5,5,0.0
zsre-8484,0.8,1.0,0.0,5,5,5,0.0
zsre-8484,0.75,0.0,0.0,5,5,5,1.0
zsre-8484,0.7,1.0,0.0,5,5,5,0.0
zsre-8485,0.95,0.0,0.0,5,5,5,1.0
zsre-8485,0.9,0.0,0.0,5,5,5,1.0
zsre-8485,0.85,0.0,0.0,5,5,5,1.0
zsre-8485,0.8,0.0,0.0,5,5,5,1.0
zsre-8485,0.75,0.0,0.0,5,5,5,1.0
zsre-8485,0.7,1.0,0.0,5,5,5,0.0
zsre-849,0.95,1.0,0.10526315789473684,19,19,19,0.10526315789473684
zsre-849,0.9,1.0,0.10526315789473684,19,19,19,0.10526315789473684
zsre-849,0.85,1.0,0.10526315789473684,19,19,19,0.10526315789473684
zsre-849,0.8,1.0,0.10526315789473684,19,19,19,0.10526315789473684
zsre-849,0.75,1.0,0.10526315789473684,19,19,19,0.10526315789473684
zsre-849,0.7,1.0,0.10526315789473684,19,19,19,0.10526315789473684
zsre-8490,0.95,0.0,0.0,5,5,5,1.0
zsre-8490,0.9,0.0,0.0,5,5,5,1.0
zsre-8490,0.85,0.0,0.0,5,5,5,1.0
zsre-8490,0.8,1.0,0.0,5,5,5,0.0
zsre-8490,0.75,0.0,0.0,5,5,5,1.0
zsre-8490,0.7,1.0,0.0,5,5,5,0.0
zsre-8495,0.95,1.0,0.0,20,20,20,0.0
zsre-8495,0.9,1.0,0.0,20,20,20,0.0
zsre-8495,0.85,1.0,0.0,20,20,20,0.0
zsre-8495,0.8,1.0,0.0,20,20,20,0.0
zsre-8495,0.75,1.0,0.0,20,20,20,0.0
zsre-8495,0.7,1.0,0.0,20,20,20,0.0
zsre-8499,0.95,1.0,0.0,6,6,6,0.0
zsre-8499,0.9,1.0,0.0,6,6,6,0.0
zsre-8499,0.85,1.0,0.0,6,6,6,0.0
zsre-8499,0.8,1.0,0.0,6,6,6,0.0
zsre-8499,0.75,1.0,0.0,6,6,6,0.0
zsre-8499,0.7,1.0,0.0,6,6,6,0.0
zsre-850,0.95,1.0,0.125,16,16,16,0.125
zsre-850,0.9,1.0,0.125,16,16,16,0.125
zsre-850,0.85,1.0,0.125,16,16,16,0.125
zsre-850,0.8,1.0,0.125,16,16,16,0.125
zsre-850,0.75,1.0,0.125,16,16,16,0.125
zsre-850,0.7,1.0,0.125,16,16,16,0.125
zsre-8502,0.95,0.0,0.0,5,5,5,1.0
zsre-8502,0.9,0.0,0.0,5,5,5,1.0
zsre-8502,0.85,0.0,0.0,5,5,5,1.0
zsre-8502,0.8,0.0,0.0,5,5,5,1.0
zsre-8502,0.75,1.0,0.0,5,5,5,0.0
zsre-8502,0.7,1.0,0.0,5,5,5,0.0
zsre-8518,0.95,1.0,0.0,5,5,5,0.0
zsre-8518,0.9,1.0,0.0,5,5,5,0.0
zsre-8518,0.85,0.0,0.0,5,5,5,1.0
zsre-8518,0.8,1.0,0.8,5,5,5,0.8
zsre-8518,0.75,1.0,0.8,5,5,5,0.8
zsre-8518,0.7,1.0,0.8,5,5,5,0.8
zsre-852,0.95,1.0,0.11764705882352941,17,17,17,0.11764705882352941
zsre-852,0.9,1.0,0.11764705882352941,17,17,17,0.11764705882352941
zsre-852,0.85,1.0,0.11764705882352941,17,17,17,0.11764705882352941
zsre-852,0.8,1.0,0.11764705882352941,17,17,17,0.11764705882352941
zsre-852,0.75,1.0,0.11764705882352941,17,17,17,0.11764705882352941
zsre-852,0.7,1.0,0.11764705882352941,17,17,17,0.11764705882352941
zsre-8520,0.95,0.0,0.0,5,5,5,1.0
zsre-8520,0.9,0.0,0.0,5,5,5,1.0
zsre-8520,0.85,0.0,0.0,5,5,5,1.0
zsre-8520,0.8,0.0,0.0,5,5,5,1.0
zsre-8520,0.75,0.0,0.0,5,5,5,1.0
zsre-8520,0.7,1.0,0.8,5,5,5,0.8
zsre-8521,0.95,0.0,0.0,5,5,5,1.0
zsre-8521,0.9,0.0,0.0,5,5,5,1.0
zsre-8521,0.85,1.0,0.2,5,5,5,0.2
zsre-8521,0.8,0.0,0.0,5,5,5,1.0
zsre-8521,0.75,1.0,0.8,5,5,5,0.8
zsre-8521,0.7,1.0,0.8,5,5,5,0.8
zsre-8522,0.95,0.0,0.0,8,8,8,1.0
zsre-8522,0.9,0.0,0.0,8,8,8,1.0
zsre-8522,0.85,0.0,0.25,8,8,8,1.25
zsre-8522,0.8,0.0,0.0,8,8,8,1.0
zsre-8522,0.75,1.0,0.375,8,8,8,0.375
zsre-8522,0.7,1.0,0.5,8,8,8,0.5
zsre-8525,0.95,0.0,0.0,6,6,6,1.0
zsre-8525,0.9,0.0,0.0,6,6,6,1.0
zsre-8525,0.85,0.0,0.3333333333333333,6,6,6,1.3333333333333333
zsre-8525,0.8,1.0,0.16666666666666666,6,6,6,0.16666666666666666
zsre-8525,0.75,1.0,0.6666666666666666,6,6,6,0.6666666666666666
zsre-8525,0.7,1.0,0.6666666666666666,6,6,6,0.6666666666666666
zsre-8528,0.95,1.0,0.0,20,20,20,0.0
zsre-8528,0.9,1.0,0.0,20,20,20,0.0
zsre-8528,0.85,1.0,0.0,20,20,20,0.0
zsre-8528,0.8,1.0,0.0,20,20,20,0.0
zsre-8528,0.75,1.0,0.0,20,20,20,0.0
zsre-8528,0.7,1.0,0.0,20,20,20,0.0
zsre-8538,0.95,1.0,0.4,5,5,5,0.4
zsre-8538,0.9,1.0,0.4,5,5,5,0.4
zsre-8538,0.85,1.0,0.4,5,5,5,0.4
zsre-8538,0.8,1.0,0.4,5,5,5,0.4
zsre-8538,0.75,1.0,0.4,5,5,5,0.4
zsre-8538,0.7,1.0,0.4,5,5,5,0.4
zsre-8541,0.95,1.0,0.4,5,5,5,0.4
zsre-8541,0.9,1.0,0.4,5,5,5,0.4
zsre-8541,0.85,1.0,0.4,5,5,5,0.4
zsre-8541,0.8,1.0,0.4,5,5,5,0.4
zsre-8541,0.75,1.0,0.4,5,5,5,0.4
zsre-8541,0.7,1.0,0.4,5,5,5,0.4
zsre-8543,0.95,1.0,0.4,5,5,5,0.4
zsre-8543,0.9,1.0,0.4,5,5,5,0.4
zsre-8543,0.85,1.0,0.4,5,5,5,0.4
zsre-8543,0.8,1.0,0.4,5,5,5,0.4
zsre-8543,0.75,1.0,0.4,5,5,5,0.4
zsre-8543,0.7,1.0,0.4,5,5,5,0.4
zsre-8545,0.95,0.0,0.0,7,7,7,1.0
zsre-8545,0.9,0.0,0.0,7,7,7,1.0
zsre-8545,0.85,1.0,0.0,7,7,7,0.0
zsre-8545,0.8,0.0,0.0,7,7,7,1.0
zsre-8545,0.75,1.0,0.0,7,7,7,0.0
zsre-8545,0.7,1.0,0.0,7,7,7,0.0
zsre-8547,0.95,1.0,0.0,7,7,7,0.0
zsre-8547,0.9,1.0,0.0,7,7,7,0.0
zsre-8547,0.85,1.0,0.0,7,7,7,0.0
zsre-8547,0.8,1.0,0.0,7,7,7,0.0
zsre-8547,0.75,1.0,0.0,7,7,7,0.0
zsre-8547,0.7,1.0,0.0,7,7,7,0.0
zsre-8560,0.95,0.0,0.0,19,19,19,1.0
zsre-8560,0.9,0.0,0.10526315789473684,19,19,19,1.1052631578947367
zsre-8560,0.85,0.0,0.0,19,19,19,1.0
zsre-8560,0.8,1.0,0.10526315789473684,19,19,19,0.10526315789473684
zsre-8560,0.75,1.0,0.15789473684210525,19,19,19,0.15789473684210525
zsre-8560,0.7,1.0,0.15789473684210525,19,19,19,0.15789473684210525
zsre-8562,0.95,0.0,0.0,8,8,8,1.0
zsre-8562,0.9,0.0,0.0,8,8,8,1.0
zsre-8562,0.85,0.0,0.25,8,8,8,1.25
zsre-8562,0.8,1.0,0.125,8,8,8,0.125
zsre-8562,0.75,1.0,0.375,8,8,8,0.375
zsre-8562,0.7,1.0,0.25,8,8,8,0.25
zsre-8568,0.95,0.0,0.0,7,7,7,1.0
zsre-8568,0.9,0.0,0.0,7,7,7,1.0
zsre-8568,0.85,0.0,0.42857142857142855,7,7,7,1.4285714285714286
zsre-8568,0.8,0.0,0.2857142857142857,7,7,7,1.2857142857142856
zsre-8568,0.75,1.0,0.42857142857142855,7,7,7,0.42857142857142855
zsre-8568,0.7,1.0,0.42857142857142855,7,7,7,0.42857142857142855
zsre-8569,0.95,0.0,0.0,8,8,8,1.0
zsre-8569,0.9,0.0,0.0,8,8,8,1.0
zsre-8569,0.85,1.0,0.125,8,8,8,0.125
zsre-8569,0.8,1.0,0.125,8,8,8,0.125
zsre-8569,0.75,1.0,0.375,8,8,8,0.375
zsre-8569,0.7,1.0,0.375,8,8,8,0.375
zsre-857,0.95,0.0,0.0,5,5,5,1.0
zsre-857,0.9,0.0,0.0,5,5,5,1.0
zsre-857,0.85,0.0,0.0,5,5,5,1.0
zsre-857,0.8,1.0,0.0,5,5,5,0.0
zsre-857,0.75,1.0,0.0,5,5,5,0.0
zsre-857,0.7,1.0,0.0,5,5,5,0.0
zsre-8570,0.95,0.0,0.0,11,11,11,1.0
zsre-8570,0.9,0.0,0.0,11,11,11,1.0
zsre-8570,0.85,0.0,0.0,11,11,11,1.0
zsre-8570,0.8,0.0,0.0,11,11,11,1.0
zsre-8570,0.75,0.0,0.0,11,11,11,1.0
zsre-8570,0.7,1.0,0.0,11,11,11,0.0
zsre-8571,0.95,0.0,0.0,11,11,11,1.0
zsre-8571,0.9,0.0,0.0,11,11,11,1.0
zsre-8571,0.85,0.0,0.0,11,11,11,1.0
zsre-8571,0.8,0.0,0.18181818181818182,11,11,11,1.1818181818181819
zsre-8571,0.75,0.0,0.0,11,11,11,1.0
zsre-8571,0.7,1.0,0.2727272727272727,11,11,11,0.2727272727272727
zsre-8572,0.95,0.0,0.0,7,7,7,1.0
zsre-8572,0.9,0.0,0.0,7,7,7,1.0
zsre-8572,0.85,0.0,0.0,7,7,7,1.0
zsre-8572,0.8,0.0,0.14285714285714285,7,7,7,1.1428571428571428
zsre-8572,0.75,1.0,0.14285714285714285,7,7,7,0.14285714285714285
zsre-8572,0.7,1.0,0.42857142857142855,7,7,7,0.42857142857142855
zsre-8574,0.95,0.0,0.0,17,17,17,1.0
zsre-8574,0.9,0.0,0.0,17,17,17,1.0
zsre-8574,0.85,0.0,0.11764705882352941,17,17,17,1.1176470588235294
zsre-8574,0.8,1.0,0.17647058823529413,17,17,17,0.17647058823529413
zsre-8574,0.75,1.0,0.17647058823529413,17,17,17,0.17647058823529413
zsre-8574,0.7,1.0,0.17647058823529413,17,17,17,0.17647058823529413
zsre-8586,0.95,0.0,0.0,5,5,5,1.0
zsre-8586,0.9,0.0,0.0,5,5,5,1.0
zsre-8586,0.85,0.0,0.0,5,5,5,1.0
zsre-8586,0.8,0.0,0.0,5,5,5,1.0
zsre-8586,0.75,1.0,0.0,5,5,5,0.0
zsre-8586,0.7,1.0,0.0,5,5,5,0.0
zsre-8602,0.95,0.0,0.0,5,5,5,1.0
zsre-8602,0.9,0.0,0.0,5,5,5,1.0
zsre-8602,0.85,0.0,0.0,5,5,5,1.0
zsre-8602,0.8,0.0,0.0,5,5,5,1.0
zsre-8602,0.75,1.0,0.0,5,5,5,0.0
zsre-8602,0.7,1.0,0.0,5,5,5,0.0
zsre-8605,0.95,1.0,0.0,8,8,8,0.0
zsre-8605,0.9,1.0,0.0,8,8,8,0.0
zsre-8605,0.85,1.0,0.0,8,8,8,0.0
zsre-8605,0.8,1.0,0.0,8,8,8,0.0
zsre-8605,0.75,1.0,0.0,8,8,8,0.0
zsre-8605,0.7,1.0,0.0,8,8,8,0.0
zsre-8606,0.95,0.0,0.0,5,5,5,1.0
zsre-8606,0.9,0.0,0.0,5,5,5,1.0
zsre-8606,0.85,0.0,0.0,5,5,5,1.0
zsre-8606,0.8,1.0,0.0,5,5,5,0.0
zsre-8606,0.75,1.0,0.0,5,5,5,0.0
zsre-8606,0.7,1.0,0.0,5,5,5,0.0
zsre-861,0.95,1.0,0.2,5,5,5,0.2
zsre-861,0.9,1.0,0.2,5,5,5,0.2
zsre-861,0.85,1.0,0.2,5,5,5,0.2
zsre-861,0.8,1.0,0.2,5,5,5,0.2
zsre-861,0.75,1.0,0.2,5,5,5,0.2
zsre-861,0.7,1.0,0.2,5,5,5,0.2
zsre-8617,0.95,0.0,0.0,5,5,5,1.0
zsre-8617,0.9,0.0,0.0,5,5,5,1.0
zsre-8617,0.85,0.0,0.0,5,5,5,1.0
zsre-8617,0.8,0.0,0.0,5,5,5,1.0
zsre-8617,0.75,1.0,0.0,5,5,5,0.0
zsre-8617,0.7,1.0,0.0,5,5,5,0.0
zsre-8629,0.95,1.0,0.0,7,7,7,0.0
zsre-8629,0.9,1.0,0.0,7,7,7,0.0
zsre-8629,0.85,1.0,0.0,7,7,7,0.0
zsre-8629,0.8,1.0,0.0,7,7,7,0.0
zsre-8629,0.75,1.0,0.0,7,7,7,0.0
zsre-8629,0.7,1.0,0.0,7,7,7,0.0
zsre-863,0.95,1.0,0.2,5,5,5,0.2
zsre-863,0.9,1.0,0.2,5,5,5,0.2
zsre-863,0.85,1.0,0.2,5,5,5,0.2
zsre-863,0.8,1.0,0.2,5,5,5,0.2
zsre-863,0.75,1.0,0.2,5,5,5,0.2
zsre-863,0.7,1.0,0.2,5,5,5,0.2
zsre-8633,0.95,1.0,0.0,5,5,5,0.0
zsre-8633,0.9,1.0,0.0,5,5,5,0.0
zsre-8633,0.85,1.0,0.0,5,5,5,0.0
zsre-8633,0.8,1.0,0.0,5,5,5,0.0
zsre-8633,0.75,1.0,0.0,5,5,5,0.0
zsre-8633,0.7,1.0,0.0,5,5,5,0.0
zsre-8643,0.95,0.0,0.0,5,5,5,1.0
zsre-8643,0.9,0.0,0.0,5,5,5,1.0
zsre-8643,0.85,1.0,0.0,5,5,5,0.0
zsre-8643,0.8,1.0,0.0,5,5,5,0.0
zsre-8643,0.75,1.0,0.0,5,5,5,0.0
zsre-8643,0.7,1.0,0.0,5,5,5,0.0
zsre-8654,0.95,0.0,0.0,5,5,5,1.0
zsre-8654,0.9,0.0,0.0,5,5,5,1.0
zsre-8654,0.85,0.0,0.0,5,5,5,1.0
zsre-8654,0.8,0.0,0.0,5,5,5,1.0
zsre-8654,0.75,1.0,0.0,5,5,5,0.0
zsre-8654,0.7,1.0,0.0,5,5,5,0.0
zsre-8658,0.95,0.0,0.0,5,5,5,1.0
zsre-8658,0.9,0.0,0.0,5,5,5,1.0
zsre-8658,0.85,0.0,0.0,5,5,5,1.0
zsre-8658,0.8,1.0,0.0,5,5,5,0.0
zsre-8658,0.75,1.0,0.0,5,5,5,0.0
zsre-8658,0.7,1.0,0.0,5,5,5,0.0
zsre-8663,0.95,1.0,0.0,5,5,5,0.0
zsre-8663,0.9,1.0,0.0,5,5,5,0.0
zsre-8663,0.85,1.0,0.0,5,5,5,0.0
zsre-8663,0.8,1.0,0.0,5,5,5,0.0
zsre-8663,0.75,1.0,0.0,5,5,5,0.0
zsre-8663,0.7,1.0,0.0,5,5,5,0.0
zsre-8671,0.95,0.0,0.0,15,15,15,1.0
zsre-8671,0.9,0.0,0.0,15,15,15,1.0
zsre-8671,0.85,0.0,0.0,15,15,15,1.0
zsre-8671,0.8,0.0,0.0,15,15,15,1.0
zsre-8671,0.75,0.0,0.0,15,15,15,1.0
zsre-8671,0.7,1.0,0.0,15,15,15,0.0
zsre-8696,0.95,0.0,0.0,18,18,18,1.0
zsre-8696,0.9,0.0,0.0,18,18,18,1.0
zsre-8696,0.85,1.0,0.0,18,18,18,0.0
zsre-8696,0.8,0.0,0.0,18,18,18,1.0
zsre-8696,0.75,1.0,0.0,18,18,18,0.0
zsre-8696,0.7,1.0,0.0,18,18,18,0.0
zsre-8697,0.95,0.0,0.0,15,15,15,1.0
zsre-8697,0.9,0.0,0.0,15,15,15,1.0
zsre-8697,0.85,1.0,0.0,15,15,15,0.0
zsre-8697,0.8,1.0,0.0,15,15,15,0.0
zsre-8697,0.75,1.0,0.0,15,15,15,0.0
zsre-8697,0.7,1.0,0.0,15,15,15,0.0
zsre-8698,0.95,0.0,0.0,15,15,15,1.0
zsre-8698,0.9,0.0,0.0,15,15,15,1.0
zsre-8698,0.85,0.0,0.0,15,15,15,1.0
zsre-8698,0.8,1.0,0.0,15,15,15,0.0
zsre-8698,0.75,1.0,0.06666666666666667,15,15,15,0.06666666666666667
zsre-8698,0.7,1.0,0.06666666666666667,15,15,15,0.06666666666666667
zsre-8699,0.95,0.0,0.0,16,16,16,1.0
zsre-8699,0.9,0.0,0.0,16,16,16,1.0
zsre-8699,0.85,0.0,0.0625,16,16,16,1.0625
zsre-8699,0.8,1.0,0.0625,16,16,16,0.0625
zsre-8699,0.75,1.0,0.0625,16,16,16,0.0625
zsre-8699,0.7,1.0,0.0625,16,16,16,0.0625
zsre-8711,0.95,1.0,0.0,5,5,5,0.0
zsre-8711,0.9,1.0,0.0,5,5,5,0.0
zsre-8711,0.85,1.0,0.0,5,5,5,0.0
zsre-8711,0.8,1.0,0.0,5,5,5,0.0
zsre-8711,0.75,1.0,0.0,5,5,5,0.0
zsre-8711,0.7,1.0,0.0,5,5,5,0.0
zsre-8720,0.95,1.0,0.0,5,5,5,0.0
zsre-8720,0.9,1.0,0.0,5,5,5,0.0
zsre-8720,0.85,1.0,0.0,5,5,5,0.0
zsre-8720,0.8,1.0,0.0,5,5,5,0.0
zsre-8720,0.75,1.0,0.0,5,5,5,0.0
zsre-8720,0.7,1.0,0.0,5,5,5,0.0
zsre-8726,0.95,0.0,0.0,19,19,19,1.0
zsre-8726,0.9,0.0,0.0,19,19,19,1.0
zsre-8726,0.85,0.0,0.0,19,19,19,1.0
zsre-8726,0.8,0.0,0.0,19,19,19,1.0
zsre-8726,0.75,1.0,0.10526315789473684,19,19,19,0.10526315789473684
zsre-8726,0.7,1.0,0.10526315789473684,19,19,19,0.10526315789473684
zsre-8727,0.95,0.0,0.0,20,20,20,1.0
zsre-8727,0.9,0.0,0.0,20,20,20,1.0
zsre-8727,0.85,1.0,0.1,20,20,20,0.1
zsre-8727,0.8,1.0,0.1,20,20,20,0.1
zsre-8727,0.75,1.0,0.1,20,20,20,0.1
zsre-8727,0.7,1.0,0.1,20,20,20,0.1
zsre-8728,0.95,0.0,0.0,20,20,20,1.0
zsre-8728,0.9,0.0,0.0,20,20,20,1.0
zsre-8728,0.85,0.0,0.0,20,20,20,1.0
zsre-8728,0.8,1.0,0.1,20,20,20,0.1
zsre-8728,0.75,1.0,0.1,20,20,20,0.1
zsre-8728,0.7,1.0,0.1,20,20,20,0.1
zsre-8737,0.95,1.0,0.0,5,5,5,0.0
zsre-8737,0.9,1.0,0.0,5,5,5,0.0
zsre-8737,0.85,1.0,0.0,5,5,5,0.0
zsre-8737,0.8,1.0,0.0,5,5,5,0.0
zsre-8737,0.75,1.0,0.0,5,5,5,0.0
zsre-8737,0.7,1.0,0.0,5,5,5,0.0
zsre-8758,0.95,1.0,0.0,20,20,20,0.0
zsre-8758,0.9,1.0,0.0,20,20,20,0.0
zsre-8758,0.85,1.0,0.0,20,20,20,0.0
zsre-8758,0.8,1.0,0.0,20,20,20,0.0
zsre-8758,0.75,1.0,0.0,20,20,20,0.0
zsre-8758,0.7,1.0,0.0,20,20,20,0.0
zsre-8759,0.95,1.0,0.0,14,14,14,0.0
zsre-8759,0.9,1.0,0.0,14,14,14,0.0
zsre-8759,0.85,1.0,0.0,14,14,14,0.0
zsre-8759,0.8,1.0,0.0,14,14,14,0.0
zsre-8759,0.75,1.0,0.0,14,14,14,0.0
zsre-8759,0.7,1.0,0.0,14,14,14,0.0
zsre-8760,0.95,0.0,0.0,5,5,5,1.0
zsre-8760,0.9,0.0,0.0,5,5,5,1.0
zsre-8760,0.85,0.0,0.0,5,5,5,1.0
zsre-8760,0.8,0.0,0.0,5,5,5,1.0
zsre-8760,0.75,0.0,0.0,5,5,5,1.0
zsre-8760,0.7,1.0,0.0,5,5,5,0.0
zsre-8773,0.95,1.0,0.0,5,5,5,0.0
zsre-8773,0.9,1.0,0.0,5,5,5,0.0
zsre-8773,0.85,1.0,0.0,5,5,5,0.0
zsre-8773,0.8,1.0,0.0,5,5,5,0.0
zsre-8773,0.75,1.0,0.0,5,5,5,0.0
zsre-8773,0.7,1.0,0.0,5,5,5,0.0
zsre-8777,0.95,1.0,0.0,5,5,5,0.0
zsre-8777,0.9,1.0,0.0,5,5,5,0.0
zsre-8777,0.85,1.0,0.0,5,5,5,0.0
zsre-8777,0.8,1.0,0.0,5,5,5,0.0
zsre-8777,0.75,1.0,0.0,5,5,5,0.0
zsre-8777,0.7,1.0,0.0,5,5,5,0.0
zsre-8785,0.95,1.0,0.0,9,9,9,0.0
zsre-8785,0.9,0.0,0.0,9,9,9,1.0
zsre-8785,0.85,1.0,0.0,9,9,9,0.0
zsre-8785,0.8,1.0,0.0,9,9,9,0.0
zsre-8785,0.75,1.0,0.0,9,9,9,0.0
zsre-8785,0.7,1.0,0.0,9,9,9,0.0
zsre-8808,0.95,1.0,0.3333333333333333,6,6,6,0.3333333333333333
zsre-8808,0.9,1.0,0.3333333333333333,6,6,6,0.3333333333333333
zsre-8808,0.85,1.0,0.3333333333333333,6,6,6,0.3333333333333333
zsre-8808,0.8,1.0,0.3333333333333333,6,6,6,0.3333333333333333
zsre-8808,0.75,1.0,0.3333333333333333,6,6,6,0.3333333333333333
zsre-8808,0.7,1.0,0.3333333333333333,6,6,6,0.3333333333333333
zsre-8812,0.95,1.0,0.4,5,5,5,0.4
zsre-8812,0.9,1.0,0.4,5,5,5,0.4
zsre-8812,0.85,1.0,0.4,5,5,5,0.4
zsre-8812,0.8,1.0,0.4,5,5,5,0.4
zsre-8812,0.75,1.0,0.4,5,5,5,0.4
zsre-8812,0.7,1.0,0.4,5,5,5,0.4
zsre-8813,0.95,1.0,0.3333333333333333,6,6,6,0.3333333333333333
zsre-8813,0.9,1.0,0.3333333333333333,6,6,6,0.3333333333333333
zsre-8813,0.85,1.0,0.3333333333333333,6,6,6,0.3333333333333333
zsre-8813,0.8,1.0,0.3333333333333333,6,6,6,0.3333333333333333
zsre-8813,0.75,1.0,0.3333333333333333,6,6,6,0.3333333333333333
zsre-8813,0.7,1.0,0.3333333333333333,6,6,6,0.3333333333333333
zsre-8824,0.95,0.0,0.0,5,5,5,1.0
zsre-8824,0.9,0.0,0.0,5,5,5,1.0
zsre-8824,0.85,0.0,0.0,5,5,5,1.0
zsre-8824,0.8,0.0,0.0,5,5,5,1.0
zsre-8824,0.75,1.0,0.0,5,5,5,0.0
zsre-8824,0.7,1.0,0.0,5,5,5,0.0
zsre-8832,0.95,1.0,0.0,5,5,5,0.0
zsre-8832,0.9,1.0,0.0,5,5,5,0.0
zsre-8832,0.85,1.0,0.0,5,5,5,0.0
zsre-8832,0.8,1.0,0.0,5,5,5,0.0
zsre-8832,0.75,1.0,0.0,5,5,5,0.0
zsre-8832,0.7,1.0,0.0,5,5,5,0.0
zsre-8851,0.95,1.0,0.0,8,8,8,0.0
zsre-8851,0.9,1.0,0.0,8,8,8,0.0
zsre-8851,0.85,1.0,0.0,8,8,8,0.0
zsre-8851,0.8,1.0,0.0,8,8,8,0.0
zsre-8851,0.75,1.0,0.0,8,8,8,0.0
zsre-8851,0.7,1.0,0.0,8,8,8,0.0
zsre-8862,0.95,0.0,0.0,6,6,6,1.0
zsre-8862,0.9,0.0,0.0,6,6,6,1.0
zsre-8862,0.85,0.0,0.0,6,6,6,1.0
zsre-8862,0.8,1.0,0.0,6,6,6,0.0
zsre-8862,0.75,1.0,0.0,6,6,6,0.0
zsre-8862,0.7,1.0,0.0,6,6,6,0.0
zsre-8868,0.95,1.0,0.0,6,6,6,0.0
zsre-8868,0.9,1.0,0.0,6,6,6,0.0
zsre-8868,0.85,1.0,0.0,6,6,6,0.0
zsre-8868,0.8,1.0,0.0,6,6,6,0.0
zsre-8868,0.75,1.0,0.0,6,6,6,0.0
zsre-8868,0.7,1.0,0.0,6,6,6,0.0
zsre-8884,0.95,0.0,0.0,14,14,14,1.0
zsre-8884,0.9,0.0,0.0,14,14,14,1.0
zsre-8884,0.85,0.0,0.0,14,14,14,1.0
zsre-8884,0.8,0.0,0.0,14,14,14,1.0
zsre-8884,0.75,0.0,0.0,14,14,14,1.0
zsre-8884,0.7,1.0,0.07142857142857142,14,14,14,0.07142857142857142
zsre-8885,0.95,0.0,0.0,14,14,14,1.0
zsre-8885,0.9,0.0,0.0,14,14,14,1.0
zsre-8885,0.85,0.0,0.0,14,14,14,1.0
zsre-8885,0.8,0.0,0.0,14,14,14,1.0
zsre-8885,0.75,0.0,0.0,14,14,14,1.0
zsre-8885,0.7,1.0,0.0,14,14,14,0.0
zsre-8891,0.95,0.0,0.0,8,8,8,1.0
zsre-8891,0.9,0.0,0.0,8,8,8,1.0
zsre-8891,0.85,0.0,0.0,8,8,8,1.0
zsre-8891,0.8,1.0,0.0,8,8,8,0.0
zsre-8891,0.75,0.0,0.0,8,8,8,1.0
zsre-8891,0.7,1.0,0.0,8,8,8,0.0
zsre-8894,0.95,0.0,0.0,5,5,5,1.0
zsre-8894,0.9,0.0,0.0,5,5,5,1.0
zsre-8894,0.85,0.0,0.0,5,5,5,1.0
zsre-8894,0.8,0.0,0.0,5,5,5,1.0
zsre-8894,0.75,0.0,0.0,5,5,5,1.0
zsre-8894,0.7,1.0,0.0,5,5,5,0.0
zsre-89,0.95,1.0,0.0,5,5,5,0.0
zsre-89,0.9,1.0,0.0,5,5,5,0.0
zsre-89,0.85,1.0,0.0,5,5,5,0.0
zsre-89,0.8,1.0,0.0,5,5,5,0.0
zsre-89,0.75,1.0,0.0,5,5,5,0.0
zsre-89,0.7,1.0,0.0,5,5,5,0.0
zsre-8909,0.95,0.0,0.0,5,5,5,1.0
zsre-8909,0.9,0.0,0.0,5,5,5,1.0
zsre-8909,0.85,0.0,0.0,5,5,5,1.0
zsre-8909,0.8,0.0,0.0,5,5,5,1.0
zsre-8909,0.75,1.0,0.0,5,5,5,0.0
zsre-8909,0.7,1.0,0.0,5,5,5,0.0
zsre-8914,0.95,1.0,0.0,9,9,9,0.0
zsre-8914,0.9,1.0,0.0,9,9,9,0.0
zsre-8914,0.85,0.0,0.0,9,9,9,1.0
zsre-8914,0.8,1.0,0.0,9,9,9,0.0
zsre-8914,0.75,1.0,0.0,9,9,9,0.0
zsre-8914,0.7,1.0,0.0,9,9,9,0.0
zsre-8916,0.95,0.0,0.0,5,5,5,1.0
zsre-8916,0.9,0.0,0.0,5,5,5,1.0
zsre-8916,0.85,0.0,0.0,5,5,5,1.0
zsre-8916,0.8,0.0,0.0,5,5,5,1.0
zsre-8916,0.75,0.0,0.0,5,5,5,1.0
zsre-8916,0.7,1.0,0.0,5,5,5,0.0
zsre-8924,0.95,0.0,0.0,8,8,8,1.0
zsre-8924,0.9,0.0,0.0,8,8,8,1.0
zsre-8924,0.85,0.0,0.0,8,8,8,1.0
zsre-8924,0.8,1.0,0.0,8,8,8,0.0
zsre-8924,0.75,1.0,0.0,8,8,8,0.0
zsre-8924,0.7,1.0,0.0,8,8,8,0.0
zsre-8939,0.95,1.0,0.0,5,5,5,0.0
zsre-8939,0.9,1.0,0.0,5,5,5,0.0
zsre-8939,0.85,1.0,0.0,5,5,5,0.0
zsre-8939,0.8,1.0,0.0,5,5,5,0.0
zsre-8939,0.75,1.0,0.0,5,5,5,0.0
zsre-8939,0.7,1.0,0.0,5,5,5,0.0
zsre-8948,0.95,0.0,0.0,5,5,5,1.0
zsre-8948,0.9,0.0,0.0,5,5,5,1.0
zsre-8948,0.85,0.0,0.0,5,5,5,1.0
zsre-8948,0.8,0.0,0.0,5,5,5,1.0
zsre-8948,0.75,0.0,0.0,5,5,5,1.0
zsre-8948,0.7,1.0,0.0,5,5,5,0.0
zsre-8957,0.95,1.0,0.0,5,5,5,0.0
zsre-8957,0.9,1.0,0.0,5,5,5,0.0
zsre-8957,0.85,1.0,0.0,5,5,5,0.0
zsre-8957,0.8,1.0,0.0,5,5,5,0.0
zsre-8957,0.75,1.0,0.0,5,5,5,0.0
zsre-8957,0.7,1.0,0.0,5,5,5,0.0
zsre-8964,0.95,1.0,0.0,5,5,5,0.0
zsre-8964,0.9,1.0,0.0,5,5,5,0.0
zsre-8964,0.85,1.0,0.0,5,5,5,0.0
zsre-8964,0.8,1.0,0.0,5,5,5,0.0
zsre-8964,0.75,1.0,0.0,5,5,5,0.0
zsre-8964,0.7,1.0,0.0,5,5,5,0.0
zsre-8973,0.95,0.0,0.0,5,5,5,1.0
zsre-8973,0.9,0.0,0.0,5,5,5,1.0
zsre-8973,0.85,0.0,0.0,5,5,5,1.0
zsre-8973,0.8,0.0,0.0,5,5,5,1.0
zsre-8973,0.75,1.0,0.0,5,5,5,0.0
zsre-8973,0.7,1.0,0.0,5,5,5,0.0
zsre-8999,0.95,0.0,0.0,5,5,5,1.0
zsre-8999,0.9,0.0,0.0,5,5,5,1.0
zsre-8999,0.85,0.0,0.0,5,5,5,1.0
zsre-8999,0.8,0.0,0.0,5,5,5,1.0
zsre-8999,0.75,1.0,0.0,5,5,5,0.0
zsre-8999,0.7,1.0,0.0,5,5,5,0.0
zsre-9,0.95,0.0,0.0,18,18,18,1.0
zsre-9,0.9,0.0,0.0,18,18,18,1.0
zsre-9,0.85,0.0,0.0,18,18,18,1.0
zsre-9,0.8,1.0,0.2777777777777778,18,18,18,0.2777777777777778
zsre-9,0.75,1.0,0.2777777777777778,18,18,18,0.2777777777777778
zsre-9,0.7,1.0,0.2777777777777778,18,18,18,0.2777777777777778
zsre-9024,0.95,0.0,0.0,16,16,16,1.0
zsre-9024,0.9,0.0,0.0,16,16,16,1.0
zsre-9024,0.85,0.0,0.0,16,16,16,1.0
zsre-9024,0.8,0.0,0.0,16,16,16,1.0
zsre-9024,0.75,1.0,0.0625,16,16,16,0.0625
zsre-9024,0.7,1.0,0.0625,16,16,16,0.0625
zsre-9025,0.95,0.0,0.0,12,12,12,1.0
zsre-9025,0.9,0.0,0.0,12,12,12,1.0
zsre-9025,0.85,0.0,0.0,12,12,12,1.0
zsre-9025,0.8,1.0,0.08333333333333333,12,12,12,0.08333333333333333
zsre-9025,0.75,1.0,0.08333333333333333,12,12,12,0.08333333333333333
zsre-9025,0.7,1.0,0.08333333333333333,12,12,12,0.08333333333333333
zsre-9028,0.95,1.0,0.0,5,5,5,0.0
zsre-9028,0.9,1.0,0.0,5,5,5,0.0
zsre-9028,0.85,1.0,0.0,5,5,5,0.0
zsre-9028,0.8,1.0,0.0,5,5,5,0.0
zsre-9028,0.75,1.0,0.0,5,5,5,0.0
zsre-9028,0.7,1.0,0.0,5,5,5,0.0
zsre-9048,0.95,1.0,0.0,9,9,9,0.0
zsre-9048,0.9,1.0,0.0,9,9,9,0.0
zsre-9048,0.85,1.0,0.0,9,9,9,0.0
zsre-9048,0.8,1.0,0.0,9,9,9,0.0
zsre-9048,0.75,1.0,0.0,9,9,9,0.0
zsre-9048,0.7,1.0,0.0,9,9,9,0.0
zsre-9055,0.95,0.0,0.0,5,5,5,1.0
zsre-9055,0.9,0.0,0.0,5,5,5,1.0
zsre-9055,0.85,0.0,0.0,5,5,5,1.0
zsre-9055,0.8,1.0,0.2,5,5,5,0.2
zsre-9055,0.75,1.0,0.2,5,5,5,0.2
zsre-9055,0.7,1.0,0.2,5,5,5,0.2
zsre-9056,0.95,0.0,0.0,5,5,5,1.0
zsre-9056,0.9,0.0,0.0,5,5,5,1.0
zsre-9056,0.85,0.0,0.0,5,5,5,1.0
zsre-9056,0.8,0.0,0.0,5,5,5,1.0
zsre-9056,0.75,1.0,0.2,5,5,5,0.2
zsre-9056,0.7,1.0,0.2,5,5,5,0.2
zsre-9072,0.95,1.0,0.2,5,5,5,0.2
zsre-9072,0.9,1.0,0.2,5,5,5,0.2
zsre-9072,0.85,1.0,0.2,5,5,5,0.2
zsre-9072,0.8,1.0,0.2,5,5,5,0.2
zsre-9072,0.75,1.0,0.2,5,5,5,0.2
zsre-9072,0.7,1.0,0.2,5,5,5,0.2
zsre-9073,0.95,1.0,0.2,5,5,5,0.2
zsre-9073,0.9,1.0,0.2,5,5,5,0.2
zsre-9073,0.85,1.0,0.2,5,5,5,0.2
zsre-9073,0.8,1.0,0.2,5,5,5,0.2
zsre-9073,0.75,1.0,0.2,5,5,5,0.2
zsre-9073,0.7,0.0,0.2,5,5,5,1.2
zsre-9076,0.95,1.0,0.0,5,5,5,0.0
zsre-9076,0.9,1.0,0.0,5,5,5,0.0
zsre-9076,0.85,1.0,0.0,5,5,5,0.0
zsre-9076,0.8,1.0,0.0,5,5,5,0.0
zsre-9076,0.75,1.0,0.0,5,5,5,0.0
zsre-9076,0.7,1.0,0.0,5,5,5,0.0
zsre-9077,0.95,1.0,0.0,5,5,5,0.0
zsre-9077,0.9,1.0,0.0,5,5,5,0.0
zsre-9077,0.85,1.0,0.0,5,5,5,0.0
zsre-9077,0.8,1.0,0.0,5,5,5,0.0
zsre-9077,0.75,1.0,0.0,5,5,5,0.0
zsre-9077,0.7,1.0,0.0,5,5,5,0.0
zsre-9080,0.95,1.0,0.0,5,5,5,0.0
zsre-9080,0.9,1.0,0.0,5,5,5,0.0
zsre-9080,0.85,1.0,0.0,5,5,5,0.0
zsre-9080,0.8,1.0,0.0,5,5,5,0.0
zsre-9080,0.75,1.0,0.0,5,5,5,0.0
zsre-9080,0.7,1.0,0.0,5,5,5,0.0
zsre-9090,0.95,0.0,0.0,5,5,5,1.0
zsre-9090,0.9,0.0,0.0,5,5,5,1.0
zsre-9090,0.85,0.0,0.0,5,5,5,1.0
zsre-9090,0.8,0.0,0.0,5,5,5,1.0
zsre-9090,0.75,1.0,0.0,5,5,5,0.0
zsre-9090,0.7,1.0,0.0,5,5,5,0.0
zsre-91,0.95,1.0,0.0,5,5,5,0.0
zsre-91,0.9,1.0,0.0,5,5,5,0.0
zsre-91,0.85,0.0,0.0,5,5,5,1.0
zsre-91,0.8,1.0,0.0,5,5,5,0.0
zsre-91,0.75,1.0,0.0,5,5,5,0.0
zsre-91,0.7,1.0,0.0,5,5,5,0.0
zsre-9111,0.95,0.0,0.0,5,5,5,1.0
zsre-9111,0.9,0.0,0.0,5,5,5,1.0
zsre-9111,0.85,0.0,0.0,5,5,5,1.0
zsre-9111,0.8,0.0,0.0,5,5,5,1.0
zsre-9111,0.75,0.0,0.0,5,5,5,1.0
zsre-9111,0.7,1.0,0.0,5,5,5,0.0
zsre-9114,0.95,1.0,0.4,5,5,5,0.4
zsre-9114,0.9,1.0,0.4,5,5,5,0.4
zsre-9114,0.85,1.0,0.4,5,5,5,0.4
zsre-9114,0.8,1.0,0.4,5,5,5,0.4
zsre-9114,0.75,1.0,0.4,5,5,5,0.4
zsre-9114,0.7,1.0,0.4,5,5,5,0.4
zsre-9115,0.95,1.0,0.4,5,5,5,0.4
zsre-9115,0.9,1.0,0.4,5,5,5,0.4
zsre-9115,0.85,1.0,0.4,5,5,5,0.4
zsre-9115,0.8,1.0,0.4,5,5,5,0.4
zsre-9115,0.75,1.0,0.4,5,5,5,0.4
zsre-9115,0.7,1.0,0.4,5,5,5,0.4
zsre-9116,0.95,1.0,0.4,5,5,5,0.4
zsre-9116,0.9,1.0,0.4,5,5,5,0.4
zsre-9116,0.85,1.0,0.4,5,5,5,0.4
zsre-9116,0.8,1.0,0.4,5,5,5,0.4
zsre-9116,0.75,1.0,0.4,5,5,5,0.4
zsre-9116,0.7,1.0,0.4,5,5,5,0.4
zsre-9120,0.95,0.0,0.0,20,20,20,1.0
zsre-9120,0.9,0.0,0.0,20,20,20,1.0
zsre-9120,0.85,0.0,0.0,20,20,20,1.0
zsre-9120,0.8,0.0,0.05,20,20,20,1.05
zsre-9120,0.75,0.0,0.05,20,20,20,1.05
zsre-9120,0.7,1.0,0.05,20,20,20,0.05
zsre-9121,0.95,0.0,0.0,20,20,20,1.0
zsre-9121,0.9,0.0,0.0,20,20,20,1.0
zsre-9121,0.85,0.0,0.0,20,20,20,1.0
zsre-9121,0.8,0.0,0.0,20,20,20,1.0
zsre-9121,0.75,0.0,0.0,20,20,20,1.0
zsre-9121,0.7,1.0,0.0,20,20,20,0.0
zsre-9134,0.95,1.0,0.4,5,5,5,0.4
zsre-9134,0.9,1.0,0.4,5,5,5,0.4
zsre-9134,0.85,1.0,0.4,5,5,5,0.4
zsre-9134,0.8,1.0,0.4,5,5,5,0.4
zsre-9134,0.75,1.0,0.4,5,5,5,0.4
zsre-9134,0.7,1.0,0.4,5,5,5,0.4
zsre-9135,0.95,1.0,0.4,5,5,5,0.4
zsre-9135,0.9,1.0,0.4,5,5,5,0.4
zsre-9135,0.85,1.0,0.4,5,5,5,0.4
zsre-9135,0.8,1.0,0.4,5,5,5,0.4
zsre-9135,0.75,1.0,0.4,5,5,5,0.4
zsre-9135,0.7,1.0,0.4,5,5,5,0.4
zsre-9136,0.95,1.0,0.4,5,5,5,0.4
zsre-9136,0.9,1.0,0.4,5,5,5,0.4
zsre-9136,0.85,1.0,0.4,5,5,5,0.4
zsre-9136,0.8,1.0,0.4,5,5,5,0.4
zsre-9136,0.75,1.0,0.4,5,5,5,0.4
zsre-9136,0.7,1.0,0.4,5,5,5,0.4
zsre-9142,0.95,1.0,0.0,16,16,16,0.0
zsre-9142,0.9,1.0,0.0,16,16,16,0.0
zsre-9142,0.85,1.0,0.0,16,16,16,0.0
zsre-9142,0.8,1.0,0.0,16,16,16,0.0
zsre-9142,0.75,1.0,0.0,16,16,16,0.0
zsre-9142,0.7,1.0,0.0,16,16,16,0.0
zsre-9147,0.95,1.0,0.0,5,5,5,0.0
zsre-9147,0.9,1.0,0.0,5,5,5,0.0
zsre-9147,0.85,1.0,0.0,5,5,5,0.0
zsre-9147,0.8,1.0,0.0,5,5,5,0.0
zsre-9147,0.75,1.0,0.0,5,5,5,0.0
zsre-9147,0.7,1.0,0.0,5,5,5,0.0
zsre-9152,0.95,0.0,0.0,5,5,5,1.0
zsre-9152,0.9,0.0,0.0,5,5,5,1.0
zsre-9152,0.85,0.0,0.0,5,5,5,1.0
zsre-9152,0.8,0.0,0.0,5,5,5,1.0
zsre-9152,0.75,0.0,0.0,5,5,5,1.0
zsre-9152,0.7,1.0,0.0,5,5,5,0.0
zsre-9159,0.95,1.0,0.0,5,5,5,0.0
zsre-9159,0.9,1.0,0.0,5,5,5,0.0
zsre-9159,0.85,1.0,0.0,5,5,5,0.0
zsre-9159,0.8,1.0,0.0,5,5,5,0.0
zsre-9159,0.75,0.0,0.0,5,5,5,1.0
zsre-9159,0.7,1.0,0.0,5,5,5,0.0
zsre-9167,0.95,0.0,0.0,5,5,5,1.0
zsre-9167,0.9,0.0,0.0,5,5,5,1.0
zsre-9167,0.85,1.0,0.2,5,5,5,0.2
zsre-9167,0.8,1.0,0.2,5,5,5,0.2
zsre-9167,0.75,1.0,0.2,5,5,5,0.2
zsre-9167,0.7,0.0,0.0,5,5,5,1.0
zsre-9168,0.95,0.0,0.0,5,5,5,1.0
zsre-9168,0.9,0.0,0.0,5,5,5,1.0
zsre-9168,0.85,0.0,0.0,5,5,5,1.0
zsre-9168,0.8,1.0,0.2,5,5,5,0.2
zsre-9168,0.75,1.0,0.2,5,5,5,0.2
zsre-9168,0.7,0.0,0.2,5,5,5,1.2
zsre-9171,0.95,0.0,0.0,20,20,20,1.0
zsre-9171,0.9,0.0,0.0,20,20,20,1.0
zsre-9171,0.85,0.0,0.0,20,20,20,1.0
zsre-9171,0.8,0.0,0.0,20,20,20,1.0
zsre-9171,0.75,1.0,0.05,20,20,20,0.05
zsre-9171,0.7,1.0,0.15,20,20,20,0.15
zsre-9172,0.95,0.0,0.0,20,20,20,1.0
zsre-9172,0.9,0.0,0.0,20,20,20,1.0
zsre-9172,0.85,0.0,0.0,20,20,20,1.0
zsre-9172,0.8,0.0,0.0,20,20,20,1.0
zsre-9172,0.75,0.0,0.0,20,20,20,1.0
zsre-9172,0.7,1.0,0.1,20,20,20,0.1
zsre-9173,0.95,0.0,0.0,20,20,20,1.0
zsre-9173,0.9,0.0,0.0,20,20,20,1.0
zsre-9173,0.85,0.0,0.0,20,20,20,1.0
zsre-9173,0.8,0.0,0.0,20,20,20,1.0
zsre-9173,0.75,1.0,0.15,20,20,20,0.15
zsre-9173,0.7,1.0,0.15,20,20,20,0.15
zsre-9174,0.95,0.0,0.0,20,20,20,1.0
zsre-9174,0.9,0.0,0.0,20,20,20,1.0
zsre-9174,0.85,0.0,0.0,20,20,20,1.0
zsre-9174,0.8,0.0,0.0,20,20,20,1.0
zsre-9174,0.75,1.0,0.15,20,20,20,0.15
zsre-9174,0.7,1.0,0.15,20,20,20,0.15
zsre-9194,0.95,0.0,0.0,18,18,18,1.0
zsre-9194,0.9,0.0,0.0,18,18,18,1.0
zsre-9194,0.85,0.0,0.0,18,18,18,1.0
zsre-9194,0.8,0.0,0.0,18,18,18,1.0
zsre-9194,0.75,1.0,0.0,18,18,18,0.0
zsre-9194,0.7,1.0,0.0,18,18,18,0.0
zsre-921,0.95,0.0,0.0,20,20,20,1.0
zsre-921,0.9,0.0,0.0,20,20,20,1.0
zsre-921,0.85,1.0,0.0,20,20,20,0.0
zsre-921,0.8,1.0,0.0,20,20,20,0.0
zsre-921,0.75,1.0,0.0,20,20,20,0.0
zsre-921,0.7,1.0,0.0,20,20,20,0.0
zsre-9232,0.95,1.0,0.0,5,5,5,0.0
zsre-9232,0.9,1.0,0.0,5,5,5,0.0
zsre-9232,0.85,1.0,0.0,5,5,5,0.0
zsre-9232,0.8,1.0,0.0,5,5,5,0.0
zsre-9232,0.75,1.0,0.0,5,5,5,0.0
zsre-9232,0.7,1.0,0.0,5,5,5,0.0
zsre-9280,0.95,0.0,0.0,5,5,5,1.0
zsre-9280,0.9,0.0,0.0,5,5,5,1.0
zsre-9280,0.85,0.0,0.0,5,5,5,1.0
zsre-9280,0.8,0.0,0.0,5,5,5,1.0
zsre-9280,0.75,1.0,0.0,5,5,5,0.0
zsre-9280,0.7,1.0,0.0,5,5,5,0.0
zsre-9286,0.95,0.0,0.0,20,20,20,1.0
zsre-9286,0.9,0.0,0.0,20,20,20,1.0
zsre-9286,0.85,0.0,0.0,20,20,20,1.0
zsre-9286,0.8,1.0,0.15,20,20,20,0.15
zsre-9286,0.75,1.0,0.15,20,20,20,0.15
zsre-9286,0.7,1.0,0.15,20,20,20,0.15
zsre-9289,0.95,0.0,0.0,15,15,15,1.0
zsre-9289,0.9,0.0,0.0,15,15,15,1.0
zsre-9289,0.85,1.0,0.26666666666666666,15,15,15,0.26666666666666666
zsre-9289,0.8,1.0,0.26666666666666666,15,15,15,0.26666666666666666
zsre-9289,0.75,1.0,0.26666666666666666,15,15,15,0.26666666666666666
zsre-9289,0.7,1.0,0.26666666666666666,15,15,15,0.26666666666666666
zsre-9290,0.95,0.0,0.0,15,15,15,1.0
zsre-9290,0.9,0.0,0.0,15,15,15,1.0
zsre-9290,0.85,1.0,0.26666666666666666,15,15,15,0.26666666666666666
zsre-9290,0.8,1.0,0.26666666666666666,15,15,15,0.26666666666666666
zsre-9290,0.75,1.0,0.26666666666666666,15,15,15,0.26666666666666666
zsre-9290,0.7,1.0,0.26666666666666666,15,15,15,0.26666666666666666
zsre-9293,0.95,0.0,0.0,12,12,12,1.0
zsre-9293,0.9,0.0,0.0,12,12,12,1.0
zsre-9293,0.85,0.0,0.0,12,12,12,1.0
zsre-9293,0.8,0.0,0.0,12,12,12,1.0
zsre-9293,0.75,1.0,0.3333333333333333,12,12,12,0.3333333333333333
zsre-9293,0.7,1.0,0.3333333333333333,12,12,12,0.3333333333333333
zsre-9296,0.95,0.0,0.0,13,13,13,1.0
zsre-9296,0.9,0.0,0.0,13,13,13,1.0
zsre-9296,0.85,1.0,0.07692307692307693,13,13,13,0.07692307692307693
zsre-9296,0.8,0.0,0.07692307692307693,13,13,13,1.0769230769230769
zsre-9296,0.75,1.0,0.3076923076923077,13,13,13,0.3076923076923077
zsre-9296,0.7,1.0,0.3076923076923077,13,13,13,0.3076923076923077
zsre-9299,0.95,0.0,0.0,12,12,12,1.0
zsre-9299,0.9,0.0,0.16666666666666666,12,12,12,1.1666666666666667
zsre-9299,0.85,1.0,0.3333333333333333,12,12,12,0.3333333333333333
zsre-9299,0.8,1.0,0.3333333333333333,12,12,12,0.3333333333333333
zsre-9299,0.75,1.0,0.3333333333333333,12,12,12,0.3333333333333333
zsre-9299,0.7,1.0,0.3333333333333333,12,12,12,0.3333333333333333
zsre-9302,0.95,0.0,0.0,20,20,20,1.0
zsre-9302,0.9,0.0,0.0,20,20,20,1.0
zsre-9302,0.85,0.0,0.0,20,20,20,1.0
zsre-9302,0.8,0.0,0.0,20,20,20,1.0
zsre-9302,0.75,0.0,0.05,20,20,20,1.05
zsre-9302,0.7,1.0,0.15,20,20,20,0.15
zsre-9304,0.95,0.0,0.0,20,20,20,1.0
zsre-9304,0.9,0.0,0.0,20,20,20,1.0
zsre-9304,0.85,0.0,0.0,20,20,20,1.0
zsre-9304,0.8,0.0,0.0,20,20,20,1.0
zsre-9304,0.75,0.0,0.05,20,20,20,1.05
zsre-9304,0.7,1.0,0.4,20,20,20,0.4
zsre-9305,0.95,0.0,0.05,20,20,20,1.05
zsre-9305,0.9,0.0,0.05,20,20,20,1.05
zsre-9305,0.85,0.0,0.05,20,20,20,1.05
zsre-9305,0.8,1.0,0.15,20,20,20,0.15
zsre-9305,0.75,1.0,0.15,20,20,20,0.15
zsre-9305,0.7,1.0,0.15,20,20,20,0.15
zsre-9306,0.95,0.0,0.0,20,20,20,1.0
zsre-9306,0.9,0.0,0.0,20,20,20,1.0
zsre-9306,0.85,0.0,0.0,20,20,20,1.0
zsre-9306,0.8,0.0,0.0,20,20,20,1.0
zsre-9306,0.75,0.0,0.15,20,20,20,1.15
zsre-9306,0.7,1.0,0.25,20,20,20,0.25
zsre-9307,0.95,1.0,0.0,20,20,20,0.0
zsre-9307,0.9,1.0,0.0,20,20,20,0.0
zsre-9307,0.85,1.0,0.15,20,20,20,0.15
zsre-9307,0.8,0.0,0.0,20,20,20,1.0
zsre-9307,0.75,1.0,0.15,20,20,20,0.15
zsre-9307,0.7,1.0,0.15,20,20,20,0.15
zsre-9309,0.95,0.0,0.0,20,20,20,1.0
zsre-9309,0.9,0.0,0.0,20,20,20,1.0
zsre-9309,0.85,0.0,0.0,20,20,20,1.0
zsre-9309,0.8,0.0,0.2,20,20,20,1.2
zsre-9309,0.75,0.0,0.15,20,20,20,1.15
zsre-9309,0.7,1.0,0.4,20,20,20,0.4
zsre-9310,0.95,0.0,0.05,20,20,20,1.05
zsre-9310,0.9,0.0,0.05,20,20,20,1.05
zsre-9310,0.85,0.0,0.05,20,20,20,1.05
zsre-9310,0.8,1.0,0.15,20,20,20,0.15
zsre-9310,0.75,1.0,0.15,20,20,20,0.15
zsre-9310,0.7,1.0,0.15,20,20,20,0.15
zsre-9311,0.95,0.0,0.0,20,20,20,1.0
zsre-9311,0.9,0.0,0.0,20,20,20,1.0
zsre-9311,0.85,0.0,0.0,20,20,20,1.0
zsre-9311,0.8,0.0,0.0,20,20,20,1.0
zsre-9311,0.75,0.0,0.0,20,20,20,1.0
zsre-9311,0.7,1.0,0.05,20,20,20,0.05
zsre-9312,0.95,0.0,0.05,20,20,20,1.05
zsre-9312,0.9,0.0,0.05,20,20,20,1.05
zsre-9312,0.85,0.0,0.05,20,20,20,1.05
zsre-9312,0.8,0.0,0.0,20,20,20,1.0
zsre-9312,0.75,1.0,0.15,20,20,20,0.15
zsre-9312,0.7,1.0,0.15,20,20,20,0.15
zsre-9313,0.95,0.0,0.0,20,20,20,1.0
zsre-9313,0.9,0.0,0.0,20,20,20,1.0
zsre-9313,0.85,1.0,0.0,20,20,20,0.0
zsre-9313,0.8,1.0,0.2,20,20,20,0.2
zsre-9313,0.75,0.0,0.5,20,20,20,1.5
zsre-9313,0.7,1.0,0.5,20,20,20,0.5
zsre-9335,0.95,0.0,0.0,5,5,5,1.0
zsre-9335,0.9,0.0,0.0,5,5,5,1.0
zsre-9335,0.85,0.0,0.0,5,5,5,1.0
zsre-9335,0.8,0.0,0.0,5,5,5,1.0
zsre-9335,0.75,1.0,0.0,5,5,5,0.0
zsre-9335,0.7,1.0,0.0,5,5,5,0.0
zsre-9345,0.95,0.0,0.0,5,5,5,1.0
zsre-9345,0.9,0.0,0.0,5,5,5,1.0
zsre-9345,0.85,0.0,0.0,5,5,5,1.0
zsre-9345,0.8,0.0,0.0,5,5,5,1.0
zsre-9345,0.75,1.0,0.0,5,5,5,0.0
zsre-9345,0.7,1.0,0.0,5,5,5,0.0
zsre-9379,0.95,0.0,0.0,5,5,5,1.0
zsre-9379,0.9,0.0,0.0,5,5,5,1.0
zsre-9379,0.85,0.0,0.0,5,5,5,1.0
zsre-9379,0.8,0.0,0.0,5,5,5,1.0
zsre-9379,0.75,1.0,0.0,5,5,5,0.0
zsre-9379,0.7,1.0,0.0,5,5,5,0.0
zsre-9380,0.95,0.0,0.0,5,5,5,1.0
zsre-9380,0.9,0.0,0.0,5,5,5,1.0
zsre-9380,0.85,0.0,0.0,5,5,5,1.0
zsre-9380,0.8,0.0,0.0,5,5,5,1.0
zsre-9380,0.75,0.0,0.2,5,5,5,1.2
zsre-9380,0.7,1.0,0.2,5,5,5,0.2
zsre-9385,0.95,1.0,0.2,5,5,5,0.2
zsre-9385,0.9,1.0,0.2,5,5,5,0.2
zsre-9385,0.85,1.0,0.2,5,5,5,0.2
zsre-9385,0.8,1.0,0.2,5,5,5,0.2
zsre-9385,0.75,1.0,0.2,5,5,5,0.2
zsre-9385,0.7,1.0,0.2,5,5,5,0.2
zsre-9386,0.95,1.0,0.2,5,5,5,0.2
zsre-9386,0.9,1.0,0.2,5,5,5,0.2
zsre-9386,0.85,1.0,0.2,5,5,5,0.2
zsre-9386,0.8,1.0,0.2,5,5,5,0.2
zsre-9386,0.75,1.0,0.2,5,5,5,0.2
zsre-9386,0.7,1.0,0.2,5,5,5,0.2
zsre-9390,0.95,0.0,0.0,11,11,11,1.0
zsre-9390,0.9,0.0,0.0,11,11,11,1.0
zsre-9390,0.85,0.0,0.0,11,11,11,1.0
zsre-9390,0.8,1.0,0.18181818181818182,11,11,11,0.18181818181818182
zsre-9390,0.75,1.0,0.18181818181818182,11,11,11,0.18181818181818182
zsre-9390,0.7,1.0,0.18181818181818182,11,11,11,0.18181818181818182
zsre-9391,0.95,0.0,0.0,11,11,11,1.0
zsre-9391,0.9,0.0,0.0,11,11,11,1.0
zsre-9391,0.85,0.0,0.0,11,11,11,1.0
zsre-9391,0.8,0.0,0.0,11,11,11,1.0
zsre-9391,0.75,0.0,0.0,11,11,11,1.0
zsre-9391,0.7,1.0,0.2727272727272727,11,11,11,0.2727272727272727
zsre-9392,0.95,0.0,0.0,5,5,5,1.0
zsre-9392,0.9,0.0,0.0,5,5,5,1.0
zsre-9392,0.85,0.0,0.0,5,5,5,1.0
zsre-9392,0.8,1.0,0.4,5,5,5,0.4
zsre-9392,0.75,1.0,0.4,5,5,5,0.4
zsre-9392,0.7,1.0,0.6,5,5,5,0.6
zsre-9394,0.95,0.0,0.0,5,5,5,1.0
zsre-9394,0.9,0.0,0.0,5,5,5,1.0
zsre-9394,0.85,0.0,0.0,5,5,5,1.0
zsre-9394,0.8,0.0,0.0,5,5,5,1.0
zsre-9394,0.75,1.0,0.6,5,5,5,0.6
zsre-9394,0.7,1.0,0.6,5,5,5,0.6
zsre-9400,0.95,1.0,0.0,5,5,5,0.0
zsre-9400,0.9,1.0,0.0,5,5,5,0.0
zsre-9400,0.85,1.0,0.0,5,5,5,0.0
zsre-9400,0.8,1.0,0.0,5,5,5,0.0
zsre-9400,0.75,1.0,0.0,5,5,5,0.0
zsre-9400,0.7,1.0,0.0,5,5,5,0.0
zsre-9407,0.95,0.0,0.0,20,20,20,1.0
zsre-9407,0.9,0.0,0.0,20,20,20,1.0
zsre-9407,0.85,0.0,0.0,20,20,20,1.0
zsre-9407,0.8,0.0,0.0,20,20,20,1.0
zsre-9407,0.75,0.0,0.0,20,20,20,1.0
zsre-9407,0.7,1.0,0.0,20,20,20,0.0
zsre-9410,0.95,1.0,0.25,8,8,8,0.25
zsre-9410,0.9,1.0,0.25,8,8,8,0.25
zsre-9410,0.85,1.0,0.25,8,8,8,0.25
zsre-9410,0.8,1.0,0.25,8,8,8,0.25
zsre-9410,0.75,1.0,0.25,8,8,8,0.25
zsre-9410,0.7,1.0,0.25,8,8,8,0.25
zsre-9411,0.95,1.0,0.4,5,5,5,0.4
zsre-9411,0.9,1.0,0.4,5,5,5,0.4
zsre-9411,0.85,1.0,0.4,5,5,5,0.4
zsre-9411,0.8,1.0,0.4,5,5,5,0.4
zsre-9411,0.75,1.0,0.4,5,5,5,0.4
zsre-9411,0.7,1.0,0.4,5,5,5,0.4
zsre-9412,0.95,1.0,0.10526315789473684,19,19,19,0.10526315789473684
zsre-9412,0.9,1.0,0.10526315789473684,19,19,19,0.10526315789473684
zsre-9412,0.85,1.0,0.10526315789473684,19,19,19,0.10526315789473684
zsre-9412,0.8,1.0,0.10526315789473684,19,19,19,0.10526315789473684
zsre-9412,0.75,1.0,0.10526315789473684,19,19,19,0.10526315789473684
zsre-9412,0.7,1.0,0.10526315789473684,19,19,19,0.10526315789473684
zsre-9453,0.95,0.0,0.0,5,5,5,1.0
zsre-9453,0.9,0.0,0.0,5,5,5,1.0
zsre-9453,0.85,0.0,0.0,5,5,5,1.0
zsre-9453,0.8,1.0,0.0,5,5,5,0.0
zsre-9453,0.75,1.0,0.0,5,5,5,0.0
zsre-9453,0.7,1.0,0.0,5,5,5,0.0
zsre-9458,0.95,1.0,0.0,5,5,5,0.0
zsre-9458,0.9,1.0,0.0,5,5,5,0.0
zsre-9458,0.85,1.0,0.0,5,5,5,0.0
zsre-9458,0.8,1.0,0.0,5,5,5,0.0
zsre-9458,0.75,1.0,0.0,5,5,5,0.0
zsre-9458,0.7,1.0,0.0,5,5,5,0.0
zsre-9466,0.95,1.0,0.2,5,5,5,0.2
zsre-9466,0.9,1.0,0.2,5,5,5,0.2
zsre-9466,0.85,1.0,0.2,5,5,5,0.2
zsre-9466,0.8,1.0,0.2,5,5,5,0.2
zsre-9466,0.75,1.0,0.2,5,5,5,0.2
zsre-9466,0.7,1.0,0.2,5,5,5,0.2
zsre-9467,0.95,1.0,0.2,5,5,5,0.2
zsre-9467,0.9,1.0,0.2,5,5,5,0.2
zsre-9467,0.85,1.0,0.2,5,5,5,0.2
zsre-9467,0.8,1.0,0.2,5,5,5,0.2
zsre-9467,0.75,1.0,0.2,5,5,5,0.2
zsre-9467,0.7,1.0,0.2,5,5,5,0.2
zsre-9470,0.95,0.0,0.0,10,10,10,1.0
zsre-9470,0.9,0.0,0.0,10,10,10,1.0
zsre-9470,0.85,0.0,0.0,10,10,10,1.0
zsre-9470,0.8,0.0,0.0,10,10,10,1.0
zsre-9470,0.75,0.0,0.0,10,10,10,1.0
zsre-9470,0.7,1.0,0.0,10,10,10,0.0
zsre-9474,0.95,0.0,0.0,7,7,7,1.0
zsre-9474,0.9,0.0,0.0,7,7,7,1.0
zsre-9474,0.85,0.0,0.0,7,7,7,1.0
zsre-9474,0.8,1.0,0.0,7,7,7,0.0
zsre-9474,0.75,1.0,0.0,7,7,7,0.0
zsre-9474,0.7,1.0,0.0,7,7,7,0.0
zsre-9476,0.95,1.0,0.0,5,5,5,0.0
zsre-9476,0.9,1.0,0.0,5,5,5,0.0
zsre-9476,0.85,1.0,0.0,5,5,5,0.0
zsre-9476,0.8,1.0,0.0,5,5,5,0.0
zsre-9476,0.75,1.0,0.0,5,5,5,0.0
zsre-9476,0.7,1.0,0.0,5,5,5,0.0
zsre-9477,0.95,0.0,0.0,5,5,5,1.0
zsre-9477,0.9,0.0,0.0,5,5,5,1.0
zsre-9477,0.85,0.0,0.0,5,5,5,1.0
zsre-9477,0.8,0.0,0.0,5,5,5,1.0
zsre-9477,0.75,1.0,0.0,5,5,5,0.0
zsre-9477,0.7,1.0,0.0,5,5,5,0.0
zsre-9483,0.95,1.0,0.0,5,5,5,0.0
zsre-9483,0.9,1.0,0.0,5,5,5,0.0
zsre-9483,0.85,1.0,0.0,5,5,5,0.0
zsre-9483,0.8,1.0,0.0,5,5,5,0.0
zsre-9483,0.75,1.0,0.0,5,5,5,0.0
zsre-9483,0.7,1.0,0.0,5,5,5,0.0
zsre-9484,0.95,1.0,0.0,5,5,5,0.0
zsre-9484,0.9,1.0,0.0,5,5,5,0.0
zsre-9484,0.85,1.0,0.0,5,5,5,0.0
zsre-9484,0.8,1.0,0.0,5,5,5,0.0
zsre-9484,0.75,1.0,0.0,5,5,5,0.0
zsre-9484,0.7,1.0,0.0,5,5,5,0.0
zsre-9494,0.95,0.0,0.0,5,5,5,1.0
zsre-9494,0.9,0.0,0.0,5,5,5,1.0
zsre-9494,0.85,0.0,0.0,5,5,5,1.0
zsre-9494,0.8,0.0,0.0,5,5,5,1.0
zsre-9494,0.75,0.0,0.0,5,5,5,1.0
zsre-9494,0.7,1.0,0.0,5,5,5,0.0
zsre-9498,0.95,1.0,0.0,5,5,5,0.0
zsre-9498,0.9,1.0,0.0,5,5,5,0.0
zsre-9498,0.85,1.0,0.0,5,5,5,0.0
zsre-9498,0.8,1.0,0.0,5,5,5,0.0
zsre-9498,0.75,1.0,0.0,5,5,5,0.0
zsre-9498,0.7,1.0,0.0,5,5,5,0.0
zsre-9504,0.95,1.0,0.0,5,5,5,0.0
zsre-9504,0.9,1.0,0.0,5,5,5,0.0
zsre-9504,0.85,1.0,0.0,5,5,5,0.0
zsre-9504,0.8,1.0,0.0,5,5,5,0.0
zsre-9504,0.75,1.0,0.0,5,5,5,0.0
zsre-9504,0.7,1.0,0.0,5,5,5,0.0
zsre-9522,0.95,1.0,0.0,5,5,5,0.0
zsre-9522,0.9,1.0,0.0,5,5,5,0.0
zsre-9522,0.85,1.0,0.0,5,5,5,0.0
zsre-9522,0.8,1.0,0.0,5,5,5,0.0
zsre-9522,0.75,1.0,0.0,5,5,5,0.0
zsre-9522,0.7,1.0,0.0,5,5,5,0.0
zsre-957,0.95,0.0,0.0,5,5,5,1.0
zsre-957,0.9,0.0,0.0,5,5,5,1.0
zsre-957,0.85,0.0,0.0,5,5,5,1.0
zsre-957,0.8,0.0,0.0,5,5,5,1.0
zsre-957,0.75,1.0,0.0,5,5,5,0.0
zsre-957,0.7,1.0,0.0,5,5,5,0.0
zsre-9574,0.95,0.0,0.0,20,20,20,1.0
zsre-9574,0.9,0.0,0.0,20,20,20,1.0
zsre-9574,0.85,1.0,0.0,20,20,20,0.0
zsre-9574,0.8,1.0,0.0,20,20,20,0.0
zsre-9574,0.75,1.0,0.0,20,20,20,0.0
zsre-9574,0.7,1.0,0.0,20,20,20,0.0
zsre-9576,0.95,0.0,0.0,20,20,20,1.0
zsre-9576,0.9,0.0,0.0,20,20,20,1.0
zsre-9576,0.85,0.0,0.0,20,20,20,1.0
zsre-9576,0.8,0.0,0.0,20,20,20,1.0
zsre-9576,0.75,1.0,0.15,20,20,20,0.15
zsre-9576,0.7,1.0,0.15,20,20,20,0.15
zsre-9577,0.95,0.0,0.0,20,20,20,1.0
zsre-9577,0.9,0.0,0.0,20,20,20,1.0
zsre-9577,0.85,0.0,0.0,20,20,20,1.0
zsre-9577,0.8,0.0,0.0,20,20,20,1.0
zsre-9577,0.75,1.0,0.15,20,20,20,0.15
zsre-9577,0.7,1.0,0.15,20,20,20,0.15
zsre-9578,0.95,0.0,0.0,12,12,12,1.0
zsre-9578,0.9,0.0,0.0,12,12,12,1.0
zsre-9578,0.85,0.0,0.0,12,12,12,1.0
zsre-9578,0.8,0.0,0.0,12,12,12,1.0
zsre-9578,0.75,0.0,0.0,12,12,12,1.0
zsre-9578,0.7,1.0,0.25,12,12,12,0.25
zsre-9579,0.95,0.0,0.0,16,16,16,1.0
zsre-9579,0.9,0.0,0.0,16,16,16,1.0
zsre-9579,0.85,0.0,0.0,16,16,16,1.0
zsre-9579,0.8,0.0,0.0,16,16,16,1.0
zsre-9579,0.75,0.0,0.0,16,16,16,1.0
zsre-9579,0.7,1.0,0.1875,16,16,16,0.1875
zsre-9580,0.95,1.0,0.0,5,5,5,0.0
zsre-9580,0.9,1.0,0.0,5,5,5,0.0
zsre-9580,0.85,1.0,0.0,5,5,5,0.0
zsre-9580,0.8,1.0,0.0,5,5,5,0.0
zsre-9580,0.75,1.0,0.0,5,5,5,0.0
zsre-9580,0.7,1.0,0.0,5,5,5,0.0
zsre-9586,0.95,1.0,0.0,5,5,5,0.0
zsre-9586,0.9,1.0,0.0,5,5,5,0.0
zsre-9586,0.85,1.0,0.0,5,5,5,0.0
zsre-9586,0.8,1.0,0.0,5,5,5,0.0
zsre-9586,0.75,1.0,0.0,5,5,5,0.0
zsre-9586,0.7,1.0,0.0,5,5,5,0.0
zsre-9589,0.95,0.0,0.0,5,5,5,1.0
zsre-9589,0.9,0.0,0.0,5,5,5,1.0
zsre-9589,0.85,0.0,0.0,5,5,5,1.0
zsre-9589,0.8,1.0,0.0,5,5,5,0.0
zsre-9589,0.75,1.0,0.0,5,5,5,0.0
zsre-9589,0.7,1.0,0.0,5,5,5,0.0
zsre-959,0.95,0.0,0.0,8,8,8,1.0
zsre-959,0.9,0.0,0.0,8,8,8,1.0
zsre-959,0.85,0.0,0.0,8,8,8,1.0
zsre-959,0.8,0.0,0.0,8,8,8,1.0
zsre-959,0.75,0.0,0.0,8,8,8,1.0
zsre-959,0.7,1.0,0.0,8,8,8,0.0
zsre-9593,0.95,1.0,0.05,20,20,20,0.05
zsre-9593,0.9,1.0,0.05,20,20,20,0.05
zsre-9593,0.85,1.0,0.05,20,20,20,0.05
zsre-9593,0.8,1.0,0.05,20,20,20,0.05
zsre-9593,0.75,1.0,0.05,20,20,20,0.05
zsre-9593,0.7,1.0,0.05,20,20,20,0.05
zsre-9594,0.95,1.0,0.05,20,20,20,0.05
zsre-9594,0.9,1.0,0.05,20,20,20,0.05
zsre-9594,0.85,1.0,0.05,20,20,20,0.05
zsre-9594,0.8,1.0,0.05,20,20,20,0.05
zsre-9594,0.75,1.0,0.05,20,20,20,0.05
zsre-9594,0.7,1.0,0.05,20,20,20,0.05
zsre-9595,0.95,0.0,0.0,5,5,5,1.0
zsre-9595,0.9,0.0,0.0,5,5,5,1.0
zsre-9595,0.85,0.0,0.0,5,5,5,1.0
zsre-9595,0.8,0.0,0.0,5,5,5,1.0
zsre-9595,0.75,1.0,0.2,5,5,5,0.2
zsre-9595,0.7,1.0,0.2,5,5,5,0.2
zsre-9596,0.95,0.0,0.0,5,5,5,1.0
zsre-9596,0.9,0.0,0.0,5,5,5,1.0
zsre-9596,0.85,0.0,0.0,5,5,5,1.0
zsre-9596,0.8,0.0,0.0,5,5,5,1.0
zsre-9596,0.75,0.0,0.2,5,5,5,1.2
zsre-9596,0.7,1.0,0.2,5,5,5,0.2
zsre-9601,0.95,0.0,0.0,5,5,5,1.0
zsre-9601,0.9,0.0,0.0,5,5,5,1.0
zsre-9601,0.85,0.0,0.0,5,5,5,1.0
zsre-9601,0.8,1.0,0.0,5,5,5,0.0
zsre-9601,0.75,1.0,0.0,5,5,5,0.0
zsre-9601,0.7,1.0,0.0,5,5,5,0.0
zsre-9609,0.95,1.0,0.2,5,5,5,0.2
zsre-9609,0.9,1.0,0.2,5,5,5,0.2
zsre-9609,0.85,1.0,0.2,5,5,5,0.2
zsre-9609,0.8,1.0,0.2,5,5,5,0.2
zsre-9609,0.75,1.0,0.2,5,5,5,0.2
zsre-9609,0.7,1.0,0.2,5,5,5,0.2
zsre-9611,0.95,1.0,0.2,5,5,5,0.2
zsre-9611,0.9,1.0,0.2,5,5,5,0.2
zsre-9611,0.85,1.0,0.2,5,5,5,0.2
zsre-9611,0.8,1.0,0.2,5,5,5,0.2
zsre-9611,0.75,1.0,0.2,5,5,5,0.2
zsre-9611,0.7,1.0,0.2,5,5,5,0.2
zsre-9622,0.95,0.0,0.0,11,11,11,1.0
zsre-9622,0.9,0.0,0.0,11,11,11,1.0
zsre-9622,0.85,0.0,0.0,11,11,11,1.0
zsre-9622,0.8,0.0,0.0,11,11,11,1.0
zsre-9622,0.75,0.0,0.0,11,11,11,1.0
zsre-9622,0.7,1.0,0.0,11,11,11,0.0
zsre-9647,0.95,1.0,0.0,5,5,5,0.0
zsre-9647,0.9,1.0,0.0,5,5,5,0.0
zsre-9647,0.85,1.0,0.0,5,5,5,0.0
zsre-9647,0.8,1.0,0.0,5,5,5,0.0
zsre-9647,0.75,1.0,0.0,5,5,5,0.0
zsre-9647,0.7,1.0,0.0,5,5,5,0.0
zsre-965,0.95,1.0,0.0,5,5,5,0.0
zsre-965,0.9,1.0,0.0,5,5,5,0.0
zsre-965,0.85,1.0,0.0,5,5,5,0.0
zsre-965,0.8,1.0,0.0,5,5,5,0.0
zsre-965,0.75,1.0,0.0,5,5,5,0.0
zsre-965,0.7,1.0,0.0,5,5,5,0.0
zsre-9652,0.95,1.0,0.0,6,6,6,0.0
zsre-9652,0.9,1.0,0.0,6,6,6,0.0
zsre-9652,0.85,1.0,0.0,6,6,6,0.0
zsre-9652,0.8,1.0,0.0,6,6,6,0.0
zsre-9652,0.75,1.0,0.0,6,6,6,0.0
zsre-9652,0.7,1.0,0.0,6,6,6,0.0
zsre-967,0.95,0.0,0.0,5,5,5,1.0
zsre-967,0.9,0.0,0.0,5,5,5,1.0
zsre-967,0.85,0.0,0.0,5,5,5,1.0
zsre-967,0.8,0.0,0.0,5,5,5,1.0
zsre-967,0.75,0.0,0.0,5,5,5,1.0
zsre-967,0.7,1.0,0.0,5,5,5,0.0
zsre-9684,0.95,0.0,0.0,9,9,9,1.0
zsre-9684,0.9,0.0,0.0,9,9,9,1.0
zsre-9684,0.85,0.0,0.0,9,9,9,1.0
zsre-9684,0.8,0.0,0.0,9,9,9,1.0
zsre-9684,0.75,0.0,0.1111111111111111,9,9,9,1.1111111111111112
zsre-9684,0.7,1.0,0.2222222222222222,9,9,9,0.2222222222222222
zsre-9685,0.95,0.0,0.0,15,15,15,1.0
zsre-9685,0.9,0.0,0.0,15,15,15,1.0
zsre-9685,0.85,0.0,0.0,15,15,15,1.0
zsre-9685,0.8,0.0,0.0,15,15,15,1.0
zsre-9685,0.75,1.0,0.06666666666666667,15,15,15,0.06666666666666667
zsre-9685,0.7,1.0,0.13333333333333333,15,15,15,0.13333333333333333
zsre-9686,0.95,0.0,0.0,11,11,11,1.0
zsre-9686,0.9,0.0,0.0,11,11,11,1.0
zsre-9686,0.85,0.0,0.0,11,11,11,1.0
zsre-9686,0.8,1.0,0.0,11,11,11,0.0
zsre-9686,0.75,1.0,0.18181818181818182,11,11,11,0.18181818181818182
zsre-9686,0.7,1.0,0.18181818181818182,11,11,11,0.18181818181818182
zsre-970,0.95,1.0,0.0,20,20,20,0.0
zsre-970,0.9,1.0,0.0,20,20,20,0.0
zsre-970,0.85,1.0,0.0,20,20,20,0.0
zsre-970,0.8,1.0,0.0,20,20,20,0.0
zsre-970,0.75,1.0,0.0,20,20,20,0.0
zsre-970,0.7,1.0,0.0,20,20,20,0.0
zsre-9707,0.95,0.0,0.0,19,19,19,1.0
zsre-9707,0.9,0.0,0.0,19,19,19,1.0
zsre-9707,0.85,0.0,0.0,19,19,19,1.0
zsre-9707,0.8,1.0,0.10526315789473684,19,19,19,0.10526315789473684
zsre-9707,0.75,1.0,0.0,19,19,19,0.0
zsre-9707,0.7,1.0,0.10526315789473684,19,19,19,0.10526315789473684
zsre-9709,0.95,0.0,0.0,20,20,20,1.0
zsre-9709,0.9,0.0,0.0,20,20,20,1.0
zsre-9709,0.85,1.0,0.1,20,20,20,0.1
zsre-9709,0.8,0.0,0.05,20,20,20,1.05
zsre-9709,0.75,1.0,0.1,20,20,20,0.1
zsre-9709,0.7,1.0,0.1,20,20,20,0.1
zsre-9710,0.95,0.0,0.0,16,16,16,1.0
zsre-9710,0.9,0.0,0.0,16,16,16,1.0
zsre-9710,0.85,1.0,0.125,16,16,16,0.125
zsre-9710,0.8,0.0,0.125,16,16,16,1.125
zsre-9710,0.75,1.0,0.125,16,16,16,0.125
zsre-9710,0.7,1.0,0.125,16,16,16,0.125
zsre-9715,0.95,0.0,0.0,10,10,10,1.0
zsre-9715,0.9,0.0,0.0,10,10,10,1.0
zsre-9715,0.85,0.0,0.0,10,10,10,1.0
zsre-9715,0.8,1.0,0.0,10,10,10,0.0
zsre-9715,0.75,1.0,0.0,10,10,10,0.0
zsre-9715,0.7,1.0,0.0,10,10,10,0.0
zsre-9738,0.95,1.0,0.0,5,5,5,0.0
zsre-9738,0.9,1.0,0.0,5,5,5,0.0
zsre-9738,0.85,1.0,0.0,5,5,5,0.0
zsre-9738,0.8,1.0,0.0,5,5,5,0.0
zsre-9738,0.75,1.0,0.0,5,5,5,0.0
zsre-9738,0.7,1.0,0.0,5,5,5,0.0
zsre-9752,0.95,1.0,0.0,16,16,16,0.0
zsre-9752,0.9,1.0,0.0,16,16,16,0.0
zsre-9752,0.85,1.0,0.0,16,16,16,0.0
zsre-9752,0.8,1.0,0.0,16,16,16,0.0
zsre-9752,0.75,1.0,0.0,16,16,16,0.0
zsre-9752,0.7,1.0,0.0,16,16,16,0.0
zsre-9759,0.95,0.0,0.0,16,16,16,1.0
zsre-9759,0.9,0.0,0.0,16,16,16,1.0
zsre-9759,0.85,0.0,0.0,16,16,16,1.0
zsre-9759,0.8,0.0,0.0,16,16,16,1.0
zsre-9759,0.75,0.0,0.0625,16,16,16,1.0625
zsre-9759,0.7,1.0,0.125,16,16,16,0.125
zsre-9760,0.95,0.0,0.0,15,15,15,1.0
zsre-9760,0.9,0.0,0.0,15,15,15,1.0
zsre-9760,0.85,0.0,0.0,15,15,15,1.0
zsre-9760,0.8,0.0,0.0,15,15,15,1.0
zsre-9760,0.75,1.0,0.13333333333333333,15,15,15,0.13333333333333333
zsre-9760,0.7,1.0,0.13333333333333333,15,15,15,0.13333333333333333
zsre-9780,0.95,1.0,0.0,5,5,5,0.0
zsre-9780,0.9,1.0,0.0,5,5,5,0.0
zsre-9780,0.85,1.0,0.0,5,5,5,0.0
zsre-9780,0.8,1.0,0.0,5,5,5,0.0
zsre-9780,0.75,1.0,0.0,5,5,5,0.0
zsre-9780,0.7,1.0,0.0,5,5,5,0.0
zsre-980,0.95,1.0,0.0,5,5,5,0.0
zsre-980,0.9,1.0,0.0,5,5,5,0.0
zsre-980,0.85,1.0,0.0,5,5,5,0.0
zsre-980,0.8,1.0,0.0,5,5,5,0.0
zsre-980,0.75,1.0,0.0,5,5,5,0.0
zsre-980,0.7,1.0,0.0,5,5,5,0.0
zsre-982,0.95,0.0,0.0,5,5,5,1.0
zsre-982,0.9,0.0,0.0,5,5,5,1.0
zsre-982,0.85,0.0,0.0,5,5,5,1.0
zsre-982,0.8,0.0,0.0,5,5,5,1.0
zsre-982,0.75,1.0,0.0,5,5,5,0.0
zsre-982,0.7,1.0,0.0,5,5,5,0.0
zsre-9824,0.95,0.0,0.0,20,20,20,1.0
zsre-9824,0.9,0.0,0.0,20,20,20,1.0
zsre-9824,0.85,1.0,0.05,20,20,20,0.05
zsre-9824,0.8,1.0,0.05,20,20,20,0.05
zsre-9824,0.75,1.0,0.05,20,20,20,0.05
zsre-9824,0.7,1.0,0.05,20,20,20,0.05
zsre-9825,0.95,0.0,0.0,20,20,20,1.0
zsre-9825,0.9,0.0,0.0,20,20,20,1.0
zsre-9825,0.85,0.0,0.0,20,20,20,1.0
zsre-9825,0.8,1.0,0.05,20,20,20,0.05
zsre-9825,0.75,1.0,0.05,20,20,20,0.05
zsre-9825,0.7,1.0,0.0,20,20,20,0.0
zsre-9826,0.95,0.0,0.0,15,15,15,1.0
zsre-9826,0.9,0.0,0.0,15,15,15,1.0
zsre-9826,0.85,0.0,0.0,15,15,15,1.0
zsre-9826,0.8,0.0,0.0,15,15,15,1.0
zsre-9826,0.75,0.0,0.0,15,15,15,1.0
zsre-9826,0.7,1.0,0.0,15,15,15,0.0
zsre-9838,0.95,1.0,0.0,5,5,5,0.0
zsre-9838,0.9,1.0,0.0,5,5,5,0.0
zsre-9838,0.85,1.0,0.0,5,5,5,0.0
zsre-9838,0.8,1.0,0.0,5,5,5,0.0
zsre-9838,0.75,1.0,0.0,5,5,5,0.0
zsre-9838,0.7,1.0,0.0,5,5,5,0.0
zsre-9840,0.95,0.0,0.0,20,20,20,1.0
zsre-9840,0.9,0.0,0.0,20,20,20,1.0
zsre-9840,0.85,1.0,0.0,20,20,20,0.0
zsre-9840,0.8,1.0,0.0,20,20,20,0.0
zsre-9840,0.75,1.0,0.1,20,20,20,0.1
zsre-9840,0.7,1.0,0.1,20,20,20,0.1
zsre-9865,0.95,1.0,0.0,5,5,5,0.0
zsre-9865,0.9,1.0,0.0,5,5,5,0.0
zsre-9865,0.85,1.0,0.0,5,5,5,0.0
zsre-9865,0.8,1.0,0.0,5,5,5,0.0
zsre-9865,0.75,1.0,0.0,5,5,5,0.0
zsre-9865,0.7,1.0,0.0,5,5,5,0.0
zsre-9869,0.95,1.0,0.0,9,9,9,0.0
zsre-9869,0.9,1.0,0.0,9,9,9,0.0
zsre-9869,0.85,1.0,0.0,9,9,9,0.0
zsre-9869,0.8,1.0,0.0,9,9,9,0.0
zsre-9869,0.75,1.0,0.0,9,9,9,0.0
zsre-9869,0.7,1.0,0.0,9,9,9,0.0
zsre-9879,0.95,1.0,0.0,8,8,8,0.0
zsre-9879,0.9,1.0,0.0,8,8,8,0.0
zsre-9879,0.85,1.0,0.0,8,8,8,0.0
zsre-9879,0.8,1.0,0.0,8,8,8,0.0
zsre-9879,0.75,1.0,0.0,8,8,8,0.0
zsre-9879,0.7,1.0,0.0,8,8,8,0.0
zsre-9884,0.95,1.0,0.0,5,5,5,0.0
zsre-9884,0.9,1.0,0.0,5,5,5,0.0
zsre-9884,0.85,1.0,0.0,5,5,5,0.0
zsre-9884,0.8,1.0,0.0,5,5,5,0.0
zsre-9884,0.75,1.0,0.0,5,5,5,0.0
zsre-9884,0.7,1.0,0.0,5,5,5,0.0
zsre-9888,0.95,1.0,0.1,20,20,20,0.1
zsre-9888,0.9,1.0,0.1,20,20,20,0.1
zsre-9888,0.85,1.0,0.1,20,20,20,0.1
zsre-9888,0.8,1.0,0.1,20,20,20,0.1
zsre-9888,0.75,0.0,0.1,20,20,20,1.1
zsre-9888,0.7,1.0,0.05,20,20,20,0.05
zsre-9889,0.95,1.0,0.1,20,20,20,0.1
zsre-9889,0.9,1.0,0.1,20,20,20,0.1
zsre-9889,0.85,1.0,0.1,20,20,20,0.1
zsre-9889,0.8,1.0,0.1,20,20,20,0.1
zsre-9889,0.75,1.0,0.1,20,20,20,0.1
zsre-9889,0.7,1.0,0.1,20,20,20,0.1
zsre-9890,0.95,1.0,0.1,20,20,20,0.1
zsre-9890,0.9,1.0,0.1,20,20,20,0.1
zsre-9890,0.85,1.0,0.1,20,20,20,0.1
zsre-9890,0.8,1.0,0.1,20,20,20,0.1
zsre-9890,0.75,1.0,0.05,20,20,20,0.05
zsre-9890,0.7,1.0,0.05,20,20,20,0.05
zsre-99,0.95,1.0,0.0,5,5,5,0.0
zsre-99,0.9,1.0,0.0,5,5,5,0.0
zsre-99,0.85,1.0,0.0,5,5,5,0.0
zsre-99,0.8,1.0,0.0,5,5,5,0.0
zsre-99,0.75,1.0,0.0,5,5,5,0.0
zsre-99,0.7,1.0,0.0,5,5,5,0.0
zsre-9906,0.95,1.0,0.0,5,5,5,0.0
zsre-9906,0.9,1.0,0.0,5,5,5,0.0
zsre-9906,0.85,1.0,0.0,5,5,5,0.0
zsre-9906,0.8,1.0,0.0,5,5,5,0.0
zsre-9906,0.75,1.0,0.0,5,5,5,0.0
zsre-9906,0.7,1.0,0.0,5,5,5,0.0
zsre-9921,0.95,0.0,0.0,5,5,5,1.0
zsre-9921,0.9,0.0,0.0,5,5,5,1.0
zsre-9921,0.85,1.0,0.0,5,5,5,0.0
zsre-9921,0.8,1.0,0.0,5,5,5,0.0
zsre-9921,0.75,0.0,0.0,5,5,5,1.0
zsre-9921,0.7,0.0,0.0,5,5,5,1.0
zsre-9923,0.95,0.0,0.0,5,5,5,1.0
zsre-9923,0.9,0.0,0.0,5,5,5,1.0
zsre-9923,0.85,0.0,0.0,5,5,5,1.0
zsre-9923,0.8,1.0,0.0,5,5,5,0.0
zsre-9923,0.75,1.0,0.0,5,5,5,0.0
zsre-9923,0.7,1.0,0.0,5,5,5,0.0
zsre-9930,0.95,1.0,0.0,5,5,5,0.0
zsre-9930,0.9,1.0,0.0,5,5,5,0.0
zsre-9930,0.85,1.0,0.0,5,5,5,0.0
zsre-9930,0.8,1.0,0.0,5,5,5,0.0
zsre-9930,0.75,1.0,0.0,5,5,5,0.0
zsre-9930,0.7,1.0,0.0,5,5,5,0.0
zsre-9935,0.95,1.0,0.0,5,5,5,0.0
zsre-9935,0.9,1.0,0.0,5,5,5,0.0
zsre-9935,0.85,1.0,0.0,5,5,5,0.0
zsre-9935,0.8,1.0,0.0,5,5,5,0.0
zsre-9935,0.75,1.0,0.0,5,5,5,0.0
zsre-9935,0.7,1.0,0.0,5,5,5,0.0
zsre-9950,0.95,1.0,0.2,5,5,5,0.2
zsre-9950,0.9,1.0,0.2,5,5,5,0.2
zsre-9950,0.85,1.0,0.2,5,5,5,0.2
zsre-9950,0.8,1.0,0.2,5,5,5,0.2
zsre-9950,0.75,1.0,0.2,5,5,5,0.2
zsre-9950,0.7,1.0,0.2,5,5,5,0.2
zsre-9951,0.95,1.0,0.2,5,5,5,0.2
zsre-9951,0.9,1.0,0.2,5,5,5,0.2
zsre-9951,0.85,1.0,0.2,5,5,5,0.2
zsre-9951,0.8,1.0,0.2,5,5,5,0.2
zsre-9951,0.75,1.0,0.2,5,5,5,0.2
zsre-9951,0.7,1.0,0.2,5,5,5,0.2
zsre-9952,0.95,1.0,0.0,5,5,5,0.0
zsre-9952,0.9,1.0,0.0,5,5,5,0.0
zsre-9952,0.85,1.0,0.0,5,5,5,0.0
zsre-9952,0.8,1.0,0.0,5,5,5,0.0
zsre-9952,0.75,1.0,0.0,5,5,5,0.0
zsre-9952,0.7,1.0,0.0,5,5,5,0.0
zsre-9954,0.95,0.0,0.0,5,5,5,1.0
zsre-9954,0.9,0.0,0.0,5,5,5,1.0
zsre-9954,0.85,0.0,0.0,5,5,5,1.0
zsre-9954,0.8,1.0,0.0,5,5,5,0.0
zsre-9954,0.75,1.0,0.0,5,5,5,0.0
zsre-9954,0.7,1.0,0.0,5,5,5,0.0
zsre-9958,0.95,0.0,0.0,5,5,5,1.0
zsre-9958,0.9,0.0,0.0,5,5,5,1.0
zsre-9958,0.85,0.0,0.0,5,5,5,1.0
zsre-9958,0.8,0.0,0.0,5,5,5,1.0
zsre-9958,0.75,0.0,0.0,5,5,5,1.0
zsre-9958,0.7,1.0,0.0,5,5,5,0.0
zsre-9963,0.95,1.0,0.0,18,18,18,0.0
zsre-9963,0.9,1.0,0.0,18,18,18,0.0
zsre-9963,0.85,1.0,0.0,18,18,18,0.0
zsre-9963,0.8,1.0,0.0,18,18,18,0.0
zsre-9963,0.75,1.0,0.0,18,18,18,0.0
zsre-9963,0.7,1.0,0.0,18,18,18,0.0
zsre-999,0.95,0.0,0.058823529411764705,17,17,17,1.0588235294117647
zsre-999,0.9,0.0,0.0,17,17,17,1.0
zsre-999,0.85,1.0,0.17647058823529413,17,17,17,0.17647058823529413
zsre-999,0.8,1.0,0.17647058823529413,17,17,17,0.17647058823529413
zsre-999,0.75,1.0,0.17647058823529413,17,17,17,0.17647058823529413
zsre-999,0.7,1.0,0.17647058823529413,17,17,17,0.17647058823529413
