fact,rho,s_del,s_surv,margin,r_f
fdf6687c-6d21-40a0-8f01-241dd59eb4b7,0.85,,,,False
c7f622cd-2fc7-4fd8-a90d-54dc3fada8e9,0.85,,,,True
0d14af5e-a808-478f-b3e7-06ef63c102bf,0.85,0.871369481086731,,,True
2cd733bb-3c9c-4782-bce9-72ed5cfa65cf,0.85,,,,False
1f76fc8d-fa59-42d8-9a1d-3637fc578c1a,0.85,0.9395618438720703,,,False
3f3a2470-9f21-4d26-84e0-aa7b75c859bb,0.85,0.8541451692581177,,,False
19a11ebd-9f98-4985-8090-7ff67364ff9e,0.85,0.8893346786499023,,,False
8fbce334-e643-42b7-9d30-1b8bf4bfcfaa,0.85,,,,True
785b31aa-f3ba-4902-9bda-8ef8bf232fa6,0.85,,,,False
f1fa9f85-9d94-496b-aa92-23452f4d59b2,0.85,0.9163251519203186,,,True
ec7b9899-36c4-43cf-b017-bbbe2b89c8c2,0.85,,,,False
888d4df5-40d9-445c-a0f5-45c31416d387,0.85,,,,False
7bc9245a-dfd6-4a64-bc23-0123ce453236,0.85,0.8546140193939209,,,False
54521b20-3462-4321-9dd9-b33a7d2c26d9,0.85,,,,True
1ff0a6b0-b44e-4aa0-b217-818fa2de2d8f,0.85,,,,False
93b87f66-5fbf-4190-9d52-2ac0ce22ecb7,0.85,,,,False
36ec690a-3450-4a7f-80eb-07577c33cc9f,0.85,0.8627305626869202,,,False
e8d3e779-7693-42c1-a1ca-e45de94e3595,0.85,,,,True
e91ed2b3-8fdc-4eef-8f46-2b4f14914738,0.85,,,,False
cc767900-fdc5-437b-92af-a314b1cdac16,0.85,0.9097115397453308,,,True
84c936e1-cb4c-45f3-9b80-c761b4bdbb6f,0.85,0.9351130723953247,,,True
3a45c971-ef98-463b-aa51-a1614f90c9ec,0.85,0.9198300242424011,,,False
4b1063a6-daaa-4354-ae1c-5316bfd6a879,0.85,0.8830217123031616,,,False
78117ce8-a74d-4e6a-aa52-e3e2219c9875,0.85,,,,True
10beb965-2564-45ac-b577-27c7906133ff,0.85,0.9041246771812439,,,True
8ba0c39c-de76-4a09-b7bd-ffd87ddc9e39,0.85,0.8632289171218872,,,False
e6c2c7be-b040-4e14-94dc-61bf101d89b6,0.85,0.8512543439865112,,,False
c54ff80b-b0fa-4bd4-8f5a-3ce0f3781931,0.85,0.8573204278945923,,,False
82133c5b-a211-491d-b3e6-6e43f2ea3ca8,0.85,,,,True
8bb950c4-2367-4fe2-9a2a-0340386cef84,0.85,0.902008056640625,,,True
cebaeedf-1246-4b32-8e56-2102cc809681,0.85,,,,False
46f718d1-352d-4b17-b1f4-fe46b0b7bfe9,0.85,,,,False
ab555b7c-b281-403d-9ddb-c11309c99f00,0.85,,,,False
ce29d779-18c9-44ac-ae84-d991e89066ff,0.85,0.8512866497039795,,,False
83b4701a-0028-4fa6-91b5-a924d40d883c,0.85,,,,False
c6110988-e7b6-40d6-9653-8c43f7f3e4c2,0.85,,,,False
868dc0ff-587b-4a63-a857-b598c800ea0a,0.85,0.9577209949493408,,,False
fbea0ee3-a3e6-4766-a9d8-a6460a536eb5,0.85,0.869745671749115,,,True
32f1b6e1-6ae0-4868-8401-c3b4f3b6b276,0.85,0.8908387422561646,,,True
e01baa0d-e062-4c8d-b121-a47251ca5228,0.85,0.8965821266174316,,,False
493045ca-9f44-47eb-934a-fe2eeeed77a7,0.85,0.9003596901893616,,,False
641e78c3-0c49-4cff-a484-536d9812d721,0.85,,,,False
bf5904cc-defa-434e-98a5-b7fe9f2d0487,0.85,,,,False
941d972d-fd67-4c08-85b5-4f0b9083d81a,0.85,,,,True
ae53cbee-d9b6-4e19-aa11-cba6be4bfb56,0.85,,,,False
df202fbb-9a52-4f75-9d04-24834884ec3b,0.85,0.9027417302131653,,,False
692c868a-465e-4578-96b7-583aeb420cbb,0.85,0.8617030382156372,,,False
ba3508a7-804c-4c7f-8347-16d52ed86cca,0.85,0.8779968619346619,,,False
5c31c586-ad2c-4612-bf3b-c77ffabf9647,0.85,0.922835111618042,,,False
ae401f55-2fa3-4f5d-a97a-8ada6df232dc,0.85,,,,True
1411716a-c40c-4b3c-a3aa-d83788826fcf,0.85,0.9610602259635925,,,False
58b6b0c8-bb6f-446e-b35a-28be07c94afd,0.85,0.85326087474823,,,True
5690bd63-d7e7-4efc-bcf3-e5f272f22c72,0.85,0.9096291661262512,,,False
8cedf432-f7bd-4207-9254-16ee4b2d4619,0.85,,,,False
b5b9910d-b276-4870-ad45-4de27fc21675,0.85,,,,True
5e65c98f-56ec-4f8d-940b-293ad164b1b1,0.85,0.8600528836250305,,,True
6cd36a17-31ec-4cf1-b9d5-6180ba25e8bb,0.85,,,,True
d746468c-594d-4a3e-8115-4d8ea8d0ae9a,0.85,,,,False
7a6189a5-0cfc-4510-b028-83743e6613ee,0.85,,,,False
04011add-c9a6-48f4-9b83-c98b4521d425,0.85,,,,False
b8381cff-2244-4d24-b6c4-8739e8880049,0.85,0.8665913343429565,,,False
47c79a58-a320-455a-a1a3-2813e0a098d3,0.85,,,,True
739537ec-e04d-4483-9705-027476a0ea11,0.85,0.87538743019104,,,True
5c872e79-acdf-4eb1-af74-76dc1156b4ed,0.85,,,,False
d674fbff-0c3e-4460-ba18-daf17f6f1029,0.85,,,,True
26882349-014b-4101-b4c4-bcafbc74e3b5,0.85,0.8688011169433594,,,False
dcc0fbfe-bc71-47bf-893f-2408ddee21c4,0.85,0.8723878860473633,,,False
42ded509-e4dc-44fc-bb13-d931349aa1e2,0.85,0.9478306770324707,,,True
3ee4e03c-498b-421b-8ce0-c4ba56ef0677,0.85,0.8582205772399902,,,True
14ee554d-dafc-4362-b7aa-6f14e2f6b5df,0.85,,,,False
6da8204b-1964-4b2a-9b29-4d7e668daa29,0.85,0.887044370174408,,,True
5dbed17b-2db8-4d97-9bf8-a7f78f6e290b,0.85,,,,False
6a8327b5-6c3f-4d28-9019-ee96c11757e5,0.85,0.922961413860321,,,False
7e2a9b9d-61a8-4783-9eb3-2605bae8d4b5,0.85,0.8506727814674377,,,False
7d915715-bed2-4f16-8ad3-bd750ea90a0b,0.85,0.8845357298851013,,,True
d97f1062-788b-4a63-806a-81ae01415181,0.85,,,,False
b256f3dd-0613-45e9-8d1d-4c3cf3156e56,0.85,0.8809387683868408,,,False
a8a53b33-f548-4d06-bcef-2a1df4f247c6,0.85,0.9386497139930725,,,True
749aae17-3e0e-4c41-9a51-657674b5543d,0.85,,,,True
70594d31-710a-4f29-a6ae-4b9ccd838196,0.85,0.8636349439620972,,,False
f72a2d98-3528-43b7-a533-70a6d565a1b1,0.85,0.8501571416854858,,,False
ef5611a9-f3cd-4b0b-8e27-0679583b5dec,0.85,0.8500831127166748,,,False
9c31c98d-8e5e-4caa-b8d3-9cea4c19e411,0.85,,,,False
376b6817-9c63-457b-a7e2-2de0cfe187f3,0.85,0.873110830783844,,,True
d8810ab1-5570-461f-96b4-fc9ec26dbfea,0.85,,,,False
b49f910e-b586-41ee-aca0-453440dd27a7,0.85,0.8849343061447144,,,True
a727468b-385d-4d58-a93a-837f338e38db,0.85,0.9424600005149841,,,True
850d071d-a7ef-45db-b724-7c2cb1f58fcb,0.85,0.8609654903411865,,,False
8abb1168-2393-4589-aeb2-fa0a2d7c21cc,0.85,0.9227234125137329,,,False
8e3f6d91-f351-4c58-b924-645de00f4ae7,0.85,,,,False
9904283c-60ee-45d5-8283-f2cdde18e8dc,0.85,,,,True
87ce00f1-64ff-40f9-b466-41b56f61d3e3,0.85,,,,False
96767a38-691e-44c8-b2c4-c386668b3471,0.85,0.8564910888671875,,,False
5c8aae3b-f13d-4d42-9252-5937ea774c80,0.85,0.8634325861930847,,,False
7e6f2e08-3a5f-4d7d-bd37-65084089beab,0.85,,,,False
0255884b-7e4c-4103-a55c-30fb9b198ab9,0.85,0.889950156211853,,,False
e89a85cf-caa5-48ae-9a4a-434c7738cc38,0.85,0.8623530268669128,,,False
18256181-cb70-47d0-b7fa-b6b03a5e1d55,0.85,0.8827410936355591,,,False
3bd74c79-e7d3-4444-a083-1ada1dccd90e,0.85,0.9624993801116943,,,True
0e95a2f8-d17f-4a0c-89a4-13c93950ce39,0.85,0.8642783164978027,,,False
0f3468ce-eb49-4a4e-b758-1e420411929c,0.85,0.9036372900009155,,,False
ebaeb143-4115-43bb-a3a7-5af8d9232310,0.85,,,,False
2e5cef01-87b6-4abd-9f2d-b9368c325947,0.85,,,,False
38ac80c3-bbd0-483d-9de3-7279933e1b93,0.85,0.9191340208053589,,,False
26e3dd2f-e730-4c56-9971-0ebafb58de67,0.85,,,,True
04ddde5e-7b37-4e26-b4e1-f9abd2cdb30e,0.85,0.9206711053848267,,,False
4b8d0cce-07f7-4f11-a417-8dc0388adaed,0.85,0.8610354661941528,,,False
7c2d7ea8-cfc7-4a02-99b6-6b22c4931173,0.85,0.9168814420700073,,,False
be67b631-bd6e-491d-ae46-4136b05b0908,0.85,0.862584114074707,,,True
17d062a2-f15f-4c9a-b245-94e4c1eb5568,0.85,0.8839109539985657,,,False
18c6ea4a-8bb2-4fa4-9130-2486b17db592,0.85,,,,False
e15cc1a8-4027-4bce-b6b7-ad34d85a4c48,0.85,0.9427777528762817,,,False
7b6ef166-35d1-41ec-bb52-af71a0f33090,0.85,0.9402549266815186,,,True
421c7a20-2c4d-4b61-a160-eee4239b71cb,0.85,,,,False
4e781920-bc56-471f-b6ef-0b65be1f215a,0.85,,,,True
5c5491f5-12cc-41e5-8304-cb8efa8bc4dd,0.85,,,,False
c1d966d2-ddab-4304-b3a6-c2bc31dcbd9c,0.85,,,,False
8a246f34-2f07-4a69-86f7-0f067cf317b0,0.85,0.9042767286300659,,,False
dde10d39-3210-4e16-9c5e-0d733affb380,0.85,,,,False
384461ea-e14c-44f3-bccd-2b24561af0ab,0.85,0.9296078681945801,,,True
dd79d4b5-c415-4a3f-8931-d4bba13117bd,0.85,,,,True
8db607ac-17b1-4e77-8003-30650a6951b3,0.85,,,,False
21cf226d-8cf3-4a29-96e8-3eb27d2a1d55,0.85,0.8965960741043091,,,False
9124e36c-8a10-4d04-86bc-b51742c3daac,0.85,0.8532043099403381,,,True
1c627f8e-0a7f-4f4c-8223-92e2a8da6931,0.85,,,,False
ae6dd874-f04a-445a-b5c9-c6e2067026c3,0.85,0.9189592003822327,,,True
486e7b62-16d9-4501-8150-98561e9b99d9,0.85,0.9189509153366089,,,False
ec0a96be-9e39-41fa-9cc4-04e4427b78cb,0.85,,,,False
45646df6-173e-46a8-bab5-d4159af76499,0.85,,,,False
da6a31ba-d376-4bbc-bdcf-a54ba1be7fd7,0.85,,,,False
d10931bc-1831-428a-86d4-d77cee5c94e0,0.85,,,,True
31ecac67-6239-4682-99d4-baa570ae0738,0.85,,,,True
5cfe6347-170e-4aa0-825d-6b5fcb5e6912,0.85,0.8653833866119385,,,False
ba990cfa-7bfa-4d01-a170-40ad1d6ad088,0.85,0.8569249510765076,,,True
d2df1fe0-4b22-4966-8aa6-d7b482d9ec43,0.85,0.9109107851982117,,,True
e4b5ac74-f584-4011-9ce7-0fda01d0bae7,0.85,0.900415301322937,,,False
af8bfc31-0504-4f40-85ce-893cacd938fe,0.85,0.8714204430580139,,,True
02ed2027-16fc-41bb-ace4-6af660f5482c,0.85,,,,False
33f92ed8-e9b3-4b89-a291-6027a843a740,0.85,,,,False
78549aad-7ec6-46cb-9693-40aca7e9b797,0.85,0.8969788551330566,,,False
8a484615-b298-4b75-b9dc-dffc15353655,0.85,0.8542944192886353,,,False
eda8b651-6d74-48bf-8938-0bac4193d308,0.85,0.9161712527275085,,,False
55a9aaf7-cf62-4ff7-98b1-c1ed64df664c,0.85,,,,True
2cb8cfdb-7f03-48ad-b8d6-f46201a23a9c,0.85,,,,True
75231305-0015-40af-8839-14db02fe4d8d,0.85,,,,False
5b7a9bf1-bbc3-4f5a-8b00-0f2f31e6c749,0.85,,,,False
c03393c5-581a-4680-8795-cbb812edb3fa,0.85,,,,True
7c58cfc4-fe6b-49ec-9ea4-2e84b95e5ef7,0.85,0.9001874923706055,,,False
59c3899a-183b-49ce-bb0f-c54a01dd6f04,0.85,,,,False
51e71218-ab75-47a4-a715-350e473a4b53,0.85,,,,True
7cff08e7-179b-4abe-b33b-739dbab802cb,0.85,,,,False
aeb6c788-0400-4462-bdcd-ede2ad770df2,0.85,,,,False
89bc2550-a7bf-4973-b21e-25f8aa1e8139,0.85,,,,False
8c3c398b-8eef-4eae-89fd-ad392efcab9d,0.85,0.9203132390975952,,,False
dbcb9d29-f6de-42ce-98eb-be6b6ab1b180,0.85,0.9100371599197388,,,False
169ee8e1-5448-4dca-bad2-b06c9de559c7,0.85,,,,False
3f2c0415-dd25-4a75-97d0-73708f7dd8df,0.85,0.9038603901863098,,,False
cb9cc90f-03a4-437c-bc14-f12e2a6cab8a,0.85,0.9397401213645935,,,True
65dc8377-8486-4ab9-9b52-89589c2ac837,0.85,,,,False
b97ce8bc-c1d4-4209-8b8b-41eb4ab8208a,0.85,,,,False
ea8164d6-d2fe-424e-8bf1-d233b3dccd92,0.85,,,,False
1d40a3f2-54fd-40cb-817c-9dcf80f9a9a8,0.85,0.8689571619033813,,,False
c4018b6b-c75e-4b66-a79b-187877a294da,0.85,0.9344348311424255,,,False
cab58cb5-c2d7-4a70-9078-267ccd1ca044,0.85,,,,True
95600ec7-9579-40d7-a259-fadbbc1b5fc7,0.85,,,,False
b8192f7c-1bb0-4aaf-9c0f-0ac04db5fe81,0.85,,,,False
fd585f26-8c6e-486e-9b6f-d3b768dd455e,0.85,,,,False
88c33eab-fe82-4f18-9683-52feef92a1d1,0.85,0.9229654669761658,,,False
1d09ad96-1661-4ccf-aec2-74e252c1d968,0.85,0.8761898279190063,,,False
413a1f3a-bf47-4b48-8f72-de24986a1526,0.85,0.9049713611602783,,,True
f12f1f2b-437d-4486-a69d-d6770efd710e,0.85,0.8719940185546875,,,False
d1a27986-4f77-4c90-abe5-51260ca81a8c,0.85,,,,True
7ff95bee-f860-4d88-af5a-2f3e472f04d2,0.85,,,,False
150e3f6c-456f-4d85-9dae-5d18ce63d2f3,0.85,,,,False
ffeb80c5-0461-40d9-92b7-0e4f307ade56,0.85,,,,False
1f295679-ee8d-4b8b-bd61-d52097aa68ba,0.85,,,,False
f13fd5e8-fe19-4701-a745-aa25c22aaf12,0.85,,,,False
77efbee6-10ad-4641-a8a5-c571535931c0,0.85,,,,False
145f9691-e9b1-45b0-a751-698c469f8a7f,0.85,,,,True
d9890bb6-9a97-408d-9721-6ab011d83be8,0.85,,,,False
8435baf0-6827-49c2-a499-781a31c5bba5,0.85,0.8688106536865234,,,False
6b35f8b3-7763-4110-b2d1-c18e107a4dd4,0.85,0.8662125468254089,,,False
d3153b88-45de-4f27-b521-8a7ba38a9d49,0.85,,,,False
c064752d-c7ce-42f3-9c4f-e04300b0b0aa,0.85,,,,True
889d1f2e-0819-4eb2-bf34-63cba3ec4982,0.85,,,,False
a515049c-ca49-4449-b266-ccd00b4f984e,0.85,0.885586142539978,,,False
fac7a10b-10bf-442b-8720-ca2ec1d01150,0.85,,,,False
fb03883a-c194-4b6c-b8ee-44625870dc84,0.85,0.8895099759101868,,,False
feacc88b-0b9e-4302-a542-51c5b2a97563,0.85,,,,False
e6aeb32a-3572-4fef-b95a-c4ee0e2849cf,0.85,,,,False
4f91e3e6-935d-499b-8cbd-e22a97d11a3e,0.85,,,,False
545a7124-bbb4-4ea5-8f75-eed063a0668a,0.85,,,,True
d1967d80-4d4b-46a4-a4e4-218367ecfd10,0.85,0.9076825976371765,,,False
b9b50ae8-1c27-4f8c-8957-f4185fe1335c,0.85,,,,False
58a90b2b-f6c9-4f28-adf4-4bcb6eaa595d,0.85,0.8678787350654602,,,False
66f23033-4936-4009-8cc3-945a9d70982a,0.85,,,,False
03ae08dd-26a4-43ce-a289-4f95021df1b7,0.85,,,,False
69802844-51e8-43b0-a70d-5c73a949248f,0.85,0.8530462980270386,,,False
51fec371-cd2c-46a0-b3de-983dc46bd505,0.85,0.8988878130912781,,,True
a2a537e4-7824-4746-b52e-3a5172ad3793,0.85,,,,False
cb1f3e8d-ffcf-4fb4-9bfc-eff371c51eb7,0.85,0.8627262115478516,,,True
10cd791d-57f3-42c9-8dee-20a08556af42,0.85,,,,False
3a2573c2-36bb-4dd9-a702-50b706539a97,0.85,0.896304190158844,,,False
f319124e-8884-4715-89a8-7f028b907651,0.85,,,,True
6dd6995a-bca5-46b0-ae6f-afbbc22991f9,0.85,0.8585256338119507,,,False
554c9a0f-74d4-497a-8e17-2a0cb373497a,0.85,0.8723350167274475,,,False
bf0fadcc-8ee2-4341-8cf4-682cb73e66ec,0.85,0.8870224952697754,,,False
e9b1cfa5-a606-42e3-9124-2d4d30eaec6c,0.85,,,,False
5a7f972a-5c54-49b6-90dd-caee65688443,0.85,,,,False
e258051a-9bf0-465e-b909-2fc3d577c7f9,0.85,0.8907073736190796,,,False
2e397825-6fc8-4ef5-8d16-6c8cd69c4114,0.85,,,,False
2cd9af0e-78fc-46cf-8cec-b46d2cb89ddb,0.85,0.8650040030479431,,,True
ecb34c25-aae9-4350-b3c2-db26579b3a62,0.85,0.8874258399009705,,,False
5570b2ba-1e23-4ec8-b1f8-c5687789190e,0.85,0.8998391032218933,,,False
e6159e3d-69b4-463c-82af-83f9c71987ce,0.85,0.8903794288635254,,,False
b4d406cf-4840-46f5-bf40-feff8959e352,0.85,0.8596084117889404,,,True
9cca3def-e496-406e-b8e4-663ab5493368,0.85,0.9341270923614502,,,False
1032b5fe-8a31-442a-bae4-806521db9ccc,0.85,,,,False
8dd7d852-d97c-4566-8b57-304c0e64a872,0.85,0.8521181344985962,,,True
9dea8e84-3cdc-46cc-9731-71dd2082528e,0.85,,,,False
854e0b90-810c-4125-b69c-0d4e56916083,0.85,0.8546869158744812,,,False
96db4b6c-5a9a-46bc-98b1-a42b430ea5f4,0.85,,,,False
db9fae96-e05b-4280-bc13-bd47f4c43b27,0.85,0.9440275430679321,,,False
d4eefb18-a44b-4fba-9c2a-b93d4aac1e99,0.85,0.8595249652862549,,,True
130c8b2e-92ff-45c5-a57a-6276297fc058,0.85,,,,True
5b51bfc1-f0ff-4ee7-b5a2-f78285b693d4,0.85,,,,False
cde59cd8-417d-409c-8d3f-9de5811c6214,0.85,,,,False
4b96a9cf-3f61-4910-838e-b85addee9943,0.85,,,,False
5105ec8e-2187-4d13-b3b3-8cc3968ed7d4,0.85,0.9165626168251038,,,False
82d39589-8e4f-44f8-ab66-e0558e70269c,0.85,,,,True
b8e919e4-6e2b-4406-a9cf-42a21fe1161a,0.85,,,,True
db885e55-cd23-493d-b29e-8289febdaee7,0.85,,,,False
5d86a20e-12f3-4e17-a8b9-9f9d7d8a32fe,0.85,0.8883516788482666,,,False
77ac13a7-c0f8-478c-b1ce-a93bcfa486aa,0.85,,,,False
284b9670-2581-44fd-92c9-f20a37622512,0.85,0.8899905681610107,,,False
ad555f68-f46f-4620-97e9-b9d73eb44d94,0.85,,,,False
b9579fc3-2a62-4080-8562-1da36c687cb3,0.85,,,,False
185f2219-bbb4-4a52-9687-ceccae5b926d,0.85,,,,False
24c3c84d-3ca6-45d8-a957-ed0e336b9923,0.85,0.8763531446456909,,,False
c466674c-c396-43a0-833e-71facece3878,0.85,0.8592879772186279,,,True
4f59efbd-453b-4377-8256-c1c59c0ffd73,0.85,0.8624409437179565,,,False
0cffd24c-530a-4eb3-8b9d-522dc961050f,0.85,0.8924909830093384,,,True
616af73b-6ec8-4609-bc27-336b76388526,0.85,0.8796179294586182,,,False
7f7789da-0a74-44c3-9b65-b73258f52015,0.85,,,,False
c31c88e9-930d-4fce-ad3f-b14138e8d788,0.85,0.9674381613731384,,,True
5afcabf6-b05a-4ce8-9cb6-d6d6b78effed,0.85,0.9860542416572571,,,True
ecd035ba-74ab-489d-bc89-3930df37d344,0.85,,,,False
3ec534b0-61a0-43a3-a3d0-b4e28597cbd5,0.85,0.8576170206069946,,,False
962bdc20-e3bf-43dd-a844-fb6f4265518e,0.85,0.8636258244514465,,,False
4df0fd72-a553-4c75-bf12-d7932d21ef72,0.85,0.8541772365570068,,,False
71bd1e17-c052-4a92-a60a-f1b84b3833fe,0.85,,,,False
9c77389f-3326-40c3-bf3e-85023b2f8a19,0.85,,,,True
60f025f5-b304-4adc-a3be-cb4823f4d584,0.85,,,,False
5a020b9a-7a1b-4b9c-ba00-ff19e0b4758c,0.85,0.9362894892692566,,,True
784440c9-9856-4da8-9e5d-f4d302a5e716,0.85,,,,False
669f6b96-49c8-420c-abd4-1a09dec35c26,0.85,0.8606312274932861,,,False
de162d74-a62a-4d53-9846-c5379f62b242,0.85,,,,True
196234c4-3ce8-4ec2-b033-6782011c7a0a,0.85,,,,False
ad21aae6-efd7-4bd9-be71-21ad0279b6e8,0.85,,,,True
67aa3668-e3f0-4986-9092-a9a3902cd854,0.85,0.8989647626876831,,,False
83383059-6d9a-4e49-9444-5c9c41708ee4,0.85,,,,True
56dc829c-24cf-480e-aff1-cfde3b1f9369,0.85,,,,False
fc5c3093-35f3-410f-b9c6-994b15894c82,0.85,0.8932039737701416,,,False
6026137c-dd18-47cf-990e-a14e37f3e61a,0.85,0.9177906513214111,,,False
500970a2-0682-4dcc-b231-dc9f3bc6f8d0,0.85,,,,True
fcfc4d7e-7051-46c5-9d1d-c10b8af6f19a,0.85,0.8680066466331482,,,False
db0080e4-3be3-4841-b7aa-f282b26d0e33,0.85,,,,False
03161dc0-3d38-4457-ab4f-618bdd21fb2c,0.85,,,,False
5362da91-54ae-4f11-939c-60af0394d0d0,0.85,0.8751293420791626,,,False
1fddad49-16f9-4d73-985a-30b74a5f6e0c,0.85,0.9323211312294006,,,True
c4de2c88-7353-4d96-a09a-d63d056e322b,0.85,,,,False
c450fa57-abef-4ddc-8d68-58c069703bfd,0.85,0.857225775718689,,,True
062ebb5b-1a6f-4e7c-8283-daa9b579efa7,0.85,0.9089776277542114,,,False
6953a051-a1f7-4088-a375-1fe79895d097,0.85,,,,False
a126daa7-c2a8-471f-a231-b5a9df389233,0.85,,,,False
bfbcdd35-5bf4-4fcb-ae88-003c64150fe0,0.85,0.9048894643783569,,,False
7512a919-3e18-4ae9-8e85-fd2fc9bce0c3,0.85,0.9251583814620972,,,False
397c47da-f277-4d0d-9866-41d1d4b3ede3,0.85,0.9307122230529785,,,True
8ad8af8f-db35-43d5-951c-cb149130db93,0.85,0.8846026659011841,,,False
6386a036-a3d8-410e-b6b3-c28feb2c2db5,0.85,0.8632673621177673,,,False
75ee6df5-c0cd-428a-bfba-b2fb759b8608,0.85,,,,True
1af04160-c373-4678-84b4-a5994b326a8d,0.85,,,,True
6eb1ef46-de09-4d23-bd65-0420c7bef5a1,0.85,0.8564387559890747,,,False
6fdbe372-9ce5-4d04-ad6f-7d5c43dc357e,0.85,,,,False
97c86416-6efd-4ee5-8247-be51a3b1b76c,0.85,0.9287197589874268,,,False
940f09a7-4a0b-482b-8041-bbbc03467216,0.85,,,,True
71947001-eae5-444d-97a6-a44cddd8be7f,0.85,0.9364350438117981,,,False
9a059b56-b2bf-41b6-a686-697c70de6a1c,0.85,,,,False
c9c98303-5cd1-413b-be97-891ffc064c11,0.85,,,,False
9b6936e4-e2c8-4d4e-b01e-03d80a649a78,0.85,,,,False
eca70eb1-12dd-43e0-bf8e-003ee9d5d590,0.85,0.8827900886535645,,,True
6866160c-3994-462d-aebd-45925461238f,0.85,,,,True
43dc2393-7abc-431f-9e85-bd73c951f9ec,0.85,,,,False
83fb0811-6df7-4350-a65e-9a5f98a56279,0.85,,,,False
70fc07b8-8642-4218-bf5a-987ca8998fa1,0.85,0.9476691484451294,,,True
df1082e8-f242-4212-b831-06de41c1318c,0.85,0.9065973162651062,,,False
5f0dde2a-6e81-4a7b-b6b3-15a8006a90c4,0.85,0.9107759594917297,,,False
3ec7b5da-852f-4b33-8bb3-c30c4660a3c3,0.85,0.8623505234718323,,,False
5a598fdd-8fe0-4da4-9e97-f10539ba6e74,0.85,,,,True
5875900a-9e89-48c1-9894-17e19d9b1db0,0.85,,,,False
b57617e7-9a6e-4314-9940-802a44b02427,0.85,0.9029296636581421,,,True
be6b4672-cd30-4b62-a42c-f9a9bfc4f38b,0.85,0.9151854515075684,,,True
77725e56-3c60-4043-81e1-9ab62a80b321,0.85,0.8655945062637329,,,False
62257e0d-751f-4e16-a6eb-0b8bc67c0f8c,0.85,,,,False
c73a897f-db73-4207-a70d-4ed727e5032e,0.85,0.8622643947601318,,,False
ef66ba50-38b5-47cc-aeda-14221928696b,0.85,0.8541433215141296,,,True
944cbe5e-8875-4137-8e6f-9c4cfc80b0b6,0.85,,,,False
fb4c3422-a0a4-409f-99d7-cad7cbfafb58,0.85,,,,True
db4e643d-dea8-45ec-854e-20761b078df9,0.85,0.8901092410087585,,,True
6b9d082f-c23e-4975-bd7c-43ef09ba5e4d,0.85,0.922417163848877,,,True
d2210325-2c97-4355-9cc3-baaaa6c63693,0.85,0.9193070530891418,,,False
c4f0c1c8-92fd-4f95-9981-85120f93a791,0.85,0.8668919205665588,,,False
e7c228ff-e335-486b-97a0-92e560adc91d,0.85,0.881176233291626,,,False
6f4784a4-0527-42d1-b5af-e0dd3504bae0,0.85,,,,False
bd5a0c1b-247b-4e42-800c-b495db6607e9,0.85,,,,True
5a9089b3-fc39-4673-99af-bc212e3e43d1,0.85,0.8530237078666687,,,False
4e6b7dd7-467c-437e-b980-a5e00df359e1,0.85,,,,False
ebfef89c-d5c7-4632-a288-dc5f45667c01,0.85,0.9018688797950745,,,False
28455540-59ae-497f-89ad-05eefb1a690d,0.85,,,,False
823aeb20-51ef-41d0-9b70-cc96b46d0ba2,0.85,0.9167253971099854,,,False
f88acc90-2f2e-4b2a-b4ae-7c33448b4bf4,0.85,0.9495939016342163,,,True
43b39f2d-fa12-4ca9-9afa-977cb8e00dda,0.85,,,,False
70d670a3-c3a7-4c91-8744-12d1bd5dc0bc,0.85,,,,True
50b7e441-7020-4dd7-ba3f-321347073030,0.85,0.8575659394264221,,,False
3fe6536b-b09a-4b1f-a6b2-e649362f757d,0.85,,,,False
3398c5ec-068c-429b-b6bc-2d8cd167772e,0.85,0.8533496856689453,,,False
e0be045b-be6a-4570-9aee-b38479b43044,0.85,0.861668586730957,,,False
3ff4bb9c-dd92-4c8a-bdac-3928e9fb450b,0.85,0.8506473302841187,,,False
448dabcc-1001-400a-a52c-dedf24d908c4,0.85,0.8975649476051331,,,False
4d19284c-5694-4b13-adfb-72b465490eb3,0.85,,,,False
596d10a0-89c1-4d49-bc18-5b7dbeafde64,0.85,,,,False
81d980c5-ae3c-4bb4-b11f-7c3c0419f6ef,0.85,0.8727542161941528,,,False
9db33012-ae8b-4e19-94d4-c1aaa5054452,0.85,0.8656476736068726,,,False
2395f92e-05d0-45b7-84b9-7c7a2fbdd660,0.85,,,,False
dfc7ae50-5612-419c-937c-e326d7090dc0,0.85,0.8623325228691101,,,False
843e3243-0eda-43f1-a8b3-b03fac90a05f,0.85,0.8904482126235962,,,False
2420b0d9-c5d7-47bb-82ba-5f74c129b7e2,0.85,,,,False
18341c0d-3186-483c-ac4e-c05f97285cee,0.85,,,,False
3096e768-0d9f-425f-9190-44d5d8e2593a,0.85,0.8740782737731934,,,False
53383bac-8334-4e5a-8698-e00543b6f585,0.85,0.8569806814193726,,,False
45c92a16-407d-48a8-a3b4-177968401529,0.85,,,,False
64615e21-3227-4c34-af27-b3bb3de5e8b1,0.85,,,,False
2780a04d-f36d-4a90-a1c2-8d82da7356f9,0.85,,,,False
6d08b938-e74c-4006-9c54-b0028348c9d4,0.85,0.9329699277877808,,,True
8dd6e993-a4d6-48e6-803b-5efcc10b2f2b,0.85,0.874317467212677,,,False
d400b6b3-3ec9-4f74-a306-336888616b49,0.85,,,,False
582b4d6b-043e-4ac2-966b-6e8049ba7e36,0.85,,,,False
559391ff-25e0-4ae4-b02c-eea227215bfa,0.85,0.8637081384658813,,,False
c3bcbb5a-40bf-4311-9f24-d01711f83188,0.85,,,,False
57fdba4e-85cb-482f-97e5-c5e430648561,0.85,,,,False
bed63621-b67f-445c-a5b7-68bac059730b,0.85,0.8739500045776367,,,False
86b68e2a-37bc-4e01-a15b-68cd4f60611b,0.85,0.9176182746887207,,,False
304e271a-dc51-4487-ba65-8be4d40f62e6,0.85,0.9091559052467346,,,False
6397826d-822c-4f2e-8dc1-807ebf5becbe,0.85,0.8622782826423645,,,False
fd977403-6339-4364-a644-50c9492ea449,0.85,,,,False
1e65ed40-48e2-415f-9889-8b8f0f6e69e2,0.85,0.8954824805259705,,,False
b39e96a0-ef2b-4844-b382-74541d77ebb9,0.85,0.8840016722679138,,,False
546289bd-5755-4cf7-a221-ce434c73b596,0.85,,,,True
4e257758-7af0-41ae-b607-cf855b35599a,0.85,,,,False
67398885-f08b-4842-bfbf-e773a4eeaab7,0.85,0.9176620841026306,,,False
22c86836-bc19-4304-892a-b6339006e146,0.85,0.8814562559127808,,,False
31790ac4-10eb-45f1-b68a-7f13e256750e,0.85,0.8624663352966309,,,False
146a27ae-9dca-4309-9f9f-2eea5660fdfd,0.85,,,,False
12c69ca8-9f05-4c83-9f53-e5ef30436c73,0.85,0.8732284307479858,,,False
134e31cd-dd20-4e07-be46-fe13062bb01e,0.85,0.9176567792892456,,,True
2033632f-ba0e-4beb-92ee-5d557838c592,0.85,0.9057677388191223,,,True
df2ec646-4120-41e0-b9c7-61ac78460a48,0.85,0.8804677128791809,,,False
6a877922-a51c-4304-9d5c-acfc281d3c3c,0.85,0.9237921237945557,,,False
3d8eddb0-046f-4a4b-8507-5d8a45e5e860,0.85,,,,False
398a8fd9-2471-4c67-b8f3-ed71c195ad55,0.85,,,,False
9d3d9112-9a36-4d79-832e-35d6e32711f8,0.85,0.9244038462638855,,,False
e95a813e-9199-4396-bc91-67193675cbd2,0.85,0.8675740957260132,,,True
ede5b1e7-05d3-472f-a912-d4ab39f4ddad,0.85,,,,False
2918f582-ff35-4bab-869d-49ef3bff41f9,0.85,,,,False
5bce7912-df6f-4f69-9ee1-5db5ea984903,0.85,,,,True
180ca455-8708-4413-9448-cdf30a078314,0.85,0.9576985239982605,,,False
67df9703-274c-4593-962b-b59c34b55951,0.85,,,,False
281d97ba-00cd-42c8-8eb9-e3c695074dd1,0.85,,,,False
8bd9e049-e707-43f5-8a9c-f8fe9c4f6cdb,0.85,0.9472442865371704,,,False
c278f227-07f7-4b50-a573-b57cc6a59620,0.85,0.8637708425521851,,,True
72591887-79c6-4b11-aba8-1ead4c5bd1bc,0.85,0.8984259366989136,,,False
d9ed2f4c-247b-48ca-8225-9019a8a936e0,0.85,,,,False
db2e3bbb-d0f7-4bf4-9ce2-eb359e26bdc9,0.85,0.8938995003700256,,,False
bf6c5203-d6e3-4ecf-be62-033cf88ed7c3,0.85,0.8512024879455566,,,False
965c6073-4151-4706-af98-3227d5aa1e90,0.85,,,,False
bfa7d440-5f8e-42b2-a1dd-6335e7b82c98,0.85,0.9224753975868225,,,False
f3b7352c-d8cb-4596-92f3-b3dd2a670bea,0.85,0.8625487089157104,,,False
fdf9423f-d124-47a1-aa69-bebdf04fe89c,0.85,,,,True
5fa6e3f5-9604-4bf6-87f9-1f503cd423a0,0.85,,,,False
33c1ea65-f759-48f9-a0ad-9ac840bdc72b,0.85,0.8918437957763672,,,False
a4facc33-956c-4d95-bc9e-6a13a2071c80,0.85,0.8956615924835205,,,False
e7c67363-ef6a-4537-8f77-92a0eb89b9d9,0.85,0.9016931056976318,,,False
418deef2-7389-4b98-939c-87bfca5c4946,0.85,,,,False
970d74ea-bc35-4ae2-b1a9-e4cb8262a3c6,0.85,,,,False
e65b7630-db7f-4cd2-afd1-f8ca11ad578a,0.85,0.9267223477363586,,,False
94baf29d-cea8-45b0-b772-4a7789f05cbc,0.85,,,,False
9459f4c2-b380-4e1b-a2cf-52d52d59047d,0.85,0.8643538355827332,,,True
e370009a-1890-402f-ba7f-2c6150a614a6,0.85,0.8638419508934021,,,False
381c6482-2324-489c-b193-6d58f914e9d5,0.85,0.9401535987854004,,,False
c4f80662-b9ad-4e98-ab85-7b28b01e9dd1,0.85,0.8828449249267578,,,False
a2a0738c-adbd-4e12-964a-5136ff9b5b75,0.85,0.9180605411529541,,,False
b796653a-ef45-4368-ac16-4049d291a335,0.85,,,,False
a231e4b2-3e2d-4f79-8ec5-4fbe530c21ba,0.85,0.9193592071533203,,,False
be5d5c00-e935-4440-83a4-d5177a2c8e3b,0.85,0.8605168461799622,,,False
b1f79a94-2943-4810-90cc-a03c4360ac66,0.85,0.9273795485496521,,,False
90b9f1f5-1a0f-42af-80f1-224838499108,0.85,,,,False
e5e2b33b-050f-4434-8e17-c9e403cc1e9f,0.85,0.9124855995178223,,,False
031b4f6b-a6cb-4afa-b8be-ac25ca8560ef,0.85,,,,False
1948098d-a4e5-4abf-ba03-373467034c18,0.85,,,,False
f391969f-af16-4255-92f0-325446a44f7d,0.85,,,,True
41fe806a-60a1-4f7a-9251-f83ff3cf3926,0.85,0.8625887036323547,,,False
3b049897-f146-495f-8f27-76538e8910cd,0.85,,,,False
76ebb326-a88a-4bbe-959a-478e3a73346f,0.85,0.8571001887321472,,,False
4e658d09-4bce-4517-b982-e7ef88902a91,0.85,,,,False
3ddeeacc-adca-4149-abec-d0025daa9e82,0.85,,,,False
c6bee9f9-1efc-49fb-965c-953223ff0e43,0.85,0.898339033126831,,,False
0fea38c3-25e0-48ba-a168-57e4d0d32403,0.85,0.8845837116241455,,,False
8c810947-04ae-4b28-9044-a9ad6527f63d,0.85,0.8972704410552979,,,False
943b2b3a-87c1-487e-8245-03355815e9a8,0.85,,,,False
17cb65c3-a9e3-4be1-b8f1-818a437e3e46,0.85,0.8930497169494629,,,True
bccd832f-334e-471b-9527-cfbdcea7d9dd,0.85,0.9514967203140259,,,True
515b6c5d-4b17-4e9c-9b92-0134425b2268,0.85,0.8942713141441345,,,False
9a4923d4-efc5-4d92-8e99-dbe05e6a062c,0.85,0.8814851641654968,,,True
f6190af9-ecd3-4d83-b381-0b4845330d72,0.85,0.8797657489776611,,,False
11424d66-d706-40be-ad2e-99e4d805b239,0.85,0.8994045257568359,,,False
a22632ec-678b-4be3-a916-ab9c806cc715,0.85,0.8519750833511353,,,False
3f14567f-e9c2-485d-88ca-050615bf58ad,0.85,0.9131238460540771,,,False
295a97ea-8bf8-440b-bb56-b72e94cb3434,0.85,,,,False
cad50bd7-1704-4537-9c9e-4cb05afd5a0a,0.85,,,,False
fbca5bf1-f014-454e-8b1d-5a88d1df4b0a,0.85,0.8883318901062012,,,False
f1794720-c847-452b-ab3d-5c3422d17e53,0.85,0.8653114438056946,,,False
ae030e0d-7be5-4921-acd6-ef8f479a726d,0.85,,,,True
86378404-4128-4bc8-8749-202c2b3f2786,0.85,,,,True
581e9c9c-3b61-4bf4-9002-f79ce3aaf2e9,0.85,,,,True
1b2c6d0c-9008-4a95-81cd-c36f47d4d930,0.85,0.9379138946533203,,,False
750772d4-8604-42f1-a3d1-dc44d4c1bc44,0.85,0.9189927577972412,,,False
11847327-efa1-4144-9782-f7d638bd62c4,0.85,,,,False
2baaf958-58e8-45fe-bc1f-515c7a675606,0.85,0.8548657894134521,,,True
a151e1cb-2add-4f2d-ab62-5aacead67586,0.85,0.9610774517059326,,,False
a8b37722-c93e-4001-aaea-920da5ceabaf,0.85,,,,True
5fd1e2c1-cfca-42a0-829f-f5bff9ed610d,0.85,,,,True
43bf9245-327f-401c-80bb-bbaa61ec3bb2,0.85,,,,True
389290b0-8787-4a53-a28b-c87e74e47d4c,0.85,0.8699207305908203,,,False
ec986670-ed0c-462e-9e6e-3adf449c5599,0.85,0.8709836602210999,,,False
79d6e16d-6ba1-4dda-9654-ea0dce247dd1,0.85,,,,False
d257add1-21d6-447c-88a3-597e6827c3fb,0.85,,,,True
cb9f6a7f-ce38-488d-a6b2-7a4d1d4811c2,0.85,0.8943520188331604,,,True
fe67e0f3-f336-4311-9e6b-5b0cc4c20ec8,0.85,,,,False
91a04e54-a32d-4822-a4b8-0e2f060a81c5,0.85,,,,True
97090acc-4325-41a8-ae89-10e013bd3cf9,0.85,,,,False
66006fd6-8d88-4c45-b148-47a615fc4383,0.85,0.8611547946929932,,,True
8001ae6a-e566-4286-8481-b5313b95cc76,0.85,0.8812352418899536,,,False
dad73a9f-5fbf-4f2b-80eb-26619e3cca36,0.85,,,,True
8a4a047f-a3f6-4ffe-b2c5-1ddae42c2e6a,0.85,0.8794809579849243,,,False
fb4ffac4-0998-4d1d-9b24-3756a2398380,0.85,0.8840934038162231,,,False
144691f1-3580-4b1d-974c-783bdd8f8614,0.85,0.878671407699585,,,True
c8ae184c-f170-4ae9-a325-f685fdf5daaa,0.85,,,,False
b860768d-b1e0-4125-83fe-d9f7fad9b341,0.85,0.9509379863739014,,,True
931a3d6b-4495-493f-8490-cb7a72fecef2,0.85,0.8846574425697327,,,True
e0816422-6a86-4252-b972-22024a58e063,0.85,,,,True
6c4c32b3-7b6d-4c41-810c-65b0a59ffb33,0.85,,,,False
0412c7cc-29d6-4063-8a4d-d7e1a206dd6f,0.85,,,,False
22e6b872-cacc-4b54-8c2a-d6c200125e31,0.85,,,,True
d9e3c6af-2d1a-41da-8543-9bb4883981ed,0.85,0.8777812719345093,,,False
5168e2cf-cda6-4369-877b-bd2112fae180,0.85,,,,False
4007b150-16ea-4712-9f93-a296b256794f,0.85,,,,False
9c6dbbeb-88dc-4b2c-bd44-8039d5e62793,0.85,,,,True
274e7cee-80af-4e33-89ef-045527df76db,0.85,0.8904927968978882,,,False
fc4b70a4-9aeb-4495-932b-fcdbe662b104,0.85,0.8557226657867432,,,True
072a6eda-5a63-4368-81a1-6de018e6144b,0.85,0.8649917244911194,,,False
da4b0f03-cc05-4a88-b5c8-afde1d732fa3,0.85,,,,True
628f1ecc-311d-4773-95d7-2145186fe142,0.85,,,,False
de54698b-3b64-4ff8-a7c2-576369a92150,0.85,,,,False
24323651-4cb4-4d9f-8e0f-baeba95e2c94,0.85,0.923425555229187,,,False
6141e9b4-2be0-431b-a730-818703bb5553,0.85,,,,False
f8b83b82-8c94-4bb9-9983-d236930f8ee8,0.85,,,,False
e8152290-dd87-485c-ba5a-cc9b081a29ec,0.85,,,,False
3a8cd66f-e022-4de1-902c-f7ebae4043c7,0.85,0.8722506165504456,,,False
74b5f3ac-0a5f-487b-ab52-1ae0b64188d9,0.85,,,,False
50ca5161-858a-41cc-9e9d-6bc180d59173,0.85,,,,False
8f28bd9c-e19f-4b0a-8f8a-a99c16fb72f0,0.85,,,,False
87b1ebd9-fd92-4baa-bc15-0438a3ef9f30,0.85,,,,False
5708cf8f-56a2-47fd-8dd2-44928668ddc7,0.85,,,,True
9556a4f4-ed0a-478e-bff2-7265425fcc4a,0.85,0.9115418195724487,,,False
2569b288-bacd-4386-bef9-a995329600ba,0.85,0.8946832418441772,,,True
d312b899-8276-4d8a-a74e-c6cda0f4320f,0.85,0.8715915679931641,,,True
cdd7e1c1-cb3e-43bd-8442-b4bb333c33e6,0.85,,,,True
ce5edc30-41f2-431a-8b61-3d7c7e35fca7,0.85,0.8885699510574341,,,False
aad994fd-6a23-411c-83c9-e122f2030689,0.85,0.9076963067054749,,,False
d51bf5eb-b915-41d7-a190-48079b44da08,0.85,,,,False
77879f0f-a331-4c9b-af65-243090bf1c9f,0.85,0.9144331812858582,,,False
f610e60a-ea7a-4fc2-97b8-252ab6c513f9,0.85,0.8644863963127136,,,True
9ed5d16a-17b8-4475-a6c7-d3d4771139f5,0.85,,,,False
bf0e2c9f-20f8-4710-9db8-8351ac95c03b,0.85,0.8635404706001282,,,False
fbd3f826-5705-476f-a748-c7e7f434a3da,0.85,0.8575620055198669,,,False
980cbc8c-88a3-4511-8a03-3628a8bec19a,0.85,0.896264374256134,,,False
50d8829d-4087-472d-89f5-38a5ba5b6c97,0.85,0.9565173387527466,,,False
f0d1006f-c366-4dcd-beca-bd1561dbebbf,0.85,,,,False
2a42f37f-3d0b-4a05-b73f-5ad824ebb6b1,0.85,0.8700577616691589,,,False
4e8cd8e2-291f-467f-a30c-3362d2ca5435,0.85,,,,False
3b8f5dc6-62b8-45f8-8c76-d9071d5a8ec5,0.85,0.8582501411437988,,,False
4657fa14-5932-4dec-84c7-594503a8eb6a,0.85,0.9524070620536804,,,False
a6c7ccbc-2b92-4f91-bbfa-68a027b2cb32,0.85,0.8769878149032593,,,False
5953fa83-9466-46d1-9f94-0419e9bdd028,0.85,,,,False
5629021f-5716-459a-9df8-54e0ba15ee20,0.85,,,,True
db75a2a9-0990-4611-bfac-6fd3ed6af21b,0.85,,,,False
d7cb00d3-3aeb-4684-ab88-28e1afd7fd3c,0.85,,,,True
56e820cb-d268-4545-8950-8c150bd583dd,0.85,0.8993823528289795,,,False
ce8c0f92-f2a0-4034-ac70-208b761a3cb3,0.85,0.879133403301239,,,False
8649c413-eb23-478a-94e5-6189dde48921,0.85,,,,False
5d01f908-4e21-4597-8128-eb90fd5b0e63,0.85,0.864198625087738,,,False
20e873b3-88cf-44d0-8735-52349a5917d9,0.85,,,,False
769225c7-d2f0-41a5-8cd8-10ced5cd11d0,0.85,,,,False
54505383-5b44-4f48-a34c-1ba2a727570c,0.85,,,,True
ad2c2efd-5a55-4eee-8a3d-e3326c2030bf,0.85,0.8783811330795288,,,False
1547f16a-5ed9-45a4-8632-4e68e1984fd1,0.85,0.9263800382614136,,,False
6db7a7d7-f24f-46ac-a7d5-a2c49433895e,0.85,,,,True
ec678322-734b-4885-a858-ef1831e12ca8,0.85,,,,False
2264f261-1729-42a7-9b23-6b8051607150,0.85,,,,True
05b4fda5-11e1-436b-b9dc-0cdd87ac8def,0.85,0.8979159593582153,,,False
e952c881-7341-468b-b9c4-14d782235d46,0.85,,,,False
3f222a18-5022-4941-bd18-21d748f3d39e,0.85,,,,False
78535676-5755-4799-b230-a88ae286bad3,0.85,0.9059503078460693,,,False
45af14dd-7dcf-4d2e-bccc-633cf658b7fb,0.85,,,,False
52ec2622-e546-42a0-9a05-fdb0dc1ae262,0.85,,,,False
b2d1209b-ce4a-4eab-9467-3f742f785464,0.85,0.9022500514984131,,,False
d9214034-a5f1-4c07-9bed-dcd32ae54366,0.85,,,,False
69c1bb56-bbae-44d4-a89c-280abfb0b696,0.85,0.9331716299057007,,,True
5030bc27-f3e3-48ce-8dfc-462069b3f227,0.85,0.8732708692550659,,,True
5585a229-61de-486d-b679-21f35c2e01f1,0.85,,,,True
91f1d507-7018-4b43-afba-66f31ca2f964,0.85,0.8568160533905029,,,True
13f473c5-f1ea-4bb2-8be1-8c850af77cfb,0.85,,,,False
290d155b-834e-442a-b352-8736c1c191b4,0.85,0.854873776435852,,,True
adfd3b2d-3a8e-46a8-9c6f-f16f433be7de,0.85,0.9307559728622437,,,False
49660663-a9bb-4fc9-b039-677207d56fb4,0.85,,,,True
c8e12f04-c876-472e-99d9-c0baa341ea0b,0.85,,,,False
f4d1e66f-e810-4f0a-b65c-41539afe7574,0.85,,,,True
af555914-f6ac-4c2e-960b-519a7560e262,0.85,0.8555880784988403,,,False
d045c536-709b-4181-b9b8-a4c6a3fc357e,0.85,,,,True
f69e40d1-a510-489c-838c-0b1a8fa8db0a,0.85,0.9546635150909424,,,True
a869e64f-46bb-4761-bfb0-029a69a63b7e,0.85,,,,True
3ef31a81-efd0-44d8-8e2e-32f703f2859c,0.85,,,,False
afbda23b-88b3-4f06-b120-c0bcfaf8569b,0.85,,,,True
513bed93-9daf-4501-9a37-fe273c22588e,0.85,0.9026774764060974,,,True
0e5302c3-cb55-4c2c-ab8b-7d6e649e7395,0.85,0.9016736745834351,,,False
5fb48ee7-640c-4cb1-af5d-98edebde0ee1,0.85,0.8990917801856995,,,False
020af58a-3b04-407f-9c66-42e6d29a1e9b,0.85,,,,True
9ee488db-bf56-4b31-83d7-b6f5f3e5e167,0.85,0.8825166821479797,,,False
acbd8bbd-c7d3-47f2-8c46-ec272de5f906,0.85,,,,True
e420805c-b8c7-46de-b1d7-d66456a83043,0.85,0.9192580580711365,,,False
4819e8ff-3072-43a1-83d7-a5ed44608e5d,0.85,,,,False
8c59fc70-387d-4b2a-99cf-9fbd18554f82,0.85,,,,False
b3f10d06-604b-43d2-91c3-f41a314e82c7,0.85,0.8827432990074158,,,False
6cdf5e96-84f2-4b2d-bdde-651e5a140969,0.85,0.8728387355804443,,,False
e7f1c7de-4bc9-4e0d-a906-37cf157d2a31,0.85,0.9149339199066162,,,False
a3400414-1a39-4610-9928-34dd5e5b9d92,0.85,,,,False
2eca3574-ba92-4c1a-871b-131f48b09ae0,0.85,,,,False
1d6c34f8-739f-4e5e-9cca-3cc1aa0265b8,0.85,,,,False
af192c6a-a1d2-4d9e-806f-daa0192c11a0,0.85,0.8810492753982544,,,True
46e33a66-34ae-48fd-aff5-e1b02951f662,0.85,,,,False
27707743-84ee-468f-9b99-f563eefa32c3,0.85,,,,False
be6e27cc-0a3e-4b5a-baa5-316c9fa5a0a4,0.85,,,,True
319ac650-5c92-40f7-a162-ac510c1305e8,0.85,0.8740271329879761,,,True
b2fa615f-c6ed-4b93-9d8d-bee30cd17d7f,0.85,,,,True
b84d7c8c-a7b7-43d4-99f9-8e0783868417,0.85,0.8879204392433167,,,True
2436cb6f-187a-44e3-9052-ba3a53833826,0.85,0.8502442836761475,,,False
ce2b27e6-e215-44d0-9a21-62991df5f928,0.85,0.8611567616462708,,,True
a4a2c65b-f303-499c-8b15-38989334aa7f,0.85,,,,False
71394fc2-7b0a-4a8d-8542-753d5bcb1eb1,0.85,,,,False
1a8b829c-0ff7-47c3-b416-5eee1bf3654c,0.85,,,,True
24b5164c-c4b1-47fc-9836-1edbf027805a,0.85,0.9004963636398315,,,False
3e768fe6-3025-44dc-a540-1b3bb5cd467a,0.85,0.8934227824211121,,,True
9250dd6d-1ea0-4642-a5d9-08aaa8dd7df9,0.85,0.8585772514343262,,,True
ccfc114a-5c85-4ac2-bc4e-b94e1537f052,0.85,,,,False
613cb597-803f-42dc-a928-fedb1f025006,0.85,0.8594657182693481,,,False
e69eba71-54c5-4c93-9555-74a602b57c57,0.85,,,,True
171ec4f6-8d28-478a-9b2f-8e643206f9e3,0.85,0.8583048582077026,,,False
1b57b557-22e6-45f2-a81e-26ac416c606d,0.85,,,,True
ac182daf-2356-4ff6-b609-05bad67178ac,0.85,,,,True
596d9159-2329-49cd-8dcf-034f66679619,0.85,,,,True
33a792ce-91fe-46bb-a319-6385b7f8bc96,0.85,,,,False
ac42440d-cac7-4d02-b2b3-58747500a0ab,0.85,,,,True
82b65975-bedf-4496-96f5-8531b239b6a1,0.85,,,,False
c6f0504d-63f3-4d85-809c-87d7666b97f5,0.85,0.9214332103729248,,,False
796d600a-73f7-4f5c-b667-855b371134bb,0.85,0.8550596237182617,,,True
7e9cf4c3-345a-414e-9131-5bc170960085,0.85,,,,False
2c3ebc22-17a8-4d5d-9453-de85f973fd46,0.85,,,,False
76f11e56-2414-496d-869e-a74e11e904de,0.85,,,,False
1ae34c86-6948-4a7a-8cf5-efc53e99083e,0.85,0.8880742192268372,,,False
f8657a40-f3e9-4e8f-9fa5-b48c8939c980,0.85,0.896528959274292,,,False
2da5b49c-bd91-4332-8839-5098b0e5aed4,0.85,,,,True
f7b8a238-60c2-40d9-af3c-d03992de1ce0,0.85,,,,False
a41ead24-e107-46db-8dba-5eda496f1095,0.85,0.8576837182044983,,,True
5f6508db-eb49-468e-a013-373879b4b264,0.85,0.9457956552505493,,,False
3bd49e79-3700-4337-82f0-fb8b94f8d3b5,0.85,,,,False
615a8cbf-37d1-4ae5-ac7b-61b7a3d80dd4,0.85,0.8732555508613586,,,True
551b4484-db7b-4dd7-9703-da1a9737533f,0.85,,,,False
96f42b63-fb10-410f-bd94-0f4556bada81,0.85,0.903303325176239,,,False
62676449-39d4-4e19-a197-bc7f3d2e8f9c,0.85,0.869031548500061,,,True
4ade735e-e388-4fee-9012-33b602df318c,0.85,,,,False
52afa864-3052-4cd1-bd91-33ff6ac9c2e4,0.85,,,,False
55de7abf-8371-44cc-aa27-90266c023baf,0.85,0.9037671089172363,,,False
204fe07b-a0c6-410c-93ef-f74f11b32f04,0.85,0.9061510562896729,,,True
014efa4e-834b-4a57-a818-4225ce2390f0,0.85,,,,False
596d0a98-d848-43b5-a877-3dfe0cbbb954,0.85,,,,True
4f8749d5-3231-46c2-beb7-63e21fc58e24,0.85,0.8792041540145874,,,False
0423a9e6-9785-4810-9748-9c46be433c71,0.85,0.934767484664917,,,False
7a439e75-b031-41e4-9414-45f96f1afef4,0.85,,,,True
4927265c-40d8-4126-bfd7-5a57b9d76323,0.85,,,,False
fbdc7304-d137-4680-96e0-3ab8b2d1695d,0.85,0.8861414790153503,,,False
1ee969a7-0348-4c4a-8539-bdb7c9aa951b,0.85,0.9050558805465698,,,False
b1c5e66f-e009-4abe-ad40-7949536c79aa,0.85,0.8727801442146301,,,False
8d10b3cb-6603-4848-8614-536d5a22f4ee,0.85,,,,False
e5bdb15c-6356-4df9-80ad-2a791c8e21f4,0.85,,,,False
4f87b085-aadc-4f7b-b5bc-06eb9217bc63,0.85,0.8638588786125183,,,False
111fc069-7db6-4d8c-9589-cc3e1933ff0c,0.85,0.8548254370689392,,,False
71130397-9a4e-4f21-b9e9-f6e8b57bc349,0.85,0.9224753379821777,,,False
11b51157-eebe-4673-b2fd-8d9cdd43ec2e,0.85,,,,False
f78b5e9c-8290-463d-a58c-586ec83cece9,0.85,,,,False
d179e629-b9a8-4ffb-ae5d-b5fc7d63b5ed,0.85,0.8654988408088684,,,False
68c047d4-05cc-4429-a7de-f6fc027c46a0,0.85,0.852371335029602,,,True
0dc3f5bb-4379-4f17-8d64-4a9774e0c46b,0.85,0.8765518665313721,,,False
e14aa3d9-90d0-4471-85b1-f6e0328b9f9e,0.85,0.8548569083213806,,,False
88dff8bf-4cf6-4a4f-95ad-61f7ea4f1529,0.85,,,,False
d00d9072-27cf-44d9-a9e3-b008f42cf0c7,0.85,0.863411545753479,,,False
46e53193-8288-4597-b3aa-f29f39607824,0.85,0.9022573232650757,,,False
8a51ab76-0274-4c7c-afe4-47ed3f5a229b,0.85,0.9253465533256531,,,False
fa99a403-fc4e-4ed2-a158-2b3841124f4c,0.85,0.8844897747039795,,,False
99d50f90-5b3b-4d0e-9362-c076a62f294d,0.85,0.9202722907066345,,,True
587e3b8b-ea8a-45e0-9a24-81ba836dc433,0.85,0.858064591884613,,,False
ac973bdf-70f3-46f8-911e-3aaa54f95afe,0.85,0.9120559096336365,,,False
60ca1601-afeb-4705-ae9e-ce94811f9840,0.85,0.9077837467193604,,,False
232b3bca-8ef7-4830-aeb1-98de33120618,0.85,,,,False
679f99aa-b942-4082-b336-f1d919b9786d,0.85,0.8640855550765991,,,False
5f68ea97-1dd1-4f2d-ba5e-3b2a02354fb5,0.85,,,,True
2331efb5-e0aa-4d2e-8985-5a484e42d465,0.85,0.8714628219604492,,,False
ffd91062-696e-4678-9754-ff40f8c13a31,0.85,,,,False
a0475f89-4b74-4b6d-b9e9-7ad9ac6ab29e,0.85,,,,False
2ceaf703-7ca0-47e4-af97-d55d3811b708,0.85,,,,True
6e85514f-0409-4c3e-b273-883d42643078,0.85,0.8762738704681396,,,False
b509b639-381d-441e-9216-5e1bdb02fc93,0.85,0.8813554048538208,,,True
2e577422-c812-4dce-81af-0d144d267059,0.85,,,,True
4e27d2ff-3a3b-4101-b596-d658eb03306c,0.85,,,,False
90c1dc33-05ab-4db2-9319-834ac18e925e,0.85,0.8578699827194214,,,False
ca777729-7b71-403c-9989-0518bfb2b331,0.85,,,,False
4745c855-a79d-4be9-a8b5-5fdf0508b928,0.85,0.891302764415741,,,True
17f78a1c-7802-45e4-befb-b7a7c6d7e607,0.85,,,,False
d3ee87fa-7fb6-40d5-a51e-983f7d1baf58,0.85,0.8795362710952759,,,False
7158a532-56d2-44e8-83ec-a4e61ec02096,0.85,,,,False
ef5c5011-ec65-4a22-ab45-466db0d2e131,0.85,,,,False
e6f524a2-827b-4f53-b7aa-5c4214a897de,0.85,,,,False
75249968-f3f8-4003-8510-d7bdfc76843d,0.85,0.8986679315567017,,,True
f77167fd-ee85-4368-8abe-5584627fbe22,0.85,,,,False
c4cbfe88-c836-412e-82f4-ef5c5df04a5a,0.85,0.8830864429473877,,,True
3d5ea1e0-c509-4cca-b470-23aba78bc9f4,0.85,,,,False
940a0bf7-4af8-4773-911a-24b5e6bd63d8,0.85,0.973202645778656,,,True
012b9c65-236b-4c7e-8b4a-2c19666f3f43,0.85,,,,True
713d57d3-fed0-4c0a-bdbe-1d0ac7cc5031,0.85,0.9045856595039368,,,False
4008d9a0-cae6-4401-af4a-6d79a8299fc2,0.85,0.9385346174240112,,,True
296f8d53-3e94-4474-b609-12e2df728346,0.85,,,,False
2cff0774-86bd-429d-a63d-3134a73490fd,0.85,,,,False
ad8f5753-1e90-4aae-9585-621798f41f58,0.85,0.8896318078041077,,,False
ded5da25-a5a8-45e2-8e81-960de2303b7f,0.85,0.9503288269042969,,,True
a46e9f4f-8a84-4405-9265-a86f65694ac8,0.85,0.8878010511398315,,,True
f6472f6b-8f6a-458a-ab37-3d65ffe72ede,0.85,,,,True
48ad340f-1809-49d5-82ce-e3fb86ab5cfa,0.85,,,,False
9bcb1580-3b52-4905-b1bc-4ca0643d7501,0.85,0.8564283847808838,,,False
b72c0352-b2b2-407f-b494-f19dea96631c,0.85,0.8852000832557678,,,True
f9c65711-3ac7-4415-ba98-f636be8a877e,0.85,,,,True
09cbf5ef-8a28-4e35-9d12-a0bca43c1626,0.85,,,,False
ea1b7593-ae70-4525-9c83-53ce9f623a59,0.85,0.8589977025985718,,,True
d68c3778-08bf-4699-9f15-7d6154ddb632,0.85,,,,False
7d2376c5-98c6-4cf7-a560-abb86f1d5376,0.85,,,,True
4f467b8c-cc4a-45f8-a2b6-850e7bf714a1,0.85,0.8722381591796875,,,True
be26196a-d49d-4f58-8109-b36cd19f8f0a,0.85,,,,False
ff3bcbff-2d55-4b59-b00e-4aeddb3b97f6,0.85,0.9444128274917603,,,True
f251356e-1506-4657-beb6-bb5989029f72,0.85,,,,False
c6b73f87-72c1-43da-82c2-7bf67d1278bc,0.85,0.8516405820846558,,,True
54116050-36e3-4a87-a947-125fdba3e4cd,0.85,,,,False
8ed4ca6f-f5a2-4054-aaf5-54edf0596741,0.85,0.8669906854629517,,,True
2d62805e-46bf-4835-a630-0917cdfd3b46,0.85,,,,False
7d3a9433-4864-4d66-80a1-b1690492e6e0,0.85,,,,True
c44cb6bc-0d7f-4695-9996-10e97f3f58a4,0.85,,,,True
513d7e45-5862-4a46-94c7-d8e3a2c6fb58,0.85,,,,True
138b94a6-c11e-4904-8510-8ea7179c5ca8,0.85,0.8890560865402222,,,False
708806b3-1142-46b2-8922-215ed632857d,0.85,0.9160106182098389,,,False
8d9bc2c4-2876-435f-9405-3e8c12ee9f0e,0.85,,,,False
11468475-e81e-4bf9-95de-f3009095f1db,0.85,,,,False
c017f4a9-1457-4e18-8bd0-9e42ec2f8849,0.85,0.9105929732322693,,,False
0e7cab77-5d26-4e7c-bfc4-45eccf203b09,0.85,0.8729473352432251,,,False
c3d11822-74f8-4d2c-949f-ca61303a842b,0.85,0.9446426630020142,,,False
1ebe8b2e-14d5-4c22-a8e1-1bda544b1a04,0.85,0.8838933110237122,,,False
ce7758af-af4b-4f79-8640-6e03b3b84c4c,0.85,0.8627874851226807,,,True
86345aee-0977-429b-9781-30336eef4cea,0.85,0.922237753868103,,,False
e9e8534b-9937-4dea-87b8-a6179c62fd43,0.85,,,,False
2b593dbb-b601-48a7-b691-8f164fced68d,0.85,0.8762679100036621,,,True
cc5e280b-f5ed-4024-845b-d0d61d27bdaa,0.85,0.8763253688812256,,,False
2b1b46af-fbd6-4618-b73e-b3d6464eb479,0.85,0.8976178169250488,,,False
246793a2-b9f8-49e8-8f9a-9d7a14eda559,0.85,0.8500291109085083,,,False
fa2fa00f-6ee3-4a7b-b5a4-f5bada484ad8,0.85,,,,True
1a54f1c7-bda6-48da-a668-a003589bbd6d,0.85,,,,True
d72f063a-0091-444f-8c25-2b69efd6b184,0.85,0.8868873119354248,,,False
8378f2c8-51f1-4d2f-a25c-2c68733b7ae9,0.85,0.8797082901000977,,,False
7b07f496-af4d-4ed4-9659-7b5afeee8d6a,0.85,,,,True
21615bfc-0fc3-4f2f-b7d9-0fbf339b932b,0.85,,,,False
d92be9db-63d1-4000-9166-ae80414b6406,0.85,0.9517876505851746,,,True
d56c0f45-0d37-49cb-a1bb-b075b78e172a,0.85,,,,False
6a34af6f-9f12-4933-923e-3614f3d72ed0,0.85,,,,True
c1a7ddad-1672-46d2-99ac-3bc6305c9e6b,0.85,,,,False
6b6aa28e-347d-4d41-813e-52eb8de1e772,0.85,0.8980622291564941,,,False
c28561c0-8374-4d33-a7be-ee4a8efd00d3,0.85,,,,False
06550c37-3b3f-41ec-9684-79142ee35ad7,0.85,0.9047501087188721,,,True
ece03844-58b3-415a-b4f8-c6f6536fb3a1,0.85,0.9229529500007629,,,False
ee8ca07d-1725-471d-ba86-4d67693cbdfa,0.85,0.8839516043663025,,,True
27af5989-dee4-4987-93c5-16a0fd4f38d7,0.85,0.8552863001823425,,,True
8bf9e420-1fbc-4d19-8803-202dbc5380c3,0.85,0.8969553709030151,,,False
57d811d6-1596-4a5a-86a4-0bf906cbc6a2,0.85,0.8688976764678955,,,False
2cb1a5e5-dac9-4e1d-97bc-93c86cdca8e1,0.85,0.8847469091415405,,,False
6b2c08c4-fb0a-44d2-9905-df0d1a390f41,0.85,,,,False
8283cb8f-2278-4bff-abba-1048fbd11226,0.85,,,,False
7011114e-47ba-4f01-aacf-ebbda709cb0d,0.85,,,,False
419987b5-0362-45df-bfbf-cc4876ab4653,0.85,,,,False
46cc8f6e-ae7d-475a-9d18-7b54ea6558fd,0.85,0.8503144979476929,,,True
e6e086ad-4e9c-4a87-8f10-38898d1b341a,0.85,,,,False
587c7ab3-f6fb-45a4-89f5-757ecca85a34,0.85,0.8674085736274719,,,False
c71ddc24-4a6e-47ca-96ee-5a9a6a8738a3,0.85,0.8694943785667419,,,False
bedfb6fc-e8bf-4555-8df9-56a9f8ca337b,0.85,,,,True
a848908a-ec38-4b04-b954-f8c77987f117,0.85,,,,True
3128e9a1-10b9-428a-8435-eff7b6c450f1,0.85,,,,False
4077d31c-3771-4168-bb23-ecead9157f5f,0.85,,,,False
bfc7eee2-d994-4a03-b673-8bb5a1786fd4,0.85,0.9153889417648315,,,False
7a589864-aacc-4fc6-a858-937df634fe9e,0.85,0.8653203845024109,,,False
2a8195b6-80ea-4c95-a1fa-5fd3081a9f49,0.85,0.9327386617660522,,,False
52320a66-f440-49df-833d-488a13db13a1,0.85,,,,False
38b864f5-65cb-46a8-ac55-27bd2a8015f6,0.85,0.8514374494552612,,,True
2836e95e-186c-4bf4-8af8-9d6fefaed1a2,0.85,,,,True
f88995f8-2d0f-401e-b8d5-c542cf369965,0.85,0.8513919115066528,,,True
bdf8db91-4f67-41d6-914c-6f1b781e3253,0.85,0.9541706442832947,,,False
b6193b78-b5ed-4558-85d3-27c52de7cc45,0.85,,,,True
d78bbc08-cece-4958-8df8-72bf95eaeebe,0.85,0.8573548793792725,,,True
8a0c57c5-4c76-4b7a-8151-8ca5bf854c93,0.85,0.8758974671363831,,,False
82c4dfce-634a-4a1b-a143-ce6cdcdc413c,0.85,,,,True
9047e217-0bc9-4010-9656-21b97d8ee60d,0.85,0.8870067596435547,,,False
5c9307e4-f772-41d1-b493-f49e4eab9a51,0.85,,,,False
6d431782-13d1-4aa7-b156-e9b4530d5262,0.85,,,,False
ed4de463-0dca-4938-872d-1b4ce4a78f61,0.85,,,,False
669632a7-16d3-4168-b1da-1af84e791e57,0.85,,,,False
c0959114-1b21-4104-9e0b-0fd42802a07f,0.85,0.8729828000068665,,,True
826a56c5-df12-4d83-b93f-4f6dea79f32f,0.85,0.8842687606811523,,,False
1d3ab203-e368-4e64-a0fa-3875ece8b221,0.85,,,,False
25fa1b7f-b852-4e02-9b29-b62b5950e585,0.85,,,,False
63661f37-3bba-4bb2-bd7a-fe6efd05a0db,0.85,,,,False
12b553bf-76c5-4cf9-9f41-4ababdeb96a9,0.85,0.9486724138259888,,,True
056df133-c81f-4fc9-b16b-485db7070078,0.85,,,,False
b44291db-3758-4af6-8210-d833749c7c0c,0.85,0.8911898136138916,,,False
f12ce578-08fc-49c7-8d8e-eae12cc65deb,0.85,0.8779315948486328,,,False
daaf7afe-4116-479a-99ad-7f62df74a81e,0.85,0.8731294870376587,,,False
0d3f134e-be0f-4647-91a8-450dc30f39af,0.85,,,,False
7d2d9e75-b7c0-4bee-81cc-89bb578ddea1,0.85,0.9367324113845825,,,False
88e5653d-68f4-4eca-bf3c-1e668b494073,0.85,0.9025254845619202,,,False
1b1be133-6f3f-4d54-8290-08fa71bc7608,0.85,0.8545231819152832,,,False
1a3126cf-e1f6-4a63-8586-b890bc9f8930,0.85,,,,True
828e32f7-3832-421d-8ccf-dc79120ab04a,0.85,0.8537669777870178,,,True
40de3cf2-ab7b-4f92-905e-58121fd9537b,0.85,0.9210138320922852,,,True
cabbb574-9488-40a7-ae12-3c758fd08b2b,0.85,0.8873105049133301,,,True
d016445e-8590-43ae-abf1-02368e6368a9,0.85,,,,True
00bbf980-6fcd-49af-8ff7-a14fc9f76b69,0.85,0.9136397242546082,,,True
ada48796-1cfd-414b-a842-f0b1d7cadc77,0.85,0.8853048086166382,,,False
d221c8b6-daff-4421-a603-66b97b9a4a1e,0.85,0.9287354946136475,,,False
3da5bed6-9628-4919-bd96-fbe1eb079bc8,0.85,,,,False
a195c087-d6c9-419e-806d-dacf11857d50,0.85,,,,False
7c370752-5126-4b21-b4c5-b684c6a3c5bb,0.85,0.8890933990478516,,,True
993e414b-d2d6-407d-bb9e-9e4c6d25aab0,0.85,0.8706700801849365,,,True
d373fc6f-47cd-4f16-8627-d1396e714a66,0.85,,,,False
e9b35987-30ab-44a0-b4c4-5b49e541f957,0.85,0.9158033728599548,,,False
0b4ba343-e8e2-468a-9b16-810b2d444d4c,0.85,0.8559221029281616,,,True
11577185-e126-4f27-a1ff-6facf971ab9c,0.85,,,,False
0257d9b5-0a5a-45ef-a89a-381f94115995,0.85,0.8770865201950073,,,False
c59700f6-9099-4a1f-81d9-152c33386a31,0.85,0.9559606909751892,,,False
a678757e-3af9-4e39-a8a1-8f2c77252dbd,0.85,0.909781277179718,,,False
9ef48df5-f9fb-4c26-9f97-050a6ca8f2c5,0.85,0.8588659763336182,,,False
4ef5d7cb-0ccd-4e63-9f61-2f0e627e3f79,0.85,0.9795591831207275,,,True
f206526d-219d-474b-a18b-60eb28a5cafa,0.85,,,,False
95cac718-850e-4b68-ba7c-e80ee3033fc6,0.85,,,,False
44a478fb-554c-470e-9ea8-8db2cb2c0867,0.85,0.9491585493087769,,,False
3b1162af-7999-4159-adcf-5ca8ed2fdd94,0.85,0.9104999303817749,,,False
2f6af696-6479-41b7-93f8-a5977fd9ae60,0.85,0.9337236285209656,,,False
8d42e5b2-7d87-4954-8e7a-8a6d71f901bf,0.85,0.9395188093185425,,,True
29f54b34-aa5b-4522-85bf-5f6f7dc9a200,0.85,,,,False
0c6a9323-c390-4df1-9755-2610cf56955a,0.85,,,,False
aa4e6891-2e2f-4eb5-ae93-a12b4bee6cd5,0.85,,,,False
4812dd2d-2d34-4394-9397-2b5f6a2a8344,0.85,0.888425350189209,,,False
a614432c-064f-42d7-87e9-df50445bc1c8,0.85,0.9146482944488525,,,False
f4ad4d46-6638-4bb8-a9a4-5e21a7464fa2,0.85,0.8920551538467407,,,False
0c9d8338-cb1a-49ef-a5d2-27dcabe60e8d,0.85,0.8873727917671204,,,False
3e2adb7e-b114-4563-b21d-5b05b2179d7f,0.85,0.9041723012924194,,,False
412cb49d-47de-4a0e-b3d2-76a1cdaa2dbd,0.85,,,,False
b18639e4-520d-4b8a-b450-69ababa6d8b6,0.85,0.903644323348999,,,False
3c75a7ae-d8e6-48cc-a4d6-40db6aae4ae8,0.85,0.8834823966026306,,,False
19f02499-dc38-4cbe-92df-657269f1e8f1,0.85,0.8607832193374634,,,True
79b8a6ee-447e-47f4-947c-b5f336a86cad,0.85,0.879170298576355,,,False
8755c1eb-f6d7-4515-a926-a24efd718a89,0.85,0.9094626307487488,,,False
8d2bf3e8-1645-4be3-9e66-c059b8b5371a,0.85,,,,True
869d033d-065b-47cf-8ca3-588fe35e9c66,0.85,,,,False
c2db9548-ed2d-43d5-9632-22357cad3c0c,0.85,0.8545282483100891,,,False
ec8ace82-d429-474e-996b-9fbdf026c876,0.85,0.897497296333313,,,True
e4a28060-153d-4041-adf5-6023f9dd0733,0.85,0.8695235252380371,,,False
3fffc3ec-ae91-467c-9c71-1f66820b327c,0.85,0.8853981494903564,,,False
9b115d18-7d27-4b3e-9e13-012a74657cc7,0.85,,,,True
7f9bdf4f-ae52-44a2-94bb-556b8d960ed2,0.85,,,,False
d1030a3e-8959-4a6d-b887-33c39b1ea27d,0.85,,,,True
ed7d54ef-973d-4eb1-b20a-3c1fcba11a16,0.85,,,,False
85419c95-cf82-4517-8e7d-11251e3e6f7e,0.85,0.9188621044158936,,,False
b3664ea2-fe56-444c-a875-8d0e036c51af,0.85,0.9994214773178101,,,True
cca15f62-0709-4c6e-854d-52438e37c6ac,0.85,,,,False
ba69406c-b42a-48df-a01c-ad620ab82772,0.85,,,,False
217ef149-f286-4127-b555-1f4d6b1ccab7,0.85,0.8603906035423279,,,False
29d790c8-ec95-47c3-8194-42d3cd79688b,0.85,,,,False
fd50970b-cdbe-4fb7-80e1-436fc67e8618,0.85,0.8845856189727783,,,True
d7a31a46-ae49-4041-9c49-1aa9c0a9105f,0.85,0.8926052451133728,,,True
e0d04fad-4763-44eb-8c27-9d40991738fe,0.85,0.908637285232544,,,False
c98ec9b4-09a4-4499-af59-29751ec467ba,0.85,,,,False
39287270-ba4a-4c5a-9ed1-865879b14ee0,0.85,,,,True
7baddd2e-f967-403a-ab4f-c06b146c3a65,0.85,,,,False
e3273660-599a-4110-89db-dc3f15655a4a,0.85,0.8621307611465454,,,True
452d3302-ed76-48f1-a1ab-379ddd531f0b,0.85,0.8597284555435181,,,True
1756567a-629b-4101-a560-7040663cd2b6,0.85,0.8528926968574524,,,True
abadf151-b453-40f6-9831-9bd256d59fa0,0.85,,,,False
c5269bf8-1475-45d6-8677-5151bc160218,0.85,,,,False
111894c4-08d9-45ef-a6ac-679a3b345bd6,0.85,,,,False
96e6fe1e-45dd-47e1-8d48-e4aef7ee0f86,0.85,,,,True
0f83f64c-47e1-4cf8-81fb-9111a77410fe,0.85,0.9030675888061523,,,True
898542ae-7f16-4830-b93c-47faf11b27c2,0.85,,,,True
c3e2a9d0-8c4e-4737-879d-cc928b632b18,0.85,0.8646858930587769,,,False
0f1dc1ed-2dba-4967-a27d-e09cde79dba7,0.85,0.8912100195884705,,,False
2751cb6b-58d5-491f-bdb3-a51c8f4fb05a,0.85,0.9132383465766907,,,True
7544eb90-d785-4ae8-be8c-e64dc71ef33d,0.85,0.8543588519096375,,,False
1bad8fdb-f615-44ac-b501-6ad977598e87,0.85,,,,False
043530ca-dc1f-40a3-93c4-2911cb8e2f7d,0.85,,,,False
a2c388f5-b88d-4c62-a439-428f07221ddb,0.85,,,,True
645aa0ce-1937-4d8b-92f4-2f0348b40193,0.85,0.8702702522277832,,,False
23411692-ed5a-4267-aa5b-2352a2f0adec,0.85,,,,False
7100c86b-45a3-4d7f-985b-330fbc5f4db5,0.85,0.9055287837982178,,,False
812a03b0-eee3-43ce-87e4-c5f16cfbd07c,0.85,0.8816289901733398,,,True
fb78d6de-b4d4-4e21-8ddb-70bf47f568ae,0.85,0.8756433129310608,,,False
7303ce48-ca34-4580-8bf9-3a276f12d211,0.85,0.8694535493850708,,,False
5c456cac-e82f-4ff6-982f-0cab12831b74,0.85,0.8842766284942627,,,False
46e7dc3c-cee2-46b0-99df-362640dc97cb,0.85,0.8794234991073608,,,False
a211ec45-69e6-4493-a065-4a14214f5a78,0.85,0.8749263286590576,,,False
fb23c8e4-7f65-497c-8ddc-03b50aacd4de,0.85,,,,False
0fe533b9-8a4e-4d43-a2a2-bce4df355d3d,0.85,,,,True
d2dfd2ee-553a-4128-a372-f02a6b3ff6d1,0.85,,,,False
4199517f-5a08-4083-9870-66992b6592cb,0.85,0.9038611650466919,,,False
a4d0f4ee-7883-4506-83e8-8139d0762550,0.85,,,,True
7092a08f-7a6f-4629-aac1-c8febb4aeff2,0.85,0.9149715900421143,,,False
825b7679-018b-421c-ae60-ae44e7f6559f,0.85,,,,False
63f88c7b-5496-46a6-b122-9fb3d0ee9876,0.85,0.9018362164497375,,,True
1f618d45-dbbe-436c-9c3b-0d939f602711,0.85,0.865185558795929,,,False
69b526fd-6706-4c54-9d2f-a02da905dc7d,0.85,,,,False
e241b254-7fd8-45e1-9b14-6c8495567a68,0.85,,,,True
a69783a8-ff54-47b3-9bd6-c4ad306577a6,0.85,,,,True
1ba05331-b1b7-451c-b5af-183e0f13da85,0.85,,,,False
5eff5716-076b-4c78-99e6-bd1e3895fd7f,0.85,,,,False
d37b70bd-5af5-4e09-8237-82c116b2bd48,0.85,,,,True
e13cc16e-da4d-444a-92cc-b069f4bf252b,0.85,,,,True
46fdec4b-5931-451d-89b0-ce6ad10b9736,0.85,,,,False
257429ac-2ecf-445b-88bf-ee66c0f40487,0.85,0.8871190547943115,,,True
4044cbd4-3e96-4c9b-8e41-1e3bbdae2bb4,0.85,,,,False
fe2bdbdf-d3ff-4ac5-9ed1-c171c2ab5442,0.85,,,,False
36b82500-fc67-4f1c-837c-c3d832da4102,0.85,0.854912519454956,,,True
a4610ade-6f6c-46a3-83e2-5df7a2df090a,0.85,,,,False
75d838b9-d3cd-4270-9476-17b482c11072,0.85,0.8559107184410095,,,True
07fa1fd3-8cda-4fcb-b69e-26bd768ffed8,0.85,,,,False
961a95c0-1536-43f1-9d76-83f64d1309c6,0.85,0.9055158495903015,,,False
13457dd7-5d15-40f2-85b3-87c044bdc09d,0.85,0.8552087545394897,,,False
e5f96ab3-48c2-42db-b3c5-1b8320c9c37e,0.85,,,,False
be39656e-aaff-42b2-ad7d-85f496d35993,0.85,,,,True
c56358c0-332d-4c57-a4d5-3c5b2f457b44,0.85,0.8561273217201233,,,False
7d688ec7-05f0-4906-9187-37150ce03ca7,0.85,0.8898667097091675,,,False
df078dda-6468-464d-8ec3-2baec8387896,0.85,,,,False
61eb80d4-a25a-4c2c-9f07-b657eeb11475,0.85,,,,False
c127f3f4-b016-4c17-a82f-4b1f5c67b087,0.85,,,,False
d6d3d97b-a69c-45c1-ab0a-42bad42328a1,0.85,0.864066481590271,,,False
94597840-adba-4b7e-a5e2-2ce6915daefa,0.85,,,,False
703f0595-847e-430b-b54d-28b69c11950c,0.85,0.8957788944244385,,,True
6da9e0e9-6d6a-4450-93b2-25e409699d82,0.85,0.8754011392593384,,,False
085d8639-52c6-4a31-90f7-3acb36d695a0,0.85,0.9154645204544067,,,False
03beb936-0c78-4ae6-9e56-e3fdb97b3975,0.85,,,,True
9204b75a-e3ba-42fd-bf8c-a028e15fbf9c,0.85,,,,False
3221dad6-3cf1-41fd-b523-e8df253f3bf4,0.85,,,,False
236ed33e-1e54-4c2b-8106-c48570e8e8fa,0.85,,,,False
6c39a982-de4b-4dd3-98e9-82c10f8c90ef,0.85,,,,False
5600acc1-1191-4cab-a3a3-76ecf4793260,0.85,,,,False
786b6eff-cc7a-496e-97e8-af387b754868,0.85,0.8793245553970337,,,False
a5dcdc2b-12e2-4731-bfa7-3ba55ec8296f,0.85,0.9233458638191223,,,False
bc938a43-bd3b-4aef-8988-35a2ac86c5eb,0.85,,,,False
4ef63e37-79db-4b74-be46-8cb2628a3936,0.85,0.907689094543457,,,True
a20fd161-bb67-4e85-ba27-4933471a68ff,0.85,0.8631523847579956,,,True
dbdb9287-12cd-48a0-84fe-5b679b8d4954,0.85,,,,True
bdb138c9-8671-4f13-9a9b-f5bd322307cb,0.85,,,,False
fe4dee13-4b93-494d-b5a4-e3666f85e5f8,0.85,0.9030466079711914,,,True
d6d41361-a340-4643-96e9-3fefa4fea1a7,0.85,,,,False
abcb00af-c40f-4418-9316-f1edb2d2cf86,0.85,,,,False
e1c9c701-5215-4185-9768-9d7968514449,0.85,0.9198878407478333,,,False
9ace5161-d3ef-477d-98eb-6288008bb9a7,0.85,0.8788020014762878,,,False
d5cc88c6-4cac-4b99-b3e7-e8cd88f4ca29,0.85,,,,False
371d03be-4cc7-475c-9f0b-cd467147c95f,0.85,0.9042128324508667,,,False
6cf9f332-c3c0-4586-9ce0-60a30493520f,0.85,0.8942883014678955,,,True
598af21b-7902-43d7-8616-c20d912cb0fb,0.85,,,,True
7a9b9dbb-86fc-410c-89b3-dbcaa40fbd2e,0.85,,,,False
83990f9b-d15e-4335-a24b-95717d891418,0.85,0.8504118323326111,,,True
c1e10895-05d0-4f33-8a64-bb700b7e2220,0.85,0.872481107711792,,,False
e827c0db-0698-42b6-8481-44da5ad58c42,0.85,0.9284788370132446,,,False
d2d7245a-f6a8-4bc1-8217-6d2340191b96,0.85,0.8883503675460815,,,True
6de733e2-79ff-42a9-84be-4f3c98ae0471,0.85,0.9089944958686829,,,False
9ebcca09-d42f-4645-acfb-7bf9b36bd3fe,0.85,0.8773728013038635,,,True
5f824587-e488-4386-a04a-da71cb83660f,0.85,,,,True
4cee9d29-82cb-4613-b0e7-874489024a56,0.85,0.8627331256866455,,,False
cad1f21a-9bb1-4300-9bae-9624da919498,0.85,0.9550306797027588,,,False
51bec064-06ce-423f-8dac-e776466c5a6d,0.85,,,,True
47adab1e-f6ee-4519-a249-dd5a9b332811,0.85,,,,False
d725ed21-5741-4f13-bbe7-0db997ebf909,0.85,,,,True
efa2bb36-d58c-4822-af24-943ecbec6a1e,0.85,,,,False
ac08eb1b-9a83-48b4-a587-a912bf1eebfe,0.85,,,,True
9b34aaa7-7221-4cb3-8871-35b4ff49c1bc,0.85,0.8642453551292419,,,False
0373904b-36b6-42ff-bcdc-7e1cfdb4f1e2,0.85,0.8992354273796082,,,False
db9c652e-2c14-41e9-9521-2acaaa6c81e8,0.85,0.9035562872886658,,,False
49b141c3-9aeb-4a70-b2d2-79211cc65ca1,0.85,,,,False
07ab39f0-9f53-46a8-931d-f4e316f08f46,0.85,0.8760471343994141,,,False
3a13c8c1-0d48-4ed0-b1b5-753112d0c8bf,0.85,,,,False
dc39dbf1-f131-486a-b7dd-f7ab94baae1b,0.85,,,,False
5ed1749a-571d-4972-ab53-47977d47b717,0.85,0.8721967935562134,,,True
b618166c-9afc-476a-a62f-fe17a4363411,0.85,,,,True
92f1b4b5-31b9-4a77-97b3-57bb2aad7462,0.85,,,,False
aa839f8d-b1d4-4b98-8bbf-20c733b28012,0.85,0.8794315457344055,,,False
c839535d-3c08-409c-a261-2c62205c878e,0.85,,,,False
a5018f5b-32d3-45f3-8ef4-6dfb96365f2e,0.85,0.9046521782875061,,,False
752732ce-3cac-4f14-93ef-35af011bc961,0.85,0.8680337071418762,,,False
2c993292-6156-4c36-817e-f32d4f222a1a,0.85,0.8644794225692749,,,True
6d0b2b76-59eb-4d53-b28f-77811d8e01b5,0.85,0.8699421286582947,,,False
91898c78-43e2-4159-911e-01a6a7cb1486,0.85,,,,False
8a967c85-ba03-416d-9efe-9c0a06fc7986,0.85,,,,False
14de029f-8010-42dc-9bdb-f9232a9d48a1,0.85,,,,False
59d34446-9063-4f38-8242-187aad78e17b,0.85,0.8846572637557983,,,False
e6a86e14-d7be-4c29-bf49-84b8a7a7b811,0.85,0.8933976888656616,,,False
c2ffb80f-b0a7-4c8a-975d-5d054232b027,0.85,0.8887584805488586,,,False
8a0fbd0e-5726-4a2a-bc05-df8922d10d2d,0.85,0.9856663942337036,,,False
2a86c673-1d59-4bd0-8e6f-063fe0912275,0.85,0.8964037895202637,,,True
5c4fb886-8921-4ed2-b5a0-cfc122d2170b,0.85,,,,True
3f3d09bc-7cdc-45ee-a186-e7ebb4787af2,0.85,0.865456223487854,,,False
eafbeda2-7e01-454c-b161-bc7cc927f2bc,0.85,,,,False
a10c44a2-70f3-4162-92c1-65325b395ad4,0.85,,,,True
28143cc9-5533-4a57-a6a5-a0a8e49da45d,0.85,0.8837157487869263,,,False
21f72381-e42c-413d-a0ea-8f782008c9b6,0.85,0.8971231579780579,,,False
94d379c7-be10-4020-83fd-5ab4d6ebb585,0.85,,,,False
3397fbe8-4f45-4757-83a3-220ba5c24d75,0.85,,,,True
65e0c721-0f61-413c-a8bb-9d67590f9b8a,0.85,,,,False
da4fcd10-b83b-403f-8a32-deeadf5a54cc,0.85,0.8592622876167297,,,False
834df1b7-09db-49fe-9b9f-b6c3921d278b,0.85,0.8958561420440674,,,False
690972c2-2564-429e-b9e4-e4e5babe2c2f,0.85,,,,False
ef14da27-3adc-4e4b-87f8-90e340fa05df,0.85,0.902369499206543,,,True
f87a8833-d342-4c9c-9fb2-92d9f06948b2,0.85,,,,False
658e6812-5368-48f0-a5f1-7f8d4ce7b632,0.85,,,,True
1a0ed84b-bd39-45cd-931a-c8a97fe5f70d,0.85,0.8749696612358093,,,False
b31424fc-6657-48ec-8042-70db482d652b,0.85,,,,True
14ef061d-3090-4bb7-82c1-849473c91dc6,0.85,,,,False
34d3129b-fe63-4c0a-ae34-d7e011d92ef7,0.85,0.8662443161010742,,,False
ea5259bd-ddf4-4e71-9600-89d409db7db9,0.85,0.9401845932006836,,,True
2ec1c194-d75e-4245-b22e-f9044bcbac32,0.85,0.8541595339775085,,,False
f2ceeb2b-6aee-4211-8c50-fcb36c8eb239,0.85,,,,False
35fd32c1-25ae-45e2-a52b-354f4a8dd01c,0.85,,,,False
5d51acd0-a8d8-4da2-8df4-98e409c11036,0.85,0.9370819926261902,,,False
0f03f70b-757a-4fc4-aaaa-1f951bea2e39,0.85,,,,True
535b0b8d-7a37-4024-97de-2116eed79eda,0.85,0.9510149955749512,,,False
f9b41578-4733-439e-bdb7-b14b5e7960e4,0.85,,,,False
d8d54d6d-fab6-48d6-ae7b-d01a7b22f947,0.85,0.879364550113678,,,True
b1d745cd-1c17-4053-ae31-ba61d6556556,0.85,,,,False
8cdbfe0d-4768-4db2-bf12-28a4d3873924,0.85,0.9531530737876892,,,False
02a2362a-08a7-45c2-9de6-f44b1c0de504,0.85,,,,False
6a62d855-9ea9-4426-beea-8265ea31d7ea,0.85,0.8514952659606934,,,True
6f843728-71de-478e-9d6e-0e6cbbdabd46,0.85,0.8830188512802124,,,False
26267510-e025-4721-b5e5-a4f633bfeca2,0.85,,,,False
b67bb6aa-52b8-423a-9def-b169b68f998a,0.85,,,,False
064f86ae-9344-4204-9c6e-1dff3484cbc1,0.85,,,,False
3c4d25b8-6290-4215-bb0a-e54a07852956,0.85,0.8632755279541016,,,False
fc25784d-31a1-4956-80b1-daa073b58ac0,0.85,,,,False
c99e2cca-0809-4053-9ac7-cf740f30aaef,0.85,,,,False
6fa2562c-303f-4082-b826-c330abd52b59,0.85,0.9293490648269653,,,False
61e68e74-70ea-499d-956c-d22785c06c76,0.85,,,,True
ee110f72-4975-4fc2-9227-c3c8a0946db8,0.85,,,,True
92689405-9757-4ff3-821a-23a779ca74fb,0.85,0.8657432198524475,,,False
e2f0a9ac-2f32-466b-b1e7-e39c10d95568,0.85,,,,True
06a03c45-0c55-4c07-a74e-3b79eb45fb34,0.85,,,,False
8a536134-9892-47d6-9ed7-e1574dcbe9ca,0.85,,,,True
063307f3-abeb-4548-8a4d-6ffd31524ed0,0.85,0.9348046779632568,,,False
2954ae6a-9008-44ef-b950-26e5ee0114de,0.85,,,,True
20245570-0852-4811-94bf-ad49905abf5f,0.85,,,,False
96ec62da-8eca-4f12-92a1-caaa915e2fea,0.85,0.9479125738143921,,,False
6c566e98-748a-4dd8-81f2-e38ccae60f78,0.85,,,,True
438ed6e8-927b-4b57-9294-4f183ba62bf8,0.85,0.8616793751716614,,,True
1d504b74-527b-4c1e-b2fe-653637cd72a7,0.85,,,,False
6cb390b6-e3af-491e-99bf-966eaf6b1305,0.85,,,,False
20f8d3a6-16af-49a4-b0b5-ce7e79d891be,0.85,,,,True
12985796-7419-4132-b1b3-e277da878424,0.85,,,,False
0110524c-e7ed-44d6-b748-75a61f066a65,0.85,0.8533154726028442,,,False
4c70aeec-5ebc-4b2f-bd1d-432a67b4d816,0.85,,,,False
b5cac957-a36a-42ce-82d7-0f8d3e5bc154,0.85,0.8679313063621521,,,True
578e999c-d28f-4c64-bb1b-59489f70dbbd,0.85,,,,False
fe120f87-7bd1-406e-8cc3-c84d338df172,0.85,0.862838864326477,,,False
99d3eb53-83ad-4ca5-aca8-3c8b8a00cd11,0.85,,,,False
0638455b-3073-4386-945d-3b7b32663f53,0.85,0.8815358281135559,,,True
7487c73d-6621-4f8d-a4a3-893a3cbfd54d,0.85,0.9531067609786987,,,False
17d28f7e-e7ab-4d70-83d1-72a9b8dbc424,0.85,,,,False
a62def58-01de-4aca-90cd-df8834207d4c,0.85,0.8586822152137756,,,True
2ced5b81-6048-4bd7-b397-abb3d5becf82,0.85,,,,False
fbf0ba17-a27e-4b71-98cc-e99b134f12c0,0.85,,,,False
2866ea2c-627e-4b86-ad93-11c19f6f6159,0.85,,,,False
eac80d17-b340-4527-9964-5dd7f2c0c985,0.85,,,,False
f4850a74-dfb7-45a5-80ca-7af2acee1360,0.85,,,,False
a22c1275-f130-4a35-8dfe-3510dfaad5f9,0.85,0.9171053171157837,,,True
8301f0c7-2bec-4ea7-8334-2f905b057552,0.85,0.9359944462776184,,,False
5d0c9b69-7800-4d62-a59f-64ae932bd1e1,0.85,0.9093814492225647,,,False
a7e03109-88f5-4b3e-a7ec-bb6c0c3c9c08,0.85,0.8792092204093933,,,True
c368601c-23f8-4b7e-9e92-2828b15d8f09,0.85,0.8599845170974731,,,False
a16d38be-272a-47b9-98ac-2246de4b9518,0.85,,,,True
bf26f82e-5ad8-47c7-a62d-f7c4809587a1,0.85,0.8510279655456543,,,False
583a7dc2-3607-475e-93c1-121341387355,0.85,,,,False
ce4f99d2-4579-4bac-a885-be81c28901bb,0.85,0.9530138969421387,,,True
c551d135-ae1c-4a76-8571-d021017b5985,0.85,,,,True
1b5f83bc-149f-46e2-8dc9-23fdff5095ee,0.85,0.889272153377533,,,False
1109b716-234c-4209-b8b8-0d974defbab5,0.85,,,,False
1baa4173-8b35-41de-9272-d5beaa563ffa,0.85,,,,False
a70def67-3e6d-449b-8930-9a5d6e53ad32,0.85,0.982588529586792,,,False
c9d39316-bbaa-4686-9a1a-bf9b77e000a5,0.85,0.8672205209732056,,,False
1c47f03e-99fa-42d8-b1df-9a3d47037e70,0.85,0.9491533637046814,,,True
6ef3fed6-21b6-434f-adcc-5df61f4a09bc,0.85,0.9002443552017212,,,True
747a34ec-29f2-4bb5-88a9-5cd3241e62ba,0.85,,,,False
c14a8535-4e6e-4025-a371-6832bdf9104a,0.85,0.866381824016571,,,False
e7ce8ebd-cbd9-4215-b9c8-f96734ab46c9,0.85,,,,False
965c9393-14cb-4137-809e-bd23d7842403,0.85,,,,False
5645c190-1107-4293-a299-4b9f001243d8,0.85,,,,True
2b3a1377-7c86-4ee1-ae64-31d022c9bc44,0.85,0.8976384401321411,,,False
27477ac1-df6b-4c96-82e9-ff227f9e51cd,0.85,0.9689313173294067,,,False
43f25caf-4d1c-47f2-b1ac-4b86c987f6dc,0.85,0.9328308701515198,,,False
971ec6b0-d253-42e4-93d5-7ac8b29455ea,0.85,,,,False
90f45354-a82f-45d9-a151-816d8ca43631,0.85,0.9146162867546082,,,True
2b83adcd-1763-4596-9955-ebc56c031dda,0.85,,,,False
f302b47c-1a8c-4c8e-8929-fc952af31d19,0.85,0.8672667145729065,,,False
aaded6e9-cd83-4b26-8951-326595daf1e2,0.85,0.8564913272857666,,,False
58e1e850-8ac0-4afc-ab42-7e626a78fdf2,0.85,0.9752768278121948,,,False
1b987367-79e5-418a-99f6-3c71fb1a812c,0.85,,,,False
7c9d55e4-6e10-4486-bd87-08d2b0ebbb34,0.85,0.933443009853363,,,True
0e44906d-cb0a-4cb7-bc26-49f9ade2d11e,0.85,0.8729664087295532,,,True
63743b52-f027-4b9d-b363-5a63e9d53e46,0.85,,,,False
d2319c1c-cd2a-4132-b5b4-4ac30072a8db,0.85,0.8797744512557983,,,True
96a3a033-019f-4bee-93b7-20f79f88b53a,0.85,0.9076101779937744,,,False
f8a6d887-c8fc-479c-9e7c-528741dfe46c,0.85,0.9008468389511108,,,True
f3b9c546-8f28-463e-b9a4-e11e64d0c6d7,0.85,0.8623913526535034,,,False
f35391a8-200a-448d-b5a9-58bf02d454c7,0.85,,,,True
13a3ec7a-a6fa-4ae4-ae11-743a07e14462,0.85,0.9655647873878479,,,True
d0346b7e-c088-4819-a35d-c81640118716,0.85,0.8769128918647766,,,True
56e04d51-2fd3-4e88-aa60-1d567007d9e5,0.85,0.8693177103996277,,,False
a1f6664c-4e60-4938-86e1-99a73cbde1ab,0.85,,,,False
710a1578-ed10-4f3b-b267-191fde05fb91,0.85,0.8841474652290344,,,False
ac3c55b0-90b8-447b-9110-93860925a6e7,0.85,0.8699649572372437,,,True
e3dc6afc-61b7-468a-9538-9c6b2be6f4be,0.85,0.9160672426223755,,,True
3ec8e0d4-2b47-4fe9-83d3-d8daacf557fd,0.85,,,,True
488d5d40-8558-41af-828e-7549611e5e26,0.85,0.9087343215942383,,,False
134af28e-218a-4173-baeb-49f06833bb37,0.85,0.8844909071922302,,,False
74e19542-a163-46ca-8b6d-7f7f95fc2242,0.85,0.8647985458374023,,,False
d93a902a-2be0-4a1e-ba61-255d190e6111,0.85,,,,False
37373a41-2850-499c-b890-e3f7e870ec2f,0.85,0.9123605489730835,,,False
54fe142d-baa8-446a-816e-b86d60975a67,0.85,0.910210371017456,,,False
cff49791-3bee-4a4b-a070-87433e1f7865,0.85,0.8751586675643921,,,False
d5672fe4-0f47-4e56-8928-388e24a5f405,0.85,0.8628954887390137,,,False
476f3e19-af1a-4df7-bebc-a43696cbfb16,0.85,0.8956584930419922,,,True
2a5ec83a-cd6d-486c-a092-b6684492d693,0.85,,,,True
8ad92008-8bb4-47be-83b9-5f25c61648c0,0.85,,,,False
ecc691aa-51f4-4b60-9935-045f612a148e,0.85,0.855593740940094,,,False
84c36473-8a2b-4d71-a1e3-9095aae1075b,0.85,,,,False
a4f20d9f-8494-4c91-9bd0-6f7e095a0dea,0.85,0.9041433334350586,,,False
612fc1e6-36a9-4b80-a44c-023f7ef48692,0.85,,,,False
f47353dd-7f46-4998-9de4-6dc824f9a2f5,0.85,,,,False
0d672da8-e4f5-47e9-862f-370a4c4930ff,0.85,0.927722692489624,,,False
28d97623-e2a1-4e84-8aa8-bb97acfc7ae1,0.85,0.9237484931945801,,,True
1bb2a423-a32d-4568-9f99-404b35def414,0.85,,,,True
29ebdffb-4fe2-401b-85b0-ecfc821a2703,0.85,,,,False
02452453-c05a-4e1b-bcc8-5d51a593c0fa,0.85,0.9574425220489502,,,False
be1a94a7-4872-4446-8300-4a5c2d56af06,0.85,0.8840517401695251,,,False
f016b4fd-5c2e-4de5-b7a4-89d6a778d271,0.85,,,,False
5ecd154e-d1da-4007-9079-f0bb11621c63,0.85,,,,False
e5f74701-3b3f-4322-a603-2e173cad98ff,0.85,,,,True
cfb8a9f1-7b36-4af7-9465-b8ed5da0471f,0.85,0.8616940975189209,,,True
a28a83ca-faa4-4351-8415-1541228e156d,0.85,,,,False
45445cf1-499f-4683-9d2a-85bc35a6faca,0.85,,,,False
ccd1a6c1-f154-4b84-963d-141a4db11c0b,0.85,,,,False
c8ed04c0-1c6a-4b59-87c5-3bbf8e5a6d0a,0.85,,,,True
c68fca74-ee57-4890-b904-10ca6b193286,0.85,,,,False
54c02486-0ac2-4679-8e3b-4255b78aaef4,0.85,0.9018625617027283,,,False
0d6acb5a-df28-4c70-b7b3-198aae9e55f3,0.85,0.8835304379463196,,,False
6884ed17-cbba-4844-bc4c-4d64da0e183c,0.85,0.8507379293441772,,,False
748fea44-39b2-494a-acf2-5e762ed3b279,0.85,,,,True
5b3166c6-74ad-4d10-8fe9-e8be3a5e7238,0.85,0.8816529512405396,,,True
6424fa20-75b3-442b-949d-f49cf2eacbd6,0.85,0.8810142278671265,,,True
8732f4b7-8457-46ac-899a-7375a32129c8,0.85,,,,False
87bb618f-7182-44c8-bb51-88a7b5896326,0.85,,,,False
c1097768-a288-4ae7-9a04-86d15d7f977e,0.85,0.935752272605896,,,False
d9cbeca6-5c71-4b06-ba5e-6a0bf41e713d,0.85,0.8798978328704834,,,True
26b0db24-a19d-448d-bb83-1096f35a8e1b,0.85,,,,False
cdbb30da-88fa-41fc-b35d-0a88e6738113,0.85,,,,False
5e26cae3-49cf-4a11-b0cb-93f247c6ff2e,0.85,,,,False
e28b5dc1-1575-4a0a-810f-ccaea97f84c6,0.85,,,,True
13121a86-bd6e-41eb-b6f3-57d9d5ee6cd5,0.85,0.9146167039871216,,,True
2931bad0-1137-451c-b522-52ffae5603bb,0.85,0.8847191333770752,,,False
76ac7b48-13ec-4254-b239-13019e0a1f51,0.85,,,,False
8cafe923-1047-485f-a634-279ea962cb53,0.85,0.9138649106025696,,,False
cef972b7-0625-47ad-ab96-afd04b650412,0.85,0.8840599060058594,,,True
ae1bb3c3-5ff4-4372-99fd-42777ab9c3ab,0.85,0.8577659130096436,,,False
703eba58-441a-42e1-8390-8445218ae4de,0.85,,,,False
b211e19c-70be-4953-bb1e-b5c03df354d0,0.85,0.8974015116691589,,,False
ba6f26f4-f601-472f-826d-03a66f777346,0.85,,,,False
bda56e7b-c952-4379-b474-ff84ce6f8465,0.85,0.860442042350769,,,False
f974f620-1222-4ff5-85da-f577ecf9047f,0.85,,,,True
bb4f75e8-7ecf-4861-a114-b34aa5a7b5cf,0.85,0.880521297454834,,,True
40eff6bb-b1c4-4f85-87c8-282b7bc48cbf,0.85,,,,True
95b6c844-cef3-4004-97bd-7b35ce922a74,0.85,,,,True
e3711577-6d47-4ad5-b6aa-14270953bbcf,0.85,0.8714019060134888,,,False
12ca2f0c-249c-4bc9-832e-0029cd75dd0d,0.85,,,,True
75f57107-42c1-451c-b4d5-f389e7ae5917,0.85,0.8798749446868896,,,True
f69b285c-e60a-4647-bd70-298f8ec37d41,0.85,0.8590199947357178,,,False
a3019edc-f76e-482b-9cf7-8d1222b00eb2,0.85,0.8679612278938293,,,True
16a10d07-6f7c-42e5-8309-4f3090c84f4b,0.85,,,,True
85599695-b2cd-4b0c-9e4c-16a78f2cce15,0.85,0.8629475235939026,,,True
c01f89ef-88a6-477c-a502-77dc97cee4a8,0.85,,,,True
eeb343f8-d60b-4801-8361-cde09f9e2f07,0.85,,,,False
62a1bb18-61cf-45b6-92da-d8b6d9013d41,0.85,0.9302964806556702,,,False
9f24e531-2714-46d3-8679-ed1cacf17f44,0.85,0.9129025936126709,,,False
3e0621aa-0214-4bc1-8997-2ffacbd50812,0.85,,,,False
4294abec-e040-4faa-8134-7bb80e15ed8f,0.85,,,,True
15a81d8b-6496-4e7b-80c6-3437f7186176,0.85,0.9099215269088745,,,False
793eea37-72ea-4c83-86ab-4d7f0db7a4b8,0.85,0.8874496817588806,,,False
1adebeac-b334-449d-ac2e-fbb5779c7147,0.85,,,,False
cb940793-201b-48bd-82c2-838616a3e5b5,0.85,0.9155147075653076,,,True
b3befe71-d494-4ca4-b557-06c212239c34,0.85,,,,True
cc997691-ed8e-4773-ab26-24dc5f84c830,0.85,,,,False
bd5d63aa-854e-49cb-96d8-8132eb62ec73,0.85,0.874638557434082,,,False
73b0a3dd-55a6-4ede-ae60-015a6a84fc0a,0.85,,,,False
543fe81e-151a-4315-941f-38c663fe33a5,0.85,0.8657233715057373,,,False
972265e5-32a0-42c4-92cb-0747a13a65fc,0.85,,,,False
37eebb0b-a939-414d-9d31-b988f8c0f8d6,0.85,,,,False
c9bc91c9-df2c-44da-b607-b303a6b2d3a1,0.85,0.8592684864997864,,,False
69a4246d-3c6a-4519-baa4-bfff2a2ad11d,0.85,0.8794984221458435,,,False
3950388d-35eb-4142-a10e-7bd173af15e1,0.85,,,,False
ee543106-035f-4381-bde7-dbe81548987f,0.85,,,,False
061807f8-7532-433d-8ab1-ad3779dcb6a4,0.85,,,,False
6bd446e4-da73-4bbc-9bd2-25fa37a43f5c,0.85,0.8867918848991394,,,False
6890d213-3556-4f42-b345-db5b5cc94619,0.85,0.8556641340255737,,,True
4700159c-907a-4071-a89f-b0460f3f7459,0.85,,,,False
24d24b3f-df25-4e1e-9470-e9d1ca7c53a1,0.85,0.8800991773605347,,,False
626194d7-b4c0-4c0d-9576-fa049c85d6b2,0.85,0.8827165365219116,,,False
b4bac41e-3f3b-48f2-a371-b0241c9f8858,0.85,,,,False
40a899d1-a189-4cb2-8e71-6cb60460e7e5,0.85,0.8672764301300049,,,False
4688bda2-7b1a-4664-a1f3-463baa64aae7,0.85,,,,True
ae053785-eb3b-4914-a334-c58e234577cc,0.85,0.8944894671440125,,,True
aa0ad2d1-d23d-4755-b87e-9839cc62850d,0.85,,,,False
68bf0c3e-6154-4382-93b1-08252f9d83fb,0.85,0.8737024068832397,,,False
3bc51dee-0ae6-40ba-863f-5549382dd210,0.85,0.8606700301170349,,,False
64c35e5a-0e01-4f12-b55c-93e1cc939424,0.85,,,,False
928cfe78-ffed-4d89-93eb-5d00f0824bbc,0.85,,,,False
5ff97116-ae98-4fd9-8772-71272b0f92ab,0.85,0.8698646426200867,,,False
379a7da9-0106-4b34-96fa-ac126a6c916b,0.85,,,,False
32b0a148-e755-4288-b814-1f350ace40e9,0.85,,,,False
402a9a70-06b1-43e4-979c-6c237bfc59e1,0.85,0.8514127135276794,,,True
4d0c70dc-4dce-4793-8e28-7cab0331328e,0.85,,,,False
16a0244f-0a35-436c-b745-7a2fde7349ac,0.85,,,,False
53d142a5-76c9-4f98-8208-e8abbf50d2f6,0.85,0.8557618260383606,,,False
6a7e0f8d-0002-4a05-96ae-ea446851717b,0.85,,,,False
0a1ff283-0865-432a-8677-c2931030ef6b,0.85,0.888278603553772,,,False
7cdb7b94-01f0-4b1f-9054-9adcb4aac485,0.85,0.861137866973877,,,True
06258487-8117-4190-aa80-f832f317e561,0.85,,,,False
bbc4febd-0394-42b0-bfd8-92575a1a961b,0.85,0.8959497809410095,,,False
79464f08-1886-49ca-bb23-384fbc39b203,0.85,0.9200624823570251,,,False
bfbedcea-b183-4735-8307-5a0accd97232,0.85,0.8682131767272949,,,True
20499099-6e94-422c-96ca-8f624c28deb5,0.85,0.880777895450592,,,False
85b50a0f-1791-45f7-9468-337fc6a541ff,0.85,,,,False
72d94c93-5ba7-477d-99c4-eb6438dccb05,0.85,,,,False
ee92cb28-2a6b-4e7c-86e6-348d5e6a0eb0,0.85,0.8686733841896057,,,True
077b8283-20b7-40b8-bab2-4064f13abcb4,0.85,0.8912050724029541,,,False
43fbad00-997a-4fb0-a354-e2afd6f65831,0.85,0.8514001369476318,,,False
fd767cd4-eaea-4d80-a38c-d4b5cde930d6,0.85,,,,False
e4c4e642-6401-460b-939a-c2c88a9d3fb3,0.85,0.9075940847396851,,,False
a931aed4-7829-44d7-b3e7-4ddebacd7e99,0.85,0.9553200006484985,,,False
ffcabd3f-0adc-4d98-bc33-07257125c321,0.85,0.882841944694519,,,False
5418d1b9-5e6d-4155-b0d4-c08e6d68889f,0.85,0.8976130485534668,,,False
9f3f79bb-4692-46bd-b252-71c0c8bd651f,0.85,,,,True
a4d35582-c6fe-4856-966b-9c4e7829088d,0.85,,,,True
5a28a92e-d115-4f63-8684-0716c4258f62,0.85,0.8604528307914734,,,False
750a9dde-3550-459c-846a-0e12b58a4996,0.85,0.8635889291763306,,,False
a7e23179-27f9-457b-bb53-670134a06a0d,0.85,0.8655258417129517,,,True
15cdbb6f-7c13-49ad-bd8f-b1167ef17718,0.85,0.9670977592468262,,,False
03318597-184c-42ea-b49b-db4a511469f7,0.85,0.8826414942741394,,,False
01bc0ad9-cb60-44ff-ae37-a1567edd8ea1,0.85,,,,False
878c490f-a546-40fa-a3b3-a0b64c025123,0.85,0.871429443359375,,,False
7c6950b7-0d3b-4c10-b86c-2827f2995b46,0.85,,,,False
f05634e0-cd82-4601-bbb8-e593a1f50ea6,0.85,0.8565673828125,,,True
af987201-4c0e-4ec4-aa26-3fd91440a7d8,0.85,0.8589120507240295,,,False
1a919142-dde8-4536-b843-afd5112335e7,0.85,,,,True
9acb3520-b772-4b9f-8a99-f870d519fc56,0.85,,,,True
d2b0065b-1ca9-48c1-b5b0-39ca789d130b,0.85,0.8538748621940613,,,True
dad67b6d-7cd9-444a-a034-9d3b20fd8ad6,0.85,0.8602859377861023,,,True
cc8c228c-fcba-44d1-bf78-c0a11f0e6195,0.85,0.8937979936599731,,,True
da9b1eb0-14db-490a-b956-ab7e7be223eb,0.85,0.8653188943862915,,,False
89179719-1148-430a-a3e4-cc4afcad3601,0.85,,,,False
46477fa3-3fd9-4118-8901-1ef093aeccd5,0.85,,,,False
6758553e-fb8b-4832-bc84-ff9bffca9405,0.85,,,,False
487f495e-30d4-41c7-8fdd-1b37499e77d2,0.85,,,,False
7ed9f3dd-efdd-4069-a3ca-f597f51b1b44,0.85,0.8615051507949829,,,True
9eb6d176-3f9e-483a-af9f-2e479d508c30,0.85,0.8827434778213501,,,False
fa3258db-6401-40dc-8f71-9d50cb8756af,0.85,,,,True
a71c6466-49f8-4226-9487-4d718b3e47af,0.85,0.9029604196548462,,,False
d347dc02-49e7-4400-bcba-4a8b7a1c486e,0.85,,,,False
8a6a526f-526b-46cc-9862-7f4d925ccfe1,0.85,,,,True
a8726247-cf65-4e35-9a18-0c802973c898,0.85,,,,False
01c59104-91b9-4029-bf63-a61b75d6674f,0.85,,,,False
f1069b6d-0e65-4707-b3c4-7ecc2b21c33f,0.85,,,,False
5f830228-5233-4785-96e8-c6a876b2a994,0.85,0.8795243501663208,,,False
89450aa9-a46b-4db8-895c-b2f75ee9c3e1,0.85,,,,True
b813f6a1-12d9-4d9d-9601-5180101c9e9c,0.85,0.933677077293396,,,True
31f3de68-52ae-4361-9ca3-a5997ba1f1e9,0.85,,,,True
f13e3c68-64ee-4917-bce0-ad7698e6d713,0.85,0.8629336357116699,,,True
67a3df39-6f67-476f-a085-a3b9647a014f,0.85,0.857304573059082,,,True
23f83f56-55ad-4919-92da-d83f4ecc3f1a,0.85,0.8635472655296326,,,False
f73ce087-0885-4328-bffe-35e89dba49a5,0.85,,,,False
fef9d602-c788-4419-a77a-7bc26f695dd8,0.85,0.8586968183517456,,,True
f12ed73b-47c6-4727-b3d9-68ba165c5dfe,0.85,0.8933040499687195,,,True
b037677d-7f92-48a5-beea-d42d972284f4,0.85,,,,False
36d746e7-a96c-441e-9ef9-d1d4b34549e2,0.85,0.9046370983123779,,,False
f3556ca9-1a51-44f9-94d3-f0a84f71ca1a,0.85,,,,False
11f14a65-55d2-4c14-8be5-2a9a27557a1c,0.85,,,,True
f7d5e814-d1c1-4fe3-a9a1-db5f84fc8189,0.85,,,,True
733bf36d-b83c-437d-89f1-62fab322914a,0.85,0.8544480800628662,,,False
9086052d-b497-4d71-9272-75307885020c,0.85,0.8976517915725708,,,False
f0b27696-bf8b-4d2f-9bfc-f3b8c8acc018,0.85,,,,True
34d8c4dc-845b-4dfc-b1f9-0dd0731e7779,0.85,0.9136835336685181,,,False
1731d418-5c70-48b1-bb04-0b0d0558c3fd,0.85,,,,True
11b28bb7-1b09-495e-aa64-8f943384b998,0.85,0.8860819935798645,,,False
916622e6-44ad-4e86-864d-f3fba5c3c41d,0.85,0.881135106086731,,,True
2833a02d-797f-49c2-b52b-d0063bc63f85,0.85,0.882416844367981,,,True
c2e9014a-6846-4d12-a373-4d6d1aae4064,0.85,,,,False
360f91eb-bc76-4917-96e8-cb31b503b4d0,0.85,,,,True
5ca86220-29ba-42ab-a7c5-86800f68a82e,0.85,,,,False
2c4f2602-ed2b-4bbb-92c2-0069325ad010,0.85,,,,False
8b881ebe-465d-4de4-a6bb-249ced8b1f67,0.85,0.8841296434402466,,,True
b63b04ee-3cf4-4217-8fdb-8bdcf5db41d7,0.85,,,,False
b6ab1358-6a70-43a8-b600-bf41559a69c5,0.85,0.8953243494033813,,,False
03281131-d70a-41f5-bc86-e18ffa6687d6,0.85,0.8718141317367554,,,False
43669db9-3a48-45d4-b146-a1877c070009,0.85,0.9276586174964905,,,False
b16f3ede-60f6-442b-a6cd-d4fa7b93255a,0.85,0.8531727194786072,,,False
e80ed104-1674-4569-ab16-16e07d5231f3,0.85,,,,False
31ca2ed0-ca1a-4ca9-bc6f-b34f7c6d7d98,0.85,,,,False
77c2db52-b70a-4893-b4b7-1fc989e0eb3b,0.85,0.8976276516914368,,,True
0956bf17-d9a3-4f38-9c71-84e918e64e45,0.85,,,,True
cfe3c323-a7c9-4515-ba0f-eaf84e6df08b,0.85,0.9474466443061829,,,False
20a665ad-6571-4014-a5fe-462e809ba988,0.85,,,,False
1ee6b302-cd5f-4d16-8532-af71a31d7ff1,0.85,0.8661553859710693,,,True
0d1bb088-1a46-474d-a823-b5ff37dcec24,0.85,,,,False
4bd26bf7-6f4e-464e-ae1e-572a20c97a11,0.85,0.852859616279602,,,True
3b21422c-0c54-47ec-86fb-22a0a9664a51,0.85,,,,True
bba80ebe-e319-4616-ab62-4a0831dbf518,0.85,,,,False
5e40cf63-1c57-4221-baea-4c9475292aa9,0.85,0.9742504358291626,,,False
ab064076-5184-442f-8f29-910f5b73681c,0.85,0.8634063005447388,,,True
7ecca885-41dd-4559-a8cc-55600f7a1c9e,0.85,0.8877020478248596,,,False
b3281859-292c-4578-a767-9f30055e3def,0.85,0.8610405921936035,,,False
1f2c67fa-6731-4f1c-a1ea-c72b4ddc03d1,0.85,0.8503496050834656,,,False
b86aecc3-fd9e-45dd-b64b-b636af921cfc,0.85,,,,False
d274044c-753c-4939-a6e8-cdc14da6c93f,0.85,0.8959388732910156,,,True
472fd590-81ed-485c-8a3c-1a98a09df268,0.85,,,,True
2e30ba76-d648-46ad-b5a9-def402f94dd1,0.85,,,,False
3d7857f2-e7ab-4b81-913c-c33a7ad82367,0.85,,,,True
2e00b74d-6b50-4593-a9d7-705da0bf7f86,0.85,,,,False
1f2b2f65-1d01-407a-ba0d-c4c8ab55c995,0.85,,,,False
fd1c4c7f-789a-41b8-8a74-25b405591373,0.85,0.8574625253677368,,,True
c6d74011-f1a1-4054-83b5-07f90be4601b,0.85,,,,True
ffe61df6-21be-45ab-af2b-8f351c8822d6,0.85,0.8534596562385559,,,False
10123010-42f9-453b-b28c-f9e3da0a73e9,0.85,0.9469128251075745,,,False
074295e1-0b79-440d-9212-accdd5993fe4,0.85,,,,False
a7f659c9-f291-4fee-91bf-a11515888e4d,0.85,0.8766716718673706,,,False
b6689710-00f6-4a7a-882a-04c5396bf803,0.85,0.9112593531608582,,,False
0bd3a12e-6c0a-4540-a20e-93b6084ebb97,0.85,0.9258085489273071,,,True
52ccb375-4697-4b61-99ba-cf4eed694357,0.85,0.8646861910820007,,,True
69bd40d5-247e-4c5a-9f9e-315fe83f08b1,0.85,,,,False
9ba33020-c8f7-4bc1-9998-bd39eb91b051,0.85,,,,False
b654aae1-eae5-4df3-bbc0-d425e9bd01a7,0.85,0.8624448776245117,,,False
6785c949-a7cf-42c1-abaf-3ef8e072b8b4,0.85,,,,False
6fa6d9b8-bd76-4905-bbc8-5378424466b9,0.85,0.9114139676094055,,,False
6ed3b136-fafe-45df-bdd9-0584bbf38065,0.85,,,,False
7d2b17f3-eacb-4caa-9e0b-d88684943473,0.85,0.8726537227630615,,,False
1f2d672b-2955-48c6-85ec-62517f1fa7ec,0.85,0.8965185880661011,,,False
2e9a58f9-0e94-4e8f-a76d-eaa25bfcfd90,0.85,0.8744075298309326,,,False
99478fff-8058-47c6-b691-5793b4c198d2,0.85,0.8626471757888794,,,False
08b63042-91f8-4038-a7dc-984a9c81e437,0.85,,,,True
77deb735-c6bc-4ed9-b5a3-2377338efbc5,0.85,0.9557191133499146,,,False
266a5c22-7d11-46eb-9517-cce1494736d7,0.85,,,,False
fb0e735c-7efe-48d0-a7d6-15e722b3216b,0.85,0.9127088785171509,,,False
95d32234-a24f-4fe6-9b59-b53011408970,0.85,,,,False
dfd3256e-fb23-4581-a5c4-e774abd7a9a5,0.85,,,,False
2b35045b-d0f6-4427-b7a2-2e648230f21c,0.85,,,,False
9be01520-a49e-4191-b37a-5dec900bec04,0.85,0.859978973865509,,,False
a405ae74-32c6-4fb3-9f4a-5300bb580f27,0.85,,,,True
d66cec4b-1fb2-472c-85ff-e28bbffc0b11,0.85,,,,True
7f73cc23-7ba0-40ba-a9f1-1ba19cc36bcd,0.85,0.8712254166603088,,,False
dbf8a740-82e5-43f5-91fa-fb5867846dd1,0.85,0.8685929775238037,,,False
514e391b-47ae-42a3-acf3-227b39bbc10f,0.85,,,,True
42046bbd-7fff-4f01-b16f-29e7ddf77416,0.85,0.8996918201446533,,,True
2eeee42e-5d50-494b-8460-e87e733fcb34,0.85,0.8518438935279846,,,False
ece30a2b-07e6-4c2e-a0b0-b8969a235779,0.85,,,,False
7d1c0ddf-daf5-44f5-9963-17f8f7287da0,0.85,,,,False
f3b5ec54-b817-436a-aeb6-5b45193569b2,0.85,0.8887313604354858,,,True
f49d8773-05fc-40a6-98a2-f921c2030c36,0.85,,,,False
4544b556-3a8b-44ca-9006-2f0ccb07380e,0.85,0.8896033763885498,,,True
f8867ce3-217d-4200-9508-f485edceb8ef,0.85,0.9012532234191895,,,False
a66e897a-4456-4eab-9539-2b33d51d56f1,0.85,,,,True
d8d64a5c-4010-4da8-bef0-fa87fb7fe034,0.85,0.861412763595581,,,True
4025502c-1573-4c15-a12f-2504eea18a57,0.85,,,,False
c27c9870-9440-4ac1-8a65-c1973114560f,0.85,0.9073958396911621,,,True
d74a3952-b114-40e6-a5c4-0fc8ca360da6,0.85,0.8834933042526245,,,False
e999b702-e358-4d14-9bae-2d737858b3f8,0.85,,,,False
a24d37c1-5d87-4465-8c6a-9ab4a83c152c,0.85,0.8762250542640686,,,False
8ebeb3aa-e976-4e25-a3de-93f8cfb99b66,0.85,,,,True
b12b6c6d-b144-4885-b658-b7b38a5ef967,0.85,0.8954823613166809,,,False
1a6fc4ee-2715-45cc-9bba-570f592d3cf3,0.85,,,,False
a7239566-254f-4e82-9567-b6f3f56d49a5,0.85,0.8881844282150269,,,False
0e1f3295-68d3-4fa6-b5c2-b4ac9a2011cb,0.85,,,,False
5b63da74-71e0-4da5-806b-23cce50bcc25,0.85,,,,True
66b78440-4d16-41a3-852e-330fbdbd38cb,0.85,0.8810732960700989,,,False
6f42c296-477a-4291-b0c1-a85ac5c033c9,0.85,,,,True
aef40b88-4ad5-40df-b334-7f2176705a62,0.85,,,,False
df2b3789-a3f0-425a-9462-57a3c2ea423b,0.85,0.8830394148826599,,,False
b0f6ac1d-b1d0-4dd6-95ff-3a4ade379beb,0.85,0.8926061987876892,,,True
e680c06a-0377-4205-9131-a3295695fca2,0.85,0.9040300846099854,,,False
8bc6b66d-06bb-4d4d-a76a-2d6dfdbfa31e,0.85,,,,False
eb2ec4c9-ac4c-4d95-871b-83eaa706bdbc,0.85,0.8613638281822205,,,False
44b008a0-049c-4229-be8f-d68cbbaf37b1,0.85,,,,False
36ff4a75-7b51-4de2-b12b-555b9cf24142,0.85,,,,False
34ab18ae-91af-44d1-9584-55cfa69463a4,0.85,0.8918755650520325,,,False
5a3d10e2-1996-48fd-942b-2a86456d0076,0.85,0.9006679654121399,,,True
fc3123f0-a962-40f1-b7e9-08e5790dfd26,0.85,0.9057432413101196,,,True
4af90685-f730-4140-bf4d-38da9d52d58e,0.85,,,,False
64d37d70-9d55-408a-aabc-e629e8d37181,0.85,,,,True
0a2da4f3-4e58-4559-b6b5-7b611224f76b,0.85,,,,True
c2da96ce-e52f-4de9-b851-625debe53e0e,0.85,0.9044326543807983,,,False
deb4607a-f58a-425a-b064-d9b0df1ec1c0,0.85,0.8778234124183655,,,True
aa5829be-ff4d-409d-b3cf-a37fcdac8c19,0.85,0.9659944772720337,,,False
de2b0664-f3e9-4c74-8a4e-ff2045c77c59,0.85,,,,False
e86f9886-c913-4405-910f-57295d3a7639,0.85,,,,False
85bc2bfd-1b03-4e7f-953a-9cf082b69ca2,0.85,,,,False
c02c57b5-d8d3-4cf9-87c3-01f9e3338e08,0.85,0.8515310883522034,,,False
66ee5720-d614-4ea1-b6e1-f80bf6da474d,0.85,,,,False
321f2e78-8594-419a-aefc-0dc2cb291660,0.85,0.8785482048988342,,,False
e05901d3-8ef6-49bb-aa98-fdc2b885b778,0.85,,,,False
acf3bb39-c496-427e-9c34-d8ada413ff2d,0.85,,,,True
2e514ba3-79d6-469e-b348-d77ccbb4e23b,0.85,0.8677836060523987,,,False
d5acbe85-cbc2-4b08-93dd-f8d093645e75,0.85,,,,False
0b7e329c-95bb-4368-9d46-d3cf17f706b5,0.85,,,,False
3ad55021-763e-46f9-8e6d-a896c45b0dea,0.85,0.9090704321861267,,,False
c7481f03-c265-46aa-a932-9ed6e53ec1af,0.85,,,,False
81494c6d-a6c0-4bef-ba1f-3d2aff490b88,0.85,,,,True
682f8902-65c7-4de2-83ab-5a3919665f30,0.85,,,,False
eeec8730-f909-4eab-a94c-a5eacc6eafa4,0.85,,,,True
a7c18972-0f29-4f04-92e9-e919b03f4b51,0.85,0.9047800898551941,,,True
7ccf1002-0972-48c2-8e58-471958c47d4c,0.85,0.9068017601966858,,,False
8b2b5630-c108-4946-b8fb-af47dfbe654c,0.85,,,,False
5ef1fc25-912a-4910-bc40-a665df20a041,0.85,0.8861883878707886,,,True
45830989-c168-4f6b-b16f-0b15f73f7a48,0.85,,,,False
75637278-b9bb-4403-8258-3e6b054df2ad,0.85,0.9233288168907166,,,True
e83eda58-f81e-40a1-9a8b-a547308317d0,0.85,,,,True
2c60b87c-6c6f-45e1-bc98-ab669d73aa39,0.85,0.9649531841278076,,,True
0ae8b1e6-89cb-43be-aba7-928e794ba4d0,0.85,0.8755859732627869,,,False
261d38d3-12e4-4027-8637-95069f1f6827,0.85,0.9293102622032166,,,True
4c107b8b-5c42-4eb6-b2ac-dd8ae9e5a612,0.85,0.8524369597434998,,,False
50dcfc73-90d7-4e3d-b860-1afd921da80f,0.85,0.8542247414588928,,,True
596d39e8-c6c1-47e4-b516-ebc89f089d59,0.85,,,,False
16638bc3-11c1-4680-8e60-7d577a7e8b9d,0.85,0.8866319060325623,,,False
d3f314f0-8f41-4a11-bac2-86b1aca4a514,0.85,,,,False
d7dec00d-9e94-4f09-915a-db0522ded93f,0.85,0.8606245517730713,,,False
af84a108-ff7c-4912-a81a-5109168042a9,0.85,0.8657443523406982,,,False
6af4f70f-31d5-4386-9367-fa897729de49,0.85,,,,False
1a330a87-5af5-462c-b9fa-0de1eec2a8fd,0.85,,,,False
fc52b276-5f4f-4045-86f3-73d97623b0d4,0.85,0.9308508634567261,,,False
26497952-58d2-45ea-8a37-64d2757f4a50,0.85,,,,True
1bfc1c7b-cb63-4743-ad0c-f1e33db2d8fe,0.85,,,,False
03478efd-6d10-4670-9cb1-868bc5031291,0.85,0.8503795266151428,,,True
ba49897c-6422-4615-a5d8-d60f3059c771,0.85,,,,True
7c645361-3872-47ec-a539-a148a64d1990,0.85,,,,True
99631f09-f7dd-45e1-a4ef-e01d26cc1bcf,0.85,,,,True
ec1a8b78-0973-42e3-abb7-02d35909e43d,0.85,0.8801108598709106,,,False
fd72e665-905a-4c6b-826f-0375c8d80d7e,0.85,,,,False
ac3c4554-16f4-4b51-8525-4ef7e03e672a,0.85,0.8772399425506592,,,True
ab2916de-6346-44ba-9263-2d31c8245597,0.85,0.9461299777030945,,,False
2cd22809-fbb4-4463-bf5a-64300097c568,0.85,0.9028651118278503,,,False
f2e395b4-a568-42ce-80c5-a38f1f16e888,0.85,,,,False
b7fc450a-248a-4485-a096-ac17a83cde8b,0.85,,,,False
8f25e399-9293-4750-a77a-6078a1f6db62,0.85,,,,True
537b8bd5-8c0a-46b6-a4ac-59d97b481f42,0.85,,,,True
8fc98cef-e33f-44d3-a7be-3400e6ee3286,0.85,,,,True
eaf26288-083c-4ac0-abd0-da61eef0e77f,0.85,,,,False
d927ebd3-576f-476f-83aa-0525995f0d01,0.85,0.8835877180099487,,,False
e514498c-8747-435b-9656-15093580f9e3,0.85,,,,True
037d1ebd-2918-46f8-bfce-7f5046b5e522,0.85,,,,False
6e771a52-1fcc-42e5-9c70-54114e23b41f,0.85,0.9141968488693237,,,True
2748d6e7-ca60-4aa5-bead-e39788eb9cef,0.85,0.8939922451972961,,,True
a4ab02ef-89e1-4254-b305-170b92435934,0.85,0.8841937780380249,,,False
1e516d2e-09b2-47bb-bc46-e48fc7056db0,0.85,,,,False
e59efc97-ff41-451c-a437-684a0392479d,0.85,0.8914778232574463,,,True
e454d89a-9cac-4c09-b333-a45b7a2dd38f,0.85,,,,False
ec3e229e-0839-42d9-b28d-f4b2a69f4c51,0.85,,,,True
94448e2f-db0f-465e-8c3d-0045af800394,0.85,,,,True
48506924-1734-4e3d-8bb0-6a01ec9a5c06,0.85,,,,False
84c94507-6586-4a85-baf5-d7b992708896,0.85,,,,True
8fb3925a-7895-4367-9b40-64354f911efe,0.85,,,,False
fd02b87c-b7b2-480f-ab80-4801637ceeb2,0.85,,,,False
5dde1f7b-bbd3-4f03-8b5d-f194896d2ec9,0.85,0.8980250954627991,,,False
6d6c930d-93ee-463a-b3ff-c9bb83f71890,0.85,,,,False
b5fb9938-c62d-4308-88a9-92a9c73b17b9,0.85,0.9301303625106812,,,False
9df61857-d382-4b92-b567-cf3e924a50e8,0.85,,,,False
10a443fb-b0bc-4828-b520-e4c0daa9bfb2,0.85,,,,False
5b2b205d-378f-4f39-83a1-e3b2597d4614,0.85,,,,False
7e930e6e-2db1-44d7-8ef4-46ec5956ff2d,0.85,,,,True
71d52b83-aef4-47be-8aa6-33dba81ba326,0.85,0.8973655700683594,,,False
8d51970e-e4eb-4849-ad8f-a58333f911e7,0.85,0.9016516804695129,,,False
3962aa11-e947-43ac-8d3f-49311cb671e1,0.85,0.9037817120552063,,,False
c97beffb-b532-4004-a08b-b7c20bc416c4,0.85,,,,False
4f7ca3c1-0ae6-40f9-9106-0762d7be0039,0.85,0.8577337861061096,,,True
48380a7c-d8c9-40dd-a3c0-2bbd5d407d59,0.85,,,,False
8d9b0675-8df3-4f6b-81c4-b0f477203c1f,0.85,0.8590345978736877,,,False
0ec753ae-9689-4b49-b2e2-c5da1fa3ef97,0.85,0.8633991479873657,,,True
371e433c-8a1c-4329-a82a-6b667b233305,0.85,,,,False
3f5eefb1-a4fe-40ef-a165-6fd39ec5d666,0.85,0.8809387683868408,,,False
3ff90843-c7aa-429a-8652-2fc1ccdc144b,0.85,0.8642821907997131,,,False
908e64a1-22d1-4726-8af1-dce40b275e6d,0.85,0.9574158787727356,,,True
23228cdc-08bf-4b20-87e1-f757f6c62e15,0.85,,,,True
106dbb04-acb7-40bf-b607-8f7e2750a874,0.85,,,,False
16704e48-d30c-48c6-9316-b52c09443905,0.85,,,,True
fb2d26d2-6a6d-4e25-8c51-21fcd9348472,0.85,0.8731958866119385,,,False
89f5fda0-c2a0-4edd-8e10-dd09ac554da0,0.85,,,,True
7c0c5bdf-5b03-4d12-9525-c6f63db95a12,0.85,0.9015396237373352,,,False
119aba9d-54ec-41e7-a36d-65284d9ba0a7,0.85,,,,False
8ddf40aa-7178-428d-b674-5725991aac0c,0.85,,,,False
15dc3528-bd0c-4502-bc50-4fe5beb0c7d6,0.85,,,,True
3c2c28e0-d434-44df-a854-95f61a76e57a,0.85,0.8957642316818237,,,False
017774b2-dd52-4dfe-aa2a-c02e43006ab8,0.85,,,,False
069eb269-fb52-46e2-972c-324aeff232f0,0.85,,,,False
4170e4a1-ebc4-4784-b93c-a9dcc78b99b7,0.85,0.8824529647827148,,,False
5edd5f98-eca8-4caf-9f66-fdf80caf8bcc,0.85,,,,True
f3788683-3b3e-4e58-979e-b27cbbbb5771,0.85,,,,False
b6e9845e-e5a0-4a4c-b175-9c51535be63c,0.85,,,,False
61e9032d-7dff-4ff8-b68d-0ea842bfd6ba,0.85,0.9249781966209412,,,True
349c7534-ebfa-4504-86d0-6963aabb8a55,0.85,,,,False
f1ac32c3-bf4b-4f0b-9a9d-3c9025828e92,0.85,0.8506494760513306,,,False
77fa4c33-2f6a-44fa-8d23-a776a6a9f6b5,0.85,0.8919169306755066,,,False
5a1780be-3d03-4c67-bdc5-c3146ccc5da8,0.85,,,,False
8ef77ac9-5721-45e9-83a0-d683e3e506a7,0.85,0.9296625852584839,,,True
24eca225-017f-44d1-97d6-e0b4c993f7b1,0.85,,,,False
d60b1399-d9a3-498a-873f-ea814d92e641,0.85,,,,True
230f295e-2fd5-4609-bcbe-8e11fcb4a0d8,0.85,0.944481611251831,,,False
768003dc-d9de-418d-ac83-e80dd5d305d9,0.85,,,,True
dffe8c59-1ae3-4118-aadd-f0f6c02ad51b,0.85,0.8865609169006348,,,False
37f3c59c-50b9-484d-bac5-a91ff6163f41,0.85,0.8968871831893921,,,False
d7354ff5-8d7c-4e55-840f-44c4b0accee0,0.85,,,,True
e32aa043-8532-4733-8150-2305a3bcc20a,0.85,0.8801389336585999,,,True
43e900c6-4c67-4dcf-93a9-6bdd972562fb,0.85,0.8899052143096924,,,False
4513c9b9-91bc-4b0e-8962-879b51becf1f,0.85,,,,True
3de81b2f-0402-40df-8059-d3a5d17f97d9,0.85,0.940766453742981,,,False
0ff43a05-199d-4da8-a2d2-1eae8d27d92e,0.85,0.9022831320762634,,,False
5c4502b9-fa55-499b-baf7-74c7318b364c,0.85,,,,False
632264a5-f024-444f-bd67-a76b27579660,0.85,,,,True
c2cd782d-5f26-4691-afc4-99c8ca92d685,0.85,,,,True
655c6ac8-9f96-4818-b811-3c50e8635b49,0.85,0.8849868178367615,,,False
25df9343-082c-4877-90e6-91267331a44b,0.85,0.8832505345344543,,,False
5f9072dd-2560-4237-b819-29f749caabba,0.85,,,,False
02d4ccaa-21fc-4739-b933-5a8e38576992,0.85,,,,True
e360ea35-3671-4a38-85bf-8133ce7ac8ed,0.85,0.9013953804969788,,,True
8f1d72bf-3020-4764-be17-f140b575f259,0.85,0.8726144433021545,,,False
ab261cd2-7c6c-41c6-a7a1-e11cf8dc522b,0.85,,,,False
639ab96e-e60a-42af-9be4-9330f1e60fd1,0.85,,,,False
f90fc529-7c60-4e37-a626-4a229e6ae865,0.85,0.8894511461257935,,,False
575bfc67-dfd0-40fa-9ec8-4e7dd04327ac,0.85,0.8901276588439941,,,True
ddae1058-f25c-4e08-8f1f-66a84beaa5cb,0.85,,,,False
05e3e9a8-220d-4219-8a42-0641f1cfc333,0.85,,,,True
dd6ac2fe-a6cd-4f3d-bfe8-028bccc67c51,0.85,,,,False
0686289a-0488-48a3-a4df-170fd95ac39c,0.85,0.9066947102546692,,,False
871e131c-f61e-4dce-a062-9823ab0c8dbf,0.85,0.8769394159317017,,,True
2e9f4f81-df60-4e44-8721-f4751b8cc37d,0.85,,,,False
10f444e1-8242-4c3c-98d0-e6102123c14b,0.85,,,,False
b1a87769-1407-4de6-b9bc-fd5b08e53819,0.85,0.8966383934020996,,,False
d118b4df-15ee-4889-930d-1f1de32ec9ba,0.85,,,,False
5ae2e496-a751-4b68-97b4-1788c02ad8e2,0.85,0.8658220767974854,,,False
31f19093-cde8-4702-8a82-dd40b9df5c2c,0.85,,,,True
35c55b41-96e6-4a5c-ad40-6891a38d4392,0.85,0.8743271827697754,,,False
b533ea2a-00c8-4a2d-a784-a17b8bc1a197,0.85,,,,False
de0df55e-e08b-4cd2-a662-76356d0b1f7b,0.85,0.912805438041687,,,False
26d3175f-b803-4682-93ba-c213dd3bfe1a,0.85,,,,True
350ecb9b-02db-4b3f-9b01-d2b6adf2d07a,0.85,,,,True
9c0d7fe0-b7cb-4b53-99f9-59531a7c860b,0.85,0.890916109085083,,,False
481ef331-3fdc-4152-8682-33534b69c5e3,0.85,0.8661481142044067,,,False
4bf3703d-4538-44a6-bbac-8ee165a79fdd,0.85,0.881847620010376,,,False
bc7826e1-fce4-4524-8bcd-efa641cf52ec,0.85,0.897270679473877,,,False
a5a4b6b8-a510-4281-bab8-14f4541f5640,0.85,0.8717908263206482,,,False
918e9839-94a3-4dcc-b8ee-908e9476291a,0.85,,,,False
19894eef-bdf7-4c46-aa88-8255aaa44447,0.85,,,,True
2521bb16-8de4-4a99-a77f-152e92da82b0,0.85,0.8701521158218384,,,False
55a50a0a-19a0-4b0f-be8f-90c5bd1ac283,0.85,,,,False
d7baa701-a987-4750-a071-5964b0b4f888,0.85,0.8549094796180725,,,False
7b1008cd-f67d-493e-ad22-b9f306a99192,0.85,0.888102114200592,,,True
a49c936c-334d-47ed-be5d-95e50050df98,0.85,0.8611096143722534,,,False
94ceaf83-7238-4f00-82b7-a49e8cfa6202,0.85,,,,False
49cd83bc-b237-4f42-bbe2-1e192d4d2512,0.85,,,,False
f1388adc-225c-4445-b602-e345dc08b0cf,0.85,,,,False
225e6949-2bad-4357-8873-016b40365b5f,0.85,,,,False
059153e9-fa31-423b-8469-f4654f6f88eb,0.85,,,,True
eb3199a6-1057-4044-bcc1-0f1dbe3a05e1,0.85,,,,False
bb63b36b-2cd8-4624-b5d0-99f67e89cfe3,0.85,,,,False
c56838b6-c380-4b67-97eb-478edce14c15,0.85,0.9172521829605103,,,True
c551a7ba-1e24-462d-be1d-f64ba7ab6552,0.85,,,,False
f7cc01d1-abed-4457-a38e-b01405ea7b79,0.85,,,,False
9fc12358-b930-4c60-9e35-7f3571b68eb5,0.85,,,,False
4df558c6-b318-4091-b6f9-dc9c0054201e,0.85,,,,False
0b3189b0-48ec-4aaa-bdde-0b57b7656d46,0.85,,,,False
b57573bf-4d4d-441d-8e95-afb5bb4d7cff,0.85,,,,True
bbef9cf0-aa25-482d-8c90-f04e304f299d,0.85,,,,False
f4db53fe-4094-4ba2-a84e-0828a13d8a0e,0.85,0.8516515493392944,,,False
fd601caf-9a5b-4f6c-81f6-c8b9c925dacc,0.85,0.9356140494346619,,,False
f9d44a67-8e1c-4707-8c11-97635279d34d,0.85,0.8794360160827637,,,True
1c3f9c46-b14a-49d9-8954-8a3994998f7a,0.85,0.9165596961975098,,,False
d63ee25b-4e70-43cc-a4bc-bdd995ca2326,0.85,,,,False
14e48e5f-2e70-4821-87cf-ba0c8e91acbb,0.85,0.897977888584137,,,True
51f29628-aa5e-4d13-ab8c-874a1723a2d8,0.85,0.8949249982833862,,,True
4612a77a-f083-4d63-8502-d0d21af46a77,0.85,0.873987078666687,,,True
a2bde194-e1ad-4821-86ba-7d06adcba7da,0.85,0.8576133251190186,,,False
b456c4d4-02fa-4226-8f28-81a7a9d5654f,0.85,0.858165979385376,,,False
37d4c10b-343b-4efe-8f7d-d109ea089a43,0.85,0.9050213098526001,,,False
1491397d-9c26-4137-95d3-66d6da45109e,0.85,0.8787562251091003,,,True
fa902a01-09ec-46e8-9231-e56eedcb6eb3,0.85,0.8655993938446045,,,False
8c9cdf55-d660-4729-afc3-bfbfddbaf383,0.85,,,,True
dc67d2b2-ce33-433f-b71f-58c9baa6b256,0.85,0.8859973549842834,,,False
d309069c-b13d-49f1-a9fb-bb04ca8e95a6,0.85,,,,False
ad9607ad-15fa-4388-9874-7de8942dc5cd,0.85,,,,False
68b29a0b-d9f2-4d2e-8be5-fe93587536b9,0.85,,,,True
bf1f96e7-f65e-46e4-b7cf-37455d757030,0.85,,,,False
9f6f72bc-5667-4d2a-90b9-421794d80d78,0.85,0.8524854183197021,,,True
53cd4367-1e8b-4331-a0a6-223cc6aad2d7,0.85,,,,False
8706b972-cc33-485d-bb54-3a531b5d7f0e,0.85,0.9036589860916138,,,True
61748212-13fd-4dba-ace1-584495e7baba,0.85,0.8886247277259827,,,False
23af7f4e-1eaa-48c2-a3ed-c3a2a2368800,0.85,0.9140331745147705,,,True
7c512f25-1ad4-4a3e-97cc-d1385ff900e0,0.85,,,,True
4013329b-28f3-4747-893a-003099587bc5,0.85,,,,False
176a4c86-a2bd-46cb-9f56-6dd993b8f5d6,0.85,,,,True
43f5417f-786f-463b-af75-ce93840464fe,0.85,,,,False
67cdff67-4aa8-4806-a744-900f603fe658,0.85,0.8533689975738525,,,False
8c2b9d20-91e8-4160-bb84-deabf43ebd46,0.85,0.9874217510223389,,,False
54aaa868-dec0-4597-a571-9de27cf33091,0.85,,,,False
c2a7c92b-3a0d-4bb6-9fbb-62d0277e4850,0.85,,,,False
81f749f3-86f6-462f-855a-f769b8db2316,0.85,,,,False
ab0db61b-f9e4-4045-8b05-c55b30cdc80d,0.85,,,,False
956ea86e-5672-492e-a32c-626fb634a996,0.85,,,,True
509398c7-1647-4977-bfd2-4a510289dc72,0.85,,,,False
db34e105-dbf4-4b5f-b27b-c6069d812546,0.85,0.8657965660095215,,,True
e496216d-0247-41bc-8ab5-d16cc955fe86,0.85,,,,False
94281719-e591-4d79-8d1f-6e57c6f8a74a,0.85,,,,False
a256ef96-faca-4171-9ab5-b2aa4657dfb7,0.85,0.8736715316772461,,,False
e510da6e-3b57-4688-9d66-e83a231aa728,0.85,0.9023395776748657,,,False
c87f53c2-bcc3-439b-9243-0ef892c09f21,0.85,0.9516304135322571,,,True
861d0c34-67d4-4ab2-a57e-755438146ad8,0.85,0.9798964262008667,,,True
44daa709-4e02-404c-bdb0-dc134f98fdd5,0.85,,,,False
d3eb3934-241d-4316-bdcf-6ac77d973af3,0.85,,,,False
fa7b6a47-fef7-4224-b894-aa72575b7b86,0.85,0.9136531949043274,,,False
a6a18464-05e8-4ec2-ab33-1a705e40b1fc,0.85,,,,False
1c2e960e-1a26-4d98-aee9-da4186e76665,0.85,,,,True
d12c8654-8f81-45c3-ab1f-8481e005c85e,0.85,0.864980936050415,,,False
9c833633-1b94-4f80-8305-10552412667e,0.85,0.8778077363967896,,,False
d5fa0eee-a75d-4cb2-a4e6-8a1f9c75311b,0.85,0.8994439840316772,,,False
1a7e6e26-9f2d-4e75-ab76-a23df1b96217,0.85,0.9059885740280151,,,False
68053dfa-8f3d-4931-b567-7d9dc73cae0f,0.85,,,,False
372e422f-8e42-447d-b68f-bc237f617477,0.85,,,,False
92a7173e-60b3-4ed8-bebc-365d8f6a027f,0.85,,,,False
1fadaced-ec01-421f-9aa3-9c8c2c793ab2,0.85,0.8731995224952698,,,False
6f679caa-8ac0-4eb1-be5b-67a16bbbe124,0.85,0.8841963410377502,,,False
9770744f-c9fa-479f-b5a2-b2db89e7ea66,0.85,,,,True
edfa331a-b7f0-42b9-b8c5-0db30597b8d2,0.85,,,,False
c070ab7d-d464-41a9-bd12-e68fc5739ae9,0.85,,,,False
e43f64cf-1687-49df-aa6e-41bff975b217,0.85,0.9059897661209106,,,False
50db5eaa-5060-42c9-b2fc-4d73e97b0eec,0.85,,,,False
bbd78d5d-b817-43ee-9d2a-8c485715a997,0.85,0.9388700723648071,,,False
36611992-31b1-49b7-bc09-01363d44f9a6,0.85,,,,False
80f06510-4c74-4be2-b3d3-8f6d4facda05,0.85,0.8878870010375977,,,False
ae3ee232-5db5-483a-9fc9-55aee5c6726d,0.85,0.8642456531524658,,,False
d0be8253-ece4-4528-8614-86a6d2bb1176,0.85,,,,True
8a64aee6-461e-4cf2-b12e-40b837883307,0.85,0.8533350229263306,,,False
f312f452-6af9-4bce-ab61-b26f9b930ddc,0.85,0.8884752988815308,,,True
cb2a90f2-991b-4a5b-a813-b959ddf3ec2c,0.85,0.8580706715583801,,,False
b472e0bc-f6c9-477c-8a92-970c7a4e3ec2,0.85,0.9640548229217529,,,True
b954c4cd-81a1-41e2-9016-8f05cefb4856,0.85,0.8729779720306396,,,True
ff5d6e1f-f94d-467f-82c0-bd31032dd786,0.85,,,,False
3a7a5576-1b44-49d6-a496-970f651d396e,0.85,0.8631013631820679,,,False
1631112d-836f-4e90-b680-bcfa7476d306,0.85,0.8567383289337158,,,False
97d5b529-dd43-49e7-8302-a2e37ee888a8,0.85,0.8711984157562256,,,True
1d8031d9-17b9-4e4b-86b9-84ab399ef133,0.85,0.8766704797744751,,,False
ce0b7ca2-230f-4903-9f2a-66af65014f37,0.85,,,,True
a3331c6e-f33d-4007-a17d-e134e974d434,0.85,,,,False
891854b2-c3e1-4165-9d7a-f4bc7ddc2ef7,0.85,,,,True
9c8da4ba-8de4-4319-9a32-be3d50dc7aa0,0.85,0.9655230045318604,,,True
dd5a304e-3790-4ced-ba7c-2933b0017a43,0.85,0.8523896336555481,,,False
3baf20f1-0e17-474e-991b-91edd15588d5,0.85,,,,True
b5a54ee9-5177-4d6b-bd5c-fa62a56a14e7,0.85,0.8607510328292847,,,True
f0bf4008-af2f-45c3-a004-ec0a4483d6b0,0.85,,,,False
218ec0a4-e831-44b6-a930-5d45d498280d,0.85,,,,False
d13a58ec-f2ba-4946-b040-1be9845291fd,0.85,,,,False
da1776f0-bbe9-4178-a4dd-2c2e00985438,0.85,0.8624869585037231,,,True
2a50a8fd-6f7b-4d49-a727-9415479e132a,0.85,0.8824772834777832,,,False
4373ada1-b1af-49a5-bc07-fe9491b5853c,0.85,0.8563017845153809,,,False
9257be94-5473-4974-b0ae-ab316df4c946,0.85,,,,True
f437be5a-83c8-4768-80c5-fb8cd42a908b,0.85,0.8661319017410278,,,False
2212450a-b6d1-47f9-9f18-5dcf36041c01,0.85,0.8673555850982666,,,False
19cfa63f-44cb-4b36-88a4-94e4962e1fff,0.85,0.8871502876281738,,,False
4b3808bb-4e75-449c-b95c-17181f2eddc2,0.85,,,,False
070aadd8-c635-4776-89d9-3755721bd574,0.85,0.96451336145401,,,False
a35616ae-5fc6-4134-873c-0d7a53e19027,0.85,0.8559780120849609,,,True
24555ec9-d66e-4fdd-a210-6351ddd26472,0.85,,,,False
ad76704f-ce5b-41fc-9443-c53fcf9426e6,0.85,,,,True
f6579b9c-3a65-4203-9923-5c5e5afdfab2,0.85,0.9407461881637573,,,True
f9c18a34-61b4-40d0-9da2-cda1ab441d9e,0.85,0.8578052520751953,,,False
c294215c-4201-4510-a2cd-d0d0a7a4c1f5,0.85,0.9395830035209656,,,False
6b776dea-22d5-4bb9-aa12-8c4311dabe2e,0.85,0.8807473182678223,,,False
3ff7b1e9-12e2-4c22-9178-8a70c2876252,0.85,,,,False
26a686e7-d4e6-40a3-a08e-c0b52fa15d00,0.85,0.8567546010017395,,,False
dce8c025-072c-4291-95ee-96ae3ba2f551,0.85,0.8560155630111694,,,False
1227bcd0-fb33-47d9-8ee3-18a795172208,0.85,0.8995579481124878,,,False
64f39d25-cd0a-4506-9562-912ad528f0bc,0.85,0.880407452583313,,,True
1dc445ac-d1af-4a5b-b831-6f53d0e6ffc6,0.85,0.895694375038147,,,True
a757f7eb-264a-454a-a3fc-c1194376149f,0.85,,,,False
31c7f892-1dc6-4bfc-b237-5d35014ce528,0.85,0.9052034020423889,,,False
4ef7019d-3ff1-4c6d-a5cb-1a8f40cad735,0.85,,,,False
1b966eb3-e1f7-4693-af31-8558fa622c58,0.85,0.9586914777755737,,,False
a2411bda-2f82-432d-9881-d0ee53bbd0d0,0.85,0.8603801727294922,,,False
d0c2624e-0132-4346-8b0e-60c040cfe617,0.85,0.8557004928588867,,,False
1673e346-61c9-45fc-a194-c7a01f590c71,0.85,,,,False
b153cc53-f704-43ba-b699-e94faeb2a62c,0.85,,,,False
8b96e93e-3d09-4a5d-90de-7dcf239333fe,0.85,,,,False
599de61c-a960-46c2-8c59-89ad012f07ed,0.85,0.8894389271736145,,,False
399cdfaf-514d-4934-8fb5-90fbc2413920,0.85,,,,True
3922d0ee-1eaf-41b5-ad18-2704aad9e28c,0.85,,,,True
0225b854-cdca-43e1-a112-d50868e96002,0.85,0.8664970993995667,,,False
111565d2-9900-40ce-8fc9-b0b5944e82bf,0.85,0.9075900912284851,,,False
64c1a6af-b6ef-4894-b4bb-cedfe2033223,0.85,0.8722164034843445,,,False
8f95a3fc-329b-4e51-91f2-785c41f3cac6,0.85,0.8736417293548584,,,False
d6ce8368-7dd3-4636-a08e-092740143a40,0.85,,,,False
9b15e808-e596-4c5b-b7b5-66967b9bc70b,0.85,0.947291910648346,,,True
b43f9b16-ae7f-475f-bd57-4775b379ae0f,0.85,,,,False
96ed5ad7-8b48-49d0-bfdf-0c89cdb1b0cc,0.85,0.8672305941581726,,,False
242900c9-ee1b-458f-a615-9783edc70bc2,0.85,0.8730502128601074,,,False
20d04ab2-7131-4f13-9c87-43923a1ec2b9,0.85,,,,True
8e67a27a-a8c5-4e2e-aab6-c82c417c3415,0.85,,,,False
e9db2218-9186-44dc-bdc0-e11b5b1e4130,0.85,,,,False
953e45af-37f9-45b0-a03f-0610321486be,0.85,,,,False
15a70781-479b-4ce3-a1cc-d6520747a0fe,0.85,,,,True
fb6268b1-93ef-47a6-bbe6-a7f69ac49c90,0.85,0.8557522296905518,,,True
33baa745-5279-4e6f-b807-f4b7c11a439a,0.85,,,,False
19da6892-75af-44bd-9893-fdfded80688f,0.85,0.8949471116065979,,,False
f9153495-1bd8-43d0-aa84-41f9a619aab7,0.85,0.8614163398742676,,,True
719e8a55-ddaa-4073-b383-c91eebb31148,0.85,0.8692989349365234,,,False
da5abddc-b9f3-45b7-a2e6-55b84b96f72c,0.85,0.8988350629806519,,,False
8f1658a8-9e62-461d-b0f2-62071051ba82,0.85,,,,False
3b5209b3-94c2-48ff-a9ff-5b641aeed89f,0.85,0.897672712802887,,,False
4a9d8726-a661-4e84-a341-d538d29848bc,0.85,,,,False
87adde27-5da2-461f-9406-29dd866de739,0.85,0.8655370473861694,,,False
72ca0783-4587-4f95-8703-ef5b71f8af06,0.85,,,,False
187001ac-481b-4559-80a3-85c6ebc20d6a,0.85,,,,False
7e240151-b7b5-4020-bfd3-3bacab5d1296,0.85,0.8570715188980103,,,True
787de6c3-511f-49cc-b816-7410503616f8,0.85,0.8752099871635437,,,True
2195ecdf-e3e0-4d2e-90d2-839e472af474,0.85,0.8612515330314636,,,False
00282dd0-6d4d-445a-835c-87bb62597fda,0.85,,,,False
738e520f-fde2-4e66-b95c-3ba50db71248,0.85,,,,False
65095eb9-7369-46db-a986-9c6c1b2040a6,0.85,0.891059398651123,,,False
fc09078f-f616-4966-941c-255e5399c1d4,0.85,,,,False
515295a6-5669-471a-84e0-c4393507b975,0.85,0.8972412943840027,,,False
0fcacf41-c812-4184-8712-59146f692c52,0.85,0.8690010905265808,,,False
0abf0284-0f9d-4594-9616-c39df6f90fae,0.85,0.8574516773223877,,,False
f970b016-6210-4699-b0ea-bfd3bd0d1ba4,0.85,,,,False
852b96e9-5f1c-40c9-b837-fd07836d37c2,0.85,0.9230008125305176,,,False
6337f010-c6ce-4bb9-972d-1e164b61ce5d,0.85,0.8841617703437805,,,False
0439c479-2e5d-46e7-b780-907598d71cdc,0.85,,,,False
f0162ac2-832d-4cc2-866a-13e19a399584,0.85,,,,False
d3e24ce2-1911-4b65-954a-7adaf4b55c34,0.85,,,,True
7bde44fa-c582-4d0c-8fd9-30d24e0349bd,0.85,0.8659874796867371,,,True
0c6dc32e-9309-488b-945b-a18f614aa6ef,0.85,,,,False
b3200997-74ed-4efa-99d2-c0f46be76d7c,0.85,0.9185161590576172,,,False
05ec0c5a-b2d2-42cf-9474-e27d7dc27308,0.85,,,,True
96226001-8f4f-431f-8f7e-c3aee7f4b529,0.85,0.8961091041564941,,,False
e8ebd500-4617-4ea1-be57-d222131e93dc,0.85,0.8993437886238098,,,True
17169369-1aa2-47cf-9d48-7b052c163a73,0.85,,,,True
9c27dccc-5a77-4fb4-aca1-508c3f9ec69b,0.85,0.8817867636680603,,,False
80c3843b-c2ab-4ec5-a9b6-bd90c5b1c1a2,0.85,0.9151386618614197,,,False
d406cc41-915f-4c90-87c6-c7db9711fc4d,0.85,0.8702880144119263,,,False
b432cc47-cb0b-43c8-8c6b-c82317da176b,0.85,,,,True
4eedadb1-4b6e-4c54-b499-c1aab28a7428,0.85,0.9317949414253235,,,False
2983173a-251f-4819-920b-ca66422a6690,0.85,0.8874512910842896,,,True
48fba4f0-e527-4418-aab8-c0d7da883745,0.85,0.893488883972168,,,False
0f3ca949-23c5-4d20-857f-3430277fcf24,0.85,0.9055207967758179,,,False
b44c4f9c-b616-4f36-8f9b-6b6750f7fd97,0.85,0.886860728263855,,,False
264e656a-b64f-454b-8b17-f50b8b07975f,0.85,0.861728310585022,,,False
82b3673d-c2ca-436e-ba33-b89a8ce072f2,0.85,,,,True
80e8c4b1-0984-491e-8001-e48b524b503e,0.85,0.8762074112892151,,,False
6c79bf68-1548-40ac-984d-5e4a43ec6637,0.85,,,,False
417ee6f8-9514-4728-8d85-08e91f60a167,0.85,0.8814432621002197,,,False
eef55205-a7df-49b5-b800-21b78c412d9c,0.85,,,,False
10a8d8cc-69c8-4f8d-b4b0-ec9500d83348,0.85,0.8793773651123047,,,True
9cbd6e45-659a-4367-a1f7-89494d214706,0.85,0.8889576196670532,,,False
d19e0295-0240-443f-a272-794aa64e7712,0.85,0.9069907665252686,,,False
b00fdb17-8424-45fb-99a8-25da48648301,0.85,0.9226329326629639,,,False
743cd012-0519-4ad0-b423-68d53f64d650,0.85,,,,False
a9e3e026-8b8b-4a17-85c5-4c0e2974fdbc,0.85,0.8651449084281921,,,False
502d1d32-e503-4c3f-ac18-6481a9882d93,0.85,0.8807574510574341,,,False
4168a6fb-d710-4678-93f9-9447927a0a35,0.85,0.8545662760734558,,,False
105c8efa-cdf1-4801-befc-a4a3baaed4c9,0.85,0.8740004897117615,,,True
28486eab-4c33-4352-b5b6-8a0b7f287685,0.85,0.8595702648162842,,,False
3e122df4-84e2-4c30-9431-180da8fbb965,0.85,0.8737499713897705,,,True
1297679e-0478-4c67-989d-5e2bc3bd378d,0.85,0.9571490287780762,,,False
95fdb4e2-8b6d-49ec-bc1c-a2e4c5f69e5a,0.85,0.8555341362953186,,,False
c9ea3a2a-7951-4ad2-a767-fc87eddcacd9,0.85,,,,True
cdc7db44-9c57-4b46-b40f-82aa0a3a109a,0.85,0.8670135736465454,,,True
3300f73b-b676-4c51-af70-0f029dd2f13c,0.85,0.8915303349494934,,,False
a0c1504e-5ec9-4204-90aa-08bed56880dc,0.85,0.9234848022460938,,,False
a313c3c6-f20b-4b02-b851-f49cc50f6edc,0.85,0.8887415528297424,,,True
b826fec8-b9f6-42a7-a0ff-dbf6201d8fa5,0.85,0.9019728302955627,,,False
ab69884b-f66c-4ef9-aab8-90042c2559d6,0.85,0.907224714756012,,,False
480fb89c-669a-452c-8c24-3eb4d8495323,0.85,,,,True
cf5ab157-cd04-4912-ba04-9bf7cf27af9d,0.85,,,,False
693159a0-7fb2-4ae6-88f1-8d11d188908e,0.85,0.898690938949585,,,False
5567b42b-8742-484f-9dbe-b725c2475402,0.85,0.8937874436378479,,,True
7f1760fa-23c9-4845-aca2-cd1939fdb599,0.85,,,,True
9e66dfb8-8ec4-4aeb-bbad-78679da7bd23,0.85,0.9357783794403076,,,False
63b7634e-80b6-4a06-92d9-a28f4700077d,0.85,,,,True
3ed5e1be-9026-468a-86ea-9169b8671b45,0.85,,,,False
abf7ded0-21c8-406d-9f1f-a3d7f2f22b3f,0.85,0.8873773813247681,,,False
7fac6c6a-3ad7-4313-a583-8c52d9d802c6,0.85,,,,True
b3c2aa36-56dd-411a-b963-6490015d209a,0.85,0.8721901178359985,,,False
2429ba2f-0a0b-43be-bcc8-1c961b9a71dc,0.85,,,,False
ac79e2f1-2956-41d6-9fba-82b0798fc469,0.85,,,,False
9ad21bc8-81f1-4ef1-a0df-b79522f7af66,0.85,,,,False
9268f5da-b24f-4360-a387-9ca7c2b399d5,0.85,0.8672513365745544,,,False
262f54ab-3bcf-4a30-bb87-ea4c6980bcb9,0.85,,,,False
f290e23e-afd2-4d70-9f8a-c85e23d5d020,0.85,,,,True
b80a8802-f1bd-4a77-b579-d6b118abc39b,0.85,,,,False
9fb7820c-d20a-4b2d-8acb-98f85dab2d6c,0.85,0.8835188150405884,,,True
e24706b1-c9ce-45fb-94fe-f65a48c41522,0.85,,,,True
57d97998-f024-4e9c-9e98-d26913fa66c1,0.85,0.9496787786483765,,,True
23aa9fab-3c52-4d0f-af93-5f83aa72e3c1,0.85,,,,True
1359d6b3-2b86-486e-b3dc-ae074f967120,0.85,,,,False
d9f49dcc-d4e8-49f4-90e5-6311e90aee6d,0.85,0.8530888557434082,,,False
2badbff3-da3b-4b90-b18e-467d54204cfd,0.85,,,,True
266381fc-6b3f-45c6-9110-67446e58bf0b,0.85,,,,True
0033eac7-ff26-4caa-922c-b004887c9086,0.85,0.9131531715393066,,,False
b44fd4d4-b09f-4b50-89ac-ae7b39b855d8,0.85,,,,False
248e8f2c-de9c-48ab-8873-ae0b59cf86dc,0.85,0.902291476726532,,,True
4dd0e9e2-f0af-43d3-8e25-0ecb0211dab3,0.85,,,,True
168221fe-ac47-476f-9997-950148a9c6ff,0.85,,,,True
ddc195fc-c17d-49ae-b1f7-179ffd9fdd9f,0.85,0.9432681202888489,,,False
841532a1-8a48-41e0-b627-c71aaa5e64fd,0.85,0.8832085132598877,,,False
7bf9f32b-c62c-4299-bd90-1b785990656f,0.85,,,,False
955c32c5-3e1c-4798-a9a2-839479dabec9,0.85,0.8697940707206726,,,False
d3a05d96-d14a-4ae8-aef9-e1c49f5b1651,0.85,0.8862531781196594,,,True
fe657c1d-023f-482e-83ec-8b5ec9919913,0.85,0.884526789188385,,,False
400cf70e-7e08-440d-a77f-090f6e7b9ea7,0.85,0.9130994081497192,,,False
20cce3b9-52f1-447d-9311-dd72a35aa07f,0.85,,,,False
60c2d39d-0707-4283-af5b-3725ab88815a,0.85,,,,False
c781d61c-47f1-4a16-bfc8-96c1dbbb7b29,0.85,,,,False
52d42d52-5ed6-4b13-9ea8-d67f1fe287bd,0.85,,,,False
d7a46820-05e3-4ace-b645-4afe3671beee,0.85,0.869876503944397,,,False
2f227504-1574-474c-afd8-290b27dfc36d,0.85,,,,False
3ea0f6b7-9949-4eb9-9502-882239fb65af,0.85,0.8923805952072144,,,False
5ca2f69a-6950-4d28-bb49-6de2a3b76a02,0.85,0.8625016808509827,,,True
a03c4172-9517-4b47-b935-4fef21cb5297,0.85,,,,True
7d027509-e00a-42fe-bd05-abbc8601982f,0.85,0.884300947189331,,,True
149bc17e-61d4-4b9e-9b3a-baf721939a63,0.85,,,,False
10cf819e-1b4e-4677-b085-2daa0e95459b,0.85,0.8813536167144775,,,True
840e2184-bb03-4f6c-b1fb-2d2f396232c4,0.85,0.8870192766189575,,,False
2038def9-b535-4948-b749-e80b92d341e8,0.85,0.8775150775909424,,,True
f9d9a0c5-dd0c-4f06-99ba-b1904e4e40f9,0.85,0.8957455158233643,,,True
cd83b86e-a031-4ddc-8f25-8b876a3286cd,0.85,,,,True
c096928c-f1dc-4458-8cb5-79c424899466,0.85,,,,True
81960cd9-9a4d-4bdc-971c-fb82c2f84d90,0.85,0.9133129119873047,,,False
fffcf7fa-d1ec-4f55-b5ac-2291e9c1d54b,0.85,0.9275444746017456,,,True
e3682dac-4d8b-4754-a398-54f08628fbc7,0.85,,,,True
08c206e2-50aa-4a60-a5dd-75d6fa28bc20,0.85,,,,True
8a37ca5c-1269-4923-92a6-6ac43b3178d3,0.85,,,,False
e07ca13a-28c9-4e3b-98a1-90aca91b02fc,0.85,,,,False
e83b40d9-7f1c-448b-8f69-d8d60000c3ba,0.85,0.9135815501213074,,,False
2ff122b9-dc54-450a-b8c2-6201523c7cc6,0.85,,,,False
daff8d5b-b9af-49f8-9368-c28c1c1f8821,0.85,,,,True
9ed5a690-9ee5-41c9-8223-57d135a576c0,0.85,0.9361078143119812,,,False
669f5e8f-6046-4228-87f3-7ff918ec4ecd,0.85,,,,False
be9b2bab-83c4-41fe-a892-74504cb7c4a7,0.85,,,,False
411a5fd3-0306-465a-8c95-cbe183f4234e,0.85,0.929754376411438,,,False
6857a978-e3fb-46b8-9cbc-977b32dba4a0,0.85,,,,False
9793435f-13fe-41ae-b286-d5ee5d07c7df,0.85,0.8680678009986877,,,False
44cbac9f-cdd0-4f4d-a000-3d459f411e0c,0.85,,,,False
9263048d-09b7-41eb-8166-4534117eeb14,0.85,,,,False
0c4c50ec-3364-4742-8df6-3e7fa0a3357c,0.85,0.8787041902542114,,,False
088376fc-44e2-4a1a-8b3c-904d7ef01822,0.85,0.8994358777999878,,,False
b5134c1b-2da3-4427-beb1-506073aabbbd,0.85,0.8993774056434631,,,False
31623598-ac80-4704-982b-0e6bdbddfe13,0.85,,,,False
96b64d02-e3de-468d-8c63-613881fc9df2,0.85,0.866024374961853,,,False
dc95aa1a-79f3-499e-bb92-109a4620b343,0.85,,,,False
77e50fb8-a84e-48c9-8334-2bd0c0ca3c75,0.85,0.9527034163475037,,,False
c1a2ff88-7c60-4e28-9260-998445edaecb,0.85,,,,False
eec9b2b2-139f-4679-a258-89b54cb80b13,0.85,,,,False
1e40b02d-e5af-4578-bf73-9e84be25ceef,0.85,0.8677588701248169,,,False
373be46d-aeee-4991-af80-64ac27d234e7,0.85,,,,False
a56beb8f-0014-42b5-8b2b-89efe10d1dc7,0.85,0.9029491543769836,,,False
4c5d0ee8-7a96-4d6e-9ee6-d83f78290967,0.85,0.9041217565536499,,,True
68a1e00c-0113-4181-aae4-70c93c809f06,0.85,0.9295360445976257,,,True
1b77201f-3307-4915-adaf-dc689adf6879,0.85,,,,False
609aa8c5-02c8-44b5-923b-faa79d88cb31,0.85,,,,False
8516b777-1bbb-42f5-9655-ad50f1a71c4c,0.85,,,,False
aa05967f-a4cc-442e-bc45-50ea6ce9c9aa,0.85,0.8833541870117188,,,False
df1021cb-8230-4a96-aad4-c6817953274f,0.85,0.8729791045188904,,,True
cee9f395-6d0e-4aca-819a-f3b88f2e0ece,0.85,,,,False
302900ec-664a-451c-b5a8-4ab4d35ffb10,0.85,0.8895879983901978,,,False
76d3ffb8-e245-474b-9739-02190a57f0f7,0.85,,,,True
8b1c37a7-39e9-4734-ad9c-6e464088fddd,0.85,0.8522742986679077,,,False
858ff582-8956-4cf8-bc02-d4735d32bb87,0.85,0.8755265474319458,,,False
5d1315e7-2a38-495e-acfb-c10bee9f860f,0.85,0.9156878590583801,,,True
3f464587-63e4-4fd2-b47c-c925eddab78d,0.85,,,,False
ea2f6cc6-9636-44c3-b203-2548f57c9ba5,0.85,,,,False
38f98241-5f70-43b7-89cf-d32a97bfa699,0.85,0.8709623217582703,,,False
e45a29fc-e955-4118-b376-8d6125e74baf,0.85,0.8541558980941772,,,False
83f9e453-715a-4851-bfdd-fd89baf12b68,0.85,0.8876264095306396,,,True
b2daab69-72c4-4c68-b181-3c7d19dcdfb3,0.85,,,,False
e8b04c44-8ec9-4fa1-9fd1-8f185e559372,0.85,,,,False
cc73bc47-f769-4482-8fe1-0f0d851e938a,0.85,,,,False
231c4423-c2ce-45aa-b62e-8c935935e3d9,0.85,0.9244143962860107,,,False
7a4fdfda-1234-4a76-84df-362f4b137f1c,0.85,,,,True
83954b37-3248-421d-9957-19d6e1dbf239,0.85,0.8582174181938171,,,False
fdfd6a27-588e-4540-ac01-5c9794f23f8f,0.85,,,,False
a309860d-b8a3-4b1d-8ce9-eedf8cf8030c,0.85,,,,True
1ad181d7-5104-4a00-b273-ffb3a0928bd4,0.85,,,,False
52bdd5aa-81bd-41a1-bd84-f3c0d71ec8e2,0.85,,,,True
d99cb77a-ecfb-4d60-ad45-6282d9902f4e,0.85,0.9327551126480103,,,False
278ccb89-2130-44bc-a0b5-b737e765729b,0.85,0.9120532870292664,,,False
85de1852-ac0e-4619-8bd9-fd34e08f2641,0.85,,,,True
761821e9-610a-4f4b-8748-c451fe6fe937,0.85,0.9059635400772095,,,False
15fb5029-aa34-44e0-b489-ee977fb353c2,0.85,0.9191659688949585,,,True
11173029-f334-457a-a374-c69c5735d0de,0.85,,,,False
b5d9a4d7-bcd5-456d-a569-a69f35ef41a6,0.85,0.8927432298660278,,,True
11e330ae-a6cd-4816-b0b7-1c2a949233de,0.85,0.8999912738800049,,,True
d52c7f0e-cc92-4ddf-9a53-76039f1b80ab,0.85,,,,False
a31cf5f3-00ee-4259-adfb-b6c5f5136ce2,0.85,,,,False
c63ad350-8ac4-470d-b5c8-f6ca16ae82a6,0.85,0.8750830888748169,,,False
3b362c8d-6e69-4767-b4d9-b0d33bf51ed1,0.85,,,,True
a59d7473-e414-4408-9934-8f8b7854aa0c,0.85,0.8549929857254028,,,False
572580b4-2303-44d2-9bcd-4f2a5095415d,0.85,0.8539085388183594,,,False
dc18121d-4726-4d05-b77d-39466fcca818,0.85,0.8857014775276184,,,False
137c37a6-d076-4f7a-ba49-c43c6db94263,0.85,,,,False
fafb5bb8-438e-4bea-adfb-3e2bbe9a465d,0.85,,,,False
50c9f6d9-5414-467b-9d7e-61baa4c119e0,0.85,,,,False
252b4db4-de48-4fb7-ba19-cc369e6a2069,0.85,0.8627064228057861,,,False
cec8b9d8-9a45-4e69-82d9-285e0f8e36b5,0.85,,,,False
f01a1451-3c37-4615-9b4d-a1130140df06,0.85,,,,False
ecf8a7e9-0ee7-4ef2-8957-9d5bdb2fbe25,0.85,0.9170665740966797,,,False
82a06336-ddf8-4a45-a30d-45e2201e84b7,0.85,,,,False
a2bfd90e-2702-4255-bfe0-e6ee90ce1605,0.85,0.8858394622802734,,,True
0e354418-d078-4ad4-aee7-fd7f6cc0831b,0.85,0.8974436521530151,,,False
397f9530-1998-45d3-b757-f31f6f4c0fd9,0.85,0.9032545685768127,,,False
97a4e2a3-2089-478c-8680-518f5d8c527e,0.85,0.9057232737541199,,,True
8b0e65e9-09e4-4859-9b4f-205714c53d91,0.85,,,,False
a0f4702a-5f7c-4776-aba3-223e02252359,0.85,,,,False
adacbf7f-08f9-4831-8644-a4fb24c1b0f5,0.85,0.8770426511764526,,,False
99095999-2427-4c24-ac4b-95c8c9d1b0e1,0.85,,,,False
098aab57-76bd-42cb-b934-ef5ad0ad2012,0.85,,,,True
e0237da0-a821-47ab-834f-a4cf9d8ae403,0.85,0.8692652583122253,,,False
6a41e7cf-0b1b-4dec-9906-18ae73a4249a,0.85,0.8575237989425659,,,False
fe31fad1-acb2-4860-8f39-6b7287d91282,0.85,,,,True
d3f04219-cdc6-4354-b8ea-84aeaa37bc38,0.85,,,,False
2dcb4e13-5b49-4fb5-8883-83249209f945,0.85,0.8593541383743286,,,False
6a37cd92-50c6-4de1-99de-4c7e56f025b1,0.85,,,,True
a2248734-5de9-488b-834d-628b49f60a81,0.85,,,,False
95306a7d-edfc-4b99-a3aa-2dba785e2912,0.85,0.8625755906105042,,,False
4b971367-51e0-4fd9-a515-02f4eab25a9f,0.85,,,,False
a7f9eff8-fed0-423e-acc0-cd2a08e70e89,0.85,0.9069434404373169,,,False
03092441-5874-4290-ba62-43c8f525d447,0.85,0.9038208723068237,,,False
bea13a73-7503-41ab-b3a2-f07bd75f4081,0.85,0.8722701668739319,,,True
7c095909-6caf-4c27-8398-de13382f45c5,0.85,0.9072088003158569,,,False
8329fd86-226e-414d-901a-b317be71c0e8,0.85,,,,False
d16cf0ae-c4f3-485e-8867-e4c48fcbdbb3,0.85,0.8708014488220215,,,False
1c7d1c13-9809-4f8b-90cd-e1a7c6692c04,0.85,0.8835804462432861,,,False
6b4d92ef-79b8-44e6-9b36-11d190ea33ac,0.85,,,,False
7ec68e07-a0ea-4a57-9871-39104803afe8,0.85,,,,True
8fc5a360-e976-4be7-a183-fb8b8be1b92c,0.85,,,,True
f09040a9-f032-4e15-8d24-f4071d274ca0,0.85,0.8864951729774475,,,False
0534f9fd-2af3-492c-ae44-1190c68186cb,0.85,0.8582951426506042,,,False
60a90d1a-937e-4b59-b662-05a21fd6a00e,0.85,0.8835128545761108,,,False
38d5cdb5-dc88-4949-b634-d08f0095104e,0.85,,,,False
aa375db5-6aa1-4482-a334-3f14b6520aa9,0.85,,,,False
fd553a8e-041d-4ff8-925e-d9e838d0ae54,0.85,,,,False
0fbfa1ad-bc20-4402-8d50-f2d72bcab374,0.85,,,,False
3f906808-664c-4b8d-8eb3-ecd6c683c390,0.85,,,,True
eb814d5e-8ebc-4756-b362-3e6920ba5723,0.85,0.8777067065238953,,,False
8249e98e-bc64-4638-98f5-616edc88dbcd,0.85,0.9815902709960938,,,False
b7a8b88e-ebec-4640-ae93-5d80d0d16eaf,0.85,0.9686486721038818,,,False
4d3d2a68-f3f5-4464-9ae9-8262925719dc,0.85,,,,False
d72bcb5c-cf98-413e-9e47-d15c55a9f743,0.85,,,,False
260b6e5d-5adb-4486-9723-cdb97e09f100,0.85,0.8762441873550415,,,False
d44b8ba0-6200-4211-a43b-74f2ea9b0dab,0.85,,,,True
7e03840f-5054-4d4b-b00d-976f6dddbf9f,0.85,,,,False
ce6ac76f-722f-4318-b907-950641872031,0.85,0.9639827609062195,,,True
da85d64b-16ba-4503-a4be-305a968f50c8,0.85,0.8779317140579224,,,False
eb75a94d-5a6c-4522-8078-335c40fe9706,0.85,,,,False
fb903c83-8fa7-4cb3-9f08-617680c5179d,0.85,0.908751904964447,,,False
f199591d-b749-4eb4-bac7-8f0e9cc5dcd0,0.85,0.868570864200592,,,True
749396b1-83a4-46b0-9b7e-66fa0fe83833,0.85,,,,False
4e08e1c3-e498-44da-a29d-800d2311c839,0.85,0.9083226919174194,,,True
e60202bc-e66f-48d1-992a-d838a7789c80,0.85,,,,False
c1625019-53f6-47e2-a591-dbd0e82f74c0,0.85,,,,True
50b3da03-5bf3-4c70-b6dd-2f6a164e32cc,0.85,,,,False
8b1437d1-4fc6-434d-b27f-6c0089e03a54,0.85,,,,False
1bff9b9a-dd7c-4040-af24-06aa89c9ee34,0.85,0.8940573930740356,,,False
68c45174-2d5f-4aa5-81fe-f1b006ec0459,0.85,0.8717962503433228,,,False
4268efe7-00d3-40e8-9f71-40be2eaf1982,0.85,0.9325050711631775,,,False
cd4bd827-4c55-499b-ba7f-10c869ce4675,0.85,,,,False
149cca64-4891-4087-88ae-e8b738b348cb,0.85,0.9357597827911377,,,False
311359a5-f602-408d-b450-41e43c9962ef,0.85,,,,True
b0a6fd37-14c1-459d-9acd-45e89ad60d4d,0.85,0.9678184986114502,,,True
b1108467-8baf-4cd6-bccb-cbbc7133d61e,0.85,0.920309841632843,,,True
ef8e4a19-9b7e-4028-8753-0748180d4c2e,0.85,,,,True
31a1c498-8f10-4c9b-8905-b7b30bd24110,0.85,0.8975633382797241,,,False
36806962-d0e6-4965-8a69-7388a28c57f7,0.85,,,,False
f7e50b94-669a-481c-a774-7cb5bf744cbe,0.85,0.9586119055747986,,,False
4cb78792-862d-4e22-96f2-33187dc14231,0.85,,,,False
b27cb2d5-f606-42b1-9493-2f4df3803fb1,0.85,0.8864891529083252,,,False
16e27d37-5c0e-4b18-b718-79aa5d57c03b,0.85,,,,True
4e7f2e4d-d8e0-468d-8a63-9397c637d19f,0.85,,,,True
fdeb163b-e472-436a-96cc-b312209acb44,0.85,0.87361741065979,,,True
5ff4aff2-a33e-4671-bed9-55f06b2b203b,0.85,,,,False
f69882d1-897b-44e9-9842-3846f1b253f8,0.85,,,,False
f0c1a9db-f7c4-4c99-9df4-e29afa37318d,0.85,,,,False
98325a52-1af4-47a8-affd-1f997149422c,0.85,0.8828803300857544,,,False
5a208385-be77-41ec-81e4-f49d2fcb1b09,0.85,,,,False
ec8b2ea5-567a-4ae4-ab92-c4143d772308,0.85,,,,True
939a4185-a7ac-44c8-946f-762931651376,0.85,,,,False
9b36949b-bba7-4d68-a0bc-23b4d2351985,0.85,,,,False
59bf4a92-dad8-411e-bba9-2653ee0d7ffb,0.85,0.9233862161636353,,,False
ef273168-5cfa-43b4-babb-ac40c2dbf6e1,0.85,,,,False
f96bfc54-81cd-4178-b2ca-6698e448a537,0.85,,,,False
26b38a90-9988-46a4-91a0-17edfd8435d4,0.85,0.9393150210380554,,,False
9dc4023b-b2bf-437e-b00f-d1656e3637f7,0.85,0.9242968559265137,,,True
e18bdf73-0009-4990-9094-8ffcdaf94307,0.85,0.8800815343856812,,,False
e7402f08-844c-4a21-83d3-410872229ebc,0.85,,,,False
e14b73e4-5773-4ff8-8184-f8027f67d880,0.85,0.8577964305877686,,,False
c0f97cf3-008c-430b-906c-3e7e4244f5e6,0.85,,,,False
854427ec-b01f-45d6-b16a-bd031a9ff7d1,0.85,0.8986228704452515,,,True
3c9f69c4-f70a-4346-8781-7223cabb06c2,0.85,0.8721747398376465,,,False
7385cfa3-f377-472d-9417-ba379abc1a90,0.85,0.914043128490448,,,False
a49a5a4c-a9d4-469a-a5b6-708a3274fea4,0.85,0.8623369336128235,,,False
1cd5bbf6-f8ce-4222-8d62-9e1c6e1acd36,0.85,0.9017248153686523,,,False
f20166f4-a654-4fa5-a8e8-0a3ee21091d7,0.85,0.8699058294296265,,,True
f024a0cf-d984-41f2-b48f-68291d10bf96,0.85,0.9163564443588257,,,False
91c1ccbd-2e61-4c1c-b772-103df768223e,0.85,,,,False
e604b436-bead-443c-a60d-8450b5221641,0.85,0.9373694658279419,,,False
c2b689e5-7152-4a20-8c9c-fa6dbe045b24,0.85,,,,False
4f4b029f-717e-4550-bb16-ab85b20fc900,0.85,0.8988512754440308,,,True
e6164d3e-603f-4779-9be0-734709309250,0.85,,,,False
570cee23-0af7-40b1-9028-86226fa4cd54,0.85,,,,False
ce5334f1-f2b3-4a64-8267-2f152cdad54a,0.85,,,,False
60ea6aff-f8ae-4a8f-aa76-831a7a8407de,0.85,,,,False
7941a850-957d-4a55-a328-765a0fb77079,0.85,0.8552190065383911,,,False
0ab549db-2fee-429a-a824-5882f043ba67,0.85,,,,False
f09e0f00-c550-455a-96fd-04db26348e36,0.85,,,,False
361fe736-a8b7-46f2-aa56-a8762f5f146b,0.85,0.9008883237838745,,,False
af407633-f0eb-4a48-94a4-203aa78e2b61,0.85,0.8545185923576355,,,False
1f02f155-623e-40a9-9c6d-a7e6eebc9313,0.85,,,,False
4a69d58a-cf18-4005-b7f0-7e57b298c2a2,0.85,,,,True
16598235-95b7-49a5-b1ae-da53b117e0fe,0.85,,,,True
43038179-8995-44bc-8844-af362ad698c2,0.85,,,,False
afe1ff2f-2186-4f87-bb47-008bcbb461da,0.85,,,,False
f6eed4d8-df01-45e7-bd70-333943bbcb7f,0.85,,,,False
73615b29-d0a7-4737-8cbf-4a87e16541a4,0.85,,,,False
7c2927f2-77e3-4d40-a9fd-21eddc217a8a,0.85,0.9443164467811584,,,False
0919d51d-2170-4ab7-b007-87bfd0351134,0.85,0.8840815424919128,,,True
72fcadfa-4b93-451b-be69-d51438681196,0.85,0.9005867838859558,,,False
a5b689f7-6cc8-44ac-9228-ecbaa563e424,0.85,,,,False
41562275-1420-40d3-9200-d6d805b04e10,0.85,0.8769526481628418,,,True
12c31218-2905-4e13-9c37-4ddd572e843d,0.85,,,,False
352a213a-8945-411e-a191-e64e658aa79c,0.85,0.9007160663604736,,,False
c4b23b14-1545-4665-8041-9bf307c2dbd3,0.85,0.8673631548881531,,,True
29b06690-61d4-4b21-b979-e7598c3a2ebc,0.85,,,,False
03248b32-09a8-48d0-9c5f-7e8b633b50e7,0.85,0.9604384899139404,,,True
bbd41392-b1be-4b22-aefa-bcb9fbae7347,0.85,0.9233366250991821,,,False
22a2d917-7057-467b-bcaa-4a841c26c92c,0.85,0.8798626661300659,,,False
69cb174a-2a26-49fe-865c-0eb799c503f8,0.85,,,,True
5ecf510e-784d-47db-a443-514f40be8ff8,0.85,0.8585688471794128,,,False
0827c591-b4ba-427f-bbd3-efe5e5a07fad,0.85,0.8808119893074036,,,False
946363a1-12d6-41e2-9849-09793732ec98,0.85,,,,False
b5d8e6e6-1ca8-4911-92f7-80a1fefb0523,0.85,0.9094713926315308,,,True
40e58e6a-f2db-47b4-96cc-297213b84002,0.85,0.8903287649154663,,,False
82a01972-0340-417b-a001-bb0d6557c004,0.85,,,,False
8696234f-e32b-4e74-a061-1bfdbc0db305,0.85,0.8941222429275513,,,False
b6b6c04f-34ed-4ca2-8d71-dc465c263eaf,0.85,,,,False
d6336573-e78f-43c0-bedf-88baeb73b07a,0.85,0.8827201128005981,,,True
4cd41f3c-10af-4ba7-a071-020e4a90ea20,0.85,0.8504133224487305,,,False
d0571c8c-3f99-4b75-a342-b2a3cedbfa08,0.85,,,,False
d9b774c8-acad-49de-9b4e-49c0c8c39905,0.85,,,,False
bcc56bc8-0105-41a7-a073-5ae0aa3e3f52,0.85,0.8514173626899719,,,False
5faaad3d-d2cd-4e13-b3dd-81c0d5473bb1,0.85,,,,False
edb71158-f090-4496-9b9c-f057c28e1b4e,0.85,,,,False
a2dcef37-6e0e-4626-bc82-7ed043e7d81e,0.85,0.9002057909965515,,,False
ec2fcb18-f596-4bcd-bede-6cbf5366b7de,0.85,,,,False
3268f36d-db8b-4c93-8db6-1aaccc7a9d8e,0.85,0.860512375831604,,,True
d1758a56-a07f-4dec-9f9f-cf75354d4068,0.85,,,,False
c47595e9-ca67-4956-95de-979b94c79718,0.85,0.8642451763153076,,,True
7fc3d9ea-de04-4faa-881f-c7e55f9f35a9,0.85,,,,False
7a49501f-7a8b-4934-ba3b-f21e16c80207,0.85,0.8848797082901001,,,False
e07f61d2-9058-43db-afd4-41d3d43d484b,0.85,,,,False
5eb6617f-999c-4abe-aa1f-be65325af37d,0.85,,,,False
b98cac4d-3b8b-4cdd-9546-4c3fd6a5f217,0.85,,,,False
110291b9-dd1e-4bf6-bf20-3ea5f5de5e8e,0.85,,,,False
66371d7d-9ed4-48b9-ada7-279f23d941dc,0.85,0.8589496612548828,,,True
62b80639-f2a1-4023-a074-47582218e5dc,0.85,0.8710508942604065,,,False
22f3cfe1-eca9-4cc4-ba3e-76d4928a389e,0.85,,,,True
47468784-b883-454e-8a23-bb7f75acc41d,0.85,,,,False
865c2133-9df7-4967-9a20-584003a94857,0.85,0.8744467496871948,,,False
0a13eaae-4a10-40bf-b2d1-65921e1058c3,0.85,,,,True
f9ce59a3-591d-4dcc-a39e-168db3c8331a,0.85,0.8670104742050171,,,False
b0ff0df7-81e7-4cc4-929a-28b927f00f19,0.85,,,,False
ef551756-5ef7-4733-abf0-3ef45cb4cd80,0.85,0.8563268780708313,,,False
2adcbf3d-861a-440f-802f-36d83c1643af,0.85,,,,False
124cb36d-6b4d-4840-901d-0c01fdbe1e02,0.85,0.8549642562866211,,,False
c57f0ccc-0f4d-4d4d-9c0f-0ef14bdb6817,0.85,0.8924111127853394,,,True
478b715a-0141-4328-be92-fb038522cd0c,0.85,,,,True
af82cfb8-e764-41a1-aacb-94899fbab8f1,0.85,,,,True
975951c1-6912-4b43-89fd-03f8f97e31e0,0.85,,,,False
4abf0a89-64c0-4e80-a875-78ef35431de3,0.85,0.930792510509491,,,True
c6fc7bff-fee7-4b65-9530-45fadb12df53,0.85,,,,True
c801e01d-b18a-4e87-85db-8bed2bd2f39e,0.85,0.8716583847999573,,,True
5d1a991d-752e-490f-9409-b61d68d8b313,0.85,0.9483873844146729,,,False
20acb588-1ee6-4898-be2a-9df44b6e0825,0.85,,,,True
fa91a738-7a1c-4d71-a4a0-399eda757e17,0.85,0.9425193071365356,,,False
33b53126-9a21-405e-b69d-3e683545fc34,0.85,,,,False
8ffb8f0c-e3da-4953-afb6-1fd7f45d1898,0.85,0.9307994842529297,,,True
f38f6257-524c-4286-b426-edcef218f4c2,0.85,,,,False
fa89b762-50d7-453d-8628-77ba7ef58cbf,0.85,,,,True
0faa79c7-117f-429b-975b-ac9b1bb1619e,0.85,0.9053255915641785,,,False
9b665ebc-4a9a-4cd2-a168-a6c5a2da6a2f,0.85,0.9141139984130859,,,False
8950de68-9e64-4b2a-a4f8-8682d2a68056,0.85,,,,True
39ca46f8-2441-490f-bff0-dd1f5089fd5e,0.85,,,,False
57382105-0752-4a19-a5d4-abfba8114049,0.85,0.9404181241989136,,,True
2f288fba-632c-4328-b214-e5ec39bdbad3,0.85,,,,False
e8127a28-5642-4aa2-b895-3e7bc0ccf94d,0.85,0.880250871181488,,,True
fa3b40c2-3690-4afe-906e-8dcbbaab2123,0.85,,,,False
deafd994-1b49-4220-b20b-e1a7232efd9c,0.85,0.8677968382835388,,,False
67971465-46f5-4133-a051-739e78a30f35,0.85,0.9242644906044006,,,True
dc9c403d-c4ea-4681-8ab5-4a45a62b8ab7,0.85,0.8898189067840576,,,False
9997d234-7681-4e21-855e-6e8e0f890b90,0.85,0.8691100478172302,,,False
5088f473-07b2-437d-9053-8b4a66c0544a,0.85,,,,False
6f116bdf-c9c7-4b87-8a56-9c9345e4cf3a,0.85,,,,False
858fcd1c-5ed9-4e39-b58e-7b96f1618775,0.85,,,,True
87887a2f-801f-492b-8752-041e6cac0085,0.85,,,,True
fe73f0e1-0437-42b8-828d-5dab83628925,0.85,,,,False
a3b0cfbd-664b-4045-b8b9-77006fe6ef6f,0.85,,,,False
c3ec4383-e864-4db9-ae05-4039ea70c196,0.85,,,,False
f33fa403-ce2c-4919-81e4-75684832cb4b,0.85,0.8698750734329224,,,True
0b832605-a8c4-45f1-80b8-990fedf9e610,0.85,0.8612620830535889,,,False
c7865562-79a2-4f1c-aed3-e11194383e06,0.85,,,,False
b2b87f58-0dcf-4129-a51b-8fe288e3aa05,0.85,,,,True
7ac1f69b-ec6d-430e-bb43-8cabcca1ddbc,0.85,0.8696198463439941,,,False
5021ba4f-23b1-425c-b288-e0afd05556f4,0.85,0.8966328501701355,,,False
76927ff6-34ac-407d-9663-d228a41c6e9e,0.85,,,,False
2c3e938e-32fd-46b3-92f1-c2527209182f,0.85,0.8623483180999756,,,True
039c9ffd-7d68-41f0-b2d6-9c8d11147953,0.85,,,,False
bb5ae11d-3a85-453f-9a49-a5825f329a12,0.85,,,,True
46be0ed9-b95b-407c-92cf-70382dbbf1ac,0.85,0.8824153542518616,,,False
436ef5f7-8923-4cbb-8027-f1960f007ed4,0.85,,,,False
a21bb627-345c-45d0-ac82-b9f95153bf69,0.85,0.8934087753295898,,,False
fd55fdee-4b4f-41ba-b953-e5ee37218a8a,0.85,,,,False
1c8f3889-a70a-46c5-acb6-dd3c001efce2,0.85,0.8931797742843628,,,True
5b1889b3-2027-46d3-ad4c-f7ad7c9ab0a3,0.85,0.9378398060798645,,,True
98364909-b024-4de4-8328-eddc08b02e74,0.85,0.8651912212371826,,,True
ddd3d24a-e820-4128-96b0-f700f5133604,0.85,,,,True
90ef5a80-263a-466f-8a8c-bdaa3fad4a03,0.85,,,,True
823e815b-8b06-4dce-bc1d-3d62c35d4581,0.85,0.8981281518936157,,,True
cb0b268f-7696-40f9-9ef5-f189679ed851,0.85,,,,False
06db3852-0414-4eba-85df-5c8f75324460,0.85,,,,False
efe77a6c-a71b-4e86-a80f-176dc1e2dec9,0.85,0.9438734650611877,,,True
6fb1234c-1e11-499c-9d86-9d02498d6ba3,0.85,0.9225021004676819,,,False
2690bf3d-bbf2-42a8-b969-016ead8f4078,0.85,0.8748640418052673,,,False
c5c85cdb-af2a-47e9-9032-f7cb3b2238cb,0.85,0.8515477776527405,,,False
cad37cdb-f57a-4b9b-b403-4211ae7b1fe0,0.85,0.8935708999633789,,,False
46b9eab7-1442-4333-868a-96e85950167e,0.85,0.8616803884506226,,,False
891da6b5-4c37-49ac-8c80-f5c62efca47d,0.85,,,,False
cbb1c8a3-1b37-4756-a584-3b9c96749803,0.85,,,,False
af8e410a-9978-426f-a3b5-b9d20ca9b460,0.85,0.9186631441116333,,,False
449c9a79-27b8-4750-9ac2-1eb5a247abf5,0.85,0.8708382248878479,,,True
35fb017e-51cc-40d3-b7d1-2b8de06f0563,0.85,0.8500497937202454,,,True
691fe77f-cedf-42e4-96e8-0c8ef0dbf6e2,0.85,0.853314220905304,,,False
dc892647-15cc-4ce3-9115-3b2d12a0e688,0.85,0.900873064994812,,,False
623f83a4-ec31-44cb-af05-145e14bfa098,0.85,,,,False
0f420663-54ec-442e-8fd8-229d0926b562,0.85,0.8897978067398071,,,True
baea300d-8378-4650-9359-e4070da33e6f,0.85,0.9241223335266113,,,False
587480a0-2ade-446b-9c95-beba178381fe,0.85,,,,False
747a4c07-d85c-44a4-9ce9-c275ce91f08e,0.85,,,,False
d49d7c60-4e5f-48bd-a35e-e7ce785e287b,0.85,0.899469256401062,,,False
3e13006f-0723-469e-b9a5-3db055abc37e,0.85,0.870475172996521,,,False
a276776f-9663-49f9-a742-47d68792f588,0.85,0.9427970051765442,,,False
488ad331-8633-4aa0-bf63-c23084e4dcbe,0.85,0.8907695412635803,,,True
281dad97-b90d-44be-8019-8a4f36de93bd,0.85,,,,False
cf7dab6a-4050-4b37-8f19-b84070ce8fad,0.85,,,,False
273f1702-e730-4ebf-b42e-c01446d0b88e,0.85,,,,False
69f00cf7-7a5d-4aa7-9512-03ce81168226,0.85,0.8697868585586548,,,True
52555b18-893f-4fcf-a3f4-75a0a02f97df,0.85,0.8924136161804199,,,False
eceedae9-1c8a-4b5d-a00c-028cf4aa2708,0.85,,,,False
2ede113f-9558-450d-9bf7-84d5bc1438f5,0.85,0.8726249933242798,,,False
4d9727e3-b3e3-4244-9148-6941e43e3d43,0.85,,,,True
9bc0aef6-4431-404c-ba54-45f4c3b2893b,0.85,0.8650404214859009,,,False
fcdfc037-8497-41c1-b8a5-29bfbbc99271,0.85,,,,False
eb466ab3-63f5-4f52-ae1c-1dce99fed833,0.85,0.863456130027771,,,True
bc120252-6b6f-41db-be1b-f68013f1b3ac,0.85,,,,False
7b5c05ba-cc85-44cb-bb06-588740beea28,0.85,,,,False
02ec738a-e6e7-4da9-b60f-9dee73bf9e9d,0.85,,,,True
49dc3311-ca28-45e5-9201-89aab96814cd,0.85,,,,False
7faf9037-3a60-41e0-ae2f-b8a41c681f02,0.85,,,,False
5c5479c3-17e0-4e8b-b264-72c054469741,0.85,0.8824222087860107,,,True
021b5c8b-38d4-46d9-a6d0-2da6da96090e,0.85,,,,False
2ad84fb4-f6ab-4964-b922-b6e995db8127,0.85,0.8669687509536743,,,False
94320933-72bb-43eb-94f5-fe5056eb3f11,0.85,,,,False
4d3cf942-e84c-481c-8bfa-06a35763c3a8,0.85,,,,True
1f74fa70-3c13-4c3b-a5d3-acf29ddb7bf8,0.85,,,,True
61495ac0-906f-43f9-8f25-28ffb2214b16,0.85,,,,False
330d2fcd-3f0f-43e0-bda7-e1ab79caf7ca,0.85,0.925126314163208,,,False
a199d8e6-9004-4dcc-9b07-97125da8b428,0.85,0.8917779922485352,,,False
5a097095-f38d-4120-9587-c378f078113e,0.85,0.8810073137283325,,,True
54b4d627-261a-4fe8-95a1-a191e5de9089,0.85,0.877967357635498,,,True
3bf86a69-4119-4b92-bdde-d49769132e6a,0.85,,,,False
4c702857-4d04-47dd-a48c-e7c324176629,0.85,0.8995401859283447,,,True
27d16089-666e-4554-bed4-0086202fa41a,0.85,0.9021230340003967,,,False
b4b404f6-4911-46c7-8ec5-b5325ed9a4c5,0.85,0.9136977791786194,,,True
6a43810b-0d91-4936-80e3-da7b769f616e,0.85,0.8585085272789001,,,False
4f70927f-fbb1-458a-9def-6ffd96ecac30,0.85,0.9030808210372925,,,True
c23ef5c4-4806-4964-bbec-e9045afe0122,0.85,0.9196860790252686,,,False
25609a98-0e00-4f71-9774-84226343dd2f,0.85,,,,True
8b82a9c5-60b0-4803-9597-bdaff0cf8293,0.85,0.8638293743133545,,,False
000a8322-8d91-4c2d-a0ba-1e5d6502983b,0.85,0.8741124272346497,,,True
028cb59c-5486-4ec6-ad24-b06293bf8cb1,0.85,,,,True
1ae8e91d-9e45-43c1-9188-506dab051a4d,0.85,0.8659172058105469,,,True
9f7f59e2-aac4-4952-9600-87e21904a3a2,0.85,0.862762987613678,,,False
48352c67-2c52-41bc-bb3e-2e04d741f31c,0.85,,,,True
c0002448-4b76-465e-a858-07d9636c2dce,0.85,,,,False
89149c7c-2336-4b8f-b22d-609ca2a1b10b,0.85,0.8543468713760376,,,False
c4c814a9-f03f-4efe-ab93-5f72186b7b08,0.85,,,,False
3f63ffe8-30ed-4ba1-ab7d-f1bf96704e47,0.85,0.8687885999679565,,,True
df158322-c6a6-42ba-98e6-8881b8e7127a,0.85,0.880020260810852,,,True
b256d1ec-f4eb-42fb-bce2-ee31246164fb,0.85,0.8506864309310913,,,False
d2c469e3-b0c5-495c-8221-e817fe1c1ce7,0.85,0.8573441505432129,,,False
2e935ff8-a375-4438-9876-dd830179ea93,0.85,0.9369786381721497,,,False
06d195a0-b89f-46a5-bdda-5d24d30467ec,0.85,,,,False
0f784b60-f9e3-4bc1-ab8f-e6fa7658ac89,0.85,,,,False
2a550419-882d-406d-98c0-4c8824795a7a,0.85,0.9190488457679749,,,False
e6425bf7-6dc9-48c0-8eea-9788bf19c7ee,0.85,,,,True
2857a3ae-f931-4bb8-bd13-b0929d7d0f18,0.85,0.8610947132110596,,,False
0a0669b9-50dd-4330-8b12-06d239ebc940,0.85,,,,False
3377617e-5ccb-44e3-b3d5-660dfdc3099e,0.85,0.8988878726959229,,,False
e16a201a-d75a-4d9b-b7a0-50760e19c210,0.85,,,,True
a407b359-8d09-46bf-9924-bd751572a2db,0.85,0.8508092164993286,,,True
bfbcd226-6506-4573-9e2c-ff2353e8270b,0.85,0.8513919115066528,,,True
65d33ebf-6aea-4ca5-a47d-b33c67840cab,0.85,,,,True
2c579c5d-4cd4-4c93-aeb9-8c117bb5e124,0.85,0.9275010824203491,,,False
e79c3f15-41a7-485b-9e0b-c5af74d815cc,0.85,,,,True
299c0a2c-60f1-4fdc-9bcb-9017aea55da1,0.85,0.8799871206283569,,,True
b44cb6b7-fc36-42e3-ba60-aa1b50ab1f48,0.85,0.8787674903869629,,,True
78a8a7e4-4da1-4f7b-b560-2413f8ab41de,0.85,0.9120668172836304,,,False
a924f367-378f-46f7-9a69-4d1ec96b03fa,0.85,0.8678021430969238,,,True
9690136c-8a95-491b-80ad-e240f5490798,0.85,,,,True
868f4666-4d6d-4342-9adc-3fcf5a2a821c,0.85,0.8698152303695679,,,False
2d532b65-6977-4219-89bb-68e45b6b7b84,0.85,,,,False
c623d188-208f-4481-b45e-6f06d354de1a,0.85,0.915381133556366,,,False
81c17752-2ab0-4744-bc25-726d41cfe03b,0.85,0.8657930493354797,,,False
0f348cdb-d892-4825-bfe4-bd9406832e3d,0.85,,,,False
dfe15563-1976-4f96-a264-ef527f97a1ef,0.85,0.8902318477630615,,,True
5a903cf3-f701-478f-81eb-903e33832206,0.85,,,,False
c727ad3c-ba11-44ab-b24f-a5c43cd2e86d,0.85,,,,False
5c99e493-b75c-4f6c-8079-dc3cdde4767a,0.85,0.8584483861923218,,,False
6f29922d-1111-4321-8bd1-663529506e96,0.85,0.8858723640441895,,,True
7f802dba-f140-4c28-87bc-7c5437458339,0.85,0.8785771131515503,,,True
b693fceb-9592-4fb2-8943-35bba98539c1,0.85,,,,False
f6618d0a-d96f-4fb1-a0aa-604dc98493ed,0.85,0.87245112657547,,,True
705e9896-1b23-4a0c-af79-60ae9cc92a80,0.85,0.8880177736282349,,,False
889c5c30-3930-439a-bdce-eab8d29d24bd,0.85,,,,False
7488d488-d066-46cf-a360-726d46814244,0.85,0.8944168090820312,,,False
e1020678-03d8-45df-8a58-82ddfb146b17,0.85,0.8779773712158203,,,False
849c93e7-7762-4de3-9313-c2311ef150fb,0.85,0.8742044568061829,,,False
0bebb45a-09a9-43ee-9d4b-a2cc9dafc1b0,0.85,,,,False
84d89e98-732a-48c5-9c26-ae1dfa5d3383,0.85,0.9144275188446045,,,False
653979aa-28b6-47e0-bb48-23a2cded4c19,0.85,0.9362484216690063,,,False
6f93f150-8e93-415d-9982-0c2754a97683,0.85,,,,False
a5b210b0-663a-40ea-bcc0-6f0f14f829e4,0.85,0.8669724464416504,,,False
f18cb7a4-1b3a-4759-a542-d014e4d4b4fe,0.85,,,,False
897492ab-d30b-400c-bd5c-13c3aedb8448,0.85,,,,False
3fe72836-0bb7-4d87-a192-fd98081947e5,0.85,0.8648260831832886,,,False
c8da6e52-faec-42ed-bfec-aebd59fbfa5e,0.85,,,,True
07f856b1-4d0a-4b34-9a73-de32225faa3b,0.85,,,,False
079d11d4-85a7-4ec8-9a8c-a58de3f0669f,0.85,0.8500269651412964,,,True
0b846735-13c0-4875-8a76-4b1cf9e233b4,0.85,,,,False
19af5c47-6271-408c-a57c-105aea3d722f,0.85,0.8506401777267456,,,True
8d8f3b5b-8ee6-442e-96d2-f88823816a59,0.85,0.8585196733474731,,,False
1d671acc-9524-4d9b-8682-85a6d669bdb6,0.85,0.8833146095275879,,,False
4035bf1d-7ea7-4f3f-acb1-a57867932a60,0.85,,,,False
f78bb5b2-dbdf-4a52-9003-4b1d6bb1dcaa,0.85,0.8708014488220215,,,False
0457e612-19be-4b7c-aed0-b3ea7ff4cf9b,0.85,,,,False
2f3994bb-2a18-4c8e-ada2-53f983fbe046,0.85,0.9200617074966431,,,True
d21eb0a3-7f12-4dcf-8507-376cb9f3a01b,0.85,0.8849442601203918,,,False
20ea0661-8491-42cd-9bdd-715421aee4b9,0.85,0.8954256176948547,,,True
9e4fd93b-a3b1-4b2d-813a-7b2590528200,0.85,,,,False
9bddcf03-c525-4428-919c-20b0b9f46655,0.85,,,,False
9c8abaff-c2e1-4066-a15c-ff746cdc1392,0.85,,,,True
3ddb07e1-cc3c-4162-aa19-5e8991b32423,0.85,0.9173882603645325,,,True
053875b4-008e-47ee-a3a3-8d2881178a32,0.85,,,,False
680cc68e-e6ee-449b-9efe-6332b6fd8bb8,0.85,,,,False
2b80abc6-085b-461c-aea3-5abdc2daea2e,0.85,,,,False
85065302-9332-4776-984f-6a04c481d409,0.85,0.8649736642837524,,,False
325e883f-3a9b-4d4a-a3f6-f21c19689ef7,0.85,0.9061967730522156,,,False
bbca1bd3-1c72-4cec-84ca-dd97e6fcad1f,0.85,,,,False
1139eeee-9736-4e40-8e23-429a1cc88de9,0.85,0.8640782833099365,,,False
f687141c-3660-49a8-9901-39fa40b999da,0.85,,,,False
46b2aa1b-bfe1-4a14-98d5-ac741fbf14ad,0.85,,,,True
f83c69e3-d5c0-46c9-9984-ca857f89d5f3,0.85,0.8673220872879028,,,True
3a22dca5-77d4-467e-8a77-f11bc87b1434,0.85,0.8843733072280884,,,False
cbd85382-f72a-42ba-93d8-aa6c7635f66d,0.85,0.8599675893783569,,,False
3ca26422-21d1-4a35-816e-1197ec7433cf,0.85,0.8911986351013184,,,False
d4ee6c47-dc57-42c0-9cf2-1bb92b8ee127,0.85,0.8714556694030762,,,False
8ab82d4a-ae1d-40c5-8265-0272a16ca730,0.85,0.9311292767524719,,,False
7fa7e89c-0389-47a8-8233-84c967e27ba7,0.85,0.9109184741973877,,,False
4d135c96-cf02-47dc-8b64-cd6598bbf7f0,0.85,0.8861714005470276,,,False
dd76ab76-a057-4ca4-b686-e59f81f9ebcb,0.85,0.8784542083740234,,,False
2fa559ab-f066-4c9e-ba43-e44cba680d51,0.85,,,,True
1a76166b-97c2-47d5-a4f9-fad8e74ba766,0.85,0.9609948992729187,,,True
b79608d7-7ad1-4d2d-b920-52c9bee94077,0.85,0.9036030769348145,,,False
10360d41-5c87-4e2c-95c2-6d3d0180a9ec,0.85,,,,False
d8d0f9b3-aeb1-4c2f-9a71-22510463e72b,0.85,0.8635420799255371,,,True
8094957f-f03b-40af-a70c-d7915de4d931,0.85,,,,False
dd85f55a-8870-4682-b080-3b36e7ef8d48,0.85,,,,False
f9df8cb5-f8f2-4b36-8e99-380c9b9ed2f0,0.85,,,,True
7cd6ea22-3b79-4692-bf17-66814490c835,0.85,0.8640551567077637,,,True
94421025-858d-4604-a364-b17f8c8761c0,0.85,,,,False
79942166-349e-4062-b98c-4979c260ca83,0.85,,,,False
9a9693c8-f0de-42a7-ae6a-dbb4b33cb5fe,0.85,0.8739911317825317,,,True
920fd2f6-2b17-480b-8b6f-e970c19218e1,0.85,,,,False
926738d5-8353-4f72-8df8-df5e7cb0d62c,0.85,,,,True
6cf3925c-1ec4-4eb7-b79f-c18c843b5f76,0.85,,,,False
75b81d93-8786-4c8b-943a-9e088cca172f,0.85,,,,False
740ffba0-4121-403c-9b57-e1f12e275dbe,0.85,,,,False
6dfcd85f-d05f-406e-bb5b-44261dcd4dac,0.85,0.9205882549285889,,,False
782fece1-233c-41e2-9d68-eae8be42dc25,0.85,,,,False
4ead715a-d98a-4baa-aa49-fe2a695c620d,0.85,0.9281090497970581,,,False
e2afcb2d-c374-4dd5-8ddd-901512c37f21,0.85,0.8971152305603027,,,False
2d9c21c5-209f-43bd-b8f7-ac2efa5bd42a,0.85,0.8865354657173157,,,False
a4351cad-43b7-4132-bef4-022c6b9b7260,0.85,0.8852922916412354,,,False
66dc489c-e0ed-4d59-8a9d-af56fc0a9e74,0.85,0.8839492797851562,,,True
e1d54e5a-1b40-4259-a849-f6d0931ca9f8,0.85,0.8850282430648804,,,False
c14dac69-8b7f-4620-a6b8-576c7c7c2b81,0.85,0.8839173913002014,,,False
37b3c4a9-023f-4e0f-a76d-43fe83fdb0da,0.85,0.8852301836013794,,,True
e19771cd-25b2-4361-9f7d-aefab220e243,0.85,,,,True
78db0e91-6700-41fb-a8b7-7076eba3ec9b,0.85,0.8685158491134644,,,False
1f0219d1-f86f-43b6-b9e0-e7c15f51f8ed,0.85,0.8682663440704346,,,False
c8260deb-fd04-4d4d-992a-ec0a4284d76e,0.85,,,,True
83ef5772-cec5-402b-b6c1-efe2f30816f4,0.85,,,,True
d4d1e4f8-c328-4ba0-b26b-bf6ddc3cce92,0.85,0.9041728973388672,,,False
15da4e98-3498-4aac-bcf1-fb4f5b29ae44,0.85,,,,True
d2670a90-7e8c-4ccf-b7db-f740a4979a97,0.85,,,,False
49f0b1e1-2f7c-4d2f-af7a-cdc3ab641e7e,0.85,,,,False
eb9512f3-d478-4f6b-b3e9-9c077f2d23f6,0.85,0.9436482191085815,,,False
5846d911-1030-406a-931f-99f410f04cc3,0.85,,,,False
bd2b495e-cb33-432e-a0e1-a8920514c179,0.85,,,,True
ca7c252c-79ce-4eb6-960d-f96970252f6d,0.85,0.9327419996261597,,,True
644a397c-ead2-4553-bcb4-6028dca8a848,0.85,,,,False
ae561f79-495a-4a2d-bbb9-207ac6372364,0.85,,,,False
a9d7abc6-9070-4224-99ad-acbe066d39ea,0.85,,,,False
22fc19d7-b7d8-41a3-a0d9-9d82aa111888,0.85,,,,False
6aed9a1f-c073-464b-8fa6-e010acfc86af,0.85,,,,False
24eed7d8-ba11-4597-8b71-c8c320d922bb,0.85,,,,False
1e764afa-9fc3-44d2-a7d1-9c22b36d00d0,0.85,,,,True
ddc67485-adb5-42f7-8983-350b98fa785b,0.85,,,,False
9e438c4f-67d9-41d0-8b26-cbd312a5643e,0.85,0.9197387099266052,,,False
2ef9c11a-f9e7-486c-9364-bee6ee55df3c,0.85,,,,False
26aee105-7b29-4d15-a60f-980f427906b8,0.85,,,,True
03e06d67-72a6-4fc7-9f31-2395e6224bba,0.85,0.9526588320732117,,,False
a538398d-2e8e-41a8-b775-8939c0a81cb1,0.85,,,,False
b789b75d-2596-483c-a921-5f3f05de7ec1,0.85,,,,False
6f0fc5bc-a5f7-4002-9248-0b4b3cfed00d,0.85,0.913599967956543,,,False
83f3ffc3-9064-4560-9851-10cf95e5fca1,0.85,0.8808744549751282,,,False
bb4fa6e0-9f75-458d-9768-5bd59c56eab4,0.85,,,,False
d6e1ea8c-5671-42f9-9b49-3cc00a72f2a9,0.85,0.9378937482833862,,,False
bfd679b8-b925-4b0d-a123-c49eefacdf53,0.85,0.87983238697052,,,True
900b85bf-09f8-4cb6-acb7-c2d4293a55fa,0.85,,,,False
cfa00001-6efa-4737-bf50-f2a31c32bc71,0.85,,,,False
ddde14fa-2359-4115-adb5-9bc4b2ef0be4,0.85,,,,False
3cad1244-e5a9-4bd8-b418-6bfdc9d5b7af,0.85,0.8823307752609253,,,False
585a6ff8-1ed9-4d9e-8e29-073cbb838438,0.85,,,,False
fe5bb24f-f879-4989-a8f3-83af649a39ee,0.85,0.8609735369682312,,,True
18baa2a6-cffd-47f2-b7d2-a5521b1d9f19,0.85,,,,False
1c065966-7489-41f5-af66-9ae835e20d72,0.85,,,,False
9cae43a0-a4ce-4d0d-bde0-597ce4e675f9,0.85,0.8718723058700562,,,False
4951e6ab-2fa7-4e5f-8657-f6d1e9dfa56a,0.85,,,,False
98eb70ee-bf43-4aee-8e1c-28a0590df388,0.85,,,,True
53e8e061-94af-452e-9256-564d785b4a8b,0.85,0.8966795802116394,,,False
542d79a2-337c-4ab5-a950-edb2dde91b42,0.85,,,,False
7ea23418-0c38-4430-b096-164e4445fa02,0.85,,,,True
b5a2c4df-2b9b-4dae-9438-4a9fc8e7038a,0.85,,,,True
b75f35fe-7a27-4012-8290-12865a31715c,0.85,0.9147070646286011,,,True
5152093a-0dec-49d8-84e7-dddd4d076607,0.85,,,,False
2e43d789-0d58-4b87-ac6b-a76bd8270fb0,0.85,,,,False
557e3993-4d53-4361-8b9a-38835c9f9583,0.85,0.9150848984718323,,,False
6587c997-364f-466f-8adf-8e8de2e83da8,0.85,,,,False
5abdc8dd-1c90-485e-827f-65a4a6c634e5,0.85,0.8527027368545532,,,False
5efd333a-55bf-462c-bdf7-e21cf92d1e16,0.85,,,,False
e6918e49-15a0-47b1-9ce0-248229e7217e,0.85,0.9010096788406372,,,False
e7853f0e-935f-44b0-b0e7-4bb72581fdaf,0.85,0.8565247058868408,,,False
5e8bc9ed-7da2-403c-ae23-c4308dff4d52,0.85,0.879364550113678,,,True
a5f9ba7d-daf6-4585-99b2-8ec02d97fe54,0.85,,,,False
814b6052-9e5f-4921-b190-4d4832323e68,0.85,0.853874146938324,,,False
789ad820-ceec-4fb4-b9c1-93422542e680,0.85,0.8508517742156982,,,True
f6616b21-56b0-48e3-b6c3-0b9cdafd4053,0.85,0.8953609466552734,,,False
50e85257-8681-4668-8128-0d1fe07b00a4,0.85,,,,False
150356dd-c562-40f0-8f5c-177506d783df,0.85,,,,True
0550e5eb-daa2-4c88-92c4-f78a2651e3e0,0.85,0.9150790572166443,,,True
8c461c20-bac7-4a93-a2ee-77284e379a07,0.85,0.8558241128921509,,,False
7b1c35f2-4bf2-40d3-a04e-3c33bdad047a,0.85,0.8798521161079407,,,False
fd6aea8d-8403-4bb7-8af3-497a38c21b51,0.85,,,,False
edead43e-674b-49ba-b252-1718e7e1db93,0.85,0.8868693113327026,,,False
651cc9ab-9c6e-41d5-a94f-4e9c7dfe85a2,0.85,,,,False
be40098b-1779-42e3-b4a7-9102e5e4122e,0.85,0.949299693107605,,,False
093224df-dc9f-450a-9c7b-1623556bfea4,0.85,,,,True
73582384-6dd6-492a-a30e-15e49fa1846e,0.85,,,,False
c2dfc3ef-9bf2-4a3f-ad07-102e8fba8f74,0.85,0.8618901968002319,,,False
835772ac-2089-4c8d-96ba-b0e25f5c7f8f,0.85,,,,False
dba89ee3-561a-4130-b6ce-751cb7c7f912,0.85,,,,False
e38b623e-36fe-40d1-b5f5-29c93596dfba,0.85,0.9159616827964783,,,False
c7ada446-9fe0-47aa-9ea0-b1b59fc773a5,0.85,,,,False
ed387f7d-9c94-4dce-aed8-38db9160f89d,0.85,,,,False
41b82e4a-6c3f-451d-9c9c-d4a53d0600a3,0.85,,,,False
e0930dd2-ec60-4072-a882-98d0f300db89,0.85,,,,False
4b30f075-2508-471a-b2fd-1519b81f9edf,0.85,,,,False
38b777a5-1e9f-4389-b1e3-d90260afcf92,0.85,,,,False
c8cc0c5f-8353-48be-a5f0-bce58e0db4f0,0.85,0.9361571669578552,,,True
e709506e-0552-4900-bd9e-a89fc256dd32,0.85,0.9002345204353333,,,True
dc9b1e22-ac99-4585-9589-a590483ad256,0.85,,,,False
ed737615-5e5d-4cf0-9af5-491085aa39aa,0.85,,,,True
59b2c2fb-c98a-4ac3-9749-d6a9717efbdc,0.85,0.8516623973846436,,,True
aacb0aa9-2f46-44c5-8098-f50975b67512,0.85,,,,True
130a9884-44a1-44fa-a328-c78315b8ea44,0.85,,,,True
928af87b-9062-49d5-8ee9-ba47c38e9dc3,0.85,0.8796401023864746,,,True
977fa035-e979-44cf-b79a-1a2d5fe435cc,0.85,,,,False
6daa6317-a10d-4014-8c06-de82b1c700b1,0.85,,,,True
d3dd42df-7d5b-4c35-8ef0-7ca349ed9d92,0.85,0.8547051548957825,,,False
bc480a97-3a32-4781-8d2f-89184ff20ab3,0.85,,,,False
49ab0be0-6c93-4d6f-89ec-047642f61aa0,0.85,0.8934701681137085,,,False
42f32ab5-f502-40de-b31c-92816dc15c44,0.85,0.9529768228530884,,,True
39976a0a-624a-48d1-91f8-6aa5c492a9b1,0.85,0.9024854898452759,,,True
d3058279-ea95-42ae-b162-09dea9c72fa0,0.85,0.8710095286369324,,,False
20defe76-d601-4a78-8b5b-7d343b626087,0.85,0.856045126914978,,,True
7d98ab22-08c2-489a-ba2c-dfd6cb878bc8,0.85,,,,True
f21e1dcd-a947-427c-ba0d-72e304246f53,0.85,0.8529103994369507,,,False
f61b96f7-8004-43e7-98fb-6ba7ef84c023,0.85,,,,True
9c0199ab-ed64-4a0c-9b9c-6860ea1a12ff,0.85,,,,True
dedb53b7-8e64-44a6-831e-989ce9afe6cf,0.85,0.9325084090232849,,,False
cef424b2-e9d9-45ac-a1c1-c67d17788d7f,0.85,,,,False
7f593d35-de32-4c23-b657-0dd03ce0d1ea,0.85,,,,True
86c3c02d-eb46-4163-9588-f60abfc4f7f1,0.85,0.8694818019866943,,,False
7499694d-bc44-46b8-aaf8-c7f1f903370a,0.85,0.87716144323349,,,True
578a196d-3291-4b9b-b082-5915fbd2565a,0.85,,,,False
dfa41d78-3c0e-44b8-8f3b-7e3c22dd301c,0.85,0.9121683835983276,,,False
cbb57243-3ca0-4e65-9fad-e157512465c1,0.85,,,,True
5dfe6e98-67d9-462c-83e6-3ceed21816ef,0.85,0.9246056079864502,,,False
176be5b9-8d47-44ba-a064-b1b3419196c0,0.85,,,,False
72c723a1-1452-48c8-9337-5a2f3b092461,0.85,,,,True
64dc3699-d651-4199-bef9-008d59179364,0.85,,,,False
d91e63a5-80ad-4869-bd57-43a5bfad5399,0.85,,,,True
486d8259-4822-47fd-a7d9-1d3ff714382f,0.85,0.9169468283653259,,,True
ef208cb3-446e-4348-8c32-90ca04bf498d,0.85,,,,False
ca6e2af1-4b91-49aa-8fae-c963cd6d0e83,0.85,,,,False
4d760971-78be-4902-99fa-11d7dcf019d2,0.85,0.9213122129440308,,,False
70ab1e7b-d90d-4778-be18-cccf7f412c42,0.85,,,,False
10dbedf6-91be-4f73-b963-687f47ac93b1,0.85,0.8638571500778198,,,False
b9ed6d0b-773a-44b6-a69f-ff8245f03749,0.85,,,,False
f2625f59-c6d3-4a10-a9f8-b6eb0d1cad79,0.85,,,,False
4d6cf5f2-fb8b-4884-97e4-c84353d48998,0.85,0.8513966798782349,,,True
59d6f8f2-9146-4f5f-88b7-10b1ea0cdcad,0.85,0.8528459072113037,,,False
af990942-3134-42fe-9e50-d9a9ceef88cf,0.85,,,,True
f0109907-bf8e-4e7e-9066-27e642143fac,0.85,0.8765801191329956,,,False
799fe22c-55f1-4b06-b739-67c04b70b34d,0.85,,,,False
68440d8b-ce1b-46ef-8b3d-21b8922d33b9,0.85,0.8783080577850342,,,False
6d71670f-1116-4660-989b-22803870aed6,0.85,0.863486647605896,,,False
bfdf015f-ecd6-4245-ac32-53dbc0a052ce,0.85,0.8627831935882568,,,True
2824aae2-87e2-482a-890c-5779ace6543b,0.85,0.9260293841362,,,True
ff630c6b-fb89-498e-bde0-6865e9c48a37,0.85,,,,False
13943495-e0e7-47d1-9dbc-44356cc724b9,0.85,0.8757111430168152,,,True
cb8b6a8e-5208-40b4-ac66-54783d1fea62,0.85,,,,False
0441cae0-d0e9-4210-a6e1-55b6731d57c1,0.85,,,,True
928c817d-cec8-4126-a48f-781802a94d9a,0.85,,,,True
5de304a7-2212-4dbd-8997-b0ac186d4bf2,0.85,0.8778655529022217,,,False
3cecae55-bb2d-4b2a-93f8-36687b4a1af6,0.85,,,,True
c87f2043-d7f3-47c4-89d6-87b4fd4ffdd5,0.85,,,,False
7c46d3fc-ec78-45da-a87f-4400d8254ab2,0.85,0.9461689591407776,,,True
de0f84d8-17cd-4ec4-bca6-bada86fd974b,0.85,,,,False
d57ca786-60e9-45af-bb12-2a9e4de461b1,0.85,,,,True
d7f1b2ae-2f36-4d0f-bcc9-741beca7c5f2,0.85,,,,False
027c9cd0-d112-4f45-8c88-1b4337ac703a,0.85,,,,False
9849ffa6-3642-47dc-9470-316fd3fa8adb,0.85,0.8718560338020325,,,False
1ae16dd2-5309-41ab-9f0c-ad277319e07d,0.85,,,,False
84b1b0b0-b862-4a0e-ba93-fee64dcbdbf4,0.85,0.9079717397689819,,,False
483aaad9-5e02-45b5-96f5-8639bbee6e91,0.85,0.8558350205421448,,,False
023813c5-4cc6-4461-a47e-b5ccb01a0e4b,0.85,,,,False
38b44b4e-e1bf-4cec-9b9b-f435db78aecc,0.85,,,,True
1ffa5fca-9a20-43c4-849f-d710109a8248,0.85,0.8886669874191284,,,True
b972535c-8fa5-4982-82db-4f8bbdfca108,0.85,0.8565188646316528,,,False
827443c9-b50a-42af-b6dd-ad1a998bfee7,0.85,0.878463625907898,,,False
fdd3cd81-a2f5-4101-bcce-645612ad3ab5,0.85,,,,False
02ec0334-424d-4ad0-975d-aaff4ba303e0,0.85,,,,True
720d98cb-b411-4ee5-8f6e-4585121b5495,0.85,0.8738534450531006,,,True
60a4fa4d-2bad-4a1a-a503-6068c0e8f067,0.85,0.9362484216690063,,,False
377b1f7b-55b0-454e-a434-4858f23dba54,0.85,,,,False
ac2203cf-185f-492e-a6ee-412b8bbf9e9d,0.85,,,,True
418271ca-20c5-46c6-9ba3-3871e3ea6497,0.85,,,,False
1a9f9d82-7231-48ab-8be5-f5deacfbb859,0.85,0.8770996332168579,,,False
c0255b17-4fbf-4c58-a541-e07cb141d718,0.85,,,,False
1b9f60ea-3f00-49e0-935f-98b82312bc73,0.85,,,,False
1ea49017-06c1-4d3d-bedd-bb105744d745,0.85,0.8670240640640259,,,False
2f8bf799-6555-49ce-9f60-dee7f29c5adf,0.85,0.9246674180030823,,,False
56742631-53cf-4dc3-a06e-fcbf98796120,0.85,0.8683450222015381,,,False
55ac09c1-53bb-453c-aa87-fc0016e1984a,0.85,0.8907957673072815,,,True
0947e7a6-a6ab-44f1-8ffc-242712e1effe,0.85,0.8816899061203003,,,False
ab5ec7cb-0aa0-4ffe-96cd-e9a13bd39609,0.85,0.8619886636734009,,,False
0a474146-aae3-405e-bff5-faca1d1749fc,0.85,,,,False
21122b4e-b7db-4ca0-b7c3-f8ca12d3c194,0.85,,,,True
d3c193f8-a5cd-4645-a035-4bcf22298667,0.85,0.9503426551818848,,,True
dc23c92e-9711-4926-a818-586541c51ef9,0.85,0.9232885241508484,,,False
4f3712d6-f680-4a60-91fa-8ca198df5a5f,0.85,,,,False
179dcfc1-d8b1-4db9-b016-7cdb2f9ec154,0.85,,,,False
466c53e4-e025-461a-bbbc-f541921d1c9e,0.85,0.9399597644805908,,,True
6b6168b6-54a4-4d48-a137-c0b005450e2e,0.85,,,,False
6480e1ab-bb77-413d-b075-ee7779e6f422,0.85,,,,False
480557a6-c26f-4b45-a1bb-b35935602145,0.85,0.8996924757957458,,,False
e6ee81a3-df78-4a18-9c09-69f3febafaec,0.85,0.9316710233688354,,,False
f1c86ae9-aa6c-40c4-b0ca-2e7920c6b765,0.85,0.8986779451370239,,,False
d7a6e572-8766-4ca5-857f-1f4e8dcc6fc0,0.85,,,,False
eebf5da1-db8e-4d7a-b7be-4848a01d2017,0.85,0.8730908036231995,,,True
a605f7ff-b4ab-4046-8dc5-0980d4acf6e8,0.85,,,,False
adf1f6aa-0351-4377-842f-1a4d67db12bd,0.85,,,,True
fbee1d37-866b-41f9-9c75-8b5b51dd660a,0.85,0.8769761323928833,,,False
b81a3638-2854-4dfb-b82b-4bad157557c8,0.85,0.8612275719642639,,,False
cbee3a36-357d-4620-bda4-63968b947671,0.85,,,,False
1bb7cc3a-c3d6-4e6d-80e7-2e92ff5d94e1,0.85,,,,False
217897a7-9ae5-41e6-85c6-3cda06abff1a,0.85,,,,True
428beee9-4ef2-42fe-89c7-ca26664a0823,0.85,0.8886781930923462,,,False
c6cdc1b6-812b-4e66-811d-207cc32ff2b1,0.85,0.9374091625213623,,,False
e0d5f28d-76ed-40f9-b291-f8e2bac17239,0.85,,,,False
a7aed27a-41cb-4d76-952e-d1bf027e8c55,0.85,,,,True
40eca9f8-f933-4ac6-9ce0-f51abf0d9cca,0.85,0.8554220199584961,,,False
d1a0e402-3726-4e49-a6a9-e2b0b9dea033,0.85,,,,False
4c918ed6-56ad-42be-b0d1-47d86666e611,0.85,0.9427812695503235,,,True
2f4177b0-189d-439a-bbd2-02032f646c7d,0.85,,,,True
4db54c33-71b4-4311-8f4d-83eba79db9bf,0.85,,,,False
c171e0ae-5395-41c8-af35-868d81c25400,0.85,,,,False
777d9d9a-1728-4610-a727-fc2e45287971,0.85,,,,True
bde94480-05d7-40fb-bfed-a944f9909157,0.85,0.9157440066337585,,,False
fa4bd38f-5218-4c37-9ced-3bd923211444,0.85,0.9079222679138184,,,True
e8c72dcc-c2e7-463e-b425-725c172b5c4a,0.85,0.8952492475509644,,,False
4527b3e5-bef8-49d7-b411-e66272b5fc92,0.85,0.8785697817802429,,,False
1f3fe515-b3a5-41c7-9dd0-b0f8c1510fe8,0.85,,,,False
16f6cb4b-6a42-46e3-9fe9-ab6552f56dd5,0.85,0.8988614678382874,,,False
f4cf3d6d-cd8f-4f87-9b83-632b1122becf,0.85,0.8789935111999512,,,False
5a2b6a61-ba16-406f-af2e-5b77ae5826f8,0.85,,,,True
9818581d-b571-49cb-8cb3-d1095c17b044,0.85,,,,False
5d681873-ebdb-4f70-a18c-e20765b56aa5,0.85,0.9740352034568787,,,False
05da2261-f053-4f8b-9c57-b2bb4c9223bb,0.85,,,,False
846e4052-62c0-4eaf-b07f-ac4b59d0a7aa,0.85,,,,False
f38e6301-d742-4775-8720-812e16c538bd,0.85,,,,False
7688eae8-fd63-477d-9984-4a368a93eb65,0.85,0.8801546692848206,,,False
3388db9c-4893-4eda-8b64-4718c52dd4ab,0.85,0.9304516315460205,,,False
a6b3219d-71ac-46aa-b721-decd19f27f63,0.85,,,,True
3740e81d-4284-4549-a301-bdfe46e07b84,0.85,0.9316402673721313,,,False
bcebb994-2031-40f4-8a0c-e588b372a2fe,0.85,,,,False
d1f84865-3490-44c9-8b61-3819086ac293,0.85,,,,False
816415fc-f737-441f-a484-57ee1847c8b7,0.85,,,,False
b22bcfc2-fda8-4f2b-ac88-35133b601fa7,0.85,,,,False
efb3a637-8f7e-4a71-b1d1-9a16fbd1c5ea,0.85,,,,True
03cb3d9c-6a09-4d80-b131-2c5e2b5fc864,0.85,,,,False
977ed79b-20c5-4f06-adeb-86d085ab0a57,0.85,,,,True
1e03e605-0052-42e7-87d1-982a859e5d92,0.85,,,,False
ae27c303-e8ff-4679-af6b-d15cf01cd3ea,0.85,0.9124075770378113,,,False
ef1deb98-6a06-4f46-97d6-c09c3a0ea884,0.85,0.8570138812065125,,,False
12af5a69-0fd8-46ef-97cf-5e54d253363c,0.85,,,,True
caa39f23-9401-4fa8-bac4-5421ca5d69df,0.85,,,,False
aa1fb459-9ec5-4d16-b1fa-b5348bf26a14,0.85,,,,True
c4773701-6cc3-4666-9950-2cb6d943f88f,0.85,,,,True
eeead948-4d2a-4c6d-8586-307cf7d7ad8f,0.85,,,,False
b937461e-1ee1-4fcb-90d9-25d7ed2d4e9c,0.85,0.8835421800613403,,,False
5cf2ec7c-6b31-48bb-94cb-eef0ef243f62,0.85,0.8660075664520264,,,False
cff906b8-dbe0-4cce-9928-e8d027a8b801,0.85,0.916276752948761,,,False
bb5a90f1-1005-4ce9-9aba-6b4482a8ee61,0.85,0.86065274477005,,,True
2bd80dee-72d6-460d-9417-cd3db202cb1a,0.85,,,,False
a13bb9b1-b77a-4c85-82c5-7afae80368f0,0.85,0.8548251390457153,,,False
36425ac8-35be-4157-92d7-30023a2dfc0e,0.85,,,,False
3f265ebf-6cd5-4549-8d39-541582b7b87d,0.85,0.8852254152297974,,,False
35e2f792-32d7-4f65-b7a5-5a1fc27d22b1,0.85,,,,True
04911913-5025-4bb1-93eb-e7075c01e5e5,0.85,0.9120861291885376,,,False
7cdda54e-051b-492b-aa23-aab450d65141,0.85,,,,False
82df8f2a-a45a-4e08-8b44-b964346d0b72,0.85,,,,False
80b649bb-41d3-43c2-8b97-375cc4ccf9e0,0.85,,,,False
3c2f6f5f-b785-4b9f-b3ad-83b750cb768e,0.85,0.8649083971977234,,,False
14c36b11-9942-4ec2-ace0-c9bf5306118c,0.85,,,,False
8648a67f-480a-4b43-b7c3-4860345fd14d,0.85,0.8961641788482666,,,False
a9bf32c2-d89f-4db0-b81e-5e36ed386b13,0.85,0.9521914124488831,,,True
dfd015ab-2b2b-4466-b962-d68fb9641024,0.85,0.8803841471672058,,,False
10fee22e-9811-48d2-a922-5e5ee9c5d460,0.85,0.921477198600769,,,False
ed5e13ad-3ed5-409d-b590-956dd45344c8,0.85,0.8610967993736267,,,False
62105f57-ffb0-4006-a783-32c53bec4e33,0.85,0.8977487087249756,,,False
a8c93324-2fa0-47c4-9f09-5d0fafb20804,0.85,,,,False
cae11968-aaa9-4fc9-b119-13d693ecfe6e,0.85,,,,False
c0414e3a-06ba-43a1-a1dc-846e9b622173,0.85,,,,False
37d1bb35-6ffd-4286-8476-ad39b7abc4cc,0.85,0.9541706442832947,,,False
73ef7438-c9c5-4201-b833-e67121a48264,0.85,0.8616131544113159,,,False
f9d1fb86-1c31-4b20-a1c1-f9e284dcaf37,0.85,,,,False
0e475b65-097f-44c3-b5a6-eb73c8517833,0.85,,,,False
fb7d6a48-5dbc-4209-b78f-da7d1ebbda54,0.85,0.9011197686195374,,,True
5e9f7204-3970-4730-81dc-539c378b4006,0.85,,,,True
db5f39cb-25fe-4af7-9eb7-e9de04e0059b,0.85,,,,False
a90125d5-f87c-40bc-a643-5ae96938eea7,0.85,,,,False
eb4ce553-13c6-4806-8fed-aeff8ab8ed82,0.85,0.8689678907394409,,,False
d6475873-6730-489e-ba5b-6f4e23b5dd03,0.85,0.9085515737533569,,,False
2f24a18e-7bf9-41ad-93b7-7b727f32e777,0.85,0.9405809044837952,,,False
de1be888-25e9-4999-8c65-25fa31832cc0,0.85,0.8892605900764465,,,False
abf6d545-18c1-4d77-8765-e3aa8a85d8cf,0.85,,,,True
2a4acc28-1e91-4fd3-970e-d4780a79a492,0.85,0.9076638221740723,,,False
697c6804-b966-42b0-a1f8-96f08875f881,0.85,0.9251889586448669,,,True
8672668f-1c1e-42e9-9e23-13ac064cfe92,0.85,0.9438316822052002,,,False
61e09419-f602-45ee-9237-8f9a941264cb,0.85,0.8825873136520386,,,False
91550a23-8ed1-4e7b-a3ab-6d59fd90c5e4,0.85,0.8798569440841675,,,True
64d91f7d-f447-4f49-a12f-61e438425fc7,0.85,,,,False
2b171e95-9c2c-40dc-88fd-a30eeea91cbb,0.85,0.9218996167182922,,,True
c73c474e-8d99-41ab-adb9-1802a2fac51c,0.85,0.8790023922920227,,,False
32b4cf4f-24c9-42ba-9fb4-da443b39d168,0.85,0.8827900886535645,,,True
22d6b190-31d3-44ec-801b-8191cb2c98f1,0.85,0.8933166861534119,,,True
e8ff41fd-172a-4bcf-8375-b1763e9b705c,0.85,,,,False
c010171a-7120-4643-aeab-f0f2f98a56fd,0.85,,,,False
be1e51f6-f2f1-43b0-af9a-fa39ac6c8dd7,0.85,,,,True
f6d84a4c-8586-459d-acfc-c1819d36f846,0.85,,,,True
6375b78b-d6a8-41df-8d03-96b5a650f0ce,0.85,,,,False
61213da9-7626-41ae-bee4-01fae0b23ce1,0.85,,,,False
f3edda9f-73f6-4fc7-aeaa-cddc86d46435,0.85,,,,False
df460a00-e044-46aa-8020-8dca5c21108e,0.85,0.8850814700126648,,,False
60cfaa74-7249-4395-98a3-3a57bbc38aee,0.85,,,,True
0604ffb7-1ddd-417a-b930-9b9a35dd6b5f,0.85,0.8563852310180664,,,False
4eb859d2-c3b5-4373-b5f7-c0dc48a5648e,0.85,0.871451199054718,,,True
d4ee7fcd-bf89-42b4-946d-162f73927b7f,0.85,0.8822128772735596,,,False
bde4dac5-c448-4db0-ab71-9196d4ccae42,0.85,,,,True
f547ae79-333d-49bf-965a-8ff83f71b1ba,0.85,,,,True
3f658a23-8fa3-497d-8f24-f218fb13b26f,0.85,0.8675079941749573,,,False
db4248cc-43ea-40d5-9a76-f5d765c0011e,0.85,0.9085314273834229,,,False
a77354c1-b937-429d-b608-ff44dee00265,0.85,,,,False
59c141b5-0474-4352-9d78-1c72887b39bd,0.85,0.8771094083786011,,,False
8d128793-58b8-4112-9b3c-acfa4cc1fe01,0.85,,,,False
febec542-d0b9-4118-90bb-8d5283e98f7f,0.85,,,,True
b330a51a-62cb-42af-837a-318926332dc0,0.85,0.9689037799835205,,,False
b0476458-e9f9-49ea-8390-00ce69b4d286,0.85,,,,False
2e64adc1-e2e2-4bea-90b4-24eb47af0f4e,0.85,,,,False
0357bc14-5a68-4c66-8be8-7a27d1ff274b,0.85,0.939140796661377,,,False
c585423d-4951-45ce-845f-382686b036ad,0.85,0.949858546257019,,,True
12d8734d-348b-4a6f-8f16-8b447d27f92b,0.85,,,,False
90be302a-3d71-4d64-ac0e-a1bb39809ed2,0.85,,,,False
19a2ecc5-40f5-465c-abba-d790062b7c30,0.85,0.9141602516174316,,,False
e6365e6c-3431-4303-94cf-804ac7c683d3,0.85,,,,True
ee09e643-27c8-4691-a56a-5cb6c8908f96,0.85,,,,False
e2d40758-cd08-4659-9b27-cde0eafe5ceb,0.85,0.963549017906189,,,True
ad8a8171-15d0-43be-9383-c6cca812b690,0.85,,,,False
fb93a9fb-0181-465d-9fb8-098000e3474d,0.85,,,,False
f7fc964d-1bd9-47db-a10b-e539f7fbf6ee,0.85,,,,False
5e979803-6681-4b22-a01e-9ec1280eaa33,0.85,,,,False
2896432d-dfa2-4325-81de-8677d565b273,0.85,0.8637708425521851,,,True
02342eee-8259-4a54-b51d-c84877a6e8ca,0.85,,,,False
083d4a4e-6b17-454c-9d41-bd29088e4cd0,0.85,0.916313648223877,,,True
dd7eb23e-46f6-4173-a454-8175be4fcdcb,0.85,0.8621069192886353,,,True
9530a9e3-2014-4d5e-ba31-69c6b3956ec4,0.85,,,,False
34e8823a-5623-490e-8016-0dd79c7fafea,0.85,0.9217249751091003,,,False
9e700594-b365-4141-b0e4-8495c41ac8c4,0.85,,,,True
ab66efaf-7f3d-4c5f-8056-4ed87288a51f,0.85,0.9124336838722229,,,False
6bd79de2-66ab-4fbc-8183-6e2fc83db5b7,0.85,,,,False
e6bce53b-da99-450b-ab74-2234cda01561,0.85,,,,False
55febfbf-6c79-4dcb-aa64-c3bb448f389e,0.85,,,,False
d3a241a9-9e01-44ba-ba90-56f67c6d47a0,0.85,,,,True
504e17f3-9bb8-4b08-b63f-c3b5b43fa0ce,0.85,0.8836491703987122,,,False
9dc76c29-d6ab-4c59-b3e7-f3fd25eded42,0.85,0.8951175212860107,,,False
00bbc04b-400b-40b4-be27-cec4791454e9,0.85,,,,False
138cd7be-e9ca-4b1d-9df1-289688c41635,0.85,,,,False
ee86917e-c10d-43ba-819e-b65e7340f73a,0.85,,,,True
52075bdf-41df-4c21-b24c-e44c0fc803e0,0.85,0.8816481232643127,,,False
786cf476-c540-470f-82cb-b0912cd11c4b,0.85,,,,False
d02f146a-47d9-483f-87d4-db9e120cf892,0.85,,,,True
faf916eb-1d27-47f1-a6b4-f0e46af4ccac,0.85,0.8585688471794128,,,False
8e7b7082-4d40-417a-a446-37d48b2ecc22,0.85,,,,False
0fa6d0d6-481e-402f-9507-8e1c2651924e,0.85,0.8676373958587646,,,False
23d0bca0-4924-4f35-aee1-37ca09d018bd,0.85,,,,False
3e9bb6c9-a5b7-44ae-8f76-6923bf2a1a68,0.85,,,,False
c2720faf-68a5-4008-9b71-6e430bdf5b72,0.85,0.8676998615264893,,,True
165a85ce-0adb-43ba-94a2-e5c13142426f,0.85,0.895733654499054,,,True
4a5cf1b1-80c6-4128-b27f-c788c7ee872a,0.85,0.8734101057052612,,,False
e9d8811e-6570-404f-bc4d-ff83431a2002,0.85,0.944278359413147,,,False
64144a49-a6ee-4846-8218-dc88dfe1776a,0.85,,,,False
e1963f01-8b9b-4856-83ea-a6b0e9a5a9e3,0.85,,,,False
0eb7dda6-09af-439f-8fcd-113998bae14b,0.85,0.8569825887680054,,,True
d9f8d105-ca68-4ed6-9d31-14983b2c80cb,0.85,,,,False
a3fa12e7-d3db-41ab-b35b-ff6d117088e0,0.85,0.9182929992675781,,,True
5207a6ce-8ea2-4247-9307-2253f0c8ccb8,0.85,0.8696283102035522,,,False
83461e1e-07e4-49b8-83b1-8f93356282a8,0.85,,,,True
b020ecee-b0fe-45f7-be30-f7f1fecb91d5,0.85,,,,True
392a9f83-53b6-470b-9e61-636a722cb999,0.85,,,,False
eee41a8b-b80e-4cfa-a168-c01252f15943,0.85,0.8785247802734375,,,True
5019d53c-40b5-41fd-ad48-1b37df6c56aa,0.85,0.8877578973770142,,,False
cd50d5d8-d94c-404d-a0ac-362345c3b6ad,0.85,0.9024239182472229,,,False
397fde89-566f-4057-a90d-8938a46dab60,0.85,0.9241545796394348,,,True
209ed764-c5fa-4450-b4f2-894a3dd267df,0.85,0.8981895446777344,,,False
0aed8700-1ce9-49ca-9839-7efcb545259b,0.85,0.8641176819801331,,,True
0a16db1b-62ca-49c1-95c0-06db2790fa06,0.85,,,,False
7efebaf2-ed4c-480c-8637-cf7259965a63,0.85,0.8959792852401733,,,False
88f6d0c7-9ffa-4215-9a2d-276d2c11f835,0.85,0.8611547946929932,,,True
1565987a-8061-40c5-9d2c-278e35afc222,0.85,0.8645966053009033,,,False
27c24c7d-dff1-41b9-aee9-58c2c2423bde,0.85,,,,False
f4e26365-4f4f-401e-92c2-12902a698ddc,0.85,0.9507351517677307,,,False
dce15146-e83b-4675-8442-5c45a0ed3774,0.85,,,,False
5e1d7148-3117-4c4f-8c19-024f9da67711,0.85,0.9340232014656067,,,True
a433d89c-ab4b-4c8a-b38f-27d73f793c6f,0.85,0.9171898365020752,,,False
c5a8ab04-d134-4bbf-8665-2cb8a72b2bfe,0.85,0.9292849898338318,,,False
e60a246d-bcde-4334-bdb9-f1cb7d96baff,0.85,0.8829531669616699,,,True
7db3c134-89df-45f1-a26e-0be5605b63a1,0.85,,,,True
73016721-5139-4b6c-8788-792e21d9d4d3,0.85,,,,False
42ec1a06-7c5f-454b-9ab7-d73e08ced76d,0.85,0.9086387157440186,,,False
773e3a12-8c28-43aa-8cf9-acaaeabb928f,0.85,0.9060297608375549,,,False
fd98ea1d-079a-4dc8-9d65-887956ef11d2,0.85,,,,False
283d7a9f-5e11-40c8-a8b3-27cdc8d0d4e8,0.85,,,,True
1dc45fa0-e0bc-480f-bffd-433f943bf0c0,0.85,,,,False
56a64d94-f939-4d8c-b6da-08a4d34c38bb,0.85,,,,True
3e2ccdd9-b83b-4067-b756-7b2ac120fa11,0.85,0.9142731428146362,,,False
e664947d-f073-43d4-9e2e-38030186862d,0.85,0.8874698281288147,,,False
429ce6c2-86eb-44cd-929e-edc6f92ddffd,0.85,0.8681747913360596,,,False
085caa46-5bc9-4203-a546-f333d66f12ff,0.85,,,,True
b27a9bb2-e235-4e77-808a-ea230ff932cd,0.85,,,,True
cebf9e56-ae2b-489d-a0e3-79c5277d8b6a,0.85,0.8662617802619934,,,False
8ad592ab-41d3-4a4f-bcca-e9b03059a3c3,0.85,,,,True
c62cd2ed-5eb9-4eca-a3e5-cbc295337f8a,0.85,0.8986223936080933,,,False
e14e6132-770c-4503-a5ac-3117daa79407,0.85,0.9010555744171143,,,False
d0602cde-53cb-4a6e-847e-a6312bc58adf,0.85,,,,True
7bea1c56-8568-4f04-b1c8-1b5512e947a3,0.85,,,,False
f9e1f260-60d2-458f-82b0-3f1851ecac5a,0.85,,,,False
84928d60-d380-4ba1-9699-3f194c6c0d41,0.85,0.8658061623573303,,,False
3e48b518-78f9-4ea8-97fc-6714ae71cdd5,0.85,0.8726908564567566,,,False
510d9733-7799-4026-8ae2-500adbe8a6d9,0.85,0.8912868499755859,,,False
d571e6f1-d802-4bb7-a5f1-1b1c4dc86e56,0.85,0.8628973960876465,,,False
262ce695-3fa0-4e60-9a54-98a6929be788,0.85,,,,False
0fa611f3-a791-44e2-90f6-8ed2ca792810,0.85,,,,False
7c2ca9df-b115-4024-8a5b-c6789955b44a,0.85,,,,True
662b1618-1d34-474f-8295-a8f0d9d25ac7,0.85,0.9022320508956909,,,False
6bd8762e-46fd-4f04-b2d4-91bfae04ad64,0.85,,,,False
cc1967a4-7f88-4ab4-8647-359a7ab19d4b,0.85,,,,False
1d1f88fc-5602-44d3-8149-78b39455c9aa,0.85,,,,True
bcc19285-bc4e-4bbb-adb4-c0fedbe19b35,0.85,,,,False
299b0c4f-66de-40c1-bb1e-6c766142ec3c,0.85,0.9408069849014282,,,False
b8bd4294-0a79-40fd-b103-b04f3b5fa213,0.85,,,,False
7445ea3b-7da5-4899-8838-4f888e1d30ea,0.85,0.9321221113204956,,,False
def86957-f5b3-4271-88c9-9c5e90f3345b,0.85,0.9027945399284363,,,False
4c9046c8-2fbe-4cdc-b30d-59d7672fcfd6,0.85,0.9041751623153687,,,False
1af7dcc4-47a8-4578-9d48-97dba25b1bd5,0.85,,,,False
6347070d-048f-47cc-8b85-4bd1f986e5ef,0.85,,,,False
926b8669-4845-488d-b64c-8376e1257225,0.85,,,,False
ada08994-3fcc-4281-9fdf-fd8795c84fde,0.85,,,,False
b7086b91-38cd-4fdd-a982-750e43f0752b,0.85,0.9202952980995178,,,True
ed9d3a75-464e-4e36-a71e-23bd562361a8,0.85,,,,False
2575fd6f-a6c6-4d08-9e6b-679090bb7bd0,0.85,0.9363345503807068,,,False
954443c5-9814-484d-b87a-d742755d8c5a,0.85,0.8961778283119202,,,False
28898f93-f6e3-4290-8438-31ec801bcf2f,0.85,,,,False
1de35c81-9d45-45d2-9237-74740bb0d74b,0.85,0.8782824277877808,,,True
11b71261-3347-40a7-886c-63214be7b4e5,0.85,,,,False
9052b749-d4c9-4a33-bf18-a48b95d282b4,0.85,,,,True
c1952c1d-c489-4286-af3f-6c31cb1a1d33,0.85,0.8513187170028687,,,False
3889f3ab-3651-458c-ac48-d4c4fe65422b,0.85,0.8603230118751526,,,False
e8c6e29d-6598-47d7-ba6f-a7be0d516013,0.85,0.9564162492752075,,,False
fe1ddf8b-096c-4b91-bcc2-99e0465df5a0,0.85,,,,False
ce9bcc60-fc72-406d-80fe-5c5c3e400d82,0.85,,,,False
fbcef1dc-8e71-44ff-b8dd-7d4ab25de151,0.85,,,,False
725eb96f-096c-4869-9744-7865e31b6fc7,0.85,0.9492146968841553,,,False
333da79b-2823-4fea-80bf-6dc5885ad900,0.85,,,,False
0b0295df-af54-41a3-ad41-b1fe3cb05594,0.85,,,,False
5a1c1c6a-740e-4cd0-bf1e-47b966e61c6a,0.85,,,,False
dcee7bc5-b920-4421-ae4e-89f53a410696,0.85,0.892580509185791,,,False
df86b640-46c5-4bdc-81ff-04e911b1307a,0.85,0.8759806156158447,,,False
efbb096e-ed93-4025-8a6d-bf1d94fe9792,0.85,,,,False
98f152c5-0901-48ed-9e2a-24732e06035a,0.85,0.911934494972229,,,False
78fa59fb-a2c9-4202-920a-64ec2ed8f463,0.85,0.9063829183578491,,,False
f3e0689b-c5f2-44c5-b024-01196c420658,0.85,,,,True
5f576f18-999b-4ffd-be48-64d248937e90,0.85,,,,False
e22201b5-3b0c-43c0-9e29-4d74f1f5ea88,0.85,0.9842036962509155,,,True
929c0d05-5ca8-44bf-aa5f-aef22885f7b3,0.85,0.879575252532959,,,True
b5ccfcc7-ff32-420c-9743-b088b2cc5e73,0.85,,,,False
970df93d-6981-4962-a69f-9dab6a9a5185,0.85,,,,False
cfeb2c67-c1d5-49dd-989b-31e95799f002,0.85,0.8571696281433105,,,False
2bd1480a-83ec-4489-ae2a-b613115b541a,0.85,0.8503040075302124,,,True
c514a4cc-3f45-4f2d-a1a1-62fc85b6e9a6,0.85,,,,False
f0e57b9d-7321-4670-aa51-619864a8715f,0.85,,,,True
f944009b-850a-444a-822e-463de87a107c,0.85,0.9661617279052734,,,False
14dfcc65-08af-4111-976c-5b26b1ac95bc,0.85,,,,False
e83f30df-1a22-4a25-b5f4-17d34600b240,0.85,0.899182915687561,,,True
cbb463df-f4cd-4f82-96f4-d59515ef41c2,0.85,,,,False
b881329b-7e09-4cf7-a60f-fedc2c56abff,0.85,0.8713200688362122,,,True
674fdded-2140-423d-982c-794f0f75ef2e,0.85,0.9052329063415527,,,False
9ef543f2-9838-48f5-932d-c170ef19dc4a,0.85,,,,False
9ec8634f-2140-4e6a-8e78-fa4c1b31275e,0.85,,,,False
e731131e-44a8-4e8c-997e-f5f1e7476cf3,0.85,0.909303605556488,,,False
19e90838-12e1-4537-a3e6-487eed9c054c,0.85,0.8853743076324463,,,False
5efab380-ad0f-4d4a-93b7-d822eb57cc08,0.85,0.8992822170257568,,,False
b246c038-708c-41d4-95b6-5572d4953e3e,0.85,0.8710438013076782,,,False
b4b79a93-27a0-4b76-a7d9-bbb088c73bcd,0.85,0.8890818953514099,,,False
d108d038-1064-4cf5-9f8d-bb8b8a57651b,0.85,0.9619998931884766,,,False
038853fb-0819-4076-a6a7-60eb98028b78,0.85,,,,False
ae176f1d-91f6-4a4c-ad95-56b123dc2935,0.85,0.907431960105896,,,False
825d4bd2-c440-4ad6-9aee-892d2c6e3bf4,0.85,0.8900934457778931,,,False
cce5f65e-71d6-4fdb-804e-4390994429d5,0.85,0.8539000749588013,,,False
53591f52-34ff-4f3c-a786-ccc51a749ba7,0.85,0.862087607383728,,,False
56d07398-11c8-460a-82cf-38ce8f100eff,0.85,,,,False
7e06a0f5-0731-4af1-97b7-c658a526a729,0.85,,,,False
58f31226-7741-40f3-85ae-9034a29d2413,0.85,0.9569602012634277,,,False
15900eb8-c890-407c-b640-3ff68863dd68,0.85,,,,False
4f164be6-04b6-44ff-a7cb-486aae25faa3,0.85,,,,False
3287d642-a959-4254-868a-3bb12c3f2598,0.85,0.900962769985199,,,False
4d7fb636-68a2-421b-ba9b-6b33511a112d,0.85,0.8550224900245667,,,False
4fe09535-2e0f-4efb-9130-beb62ae60c8b,0.85,,,,False
79cfe139-f37c-4fe3-a184-f5fbfeae7fbb,0.85,0.9317547082901001,,,False
b8f57823-c6e1-461a-acab-b52d15da2a58,0.85,,,,False
baa994d3-4d31-4270-8112-fbf246c80410,0.85,,,,True
b9c2529c-c9d5-407c-b720-dd99baf27cc3,0.85,0.8977026343345642,,,True
f49f2fa1-7e8b-4904-aaab-b1891c4abc0e,0.85,,,,False
8a489bc6-fe3b-49e0-af75-b44652012292,0.85,0.9267223477363586,,,False
97c52fb3-502a-47d4-9cfa-7afb6bed899f,0.85,0.8856070637702942,,,False
f0c2e3e7-7a05-4632-998a-209917c5b893,0.85,0.8849815726280212,,,False
dc549f05-78c9-4bda-b3b4-b8ec924c6dc2,0.85,,,,True
b1ecd386-1258-48b7-b297-69a7dcf949ec,0.85,0.8895617723464966,,,True
d637d7b4-c35d-4798-8ee1-c9674ca24c59,0.85,,,,False
4de6a0e9-eb23-46fc-b9cc-5b9e08b0f787,0.85,0.9104808568954468,,,False
03c3c2b9-3dfa-4abd-a0e1-ee33b93acd5a,0.85,0.8950945734977722,,,True
6a9cc7a0-1afe-4ed2-a01c-5eb587edcbc9,0.85,0.8675709366798401,,,False
f319370f-8760-4384-b968-17275731d97e,0.85,0.8607882261276245,,,False
e0947bd9-d0ad-4da0-a84f-009bad9dcea2,0.85,,,,False
850f8452-5b19-4d58-aed1-da031b072848,0.85,,,,False
4c61f299-f05f-4d30-8128-70df80b0efa8,0.85,,,,True
dca33dd2-7378-4ede-a4e6-3705e5b03a9f,0.85,,,,False
b50b9c13-0d97-4522-9477-2003d8110645,0.85,,,,True
625dfd49-1400-443b-a025-45f88ad35ecc,0.85,,,,False
12b7610e-480f-4f9c-8db8-259a3444e561,0.85,,,,False
4c6488a3-59d3-409a-bd2a-b4d92d595d39,0.85,0.8812748789787292,,,True
a31e1c39-41dd-494a-be3a-7e8a9c666395,0.85,,,,False
a43ccfa3-7784-4d3b-b04f-439ffd537082,0.85,0.8798766136169434,,,True
dec2e71f-889b-4d5d-8d7d-4c1891d66e31,0.85,0.8539058566093445,,,True
c14f6621-5183-47e3-8e2b-da39d9015749,0.85,,,,False
7e080ac8-34c3-4677-9dd5-9ab4450aa1be,0.85,0.8758025765419006,,,True
a35f3432-bdf4-4253-88b1-754aba68a7f0,0.85,,,,False
cdc5fdd6-f6f5-43a0-b8e5-3cb9d9d1f6b1,0.85,0.9337236285209656,,,False
f7093495-d9a6-4380-be1b-f152fc61c726,0.85,,,,False
f7b6d149-c90d-44ae-b0bb-a2e5df2cba14,0.85,,,,False
bd5ea31d-9641-453d-a54b-4bc95180585f,0.85,,,,False
5fc148a8-1353-44ac-9add-ede03347fe31,0.85,0.9242838025093079,,,False
f5f3b0db-246a-469c-9f07-4285e18760db,0.85,,,,False
6eacc795-db6c-4611-af6f-dfa3716b012a,0.85,,,,True
6853a2bf-bbb6-4e02-927b-b81ac8953967,0.85,0.8941972851753235,,,False
0067ad77-f678-4e6c-89dc-4a707964bdd2,0.85,,,,True
e47f8b1f-f780-4bc7-99d9-ef464aa03b6e,0.85,,,,False
06c82cdc-f4bd-4031-a8af-77f571b63d91,0.85,0.9227234125137329,,,False
2a735d72-5172-4f50-ac6a-8242b991029d,0.85,0.8624901175498962,,,True
0e28b2f8-70a6-4ea9-b27b-f52455e0a8a0,0.85,0.9742127656936646,,,False
c4075c02-69a9-478c-b807-2b5153f84c6b,0.85,,,,False
27296cd6-d530-41d0-9483-8691652ce51c,0.85,0.9252455234527588,,,False
30f59949-d8fe-4f42-acac-5d4525c89a6a,0.85,0.8781576752662659,,,True
efe9c7bb-0b61-4071-ad52-90066d1bf38e,0.85,,,,False
05c0c7ac-1fb0-4535-9b11-0143e1c97d53,0.85,,,,False
8b7aefda-4111-4cc0-b852-b8a539ad8317,0.85,0.8716949820518494,,,False
6382b2a4-ef8d-4168-99c3-93a729fe8f01,0.85,,,,False
d48a0f41-a73f-4abc-911f-60074fbc00ca,0.85,0.9124002456665039,,,False
b0578da4-6558-45dc-9197-b28c35a15a72,0.85,,,,False
860bbd26-9d04-4ec0-9c96-20db72fe6d0a,0.85,,,,True
b29525db-7b27-467d-ab49-431ea772e573,0.85,0.8522778749465942,,,False
2706c63f-2d29-4e6f-9707-bb4921f0c4e9,0.85,0.9336491227149963,,,True
8ace03ec-26af-4a94-bb68-4f8e37d4645a,0.85,0.8545128107070923,,,False
ae73a159-6d7c-4ae6-b528-49cdb34fc5af,0.85,0.9641901254653931,,,True
5fea0ae3-04e8-43d6-85e1-e90538ddf191,0.85,,,,True
1f51ba05-68a4-4a34-82f7-6d41e78f66f1,0.85,,,,True
4f120c7d-70b9-470f-ab1c-2445f923a10d,0.85,0.8903415203094482,,,False
6ca374f3-ceaa-4667-bafe-4d0b19d1afac,0.85,,,,False
4b66d377-b724-42ea-bc52-46138d1c752e,0.85,0.8951388597488403,,,True
d65b0c7f-fd52-41d9-9cd6-6b8c0277e0a5,0.85,,,,False
6861afc2-dadf-495f-9609-9c8912e29ed6,0.85,,,,True
918884db-9ee6-40c2-9fcf-b3ec08593f7d,0.85,0.8876907825469971,,,False
0c1012f8-c63c-4090-9c08-a99e3db19d97,0.85,,,,False
61437d95-6a01-4e0f-a416-52666da73d2f,0.85,0.8781601190567017,,,True
e827206e-6936-457b-8916-798283723507,0.85,,,,False
908546b0-c5fd-4ca9-968c-083953c73eaa,0.85,,,,False
e40210e1-755c-42a5-8c08-6e53095131f0,0.85,,,,False
4e6f7564-d5d1-4b05-b90e-e0a3ebb07463,0.85,,,,False
ee702206-2db3-41e0-a180-53bec12e21c6,0.85,0.8641937375068665,,,False
b4d17ae5-e484-466b-9cf4-e388c18aeac3,0.85,0.865834653377533,,,False
9bd26a39-3438-4a93-8369-6bd98dfec76e,0.85,,,,False
b8eefbee-c420-46c6-b068-c3acfb7eddbb,0.85,0.8905371427536011,,,False
4c1777c2-6ef6-49ae-a317-296182b47f61,0.85,0.8894156813621521,,,False
29cd6fae-3631-4c38-aa97-31faa50c4cfd,0.85,0.8554064035415649,,,False
ef11a5f9-839d-4ecd-8199-993faa387a13,0.85,0.862493634223938,,,True
5cc08c6d-7aa3-412c-b54a-18cbb2ca1e2e,0.85,,,,True
e82c8446-16b7-484f-876d-cc832d00553c,0.85,,,,True
638a1f9a-b217-4965-999e-67d5df8b8b7f,0.85,0.8552538156509399,,,False
ad0a4aa0-7d41-4e6a-b29d-ceca3592f847,0.85,0.8527417778968811,,,False
d4ea026f-c938-4638-b079-8425484d30d2,0.85,0.8765221238136292,,,False
9882b79e-8bc2-4d0d-8b45-5b9929f7b2c8,0.85,,,,False
4fa15574-d1b3-4429-80f0-b20c07d1375f,0.85,0.9015833735466003,,,True
c0ea54ff-ae88-4aa9-94af-abe17311ea0e,0.85,,,,False
44b968ac-b243-479e-acbb-e2aa4fcc2155,0.85,0.8927781581878662,,,False
b7e9315b-ce77-4abe-9e9e-4316440bea54,0.85,0.8681318759918213,,,True
6f259a7e-c6d5-47b1-a505-fcad6ef6e47e,0.85,,,,False
02dcce0d-8e92-465b-ab80-24a1e1c0ad61,0.85,0.8518567085266113,,,False
e5f16415-5ea0-41e5-859e-58e77628dd90,0.85,,,,False
36e32355-c681-44f1-826d-a9f5e9f7cf45,0.85,0.8612316846847534,,,False
893d0448-73f4-46bf-afb7-e4bc58946e2a,0.85,,,,True
6a1bd0fa-e67a-4f1e-b2a5-454e6468bca3,0.85,,,,False
23d1d061-c479-4349-aaa5-7b1e8ab1e184,0.85,0.8503819704055786,,,False
f84b9b93-9264-4913-ac2a-5b92c4fa2654,0.85,,,,False
769bc9dc-51f4-4bfe-9a87-b17f118eafa2,0.85,,,,False
c342c3f6-cfc8-4ea1-936c-8757a220363d,0.85,0.8989752531051636,,,False
4fcebbd9-025c-4737-967f-7cb00abe1d0d,0.85,0.8818171620368958,,,True
eab4e8ec-648b-4d73-b40f-b854a8a03d13,0.85,,,,False
d6127e45-39bd-42e1-b046-52380cbfd8f6,0.85,,,,False
6457bd0d-40b3-4198-b071-26a83c54d8c5,0.85,0.915012001991272,,,False
50efbb37-0210-4407-8902-8dc6fc788748,0.85,0.8791857361793518,,,False
be05b8b8-91b4-404e-aadb-d0521a868156,0.85,,,,False
09f74d42-77e0-40e5-ae23-52b09871d62f,0.85,,,,False
b4267a5d-37dd-4c29-b005-031882221538,0.85,,,,False
c5981859-eb0c-426f-b02f-a1cac3d5322e,0.85,0.8513853549957275,,,False
01c4d271-39a3-4e3a-b656-aae39ab3bcbe,0.85,0.8572736382484436,,,False
1b69109f-5142-475e-bb1d-49033ad7abc4,0.85,,,,False
65016461-d37c-4aa3-a451-23bf4a5fe93f,0.85,,,,True
b3b98acd-9c68-44f3-8975-53b51aa2573c,0.85,0.8861986398696899,,,True
b38838d1-9c23-4f12-a0b5-e6259d78b08e,0.85,0.9372037053108215,,,False
dd164b77-1a0a-4bcd-82cd-1ebc3c4c78ea,0.85,,,,True
72f510bc-ee48-4e9f-90ac-233ac31910b0,0.85,,,,False
fdc44f56-4049-4311-be8c-f053039048cb,0.85,,,,True
ecce3031-f829-492e-b55d-6fa926fc086e,0.85,0.8804153203964233,,,False
0271b5e2-ad35-4482-9553-69056f8d23b5,0.85,0.9659484028816223,,,True
6ba6cfcf-eb52-4274-b3cd-4c7cf15c9d15,0.85,,,,False
36633a4e-693d-4b5c-b183-6c81ee729066,0.85,,,,False
ed3e6808-a0d9-49c0-8d77-73ffb34e4304,0.85,0.8589131832122803,,,True
e588ca57-640c-4cf4-a418-7d72b500c7f6,0.85,0.9487183690071106,,,False
dc8948d6-8231-4924-9ea1-dacb1491dca1,0.85,,,,False
dc19f635-ffd3-40e4-99d2-7177eb89c014,0.85,,,,False
18e9ce6b-78fb-49e6-b7c1-ccd757627216,0.85,0.8760659694671631,,,False
76ea8a52-4349-441b-b55c-87bf015249da,0.85,0.8610232472419739,,,True
b8a5c8f7-1d38-41cc-8a3b-c72f67e2473f,0.85,0.9173669815063477,,,True
648665c3-4533-406c-865b-e7969222fb8d,0.85,,,,False
f2b344a1-e3d5-405d-b5d1-1d3665678a6d,0.85,,,,True
779bc61b-1632-4f36-8808-a697f27f7bba,0.85,0.8736945390701294,,,False
291c7851-80fd-459b-bfe4-eaee59359df1,0.85,0.8786138892173767,,,False
a6926222-884a-4d5f-bf95-7024a9179365,0.85,0.892268180847168,,,False
a0a15bb8-a6cb-4c59-85d0-41a49e7b0841,0.85,0.8777228593826294,,,True
f4bd9c6e-56ab-446c-b534-7565c8d4437b,0.85,,,,False
e0665b1f-a5e7-463b-a7b3-3655c775232c,0.85,0.8867782354354858,,,False
90e41233-fba9-4c03-a293-e82ec79b42ea,0.85,0.8762733340263367,,,False
b4ed5c0a-620e-4427-8b1d-fed618569cce,0.85,,,,False
249f6b3c-2c37-423a-878b-c4a66320315d,0.85,,,,False
e73a31c5-7bcd-4639-b42a-d6fca76ba0c9,0.85,0.8657267093658447,,,True
6929ff5a-2abb-4309-8aee-ddd64b8b75b8,0.85,0.878966748714447,,,True
7678beaa-e116-4de0-914b-b8e8f501a0b2,0.85,,,,False
d2cb85b0-4852-4b0c-8026-8fca4b7a05d5,0.85,0.8621613383293152,,,True
31c88bcb-e3b3-4597-b602-373f30b7a8ee,0.85,,,,False
1bd121c7-7f80-45fa-b0c2-32c3cc12bd6e,0.85,,,,False
dac5ee88-1f1e-4ef5-aac7-b70567f7272e,0.85,,,,False
194472e2-62ab-4fa5-a277-dab3c18f0bd7,0.85,0.8771611452102661,,,True
bde21428-ea36-4d2c-b86d-33061b36db6c,0.85,,,,False
9e494e4e-0dc0-4fba-8569-9eebb0198d5a,0.85,0.8527071475982666,,,False
b2080850-1013-41ab-a8f8-e3abb5817808,0.85,0.8798164129257202,,,False
421bcc09-d7e0-4a9e-a415-55b7df60404b,0.85,0.9005559086799622,,,False
32bb7cb4-ee07-4029-b96f-3d00abf2e7ec,0.85,0.8545472621917725,,,False
7470e0ea-1f51-4f3d-ab0b-5291ecf741da,0.85,,,,False
8bd89120-4752-453c-ad94-56ee75b7702e,0.85,,,,False
895ba147-6ff0-4f3e-83c4-83ac70121396,0.85,,,,True
a0fd34aa-5e4c-498e-93d5-c1ad92a8b4e0,0.85,,,,False
f71eceac-5eaf-4551-bb75-177b5982d79a,0.85,,,,False
98787c2d-a791-4e8b-a5ad-1abba815c814,0.85,,,,False
d02f7c28-85fc-4f26-8b68-c4fe5744ede9,0.85,,,,False
83814d20-2452-4836-921d-09963806223f,0.85,0.930442214012146,,,False
7f3c9382-0b9e-47f5-a4b9-ff63a7b22910,0.85,,,,True
6dd19bcb-4ab0-47dc-9119-4251563caa48,0.85,0.8508532047271729,,,False
8ab0aae6-8064-4121-ba68-eafd1f0daf5c,0.85,0.8560404777526855,,,False
3dd1a95f-fd46-42c8-b667-da613c68914e,0.85,,,,True
0f4bb1e1-ef87-4af6-a063-13f83f86d19f,0.85,,,,False
b3185a47-72dc-4ee5-9a4f-411f22d1bbd0,0.85,,,,False
f94db471-a770-42f7-9a3c-37644b9b8929,0.85,0.8520320653915405,,,False
e6efdba3-2e75-4535-865e-dd5305951665,0.85,,,,False
ffc8ae37-a90c-4eba-9a5d-24c5248ca673,0.85,0.8978170156478882,,,True
3eef371b-afdf-446c-9b24-c6b6e3c5794c,0.85,,,,True
65237bc1-3b68-443e-88d0-3f29aaca8fe1,0.85,,,,False
e4c66019-7a14-4fdf-8193-2d99d23f55f9,0.85,0.9047114849090576,,,False
236562bf-b7ae-4777-bd8d-7ea61a6e6f9c,0.85,,,,False
1774d08d-3375-468f-b011-8e9b5b090135,0.85,,,,False
926c3ae5-7e70-4e81-a737-eee811e367e8,0.85,0.8648838996887207,,,True
a90379bf-c2ee-4ccd-a3f9-1639c479e049,0.85,,,,False
baf8e828-35ea-4689-acff-2587db2b0bd4,0.85,0.8572707772254944,,,False
4d6f4c64-83aa-41eb-972b-c6e97a6309b9,0.85,0.8790892958641052,,,True
b4a58a0f-c89d-472d-96c0-f211c1deaf4c,0.85,,,,False
e6f55111-71e5-40ad-9cc0-f6ea0dfcc730,0.85,,,,False
fc5b98d7-644c-494b-8967-3015b09e17f4,0.85,0.8545039296150208,,,True
3bb5b0bf-c1fe-42c8-82d3-588d877ed1a5,0.85,,,,False
bb1e2b5f-21a9-4c7e-aaec-025af4e13c2c,0.85,0.9057225584983826,,,False
aa4a10d9-2612-4208-b2c9-e0312b1c9839,0.85,0.8772828578948975,,,True
1cc458bb-77d0-4b3f-bd25-fcbe8dc1f7d8,0.85,0.8581100106239319,,,False
6f099a32-1905-47a9-8890-8136819eb406,0.85,0.937426745891571,,,True
6f3cabb2-1dd8-45f8-8dd8-b6cc1b77c1c2,0.85,,,,True
214cff86-4269-4b1f-bb37-a7ba3d8fa2c2,0.85,,,,False
81bc4597-4342-44f8-b16e-c00a0ec41387,0.85,0.8700597286224365,,,False
e59259d6-6482-4696-9b71-408df3362404,0.85,0.8554000854492188,,,True
129adc29-18c5-4691-807c-774d8fbe82df,0.85,0.961513340473175,,,False
d0bb513c-8aa3-4e7f-8e17-a7e73b9c2528,0.85,,,,False
83ba899b-aa95-4ef4-b0d5-d56b7765e940,0.85,0.8510655164718628,,,False
c197bf45-cd90-45c4-9547-1a37a9383922,0.85,,,,False
9d69a12d-656d-4c3e-8b3d-54c9aa5a9e3e,0.85,,,,False
ed2c202d-ad7d-4387-9c8f-3f67c54cff34,0.85,,,,False
aa1601ad-f2bb-4d4b-8ddd-56be6cc3e2b9,0.85,,,,True
6b03e085-25ac-4b9d-b121-a0b4858f3ebc,0.85,0.8984774351119995,,,True
00b43df7-bc4a-49d1-b599-a9dfc0d5eb6b,0.85,0.915876030921936,,,False
7d931703-e839-410b-8476-901bd2b42df5,0.85,0.8730318546295166,,,True
6417cc9f-87ce-404c-bd7d-837a0cb5109c,0.85,,,,False
6bfbc336-837b-41c9-9d96-057823d038ee,0.85,,,,False
85aeb4c2-cc83-4de3-8563-fb9870eb8a70,0.85,,,,False
c85ff2b3-f465-4467-aa3f-eb5fede093af,0.85,0.8910724520683289,,,False
fecfd669-35cf-411a-acf2-47212ef8d02e,0.85,,,,False
5932dccd-3b0f-4c26-bc18-2fdbcd3693d5,0.85,0.9101853370666504,,,False
b48d732e-0e30-4391-86a1-c3febd847a75,0.85,0.8777405023574829,,,False
5eac361e-da2c-4fd4-a1b1-38a91a2b2262,0.85,0.8934764266014099,,,False
21ac4eb1-7156-4cda-ae58-ecdab41f1bb3,0.85,0.9017490744590759,,,True
7735e769-ffa2-40c9-a7bb-95ca58b8772d,0.85,,,,False
26a0ffb4-2722-45e2-8f2c-028c3dd6c276,0.85,,,,True
3d12fab4-9f00-4a61-a739-c72e2d433fee,0.85,0.8546078205108643,,,True
ced1c68d-1353-4bd3-a9de-76da98fa55e7,0.85,,,,False
f9912d6b-205f-473b-a9e9-7422222fa3b2,0.85,0.8838080763816833,,,False
d205a538-3614-42bf-a99e-ae3b99fb270f,0.85,0.8982706069946289,,,True
6c149e6d-601e-4c32-b961-51cafaaf49b8,0.85,,,,True
b1970490-4f29-4dcd-837b-1816606b84f4,0.85,,,,False
888dc850-b962-4ef1-bbcc-ae3a0dbdf407,0.85,0.8760702013969421,,,True
dfc499a6-7c5b-42f7-b1bb-6ba41c8bdc93,0.85,,,,False
f2cb1a3e-9103-4deb-ac32-bd70df72a15a,0.85,,,,False
af1d6ebd-4760-46be-9ac8-e97480dbfb05,0.85,0.8937269449234009,,,False
04221075-e79e-4f27-b5e9-0458fba9b5af,0.85,0.8644626140594482,,,False
e7d290c4-f11f-4371-b4ca-d300f47b58b6,0.85,,,,True
1526f006-5f38-482e-9854-6475b8f1e3c3,0.85,0.8502984046936035,,,False
f2b1de56-6243-49c7-aa28-fe0759e56bf2,0.85,,,,True
8003683c-95bf-49c5-8429-f074a477b791,0.85,0.9000276923179626,,,False
ea853a21-ce1e-45a2-87f7-873642825c10,0.85,,,,True
14a5b4b1-b30e-44ae-b996-ce7272cd5497,0.85,0.8645612001419067,,,False
106bd5f4-1ddb-41e4-b92d-9c6672984bbb,0.85,,,,True
8913510a-baf2-4b07-bde4-deb8beed9ad3,0.85,,,,True
1bdab939-c3c0-4330-ae9c-65bb701d42d0,0.85,0.9694572687149048,,,True
98703353-49dc-41cd-9411-6a46319ac995,0.85,,,,True
6eba140e-d9a6-4025-9091-1c481f5a7ece,0.85,0.8501684069633484,,,False
b98678e3-e8ea-43c5-834c-53aeee99e7cc,0.85,0.9288985133171082,,,False
6624308b-eac4-40e0-9d55-b18956218400,0.85,0.8962878584861755,,,False
465e82d8-95d1-4fec-b6d7-49f831b501e2,0.85,,,,False
a78f2e75-9cda-41b3-9582-c34671e26e9c,0.85,0.853364884853363,,,False
7e3b9f38-2f74-4db6-a477-c42a35f1d776,0.85,,,,True
ab5709aa-347f-433e-90f7-bc89ea31eea8,0.85,,,,False
5823be54-a47b-40c3-86f0-c3be97e4ad75,0.85,,,,True
761057c0-556f-4b73-8d40-a0f27ab3b0fb,0.85,0.9261715412139893,,,False
76a7a37e-73ae-4213-922d-86331ee6507d,0.85,,,,False
ceff9b3a-b1e5-4b26-ba4c-08171ceaa29b,0.85,0.9447530508041382,,,False
f80b24fb-dd42-439b-9fe3-a3d5a76c75be,0.85,,,,False
1771890f-d2e6-47ae-89eb-50db712d3806,0.85,0.9148796200752258,,,True
5f9e2b69-80e2-4a02-939a-98393229c318,0.85,0.9002611041069031,,,False
c5148b0a-c840-4bb8-b9e7-57e03ae5ce22,0.85,,,,False
4187c641-6c2b-489c-914e-fca282f0a3fc,0.85,,,,True
21e69496-5424-4e78-a805-01a96cdf2b74,0.85,0.8802968859672546,,,False
a6bddd13-935d-4378-8ca8-1f6396c78c18,0.85,0.9304537773132324,,,False
a47f5d41-1eb9-4bb1-b8ac-7313ac64227d,0.85,0.8749754428863525,,,True
b63b3fde-7d42-40dc-89c1-cc8e03d097cf,0.85,0.8917925953865051,,,False
f8c80e95-d4ff-4b5e-b93d-e07f36892658,0.85,0.8851807117462158,,,False
8699df43-1d04-4e44-bf22-50b08c1c8141,0.85,0.8642783164978027,,,False
03c99174-6664-4bef-9260-0530064c669e,0.85,0.9372555017471313,,,True
6dbbbf42-e436-4543-ad17-ebbf5340bf56,0.85,0.9327419996261597,,,True
a7e838d0-d520-4ad2-b559-1cf3fd5cd7a1,0.85,0.8568595051765442,,,False
b70505ef-bae4-46e8-a512-0b5e0b6d658b,0.85,,,,False
d7fbc7dc-a5bc-4d27-b783-92d6d60e0dc1,0.85,0.9058207273483276,,,False
cd800f18-57fa-46ab-8303-526791c024f2,0.85,,,,False
0b7d1fe9-cc6c-42d5-bbec-15a182fe113a,0.85,0.9156481027603149,,,False
222a5738-c331-4c3f-af49-eb91ebf7c641,0.85,0.889653742313385,,,False
f288c5f4-2c43-4bdb-8ce2-20a2caf482e2,0.85,0.8636564016342163,,,False
6e95d78c-9b67-4123-842f-953c2cdb7ef7,0.85,0.8835769891738892,,,True
37239308-541e-4a42-a024-8ee36c2c6043,0.85,,,,False
f1e4943e-b0b6-4a6f-aa68-fd27d91e6a60,0.85,,,,False
eb512c75-4b52-4cb3-9b11-d9388f1ba8e9,0.85,0.8916196227073669,,,False
3a443d06-0de8-49ec-a1b9-231aacc05714,0.85,0.9386287927627563,,,True
cfc1888d-4b6c-4dc5-bb6a-ca0bda528e9e,0.85,,,,False
483c25c6-0c04-48ee-a240-27c0350e8648,0.85,,,,False
2e49b787-fe03-44e5-888d-df3507f10aff,0.85,0.8713509440422058,,,True
059b84c6-3465-4538-bc7d-7d39e9e0703c,0.85,0.8995413184165955,,,False
b7157c56-cb27-4e89-b21e-828ff99fba05,0.85,0.8719609975814819,,,False
91d457a9-ca59-4388-aed5-5fdc3585dea1,0.85,0.8627668023109436,,,False
78f4d5ba-0d03-46f3-9af4-31a71b36ee02,0.85,,,,False
5cf823ff-9190-4eee-9f0e-63aee17a3075,0.85,0.9202839732170105,,,False
12edc977-de91-46ee-83de-4fd1fda6632d,0.85,0.8754215836524963,,,False
c22f4b77-d84b-46d8-ab38-ecfe2daf9add,0.85,0.853824257850647,,,False
52bf3ae8-1491-4010-b27d-240dbbc042f5,0.85,0.8581573367118835,,,True
2f51cd17-4521-4a87-a67c-08e80dc0ac5f,0.85,0.8647588491439819,,,True
545ee84c-b534-424d-a181-b9bd0c2760ee,0.85,0.8547408580780029,,,False
496a904c-9162-4935-8678-862db24bfce9,0.85,,,,True
081a1227-55b6-44d5-a57a-ddb586dd6426,0.85,0.8661730289459229,,,False
b9c909ed-1273-43ec-a58c-dc1686ac7b30,0.85,,,,False
489acf1c-2f2c-45cb-a205-b52f78ecd6ff,0.85,0.8907277584075928,,,False
0490691b-fb3d-4a1d-9b70-5b2c845aba15,0.85,,,,True
6c48d395-18b7-48c1-9c1f-986ba3b8677b,0.85,0.9163329005241394,,,False
3ddb1579-7960-4e46-94ff-2ca96e16c399,0.85,,,,False
62fe8111-4ff5-4259-9592-c7b0df3d8f64,0.85,0.8960347175598145,,,False
a172881d-84a1-4a2d-9b5b-b002b4c3829f,0.85,0.8753037452697754,,,False
8d3f82cd-0652-4d70-ab5e-56c6d1cde8c1,0.85,,,,True
2e46f5e6-7ada-4c1d-9c57-03b28d415615,0.85,0.861327052116394,,,False
7426f736-cf74-4b0d-991b-412c3814f6a3,0.85,,,,True
e7f65948-c09e-4106-88ed-df62cfb196d1,0.85,,,,False
050f1c8d-7f46-4971-9eae-3ff72834d268,0.85,0.9320099949836731,,,True
8354a636-1ed6-4897-a218-b09739c02a5d,0.85,0.8778705596923828,,,True
01abfbd3-1e92-4f8e-b4ac-711279476965,0.85,0.8987879753112793,,,False
f08412cd-75b1-4e89-95a6-f9004eefbffe,0.85,,,,False
560f68cd-192a-4677-b335-49a8df98b831,0.85,,,,False
61a6a6c5-ce87-4938-8cd6-37a612e7eadf,0.85,0.8689183592796326,,,True
1b7c7f6f-ff56-4e7b-bd3d-248d35247634,0.85,0.8979517221450806,,,False
91047174-b832-4b18-88c8-7c41b7db9a18,0.85,,,,True
0b90612a-cf50-4c68-8207-cd007e1cf21f,0.85,0.8657626509666443,,,True
b79a9a18-c327-4231-b00c-6789cf199a15,0.85,0.8604577779769897,,,False
fce604ab-4cb4-4be3-b730-87b151da4104,0.85,0.8758124113082886,,,False
ec8e78c5-2366-480c-8bf3-88e4b45fa114,0.85,0.9729325175285339,,,True
bf9e1241-939a-467d-8218-c4ed847e6021,0.85,,,,True
2c404b8a-c279-4822-b980-9da5c0db8d1b,0.85,0.8802688717842102,,,True
98b69e24-78b6-4608-8a7a-3e4e3972c41e,0.85,,,,False
fdfc0c1a-2cb2-4f69-bbeb-2adf12102ef3,0.85,0.8948530554771423,,,False
23fa807f-1647-4f94-b449-8395f4b2e683,0.85,0.8666956424713135,,,True
3ce38300-d0d7-4f96-a678-3d7edc0d7d1e,0.85,0.854037344455719,,,False
c2a6f42d-0a15-4942-9d2d-bc6a5f3a188b,0.85,0.94422447681427,,,True
17b3e788-c6d9-49b0-a373-867d19702ee6,0.85,,,,False
097dd5a5-c3a9-4bac-b1ce-ffb40d37e9e3,0.85,0.9216964244842529,,,False
81bdd111-2174-49b1-ae5b-f19aefc5b5f4,0.85,0.8553975224494934,,,False
58a8b86b-cfac-4bb2-a048-35c8f0ee2ac9,0.85,0.8965173363685608,,,False
4dd232be-155c-49b1-9820-e376f12929e5,0.85,0.8808571100234985,,,False
c515a6ec-d7ab-4318-b5db-9bc8ea95fba9,0.85,,,,False
8856c752-c7af-4315-bc6d-326bbd713175,0.85,,,,False
ade45a07-7d96-4ef1-a976-b3de9e2fe745,0.85,0.8909900188446045,,,True
d8df974a-2556-4f16-8fca-7b33718b972d,0.85,,,,True
a9835b9b-7b60-4fc0-8e4e-c9d0799342b6,0.85,,,,False
e9a5785c-16a0-40ad-b149-4be54edf0581,0.85,,,,False
4af9c84b-15cb-4671-a0aa-25dc43083b0a,0.85,,,,False
f1a4ce45-e599-4ab0-93c2-5308cb8699cb,0.85,0.8823356032371521,,,False
83ebfec3-ff03-4640-ad34-5d909de9647a,0.85,,,,False
709dbc23-24a7-44c6-b27b-9b96487c27fe,0.85,,,,True
53c41bb1-7c39-49f7-869a-a1a73f81c5cf,0.85,,,,False
0c8ef226-720f-4983-82a5-b415df12b7d5,0.85,0.9015635848045349,,,True
f718b63d-1b6a-401e-acbd-b61a2d9cfe7a,0.85,,,,True
0a6a598f-eeb3-4611-90d4-bca71f95d879,0.85,0.8543234467506409,,,False
abc7747a-1b40-4558-907f-6ef58fcc1275,0.85,0.8853902220726013,,,False
ba151990-e609-40fe-b2a2-de3526f866ef,0.85,0.8545444011688232,,,True
0795dfbd-b70b-4859-9436-a0cbd900539d,0.85,,,,False
07e3a05a-befb-44f5-ba28-ff201a7954b1,0.85,,,,False
6c7ba0f1-16c6-46ec-b0ed-f5eb00162281,0.85,0.9074208736419678,,,False
ce18d20e-542e-4e9b-8479-472dac6f7dfb,0.85,0.9028224945068359,,,False
1339d55c-04b8-4c53-b9a1-77ef664d112f,0.85,0.889093279838562,,,False
23a3f630-e1c5-4729-8573-dda37d6985ae,0.85,,,,False
4c72d84b-6a26-4a94-be30-54e380c2578b,0.85,,,,True
d3992f97-3759-40cb-b86a-26fbabcce3fb,0.85,,,,False
42393e1d-f327-4d3a-b641-141ff23b3f0d,0.85,,,,False
09c32267-aa48-4976-b368-e0e7b1aca525,0.85,0.8832515478134155,,,False
c5520656-466f-402f-a20c-35fc2667f758,0.85,0.8773077726364136,,,False
06db5b75-889d-40dd-b6b3-31c74454a4ea,0.85,0.9003565907478333,,,False
c4b2547d-d792-40ab-bf83-bc18b3ef42b7,0.85,0.8676373958587646,,,False
07a18d0e-6b73-46d5-8195-8c8b5c2bf693,0.85,0.9244484901428223,,,False
dab91232-66a1-4378-b697-b8e527a5cb40,0.85,0.9060021042823792,,,False
1d119eb7-90f1-4442-979b-5795f9fc64a4,0.85,0.8826664090156555,,,False
2f557839-fc09-4bfb-af7f-0e4ac2a18001,0.85,,,,False
c177ebde-9081-4bcb-97dc-e9511ee30295,0.85,0.8887742161750793,,,False
759ad7bc-1edd-44e3-a0e0-a3d53e622eb9,0.85,0.8842053413391113,,,False
9b1928fe-64c1-4095-954a-278bfd54895f,0.85,0.8544658422470093,,,False
913fe897-9ee2-4710-8650-14f01f4bb3c3,0.85,,,,False
4d1c6601-abb0-4509-844d-74a4291408bd,0.85,0.9120447039604187,,,False
d0155454-f9d1-4263-be65-d65b75d28f9f,0.85,0.9161156415939331,,,True
7643ab11-6ceb-438b-a91f-73e3743b55cf,0.85,0.8803841471672058,,,False
151a963e-18c0-4eb6-8d4b-ca71a85eea1f,0.85,0.8730716705322266,,,True
b5d2c2bd-7a40-488a-97cd-1c40bf6cfd1b,0.85,,,,False
7df262bb-62af-44f5-b922-0b53a5519da6,0.85,,,,False
c7f72595-4d4d-4545-8216-66ca9ca3b998,0.85,0.9345021843910217,,,False
35d3dcc5-f4b9-483e-8f02-1c7a6201ffed,0.85,,,,False
105fd60a-c96b-49b2-b9d0-1cd2480e0865,0.85,,,,False
571b28f4-c27b-4e36-8249-cdadba63ba69,0.85,,,,False
cf048f0c-0abd-4418-8a14-0f69a95f3127,0.85,0.8540687561035156,,,False
d79dfd6c-79e6-4b77-8767-b550f882216b,0.85,,,,False
bca1e45d-bb73-4ac9-98ff-7243c71d33ef,0.85,0.8653016686439514,,,False
f6d2d433-3b6d-4e38-9bf3-2ae029f24770,0.85,0.8804320693016052,,,True
d00e42b3-d5a9-45d0-b9fa-818c3ed23387,0.85,0.8856394290924072,,,False
943ba7bf-9250-4ec2-8877-fe76c184ef08,0.85,0.8735777139663696,,,False
6a99370b-c28a-431d-a72b-921fc5557f46,0.85,,,,False
a247a097-cbd7-402a-a76b-2969b08f34b8,0.85,,,,False
d8f59add-2df2-4bea-9cf0-e52d0a0c1a47,0.85,0.8539144396781921,,,False
e51d77d4-7abc-49db-b633-a0251aaba449,0.85,0.8801881074905396,,,False
761ce92c-7203-47b0-a57b-776827f17a1b,0.85,,,,True
2591ca54-0972-4a9d-9b6f-1e53bbfdfc83,0.85,0.8833811283111572,,,False
4b5399a4-51f9-485d-bc2c-46f429d39581,0.85,,,,False
a334e126-b082-4ce4-a417-c5113074950c,0.85,,,,False
3d00d4b4-f823-4b7c-8fc6-89aa6bf27cfb,0.85,0.8682568073272705,,,False
02b76174-cb61-42a0-a4c1-46f9923bab9a,0.85,,,,False
5666a013-25ef-4031-9cdb-a9c904e9b2e7,0.85,0.9042388200759888,,,False
bd2155cf-0ad0-4191-9473-7f1ca68c13ae,0.85,,,,False
3fca2337-2448-4be7-809f-23a02f2fdfe1,0.85,0.8963061571121216,,,True
5c248206-6afe-4741-8a5c-f3adfd75f5df,0.85,,,,False
271ddf81-7b8d-459e-bff8-59f8c3c67ed6,0.85,0.8606523275375366,,,False
a6e8e04f-9f08-41b5-bd58-c234f28be016,0.85,0.8842148184776306,,,False
c4859d61-be9f-4a40-a75c-8de54ef9050d,0.85,0.891560435295105,,,False
6e868800-4839-4cd3-b322-fe2a7febe121,0.85,0.8791275024414062,,,False
839f4b79-0239-4dcd-b4fc-bd7b1a9c2cfe,0.85,,,,False
ec4d0876-426f-4ef0-8fe5-3d5ee6397625,0.85,0.8608871102333069,,,False
0099e9e7-2305-486c-a19c-130a7b0ccbde,0.85,,,,True
2a29a695-970f-4c89-a4b7-a927cb551327,0.85,,,,True
eaec96dc-623a-45eb-b342-10470ca26631,0.85,0.8577589392662048,,,True
5a0a1956-219c-43c1-b7c9-9d276f5e56e7,0.85,,,,False
330d51e5-9b3e-4e0b-89b0-0fd11febf0b1,0.85,0.8989135026931763,,,True
88279dc9-04f7-48e1-8128-ac672d115cec,0.85,0.8703092336654663,,,False
ac9aaf55-81ae-4082-9b7c-97edf90e70d7,0.85,,,,True
90dc5810-ae42-4541-b780-266c91f9d22a,0.85,0.8660958409309387,,,True
c26c8521-d16f-4933-b97e-18216f9485f5,0.85,,,,False
e454c14a-c02c-4735-9ff0-9083bb2ca564,0.85,,,,False
f907f644-0cb2-4a14-92e6-bcd28aa8eab1,0.85,,,,False
7d75674d-1bd4-4200-b876-e2bb57a8e19b,0.85,,,,False
a013413a-493f-4d68-9d29-71fa36726498,0.85,,,,True
4a6c62d5-df30-42b2-9261-eea7acd55843,0.85,,,,True
db572b35-697c-4856-ae94-e649dc68573d,0.85,,,,True
57935e74-b377-4dcd-bc36-1fa79985acd1,0.85,0.889101505279541,,,False
048d2e14-cdc3-4b07-a409-347d42b7ba47,0.85,,,,True
77b959f5-ec5f-4334-931a-1f05a1311d4e,0.85,,,,False
57bacbc2-8d94-4d7a-832a-f5184fb8911f,0.85,0.9047451019287109,,,False
ff1d2888-bf98-4ddd-86e2-712405e9d374,0.85,,,,False
2e3f19f1-4e52-46c0-b3f2-9142e0fda406,0.85,,,,False
bbf309e6-6d79-4ec8-bb25-d81c424c71d5,0.85,,,,True
0d03da52-4eb1-4e44-a10f-9b684f956c13,0.85,,,,False
531aa0d3-b545-4d61-9c05-e9c02590b3f5,0.85,,,,False
8c5a91da-e77b-4b20-8e04-745d0aeb346c,0.85,0.8917837142944336,,,True
304e1623-6c91-48ae-936d-f0e0ecaf84e7,0.85,0.9042971730232239,,,True
4d983a23-05ea-4f00-8753-bf5af1a6b5a9,0.85,0.8513126373291016,,,True
9eaec9b6-e795-450f-b8d7-145a000d20de,0.85,,,,False
99fb93f6-b6cc-4cb2-8048-9eb8c7d70bfd,0.85,,,,False
dea3cf29-3a90-457a-a3c1-8ca736b36ee8,0.85,,,,True
30112676-6c0d-40f4-81ef-f2aff42cb0ea,0.85,0.8545804619789124,,,False
720a8cff-45a9-4eaf-888f-f27573d748d6,0.85,0.8857677578926086,,,True
1ed1c6c3-8d31-4bcf-aba3-96b2ba431d66,0.85,,,,False
c2504d48-f11f-41c7-b7f2-dbe391a330c1,0.85,0.8518900871276855,,,False
6509ac2f-7930-4bb2-95ce-f906c1b8d952,0.85,,,,True
7d6ce707-1de8-4a9a-ad70-827644ccb605,0.85,,,,False
e23c8725-0e6b-4590-a547-2c6bd05aee88,0.85,,,,False
7d49e22d-b586-42f6-b268-e78a69ce0ec7,0.85,0.8703588843345642,,,False
04579e4b-4cce-4d29-ac5e-827eb9c96978,0.85,0.9000422954559326,,,True
e4970149-8317-4841-a9df-340fdc673a87,0.85,0.851409912109375,,,False
8fc697c6-5b3e-418e-a973-d85e9c81fa29,0.85,,,,False
5f5d23bc-bb98-4005-bed3-ee8b1488fbf0,0.85,0.8629140257835388,,,True
d5b49a92-7207-48ce-8722-6da5e7bc8226,0.85,0.9161491394042969,,,False
225f7e82-0aa4-4cfb-aaa6-c008454f2029,0.85,,,,False
7624f04b-160f-4c7a-9312-6c357c6959bb,0.85,0.9145795106887817,,,False
56422780-1f39-400f-a994-b1b18a29e28c,0.85,,,,False
4867d059-8e85-4633-b6e7-92023dd295d0,0.85,0.9050753712654114,,,True
b91fd4bf-8001-483d-a81a-a3d9453bc373,0.85,0.8961784839630127,,,False
1bd43962-ca95-4d00-b9d0-a604e59197f6,0.85,0.9138637781143188,,,False
12d3239a-7968-4361-8fb2-62ae39c8549e,0.85,0.8950949311256409,,,False
caed1daf-93ff-4a25-b257-03a597c9391c,0.85,0.8894078731536865,,,True
fae0a922-54dc-4df3-bd90-318f71a40fe3,0.85,0.9085980653762817,,,False
db5b23b5-fd92-4090-ab5d-9de6d34a9796,0.85,,,,False
06e76fd5-1b1b-473a-a555-fd86c93f7532,0.85,0.9139889478683472,,,False
b0c42d07-7479-4d91-9f04-4b8345d0b9b6,0.85,0.8762862682342529,,,False
741da3e7-c25f-4d26-bd33-c34912442224,0.85,,,,False
8a0bf5b9-d4ae-4857-805b-b246b4007eaf,0.85,0.8541280627250671,,,True
d364d208-c77b-4b4b-b35c-82445f0e1c8d,0.85,,,,False
9473c1b0-7ef4-4da3-82f7-c35907a2a43b,0.85,0.8638454675674438,,,True
97815ea8-5576-42ba-a903-cb46624a88df,0.85,,,,False
40c6fcd6-a5c1-4011-9727-283303291b8c,0.85,0.9536994099617004,,,True
86ea1a56-7d13-4fa5-a301-0cb816c64ec5,0.85,0.8530833721160889,,,False
5c2da52b-cfa5-40bf-9d79-1e5bad3b067b,0.85,,,,False
8db823e2-13c8-4e08-9e50-ddde83eced1e,0.85,,,,True
b3b0b290-be70-43dd-a42d-de0a63a5cfb4,0.85,,,,False
4d881e12-14ed-430a-8c32-c57673a67f14,0.85,,,,True
1f3435ee-c3ee-41fe-ac32-00ee1223292a,0.85,0.8951104283332825,,,False
1d45ff18-be1e-462b-a542-7dcf370a8cfb,0.85,,,,False
5d392fa5-7176-4acc-896f-ad2bb354e5e2,0.85,0.9421380162239075,,,False
788fe066-b1ed-491c-afc0-abf68e997934,0.85,0.8520200848579407,,,False
63ea81a4-a889-4fb3-95c4-ab54c510440a,0.85,,,,False
ee53b3ab-b134-408d-a2e4-009c95c2a582,0.85,,,,True
159648a7-877d-42d3-8c96-88e589a036e9,0.85,,,,True
64bfbd1b-ac7c-4177-b61d-ac16a5c59958,0.85,0.8609815835952759,,,True
77a31aca-97a4-4e72-b240-ca38be5da517,0.85,,,,False
7cc82ec4-0ed0-4609-a60d-70d7b9740509,0.85,0.8881117105484009,,,False
8a726651-1ceb-4a4a-9ad7-dbc1515d3cde,0.85,,,,False
e9d1df38-9d40-4538-9e2c-503e48a09606,0.85,,,,True
04e33957-aa0e-4f12-8713-0cc69e351190,0.85,,,,False
92ca653e-c246-4866-80dc-62d720c8e580,0.85,,,,False
e4c3b474-aff7-472d-bfe8-51a37e9f6720,0.85,,,,True
bc0e3df6-b062-4c0b-bfec-5166fff1adcb,0.85,,,,True
0eb8777e-2118-4350-aa25-56762ea966de,0.85,,,,True
21d4c25c-d4c2-4b65-a70d-f031b7f8844e,0.85,,,,False
1f1472d0-13f5-479d-b400-8675f5c0894f,0.85,0.8581031560897827,,,False
6713e6fe-2e3f-428f-9437-34a09dc6aaed,0.85,0.8603395223617554,,,False
bee465a9-3498-4d4d-8818-cbef819b777d,0.85,,,,False
6936ed05-1e45-4ac3-badc-126dfa0e5947,0.85,,,,True
6658ee17-5950-4943-b74c-3dbcba1a7425,0.85,0.8706248998641968,,,False
a9ce2fce-8f77-4fcf-80ac-5e254e32e75f,0.85,0.9052289724349976,,,True
b333c6ce-3520-4c82-9d62-5c8097aad8b4,0.85,0.8843153715133667,,,False
be1c9abc-9088-4efb-8149-b1a3c251fc2b,0.85,,,,False
6811253a-e883-4d22-a13f-0f8d3b6d90d7,0.85,,,,False
9615f01d-d778-4c0d-9082-bde40bf57f86,0.85,,,,True
984f3d8e-2d30-4327-b81e-4de201a7302e,0.85,0.867271363735199,,,True
88bc1512-f23f-41e9-9955-53ff146964cb,0.85,,,,False
914faaf2-4065-4d9e-9d00-c516c2383d63,0.85,,,,False
94da0720-160b-4005-a8e4-eea14a74e2b4,0.85,,,,False
10720218-49a5-4099-8f06-b7ff6f2c4fef,0.85,0.8703683614730835,,,False
824e4ab0-9384-438d-b0e7-fbd19818d3ae,0.85,0.8653944730758667,,,False
5ff3556c-fffe-4632-bb4c-1d946e127bec,0.85,0.8974034786224365,,,False
636cad23-4179-4997-9500-8b987c51ed27,0.85,0.8568754196166992,,,False
b732c934-5ff5-49fb-9d82-c533bec8e889,0.85,,,,False
94a94e2c-261c-4ea1-97c8-082bdafbd369,0.85,,,,False
47ddd2b3-3055-41c7-9835-d7af47d25c1b,0.85,,,,False
855d269b-af4f-400f-a80c-4f00ac7590e4,0.85,0.919450581073761,,,False
4eae651d-4c5c-40cd-8c31-d57634283186,0.85,0.9092968702316284,,,False
e8dd4525-69ee-47f9-9d32-86ecdc41238e,0.85,,,,True
01a5a0ec-f1a7-455a-b9a2-e307a898c3b0,0.85,0.925197422504425,,,False
60c1cea9-a745-44f9-a4f3-a83c1d5b7c25,0.85,0.8718687295913696,,,False
a3c6ad51-704c-4868-b139-d2d470335e5e,0.85,,,,False
d58fbaeb-cdbd-4a08-abfc-db89fedbb6d9,0.85,0.900610089302063,,,True
a3b6db36-cdb8-4d4c-8a12-f311aaf92698,0.85,0.8661221861839294,,,False
d2e8e399-04c5-4b11-b8d9-2ffb495828c2,0.85,0.8731356859207153,,,False
06092b1d-12fa-4a9e-95d3-2fd04fbca485,0.85,,,,False
1cd19768-94fc-4bfe-a4c4-c7ca18fe1498,0.85,0.9364262819290161,,,True
181a59d6-63bc-48c3-8e3f-9e800adb46ea,0.85,0.861768364906311,,,False
7f5d9eb9-762e-4fb4-bb3a-a5e554fba9a1,0.85,0.8814114332199097,,,False
1c2ba24a-a28b-4c01-978b-b363985cb981,0.85,,,,False
d60ed6fa-e21a-4b11-8bb9-78d7cdf3e871,0.85,0.9145298600196838,,,False
7257f8ae-9cb1-4996-81cd-1bf3c7f2e08a,0.85,0.8653697967529297,,,False
b5645aa8-86ea-40ac-84b6-4d2233f4f61b,0.85,,,,True
b558743d-c0d9-45cb-9cf9-346cbfefc4c2,0.85,,,,True
3e40a118-5d3e-4d22-a08a-0fb1bc60eced,0.85,0.8933132886886597,,,True
0a3178b5-a792-4cba-9162-fc8fac318c82,0.85,,,,False
fd516fa5-cfc5-4cb8-bb48-12b78c25ebe6,0.85,0.882458508014679,,,False
e9bbc423-0280-4402-a4da-0abebc8406a4,0.85,,,,True
ccbb5fb9-d621-4d26-a653-a56d1a433bb8,0.85,0.8600689172744751,,,False
adfcf175-b532-4c10-b231-fb593108253f,0.85,,,,False
0f25a498-5fe7-4117-9f31-19fb741c0c75,0.85,,,,True
63b0d94e-b25a-473a-95fa-01775db62ebc,0.85,,,,False
4eebe61f-987f-45c8-995c-313aac20d554,0.85,0.8967159986495972,,,False
3d991d3f-1428-4e55-90db-367ebdbc486f,0.85,0.896846354007721,,,False
1d19f67b-be16-45b9-9bef-9d1114e57b22,0.85,,,,False
3ebf441e-9dd6-479e-ad59-41131e345989,0.85,,,,False
cacc526a-c0f4-4476-ae50-7492c89deb7d,0.85,,,,False
6238e820-3753-4e60-aee8-e96f7fdbaa7d,0.85,0.8742393851280212,,,False
754896ff-4f46-4421-999d-3688ce96f38f,0.85,0.9167583584785461,,,True
c5890dc4-e30a-49be-bd17-b15717202101,0.85,0.867881715297699,,,False
3e6391f1-2f11-49fc-80a6-496453fcfb54,0.85,,,,False
7b6b8cd2-b50a-4581-adc9-99d0cbbf7dfb,0.85,0.9343507289886475,,,False
35282913-2163-47ff-ad49-7799ee798e2a,0.85,,,,False
4e409e47-2140-44a4-9366-4ae983de7477,0.85,,,,False
c8f953f6-71ef-41c2-ae70-546a9091284e,0.85,0.870154857635498,,,True
085ffe53-b601-4749-a503-deb33ea38aab,0.85,,,,True
ebffe9c2-1805-4142-9413-cbd250494c48,0.85,,,,False
4ce638c6-1513-4685-89d8-537b37521246,0.85,0.87972491979599,,,True
34aab016-4b7f-4b88-a564-2d1a49f1939e,0.85,,,,False
0527b341-a291-4372-9327-36e703244247,0.85,,,,False
ce14a8b0-82dc-4183-a4d1-d45d3fe08007,0.85,0.8708717823028564,,,True
b22f1e93-b867-4245-aa94-01af8384c4c9,0.85,0.8816580772399902,,,False
96844c92-fa7e-473e-b387-c774deb8dd6f,0.85,0.8919001817703247,,,False
ec81cd4e-2cd0-45e7-bec9-7d10a80992aa,0.85,0.8924492001533508,,,True
4c27f831-32d8-46ef-b700-895d08265bda,0.85,0.8500251770019531,,,False
dc0e0174-2673-473d-91ab-abf9e25cd9a4,0.85,0.926690399646759,,,False
f673ec54-88ae-43a8-a629-6b7bca63b51a,0.85,0.8561798334121704,,,False
ca05c0ca-5b67-4e75-ad5c-57b9ec933a6d,0.85,0.8588491082191467,,,True
58cbaf32-e60c-4b3e-beac-f818ae01802c,0.85,0.8692989349365234,,,False
205b82c6-1d90-40c0-a07d-732024a7482a,0.85,0.9082686305046082,,,False
cb478057-4524-4e79-9eec-7ccbdef76826,0.85,,,,False
3d7de8d1-0a30-460c-9567-81fea868f8cc,0.85,0.9003764986991882,,,False
9d811730-5557-40a5-888c-e35251bba4b6,0.85,0.8619852066040039,,,False
41f4b7f6-b661-46f3-8e70-6b6bb49cdad5,0.85,0.9072829484939575,,,False
f36a1208-4506-4435-a276-154ac61da9fa,0.85,0.8968849182128906,,,False
4020bfae-9059-4366-a01a-7b36fe8032ca,0.85,,,,True
5b063008-a8ba-4064-9f59-e70102bb8c50,0.85,0.8980070352554321,,,True
7936f11e-e68f-4f78-9072-5c7d44d23ef8,0.85,,,,False
53b2e9d3-2946-4f0f-a2e6-eaf6c6b3930a,0.85,,,,False
f9179f2f-a9d3-4bf2-a242-5cd98cee249b,0.85,0.8565649390220642,,,False
19098a87-7799-4d92-abe8-f4d18b4a6e07,0.85,0.9329888820648193,,,False
31d3aac8-42d6-46ef-a976-1069c054e7d3,0.85,0.8923559188842773,,,False
c4b57822-880a-4a20-8d0e-02a98bbf36f8,0.85,0.9003257155418396,,,True
a45a5f80-9994-4e29-859b-9263cefe9a49,0.85,,,,False
a70cc5d5-6d9b-416f-b8b0-0d39f8f1ba98,0.85,0.8665938377380371,,,True
8a8580e7-8846-4da0-b787-c3155f122ccb,0.85,,,,False
8428cdea-3602-4b72-8120-63ff749f7b9c,0.85,0.8547760248184204,,,False
9c75e1f3-445c-41e6-b488-b41192325a9a,0.85,,,,True
acff2f56-7869-443a-8e0f-d902cfc99bdc,0.85,0.8695213198661804,,,False
c46df931-25fc-40d3-bb40-768ac013fa04,0.85,0.8857038021087646,,,False
5ebea0b2-f18c-43a4-9802-0074cc86d937,0.85,0.9274569749832153,,,False
3fcc7463-6c42-479a-9d05-e5227cc5446e,0.85,,,,True
f3fc6e7f-5b6e-4a7f-bd2e-22081cd21729,0.85,0.9204341173171997,,,True
206198b6-1965-4003-b48a-8610bb5e7846,0.85,,,,False
81da95e0-80c5-4aaa-8e29-c7e869955e90,0.85,,,,True
2e629b50-9a2e-4af2-8506-3a7f83a99349,0.85,,,,False
067496f6-3cb9-4e7e-9817-93cfbe4080d4,0.85,,,,False
7952d9a0-d4a4-423d-bd3a-3240dac62e3a,0.85,0.9491384029388428,,,False
b5ac0e32-011a-4709-8180-6b579cd3ba3e,0.85,,,,True
9663c898-405c-4cb0-a1dd-86315ea85e2b,0.85,0.9149882793426514,,,False
bf854a13-ba83-42d0-a634-b0cc2bb61455,0.85,0.8877959847450256,,,True
b584ff67-227c-4d04-b783-46ebafb05e1b,0.85,0.8922742605209351,,,True
3c786ccc-0a33-4306-8adf-b991f870a5af,0.85,,,,False
359f31ec-778e-418e-86d7-974213b7a2e2,0.85,,,,False
b9739b6d-ea4a-4b70-8374-fdee37f3028d,0.85,0.9138163328170776,,,False
2ac9587d-ab40-439d-83a3-d9cc607fac0e,0.85,,,,False
d2ffe1bf-6b45-4d69-ba80-073762bead41,0.85,0.8512521386146545,,,False
3b1cbc24-6030-4e26-9ae3-52f6724f77d2,0.85,,,,False
6aac2407-e5f5-4393-9902-dc6f31bd9fe0,0.85,0.8659340143203735,,,False
46a84c04-adee-45f4-8b02-0f02a4a4cad3,0.85,0.8610603213310242,,,False
a4948621-3121-4fb7-96fb-e27e6b139521,0.85,0.8532079458236694,,,True
d2531d90-6645-4ac1-b30f-70489fd4cc5a,0.85,,,,True
18c78f7c-9afe-40a2-99c3-efa92cb49fb5,0.85,0.8656510710716248,,,True
64eaf781-10b2-47b0-bfd4-e8b86854591f,0.85,0.8896075487136841,,,False
becf4a0a-c619-4a2b-aaca-35d12051c1fa,0.85,,,,True
31246c36-8377-4743-b4fc-0ff62991cb7d,0.85,0.8962246179580688,,,False
e4d6afbe-0d87-4542-ab81-c14d6729b656,0.85,0.8671333193778992,,,False
f5faa124-c450-4612-a912-86e1ac3e3edf,0.85,0.8549562692642212,,,True
a72f6ba2-d03c-4578-977f-8d7cbae17da5,0.85,0.865277111530304,,,True
5df94c02-e0fb-4002-98e8-db756c81c707,0.85,,,,False
1c1e105c-c6be-452b-a15e-bfdb6052f69c,0.85,,,,False
4ecc3191-2a77-4048-ba0a-a3d0ca86cd02,0.85,,,,False
4b9c4867-6999-4194-8453-5aae1f43aa63,0.85,,,,False
c01aa893-2b7d-407b-99fd-25888182d6ed,0.85,0.8681319952011108,,,False
e62924db-9b18-4b73-b786-bd9798345ef4,0.85,,,,False
0d015efd-b10d-4a60-821d-94a30435abb0,0.85,0.9123995900154114,,,False
3d501a1f-7302-4972-967a-9cb70395100b,0.85,0.925517201423645,,,True
c579add3-0efa-4280-991f-96c9b1a37384,0.85,,,,False
2965784c-6898-4db9-a08a-ef746325445c,0.85,,,,True
a2bfb3cf-b710-4a12-ac16-65280a54804a,0.85,,,,False
8170a21e-2553-41cd-875a-161dc7b048ef,0.85,0.8889700770378113,,,True
45590092-c1e1-4639-8818-595b7cb7b22c,0.85,0.8746513724327087,,,False
a27f3199-a983-4b40-8aa5-03989db99501,0.85,,,,False
20f7861f-d539-45bb-993b-f21217b7e4c3,0.85,0.8511252403259277,,,False
68e35319-194a-4cb0-b715-895f9be78b45,0.85,0.9385375380516052,,,True
3599a8f3-32d1-498d-9834-ebef1d9e62f4,0.85,,,,False
668d8952-3e10-4bf3-b0c8-8602bc0b80eb,0.85,0.9714688658714294,,,False
95c6488e-47c5-4e27-90dd-d4bb502c2417,0.85,,,,False
aca29ce8-04d2-4f7b-85d7-82d9de56497e,0.85,0.8710809946060181,,,False
7925ea91-c4e5-45a5-b135-04d4bc3e6e2a,0.85,0.8698006868362427,,,True
eb5e00d3-ba48-44d4-ad36-09ab3836d6c3,0.85,0.8768899440765381,,,True
53cc67c2-abfc-4840-ac91-7b4d7751c0f7,0.85,,,,False
90ec3e01-97d4-4319-a137-fa33db3f7b4b,0.85,0.8656681776046753,,,True
e71221af-a81d-4482-9f71-519235f8a3c7,0.85,0.8724855184555054,,,False
29c599e9-a7f4-42dc-b738-16d3c17f3c1c,0.85,,,,False
374c613b-8e02-4917-b840-4b004bbb1690,0.85,0.852948009967804,,,False
648274de-5307-4c2e-83f0-b2b3417b8cac,0.85,,,,True
ed60bc8f-d6f3-4366-9e37-2c245ae40241,0.85,,,,False
53326adf-903d-4c5d-a661-432a149bd5ca,0.85,0.8537843227386475,,,False
d4094a48-f331-4887-8ef1-9522fe0f6daa,0.85,,,,False
4dd1e74f-68c5-4886-b3d2-1b68ccf0df9f,0.85,0.871673047542572,,,True
71ba2e01-7700-4ebb-870c-5baee9d44488,0.85,0.8580775856971741,,,True
527ab946-5acd-4447-8afa-db62090a7a92,0.85,,,,False
f5dfc724-093d-485f-978c-3c34820fa404,0.85,0.8860939741134644,,,False
d4f6b69a-1184-424b-ac74-b28dbd5981dc,0.85,0.8933869004249573,,,False
73cb0e02-c183-4b27-b18a-ddefce22f760,0.85,,,,False
d0fba251-59bf-4cb4-8e2b-56abf01269fc,0.85,,,,True
52aa3df4-931e-4ba7-b3e7-2ceaf4750f32,0.85,0.8656662106513977,,,False
44081818-d117-4a3d-babc-38e517e0e7ce,0.85,0.8922579288482666,,,False
4d633787-ea73-4118-9951-f58141f9950c,0.85,,,,False
c1d0b7dd-c7d1-472e-858a-92d78d487078,0.85,,,,True
50ce004b-0750-4976-b882-17f42b8d8ffb,0.85,0.8610626459121704,,,False
58e4e526-e0b5-4459-a6ac-8ad12f86bb5e,0.85,,,,True
b88fb7d6-0a06-47ea-96be-f05b0409abdd,0.85,,,,False
f692a49c-f1f7-4109-b238-cfc23d6539dd,0.85,0.9081723093986511,,,True
3d2d1d43-76eb-4502-880c-15db06709307,0.85,,,,False
0c414322-841e-45cd-9be7-5ad1bbe3449d,0.85,,,,False
ae25640c-6284-4939-8d10-a61fe2036189,0.85,0.922661542892456,,,False
972dc5e2-e499-459c-9e94-328523f05674,0.85,0.9334790706634521,,,False
81104ca7-c745-4d8a-b156-76b08799722d,0.85,,,,False
c06cb316-636a-46a9-9159-4cc91737e99a,0.85,,,,False
0e11b3a2-384c-49f7-89bc-09b30995fc4c,0.85,,,,True
816c1272-653a-4702-8134-e2930f8eb4a3,0.85,,,,False
a15437aa-e728-49e7-8f2d-3a52e034eece,0.85,,,,False
5f953015-11ff-4703-a17f-4b0a3b5f8bfa,0.85,0.8979225754737854,,,False
554f2812-1adf-41fd-88a1-8b958115536f,0.85,0.8625497817993164,,,False
b5d77ff9-9f2a-4278-9af2-994c6bd7c17c,0.85,0.9199966192245483,,,False
55e8f664-1f34-49a8-8aac-923ffb5688df,0.85,,,,False
dd489530-24c8-4e97-bb90-1cc935017a2a,0.85,,,,True
60374e0f-a29a-48ed-a981-05796c935077,0.85,,,,True
f296ad29-a6a6-4eb7-a847-4fbafd427a11,0.85,0.8548657894134521,,,True
0dd0ff33-3069-4b2a-87d9-a2b97196a542,0.85,0.8921137452125549,,,True
9a1f4779-c189-414b-8fff-dfbeecbff441,0.85,0.8625493049621582,,,False
e93b8ae2-d0e7-425c-b208-2df3285783b7,0.85,,,,True
db9898c5-23a7-4503-be29-d649285b4bb6,0.85,0.8915116190910339,,,False
b08037e6-9337-4ec0-84d6-8e9cf0d2c22f,0.85,0.869767427444458,,,False
c561958b-a570-40ed-9e8d-8f51e390f923,0.85,,,,False
f8466ffe-90c5-4b48-b45d-9bb6e6e33702,0.85,0.864229679107666,,,True
dc385e9f-7502-446d-9ab1-29535cdd7fc3,0.85,,,,True
fac5c182-4fc4-40ef-87e5-8494576af3bf,0.85,,,,False
9afd2825-8547-46b6-b940-de09f3be3598,0.85,0.8510290384292603,,,False
8dd0ff9b-2cac-4eef-8df4-953fcb43c57d,0.85,0.9577186703681946,,,True
317711f4-26f0-4495-b7c2-6bff1c418140,0.85,0.901929497718811,,,False
8e335db1-9053-477b-a384-700ff9e6ffa7,0.85,0.8525533676147461,,,True
bc69f25f-6947-4901-b878-b10c27a0977d,0.85,,,,False
6b6f24a3-d236-465d-9fbb-7d962fbde6db,0.85,,,,False
aa2c2d6a-fca3-4355-a5c3-88594fe948a8,0.85,,,,False
3d2a2724-c5aa-47a0-95eb-c5321c3ed714,0.85,0.8999107480049133,,,False
83ef119d-41e8-4bd8-b9d5-2a3f7bfb2534,0.85,0.8782456517219543,,,True
87cff7b1-9c6b-4a49-a217-593c0502c7a9,0.85,0.8803212642669678,,,False
c21c4627-be48-4ed5-bbd7-ab56d5bf9751,0.85,0.954401969909668,,,False
a02e711f-9a31-4626-bac2-3e9e78d864a9,0.85,0.8597265481948853,,,True
a0ef01a7-31bd-470c-824f-d2f0a02e6b05,0.85,0.9056479930877686,,,False
5df8c2b2-34f2-4dfd-b6e5-ca2ae758f445,0.85,0.8512481451034546,,,True
8af0c654-d302-4127-802a-4fcf77817384,0.85,0.8631285429000854,,,True
12a32544-6764-4c5c-8610-d9aa1517c2c4,0.85,0.9297211766242981,,,True
8ae66c3b-f9df-499d-9201-bafb12a5ca04,0.85,0.8767527937889099,,,False
1def4196-9098-4420-9352-156587362353,0.85,,,,False
3e902407-6bae-48dc-b366-015955eeaec4,0.85,0.8885849118232727,,,False
a09fdc8e-9cc3-4920-abba-d63856e25628,0.85,0.8849371075630188,,,False
83b3c4c3-f305-4860-9a2a-2a1180e2d888,0.85,0.8818864822387695,,,False
debdd770-c42f-4985-8684-b9e940ece8fa,0.85,,,,False
0b32586d-f817-4a70-a729-b52fb4817dfc,0.85,,,,False
a4372652-8195-4f74-ba25-9c8a7d47ee4b,0.85,,,,False
5d71c6f5-0d97-4c6e-a8c6-9dea31f2588e,0.85,0.863740086555481,,,True
098bd8c9-1e45-4bda-9927-df58418f368e,0.85,0.8781013488769531,,,False
e85737dd-6b4c-4771-a9e3-12fc55aad490,0.85,,,,False
a408a3f7-a790-4655-84ac-322e801ed881,0.85,0.858571469783783,,,False
c048db43-90e5-43a4-b3e8-fc9729461671,0.85,0.8715118169784546,,,False
4209995c-d342-441c-9ef6-dab56e86b615,0.85,,,,True
d8617599-310b-4324-8f35-928097939a5c,0.85,0.8601317405700684,,,True
980846a6-30b8-483a-b62e-00f8685b8fd0,0.85,0.9317617416381836,,,True
b060205b-4d5b-4e27-9a34-fe136203338d,0.85,,,,False
2dfa6f94-9f1a-496c-aed0-1c4921e6c8e6,0.85,,,,False
3ee87c0c-8480-4181-91ea-8fcaf53f68ed,0.85,0.8856178522109985,,,True
689a9a59-d8a1-45fe-a61f-2c76e256162f,0.85,0.8672195672988892,,,False
78e42d75-a3bc-4e33-8b5f-d24950607dcd,0.85,0.9357112050056458,,,True
a2c86e4b-4635-4ca2-85d7-214d15c452e4,0.85,,,,True
c8c22f5a-7bcd-4cd1-a36b-f34551eaabb4,0.85,,,,False
0dfdd487-ec03-4356-9ec9-75a30d264e1c,0.85,0.9357060194015503,,,True
8421efb0-7cf4-49b5-80bd-7e5df0facae2,0.85,,,,False
dc216b21-585b-45b9-8e5a-699867bcfb11,0.85,,,,True
960cc87e-bb4e-4cc4-ba26-81638250290a,0.85,0.9264130592346191,,,True
d993a1dc-94c8-4ca7-ad7f-8d4838867b12,0.85,,,,True
e5f0635b-e0c2-4e2a-913c-41cff8f6c414,0.85,0.9258373975753784,,,False
588cedcc-404c-422b-8b2e-133d29a37cb0,0.85,0.8587444424629211,,,False
10d44512-b908-417b-96e1-521758ed2f05,0.85,,,,False
67d7f691-6242-4f7f-b9b8-010e5b638a7c,0.85,0.9274849891662598,,,True
8b4e34d9-5227-4ee4-bff0-51fc2e9bc3fa,0.85,0.9317502975463867,,,True
dba8176e-acd6-4d0a-a5ca-18db8eea3fd0,0.85,0.9095098972320557,,,True
b42d3ae0-8758-4713-814e-18e86f0821e9,0.85,0.9148837327957153,,,True
65cf8917-2e4b-49aa-80fe-e22b0dbb6efc,0.85,0.8986233472824097,,,False
c7fd3832-fa0a-45a8-bc3b-6d357d61aace,0.85,0.8593975901603699,,,False
2a917c28-8e0a-4fd6-a2af-ad93835917bb,0.85,,,,False
b69f1942-d6af-4f7e-8ea0-ef770044d619,0.85,,,,False
a575f3ec-5eac-4b2b-b9a7-a193159dcb9f,0.85,,,,False
b31db371-1a21-42c9-9dbe-36a034ed53da,0.85,0.9773654937744141,,,True
bba33fd3-2414-445d-aa27-59112221cb23,0.85,,,,False
40d5a5d6-7cd5-4138-801e-e2b81ff7e542,0.85,0.9251590967178345,,,False
6983dac3-a9c5-4d91-bd2a-72884e5e8a49,0.85,,,,False
0ef36b60-ea07-42bc-902a-0e797a0df06f,0.85,0.8979225754737854,,,False
b3a3e6c9-d065-49df-99c4-f0e7aab7b2a2,0.85,,,,False
54b2f972-543b-4cc2-8de1-136a9bba92d1,0.85,0.9686561822891235,,,False
0e24e45a-9d8f-4d84-bd95-03ce623e27f8,0.85,,,,False
424cc2cf-f93e-4fbe-b591-dc6c86479423,0.85,,,,False
37f5a25c-e14c-4471-957f-70b5d8626211,0.85,0.8837361931800842,,,False
b68a549a-4922-4980-bb91-a09d1d690535,0.85,0.8862988948822021,,,False
1bcb8e2a-5862-4166-abf6-e94070b2edfb,0.85,0.8694140911102295,,,False
f6e354b7-920c-4979-bde3-7da9d80f8b90,0.85,0.8930484056472778,,,True
b1ca9e33-a735-4839-ae86-1acda110ae16,0.85,0.8912372589111328,,,True
b84beaf3-bc3f-4eb6-81d1-8d42d2664fb3,0.85,,,,False
b3deac49-9a98-4ca2-a576-9bdcbddcbc4a,0.85,0.8753519058227539,,,False
af4e38e4-22b9-4adf-9008-07cdbe4d2d66,0.85,0.8743579983711243,,,False
0dca311e-54e5-4a11-a986-3e1dbfeb47e6,0.85,,,,False
89ed6f1c-76f6-4906-a411-14463b7e2ad7,0.85,0.8726338148117065,,,False
83238870-092d-4c0f-844a-c32cd08f647d,0.85,0.885856032371521,,,False
dfafac24-3668-4eee-a9ed-8b3149cfd875,0.85,0.8812397718429565,,,False
6aef52ec-0723-462a-9773-f6bd41acebb2,0.85,0.9185572266578674,,,False
2deb0cf5-2cd6-436a-bae1-8940f70f124e,0.85,0.8587478399276733,,,False
a712d6b9-8a29-415c-8be6-cfe67abba3c9,0.85,0.8526829481124878,,,False
7a35d3e8-6a72-455a-b712-6f2ab196f731,0.85,0.8682966828346252,,,True
823c6ad8-496f-4b92-871b-be594fa73722,0.85,,,,False
daef5397-f0b8-4dc4-a702-77654038339f,0.85,0.9187862277030945,,,False
bfc2b027-24c9-4027-8b48-f8b7d75abd63,0.85,0.9531193375587463,,,True
074fd4a8-66ab-4b78-ae5f-b77fa9b82662,0.85,,,,False
1736b72f-368d-4891-8142-21be9c49cd11,0.85,0.8893144130706787,,,False
768b4cb4-1d9b-471a-92e0-dec4b6716f9d,0.85,0.8855198621749878,,,False
1df25936-76ea-419b-9ee2-e5d817262962,0.85,0.8742799162864685,,,False
4f758c58-682f-48ca-972c-e35ea89450b3,0.85,,,,False
16c691c1-666b-419d-8809-be7a5e386c20,0.85,0.8762498497962952,,,False
232e91be-6cfa-46bd-bea5-cf3d2dfaba72,0.85,,,,False
335c7f15-111c-4b42-8a69-ec189da2170b,0.85,0.9221877455711365,,,False
2c611270-0f79-4696-8462-79ce199f6400,0.85,,,,False
03f4fe82-ffb2-4824-8c2a-95d1a64c89ff,0.85,0.8715542554855347,,,True
92042599-2320-4ec4-8195-dd85f723fc19,0.85,0.9021744728088379,,,True
29d08f03-2742-4b65-a347-4c15f4466ca9,0.85,,,,False
effed95a-00dd-4bab-b814-8b7fdd407ffe,0.85,,,,False
e7ae7c3a-8d57-4acb-b115-53c3e4ee771d,0.85,,,,False
d3a5b298-4bc1-486d-89b3-9f239f2dae9a,0.85,,,,True
8f6a9188-e6c0-4621-a6bc-2e2fc43b6970,0.85,,,,True
bcf27d70-44c0-449b-b538-c342831ca5f1,0.85,,,,False
5f78b65b-4041-49be-895a-3e522c27fee2,0.85,,,,True
459ac67e-9db6-4f9b-bfb3-d319cd9285d8,0.85,0.958816647529602,,,False
faeef4ab-2c03-431b-9d76-fe2ab12f5c94,0.85,0.8992325067520142,,,False
40404233-01d1-48bf-ad17-81b005dad3d8,0.85,0.862352728843689,,,False
0daa9153-5862-4ae4-ba28-7e6f0b4bc256,0.85,0.8673465251922607,,,True
3b6772ac-4289-4cbc-8398-92273fda097b,0.85,,,,True
47cebc00-28b8-41c2-b219-577bf790e0ec,0.85,,,,False
32151ca6-7d79-4791-bdcf-eb50264cefc5,0.85,0.8903820514678955,,,False
066fd147-7cba-43b5-a265-daa66c0c1c87,0.85,,,,False
5c983ea3-2a42-4d46-ae74-2ce7910b15a4,0.85,,,,False
d7fe552f-ed9d-4ee4-b32e-a36d9f853f6a,0.85,,,,False
2002877e-2ecf-491f-9149-c5a1de2f5c7e,0.85,0.8546836376190186,,,False
be6db716-8788-4617-9fdd-bae1ea28c91b,0.85,,,,False
b6798cda-2e66-4f49-9154-d0742e5762bb,0.85,,,,False
9b652988-fcd4-427e-8a66-af3e1d39dc10,0.85,0.8590608835220337,,,True
7a857415-a903-426c-bf33-ecdb82c3f782,0.85,0.9258155822753906,,,True
6f55adad-fc65-43db-ad13-3c6b94c3f3a6,0.85,0.8781038522720337,,,False
1bb9d67a-bacc-44cd-8750-b66311b0780f,0.85,0.8640007972717285,,,False
7db09461-86db-4294-a421-46ac72c99b63,0.85,0.9230419397354126,,,False
73953adb-64c9-4adc-963d-2ca7c373c946,0.85,,,,True
38af2993-b5d5-4b9e-8d93-a4ad63ffd151,0.85,,,,False
83efcc5f-5a69-406b-85a6-0eec4159ac20,0.85,,,,False
65a701b2-2a1d-43e4-8db4-c906f378c9b5,0.85,,,,False
0d3b6723-7d22-4197-a23a-b45bc324dc56,0.85,,,,False
33ea76bf-8406-4efd-b090-faf4b5667b06,0.85,0.9300325512886047,,,False
b961438c-29dd-41ea-9bfd-cc591ea550c1,0.85,0.8944742679595947,,,True
f688f50a-4e5f-47fc-b071-089409030c64,0.85,0.8943818807601929,,,True
392ea446-4417-48bb-bd45-0458f5032868,0.85,0.8707778453826904,,,True
5e41a09f-2b19-4b54-bf61-a1dd8446cc0c,0.85,0.918857991695404,,,False
7e3f8c66-43d2-47de-a96a-5f899dfd5077,0.85,,,,True
50ad9a2c-af14-483a-b927-d93b24e80ee5,0.85,0.870766282081604,,,False
2e284dc0-02f2-4afd-8914-77bc85d348f8,0.85,0.8513310551643372,,,False
52d5d88a-8424-4c85-9f53-2f08bd70fdf7,0.85,0.8744271993637085,,,False
8fca4dc2-8e94-4860-93ed-ce7b23ae4407,0.85,,,,False
c7399914-fa6c-4fe0-bca2-3a9c9a4a95aa,0.85,,,,False
40475a4d-2776-473f-aa7a-25f198aa6c3c,0.85,0.9068578481674194,,,False
b3ed4f61-0372-4458-aaba-fc8bb01dd82d,0.85,0.8795655965805054,,,False
63b1afab-86b7-4c49-a7b9-e0cd8da897f0,0.85,0.9301782846450806,,,True
be81c7dd-4f3d-4688-8092-053e4e412089,0.85,0.8550590872764587,,,False
a4ca6a10-0c04-4d73-bbcc-50f9ad30b698,0.85,0.9063129425048828,,,False
26305770-60ce-4ce4-92bf-4cccb9da4f64,0.85,,,,False
9005ecfe-e1eb-4c54-ace4-a7f2d2588579,0.85,,,,False
a1e3685f-0493-42bf-bd47-168da2a2c923,0.85,,,,False
a626c324-d0fc-44c5-b6fa-fdb2d154b495,0.85,0.8897605538368225,,,False
dd1512c7-fe85-424b-8069-a23791fa143b,0.85,0.9602386951446533,,,False
0a3ebd30-1957-481a-9072-78d1325649d9,0.85,0.8599474430084229,,,False
279b4bfb-aa66-4f16-94f1-aa9f040bc07d,0.85,0.8695452213287354,,,False
13ab2d3d-c1cd-4231-a47c-e88c7cd15bc7,0.85,,,,False
6ead266c-da84-48e8-ba04-a0c775d80e0f,0.85,0.8629543781280518,,,False
4f8fcd01-1ce2-471c-a7da-c5ec41c834e0,0.85,,,,False
7ffb22ad-6643-416b-8579-1b30cba8231f,0.85,,,,False
6792daa2-f60a-43c0-a586-4dec8decc639,0.85,,,,False
e4f0ef92-2cd9-4e52-a6d0-86af61f9772b,0.85,0.870491623878479,,,True
50b7cbd0-85ab-4785-a9d8-924958d297ab,0.85,,,,False
4f1bccd7-733d-4772-b09d-38ba358aa6bf,0.85,,,,False
a20d2a20-53ef-42f6-af37-c5a143c8b40c,0.85,,,,True
ed0d400a-3950-4002-9f2e-629ce13240ab,0.85,0.9077661037445068,,,False
a17a7967-ccec-4b6a-9176-7f46f9a8531d,0.85,,,,True
2f5ff65d-a969-462e-8c6f-35f8e12377f4,0.85,0.8605073690414429,,,True
ad731e11-b959-4335-bd3a-2500ff95d1a7,0.85,,,,False
82d43ab4-7a49-4ee5-b802-ba343d3f893a,0.85,0.8658860921859741,,,False
6bb53492-6518-4c0f-ae82-92755e1427c2,0.85,0.8600454330444336,,,True
48fd5cba-ee56-47e5-801c-9a18be28204b,0.85,0.8828943371772766,,,True
3f7421fd-871a-420e-b29c-aab5c2f87187,0.85,0.8536363244056702,,,False
f4d4ce8d-8ad1-47cb-ac35-0d3552f18dcd,0.85,,,,False
1c7ec7bf-15a1-4804-93df-1f1cc620245a,0.85,0.8569939136505127,,,False
62ed6964-6e88-4f32-9b2f-a39badf04770,0.85,0.9496413469314575,,,True
ad243d11-0f0f-49c8-858f-57a9ccd82e69,0.85,0.9430952668190002,,,False
bd059107-8b49-4170-b9eb-430e553e221b,0.85,,,,False
a74fd807-af33-4316-9af4-7ece47482616,0.85,0.8629169464111328,,,False
7c8dba19-b108-4af5-9f54-7568a74abc07,0.85,,,,False
089117ac-f196-4b50-b4ab-4a7a75e47a8e,0.85,0.8899974822998047,,,True
aca1925f-0dc9-49e8-b3ec-0ab90afa139d,0.85,,,,False
190157a3-e569-4e22-886a-f65ed749d4fc,0.85,0.9603896737098694,,,False
f73ca114-579b-4289-b027-d76e4d95d260,0.85,,,,False
e89ea5c5-0ea4-4e09-8440-a291b907f528,0.85,,,,False
e828f615-6b18-44d1-8e0c-2b4d1d624aae,0.85,,,,False
78764502-ae1b-4ed3-9c25-2394dead174a,0.85,,,,False
e43b5d4d-ce76-40a8-b6c4-23645541829f,0.85,0.9276890158653259,,,False
7f99a25c-99f3-4001-bcbe-73e46c51563a,0.85,0.9450780153274536,,,True
e9c8e28c-5c49-4d06-95e8-1002b776bf19,0.85,0.9054161906242371,,,True
162c795e-1bb4-4039-bef4-821e91529705,0.85,,,,True
9a1b25b9-485c-4362-8473-0c5b0926c8c1,0.85,,,,False
afb4b13d-6530-4ef4-a03b-c7a30642c5d2,0.85,0.8871486186981201,,,False
1d1bc0ab-f762-412c-a966-7eeffaffcd76,0.85,0.9021376371383667,,,False
f385d52e-eb18-4392-80e1-60ac4e0fc70a,0.85,0.9030873775482178,,,False
932294a4-2b9b-4658-af23-612e0dfa85e4,0.85,0.8553458452224731,,,False
a6cd18ec-9329-44ce-9888-520e4e665b38,0.85,0.8836596608161926,,,False
b78f6a08-3cdf-46dd-b70f-55990f579c4f,0.85,0.9048182368278503,,,False
56be650b-0737-4b2a-aca9-5b29052af58a,0.85,,,,False
d810cbb1-fde0-429d-b784-b9cf5dd91efc,0.85,,,,True
2296dfcb-59d1-4471-b7f0-d85786e0dece,0.85,,,,False
7e696bb0-7a8c-479b-8306-cb8bbdf74554,0.85,,,,True
34c090bc-c71b-40c7-814e-9be95ef636b5,0.85,,,,True
4b8f37f7-6cb3-46e7-b002-01b6175c1f5c,0.85,0.9146040678024292,,,True
0ed08b9c-d11f-47f9-bad1-f2cb3a03c835,0.85,,,,False
55b5473d-14b7-4903-9c3d-30a345006298,0.85,,,,False
422ca353-054e-44c1-a29f-16a972615d3d,0.85,,,,False
846dadeb-472b-4298-8fb6-991b4c3b8dab,0.85,,,,True
7dc716ba-78f8-4aa7-9443-4c0b9129093d,0.85,,,,False
4b029a8f-eb43-4ef1-b056-250dd90991ef,0.85,,,,False
89df8d08-05ac-4238-9586-f06e9da18008,0.85,0.859898567199707,,,False
536a933d-937d-444d-9c9d-efd44f4d5c6b,0.85,,,,False
45b95e98-22e1-43f0-9c69-c52afa8ea129,0.85,0.8944884538650513,,,False
38c439c8-47e6-4e44-a841-a6ce4df1eb46,0.85,,,,False
5a72c3e9-3cb7-441c-afdd-0ee113a755d3,0.85,0.8526642918586731,,,True
8fee7abd-c2ab-4589-8c0e-c9275ba5e5cf,0.85,,,,False
bdcebed3-50f6-40cb-ba8a-644c76cf01d6,0.85,,,,False
4c64cfd0-b652-48c1-9e2e-b7ac6f6630e1,0.85,,,,False
ccffe7f8-32d3-41de-902f-ccdf58515786,0.85,,,,False
640d7609-47d9-4d1f-b3cf-d1e7e8c2adab,0.85,,,,False
080cc6fa-cc37-46c4-a7e8-149fef00bf3c,0.85,0.9742718935012817,,,True
e40b0b8a-5e14-4a3d-a7b9-2f73521e507b,0.85,,,,False
10edd184-746a-4f7d-9a14-1f92f474ba6b,0.85,,,,False
f0749fea-9dc1-426f-a7d8-397477d21dae,0.85,0.8756505846977234,,,False
40d507e5-cd6c-4796-a6c9-3055bcaea6c3,0.85,,,,False
629f2fe6-8691-4f59-8d17-11ebeb1b7ccc,0.85,0.8863378763198853,,,False
5fa13104-2646-4b6c-9f18-a0912b4c9858,0.85,,,,True
fc5df7b2-d452-4260-a347-e1800ef56aa3,0.85,0.859343409538269,,,True
e2b77edf-ccd4-41d2-8f55-d3d4b8158558,0.85,,,,False
b01ab7be-cdc0-41b7-bb69-3bc4c46b4de6,0.85,0.915019154548645,,,False
b146afad-37d9-4d25-a752-2362f8584f34,0.85,0.8817626237869263,,,False
d53eac56-558c-4e3b-b883-33b45cc0de04,0.85,0.8696147203445435,,,True
b8de099c-0e97-4ac9-b771-2caf7dd782a5,0.85,0.8633996248245239,,,False
0eda8d81-0c7c-4229-a928-42995ac116d1,0.85,,,,False
7c8209a0-cb05-49e3-aff6-d0626add3a89,0.85,0.8511190414428711,,,False
0521a27e-071b-486a-ac85-8add906063d8,0.85,0.9242148995399475,,,True
c6100371-1008-4422-ba5d-0518cbee2ba9,0.85,0.8819130063056946,,,False
1e65d869-b04d-4928-aa18-fed7d496452c,0.85,0.8644237518310547,,,True
63e99b39-b958-4542-b945-d02a4dbb0378,0.85,0.9493851661682129,,,False
58b51795-dd84-4cb2-8f97-c1ef0da573e8,0.85,0.9144319295883179,,,False
94b9ffd1-4c57-43fe-8727-2f654a1179bc,0.85,0.9128986597061157,,,False
53c11754-f8eb-4444-a226-7d2512777518,0.85,,,,True
3f9b0639-fd2f-4d21-aa60-de50e54de416,0.85,0.8878160119056702,,,False
8971f7c2-3bfe-4cda-88e6-98e21dad7fc7,0.85,0.9202735424041748,,,False
2d8ad17d-1e4f-4c4f-9218-f5b0ed4a321a,0.85,0.8652786016464233,,,True
35338148-b321-44dd-9b3c-8cbc95035553,0.85,,,,False
e90cd268-0fba-434e-82df-f5016c7ad9d3,0.85,,,,False
24411689-fe65-4e3e-b680-76d8373ea14c,0.85,0.8708162307739258,,,False
853b7a0b-5fdd-431c-b632-1126b2aaac54,0.85,0.8745512366294861,,,False
ff8ae245-c4bd-4c71-9269-16b9f931079e,0.85,0.8877967596054077,,,True
fceabf79-278b-4198-b5d8-c78caa85a93b,0.85,0.8512846231460571,,,False
42d3f62a-b635-4c4e-bc57-37b2f0150443,0.85,,,,True
05a6ebfe-74b0-4688-9f68-e67b9d99e399,0.85,,,,False
ec0cf6be-7ded-48b0-8d68-31ae8405a7a7,0.85,0.9225878119468689,,,False
03994925-9523-4fe5-92f8-e8b498d48a63,0.85,0.8532963991165161,,,False
dd0a8da9-8ca9-40da-ba30-8ee9fc91d9ca,0.85,0.862797737121582,,,False
a430a277-6c36-4e42-8d09-490a46c705f7,0.85,,,,False
49298c2f-0c7b-4681-aeb4-78f11ed33b71,0.85,0.8972832560539246,,,True
6055d921-fa0d-4f77-8169-531c0169fa68,0.85,0.9172478914260864,,,False
0c3318e1-1c6d-4d21-9a08-ca5bac5b9f60,0.85,,,,True
bcf0ef43-34ad-4245-92df-79c8b7cd4f1a,0.85,,,,False
5f5fe29d-ce96-4742-9047-f47882d8847e,0.85,,,,False
075d320b-ef10-4fe6-94ff-4c7a90ce3a99,0.85,0.8823381662368774,,,False
475229de-781e-4271-817f-13a86c39dab3,0.85,,,,False
3853ec93-5020-4855-a774-9cd9bfe6fb76,0.85,0.8796472549438477,,,False
dfc81afa-085a-4a01-bf8b-b1f303d48fa4,0.85,0.9011340737342834,,,True
d527d5a9-017f-459b-b199-435f336a9444,0.85,0.8941707015037537,,,False
f1c28faf-28b9-4410-8abf-4565796dd38c,0.85,,,,True
270a2780-a1af-4d64-a801-50c56e89d023,0.85,0.879772424697876,,,False
8b042619-0424-442b-96fd-15a02894486e,0.85,,,,False
ee9f3326-0177-4f55-8c6d-0d34573a5900,0.85,0.9364802837371826,,,False
c757f731-9855-4dc4-8377-eb420f7fd9b9,0.85,0.8930366039276123,,,False
f1c8057b-8cb5-4163-a59d-184538d32a53,0.85,,,,True
219a7c49-3792-4178-be92-37ca29e43460,0.85,0.8713058829307556,,,False
0bc809ff-d78f-4bb6-9c28-acedbcc11ee3,0.85,0.8668067455291748,,,False
07924b18-8aa9-448f-85e4-635d1cb7990c,0.85,0.8877111077308655,,,False
af7a0f9e-b12e-4681-981c-2913e886d89c,0.85,0.9351483583450317,,,False
7385288f-1131-4f31-896a-135b61eb0876,0.85,0.8985977172851562,,,True
d7af4c91-e6e8-476d-82a6-6439f06fc501,0.85,0.873151957988739,,,True
38f52ba4-f34e-466b-b463-b9d43b2ce293,0.85,0.8991681337356567,,,False
b4a1547c-addb-4ca4-b86e-e76919368047,0.85,0.8672156929969788,,,False
ccb5a97b-c398-4dcd-8116-b07741b70284,0.85,,,,False
04363f36-b772-401d-8c8e-9e99ef099ce6,0.85,0.8934390544891357,,,False
4069bae4-4ddf-4674-ab7a-6ada95955b4a,0.85,,,,False
86f900b6-3b15-4a78-8b85-80ea17734640,0.85,,,,True
d75cad97-f246-4b24-a83a-aeaddcc987cd,0.85,0.8876218795776367,,,False
50c5e7dd-e004-4588-b826-41df0f9db666,0.85,,,,False
f52de2ef-5409-4df0-afd4-cf1dfc605382,0.85,0.9281717538833618,,,False
880c8789-ca2f-4c6e-b053-38d217497027,0.85,,,,False
160827a7-715f-4989-a38c-8c67ee6e42d5,0.85,0.8961948156356812,,,False
516c4684-a0da-417f-b47a-bf6489bdddfa,0.85,,,,False
3094751b-8dfc-42e4-a9b3-f7f49cc1147c,0.85,0.8677588701248169,,,False
42e4c967-e308-41af-ac2e-6cb9af9c9c9d,0.85,0.892179012298584,,,False
3aed820b-0a0a-469a-ba12-bcfb7ec75262,0.85,0.8700728416442871,,,False
10e162ea-8832-49ef-be78-9c6c5dc61b76,0.85,,,,True
259e6a81-05fa-43c8-a005-4faaa7fc7e25,0.85,,,,True
fe588eb4-1109-4703-98f0-b8121088e563,0.85,0.8731328845024109,,,False
df42e531-d58e-40b2-8150-32516f91612b,0.85,0.9127306938171387,,,True
cf08bd8d-75eb-4a41-8057-c5883d2a136b,0.85,,,,True
31814a72-994a-4d9f-b251-94bfb67a90e3,0.85,0.8746174573898315,,,False
8803b64f-b14d-490b-b82a-99c45650ca63,0.85,0.8720529079437256,,,False
76b0313d-8589-4f4a-854e-557db3498c7f,0.85,,,,False
5d84cd92-666f-4f69-9a5a-1f79c88ba3ab,0.85,0.8772492408752441,,,False
f0df2fd5-a541-41e0-8b2f-574c12053564,0.85,0.9219537973403931,,,False
98d4424b-93ea-4246-97f1-621aba62ef3d,0.85,,,,True
8234fbb8-5140-4ad2-962e-1bf161d109c4,0.85,0.8750079274177551,,,True
48733ee0-25e3-4142-99a6-70d11ae46756,0.85,,,,True
9ba2e376-beac-4de1-a08b-ba190d9beb98,0.85,,,,False
0c967a4b-2643-498f-8cd9-e3ec8e7e2677,0.85,0.8563917875289917,,,True
c5ca2614-035a-4220-bf6d-9fc4d2b9413f,0.85,0.9002784490585327,,,False
efa546ce-9b10-4781-87df-b1f8eca6568f,0.85,0.8665950298309326,,,False
ace4a137-4e2c-488f-9aaf-418ee1554bec,0.85,,,,True
095cddd6-7bd7-49ed-bb1d-e3e9e7702779,0.85,0.9019798040390015,,,False
3fbb834f-8b9c-4340-aece-21b6e5ef7652,0.85,0.9547045230865479,,,False
ca010d3e-ee17-438e-b5bb-e325db22bef9,0.85,,,,False
76f830a8-0e79-44f2-9173-a2375d6718a3,0.85,,,,False
b0cc0034-f4db-4f79-8ae6-4ab460113a91,0.85,0.876053512096405,,,False
9902ea87-953e-40fd-ade7-14f2587cfc2f,0.85,0.8793379068374634,,,False
9c502941-a00d-41ab-a9bc-21a849800294,0.85,,,,False
efe53319-ecc0-463d-82be-a7647850adbc,0.85,0.8616912961006165,,,False
5dd61b42-2c24-4433-abb4-36715f359b68,0.85,,,,False
c891cfcf-2c38-4b28-89f9-a29dd3e635ae,0.85,0.9284642934799194,,,False
0e355d66-f066-45a8-982b-effe4019c8d5,0.85,0.9195547103881836,,,False
1d8c7ecc-3542-44f0-9b9b-36f7aa6b07ee,0.85,,,,False
3ef170f0-30ed-43c9-8ade-71e2b56a3108,0.85,0.9102088809013367,,,False
955f407e-0a11-484e-943a-583d30667daf,0.85,0.873737633228302,,,True
9c003ef2-1d10-4726-9a6f-dbeebf8b9cae,0.85,,,,False
80042d67-08ac-4c1a-91d4-38bac54c3af4,0.85,0.8941018581390381,,,True
83933139-07cc-4acf-a41c-dd5f61e33f31,0.85,,,,True
05069da1-a0a0-400d-b3de-6eb0992cd982,0.85,,,,False
6be6d94b-02f2-4716-aff6-5277d57b830a,0.85,0.9160373210906982,,,False
39bf7822-f787-48d1-b5da-528229c60efd,0.85,0.9121127724647522,,,False
4fd6eb12-2ef0-4bf0-9354-04314d7f9dee,0.85,0.9194348454475403,,,False
fca81751-bc85-45c7-b57f-3d36e26b58f5,0.85,,,,False
143178e9-3a95-432c-ad5c-c44dc9c8f3c7,0.85,,,,False
8560fa58-e10f-4edd-81f5-b670c0d9af3c,0.85,,,,False
2321b0b5-b73b-4a79-be2b-86c757a77d85,0.85,,,,False
ffa36fa7-97ea-4e49-a97a-2642a2b5734d,0.85,0.932043194770813,,,False
697d7b06-e8aa-47b2-921b-b5db371c8c92,0.85,,,,False
fa0b1034-69b7-4598-bd05-0b18764b0999,0.85,,,,False
c71b2729-5044-4dcb-83ae-d55804360771,0.85,0.8868919610977173,,,False
4a714c41-bf24-4f38-bb9d-29051703de6b,0.85,,,,True
4a2c3fb3-f617-4438-98ee-304d9dd55600,0.85,,,,False
3144caa0-cb70-4b78-b7e0-65d9fc4a8061,0.85,,,,True
b2723043-45c4-48a7-92f6-19f13296843c,0.85,,,,False
f72ec9b6-d0df-4164-a877-485378eccc79,0.85,0.8612552881240845,,,True
17b711d6-9b95-42fe-81c5-1bd021e27a85,0.85,0.8681676983833313,,,False
7913efb8-bbfb-4464-b3e3-cdbcc54ccb32,0.85,,,,False
9b4cb13b-8f3d-478b-9964-313d4c99e36c,0.85,0.9102494120597839,,,False
a33a636e-7310-4162-b042-212a33a25211,0.85,0.8730581998825073,,,False
ff384e99-611e-4729-a06d-43765f9b08e6,0.85,0.8931788206100464,,,False
230376a3-f9fb-4fea-9c1a-e8468a4e82b3,0.85,,,,False
2b1d30e7-1129-466a-9ebb-3a783abcc115,0.85,0.8912050724029541,,,False
6103598b-d037-4f79-aaf0-be9faa6a0e00,0.85,,,,False
fadd1d11-7feb-4ef0-86a8-9b241ac624b5,0.85,0.8633259534835815,,,False
ca3bd20a-69c4-4ca8-8604-d4a270da406f,0.85,0.9105283617973328,,,False
64fab535-32b2-4a39-9f4e-41b0fb72a587,0.85,,,,True
e5787ceb-a46c-44d0-949d-d2a967231615,0.85,0.8505797982215881,,,True
dbbeb0be-e2d6-4b80-9ed6-08b59e39554c,0.85,0.8997347354888916,,,False
16dae40a-1eaf-4213-8b92-316de74a5b09,0.85,,,,False
9d80ef46-de33-4159-905f-4e35af983283,0.85,0.9090360999107361,,,False
8d423322-6c21-405a-a08a-f1fcb4a6e61e,0.85,0.900286853313446,,,False
76b3b3a2-d172-4b0c-b36e-dde371bb8d85,0.85,,,,False
85987e62-2641-4ed6-bc7b-0c4ff421e001,0.85,,,,False
25d33ce2-869a-4011-a05d-62d3bd89381f,0.85,0.8992488384246826,,,True
8a692e41-7214-48b3-a250-866c4cbc8d33,0.85,0.9120668172836304,,,False
934ed6e2-42c3-4d87-8a00-8382a53b0dc4,0.85,0.8659157752990723,,,True
781334cc-57d5-4fb1-aaab-cb9ab55890dc,0.85,0.8794234991073608,,,False
7bd955c6-be0c-40e8-bc5a-f3b9d4fc9d47,0.85,,,,False
ae39953e-5fa8-480c-b206-bbe1b4dbaf75,0.85,0.8818858861923218,,,True
f2bb6d16-f49b-4ac3-a5da-e1195db68568,0.85,0.8603894710540771,,,False
addde2dc-899f-4538-9f54-74904e74646f,0.85,,,,False
adfce53d-aef7-4a85-bfaa-9b787eb6a194,0.85,,,,False
440a0d92-ecc9-4dca-b115-ff0991b7c13c,0.85,,,,False
e5c19ad3-e98e-4d4a-aaa1-2e2f4acaee97,0.85,,,,False
cdb76d9d-d0b6-49b5-8ace-d8675871bef2,0.85,,,,False
358fd903-6789-495b-925b-a75840c6b3fd,0.85,0.8810688257217407,,,True
1078a2b1-d733-4618-9603-82ff2b4ca305,0.85,,,,False
9007132d-1495-48c8-9ef8-5a12fafe4e7d,0.85,,,,False
2c74677c-7a25-4ddf-9280-c538b25c7aab,0.85,0.8914831280708313,,,False
1d82b58f-e1c9-46bf-b362-63e86ce4bed4,0.85,0.8953518867492676,,,False
69cec1a4-eb95-4f1a-8d1f-4f39edf1bde1,0.85,,,,True
1c5fdb8a-1967-4536-89f7-e31f1e321570,0.85,0.8902431130409241,,,False
6310555f-cf1f-442d-842a-5fb5a7f9ce62,0.85,,,,True
37331811-4f3b-4ca4-b63e-330c7732c755,0.85,,,,False
7b4d80ab-6e0b-4c25-a5b0-d25ed04f5e60,0.85,0.9148179292678833,,,False
0968d784-aefa-4dfc-97bc-da04ad1836a6,0.85,0.8661840558052063,,,False
023c5494-3921-40f3-97d2-dfd199692ff5,0.85,0.8793665170669556,,,False
66ee3c8b-f988-4998-9293-04a74eef66df,0.85,,,,False
13f78292-1d2f-484f-92a4-1af959a71605,0.85,,,,True
23e26f78-e574-4b1f-b4d0-3a358f09f2be,0.85,0.9023833274841309,,,True
59e71702-fc37-474f-949a-417e07ace703,0.85,,,,False
0d85eb87-af87-4240-81bc-5358b769f0b4,0.85,0.8661319017410278,,,False
ec784187-afb4-4d6f-8156-360d46e92a4e,0.85,0.9142846465110779,,,False
a145e25e-d284-47d0-85f0-e3664dbb106a,0.85,0.8827263712882996,,,False
242c8134-4e0c-40cf-98bd-4abf70a2c764,0.85,,,,True
53736da9-8433-4d18-9500-81ff0fb7ab44,0.85,0.9147361516952515,,,False
3144f2f4-707a-49e2-a27b-53b7184a1e7f,0.85,,,,False
f1c384b5-b39a-44e9-8a80-62b034aa7b52,0.85,,,,False
28b1013d-15e7-4e0d-929e-6cf294a2ccd1,0.85,0.9615036845207214,,,True
83576811-a7aa-4a48-a749-24ecced52412,0.85,,,,False
83077c49-31ab-4020-932d-4f6e60ee8a47,0.85,0.8908383846282959,,,False
e111a2ab-f82a-4acf-abc0-31a586ca9a27,0.85,0.8870660066604614,,,False
f4e48136-0ae7-434b-b9d4-757a0a753138,0.85,0.9334790706634521,,,False
327504fd-b1a4-4169-aa21-43e84c02c1e6,0.85,,,,False
68ffe120-54ce-4969-8368-abe8dccf4a3b,0.85,,,,False
2989cd03-6e1a-464c-b8b9-2403918f56cd,0.85,0.8938093781471252,,,False
1e2e3aba-e592-47d9-8a46-c84e7bd6bdee,0.85,,,,False
fad61798-65ee-499b-b0b0-122d34151588,0.85,0.8726692199707031,,,False
7803814f-38e4-4c57-86d3-072e07355978,0.85,0.8546490669250488,,,False
bd7a0032-f9cf-49b0-885e-678b5a15b461,0.85,0.9204029440879822,,,False
64ebf88a-006a-4a78-b6e5-403d6153e15f,0.85,0.8777378797531128,,,True
ac514e4b-9077-46d2-9f3d-a004d53a13d6,0.85,,,,False
da81aae2-7873-4fac-81dc-a23e0387e2fe,0.85,0.9377598166465759,,,False
c7db0218-a305-4821-99c2-b1bfa8b419cc,0.85,,,,False
d06fec16-c5eb-47d6-8384-d649ac476b11,0.85,,,,False
c5fa0915-4eb6-45f5-939f-7d4d2106385a,0.85,,,,False
059d74f8-6488-4e18-9f68-e6265e35a09e,0.85,,,,True
9abf10bc-7c90-4a8b-b639-fed9e92d6c1d,0.85,0.8871616721153259,,,True
97996e8b-6d92-45c0-b13a-15fdfb0c7406,0.85,,,,False
6fd679a4-39ba-4bdd-9778-0ed68437babe,0.85,0.8737991452217102,,,False
0fc4863e-e742-48f8-a42b-acb5b328265e,0.85,0.9151840209960938,,,False
20c97305-fe23-4475-a1e8-a256edd6ca6d,0.85,,,,False
3044b8e6-db22-4fd4-a359-aca1eb5a1e69,0.85,0.8721693754196167,,,False
08e5aee9-006c-4698-bf21-0c92f4d97586,0.85,,,,False
2feb9a26-5c37-4a84-919e-954109daa81a,0.85,,,,False
514f48f5-2adf-4a50-a2e1-08e4eb7ceb25,0.85,,,,True
8f827877-a37b-42b7-b591-50df62b3fe41,0.85,,,,False
df2a8874-e198-4019-a536-3f3ce056ae84,0.85,0.8612620830535889,,,False
3282d277-f122-4d7e-8f3c-0399a64c3cdc,0.85,,,,True
40764d75-646d-4ae6-a119-55be88c3b8c4,0.85,0.875798761844635,,,False
c1be2ee8-24f8-4edf-9902-6a34be7c228f,0.85,,,,True
89025f3e-33fe-4abc-8764-3b5aa73e4c5b,0.85,0.9130994081497192,,,False
1be86c08-75c5-4a76-9c07-7459fa793aab,0.85,,,,False
0959e79f-1a99-4320-ba81-ef17edae8fc0,0.85,0.8843276500701904,,,False
4154b265-340a-4dde-8256-7b17c0ef2707,0.85,,,,False
846e9ae3-5cd3-4b3c-8f72-3123ff409862,0.85,,,,False
897103b3-4a21-41cf-81dd-5f98ce721661,0.85,0.953689455986023,,,False
091d1716-b3c8-40fc-aea8-c301e44d07f7,0.85,,,,True
f74fb84e-5852-4731-92af-70f923e72fc2,0.85,0.8590883612632751,,,True
918657b4-e36b-48d1-b001-efe70e9d08c6,0.85,,,,False
c4399a43-97e8-4a2f-82a9-9abcf3aa42f6,0.85,,,,False
5588fe78-cb71-4a9c-ab2d-b3608da9b4dc,0.85,,,,False
052abae3-f147-4948-b2df-a330cf5739b1,0.85,0.8778272867202759,,,False
b3aaef89-319d-4abe-9891-36f597fae0cb,0.85,0.8899667263031006,,,True
a9a32bfb-b90e-4d20-85e3-b49cdfd9d331,0.85,0.9160555601119995,,,True
cbee1455-91ca-4a99-88da-5df4ff2740c8,0.85,0.8518935441970825,,,False
0cd19784-8907-4335-a36c-a11daa4e2915,0.85,0.8692318201065063,,,False
a738b7d0-7ba9-4981-aff2-79bc26811339,0.85,,,,True
973f6bff-bfb1-410b-94dd-9f1b182ed276,0.85,,,,True
bee5f56c-783a-4de6-b4ed-dd8b0293a134,0.85,0.9061002135276794,,,False
9a804a64-059d-4c19-8847-9f27284c28e6,0.85,,,,False
af57b4c7-ef30-4793-af61-1e950fd0fe14,0.85,0.8972835540771484,,,False
fd6cd0d0-d1a2-4341-a644-60dc72c79c6b,0.85,,,,True
24745a19-c61c-4401-a84e-649d6379e78f,0.85,0.8748127222061157,,,False
a68252c6-0c4d-4371-914d-85f025196795,0.85,,,,False
bf2e2c41-82bd-4532-8fe6-b5e3a4c37804,0.85,0.8865917325019836,,,True
a166293e-7f3c-46b9-a99d-7795a7b52af3,0.85,0.9461692571640015,,,True
b7e9a4a2-4b2e-4681-b5f3-31d29e22b265,0.85,0.8539384603500366,,,False
e2d99a0c-31d7-40b7-a5a1-601cdaf337d6,0.85,0.8610700964927673,,,False
efc13c5a-3c18-4b3f-a11d-935a25de0ae9,0.85,,,,False
5a696f91-4742-4f32-8c9b-c8ba86aaadd5,0.85,,,,False
fa72e92b-28a6-4eae-aa6d-ffa05965ce53,0.85,,,,True
ee7c1fb0-c7bd-4867-af3b-d8ef661892bf,0.85,,,,False
bdea40ac-fdf4-4130-a972-00202f3df894,0.85,0.9192407727241516,,,False
7c7983d8-99d4-4784-ab4e-1f4903a6cc45,0.85,0.9134613275527954,,,False
a71d5d8d-b92e-46b6-9c62-500650f83904,0.85,,,,False
5a1fbede-b30f-4702-8f2c-dcca936bc67e,0.85,,,,False
6af8d41a-e177-418c-8be6-bf8d6de87e8a,0.85,0.9127196073532104,,,False
f8aee479-1f94-4455-b671-6eb08b1bbfcd,0.85,0.8850098848342896,,,False
6b57e867-7ce5-4d6e-b3d0-9b3fe710439c,0.85,,,,True
5c616862-c6d1-4c10-9068-6d0a51a93318,0.85,0.9220995903015137,,,False
81829c42-e34c-4f5f-a50e-bf13490f69f9,0.85,0.8817993402481079,,,False
534a36ae-3a3c-483e-b5b2-c0ec440d9929,0.85,0.8506351709365845,,,False
fd4401da-6242-4394-9b41-842e072f0105,0.85,,,,True
6904327c-5211-4edb-ad8c-bcefee2149c6,0.85,0.9600540399551392,,,True
484a3150-d14a-4a16-a9a2-e8441f6f7032,0.85,0.8603186011314392,,,False
90641241-3f45-4e7e-b75f-9ef7e6d468de,0.85,,,,False
ec9843e0-e7cc-442b-89db-b34c26bf9bcf,0.85,,,,True
d36d7b57-31ef-47ca-9889-056c3e145776,0.85,0.8762438297271729,,,False
2c2df944-6948-4f33-9e1a-9f7d88560f0e,0.85,0.8797891736030579,,,False
c2601b43-115f-499a-a394-55c8f15ded04,0.85,0.9331457614898682,,,False
889e010c-b088-471f-89ab-0fed4a2b12e0,0.85,0.8558061122894287,,,False
e19bda14-943b-4771-9fe7-ecbc5115d234,0.85,,,,False
ca28a116-78b5-48d3-84f5-023cf9de195a,0.85,,,,False
7e9547d7-44f3-466b-9dc4-57c1deec2c6f,0.85,0.9246312379837036,,,True
4f8e7200-d307-49a8-ac36-471313ee57f6,0.85,0.8935143947601318,,,False
c035d43b-7fbf-4495-85f0-4b9b9f5e41d9,0.85,,,,False
0fa09622-b341-4b2c-8b13-91f898c1d74c,0.85,,,,False
65c5bd6a-8b48-4b7f-8005-48a23be9a6ba,0.85,,,,False
52cb0f2f-377b-481a-b119-d12c42204c97,0.85,,,,True
ae2a31ba-6230-48b3-8483-7701b6bbd868,0.85,,,,True
d0a5c118-1e17-4a5c-9a4d-25b14543aeca,0.85,0.8564639091491699,,,False
fe1e6b04-c9f0-4c87-ba99-ed95588cee19,0.85,,,,False
4ea60aac-4ccb-4fec-841f-378b24823ea2,0.85,,,,False
2fa7d578-3144-4266-a4e9-f93abdd7315b,0.85,,,,False
447881be-7913-4342-9632-3c45c13da02e,0.85,0.8680856227874756,,,False
1944106c-f84f-47e0-8c25-71ad3b21c85e,0.85,,,,False
d9a4c646-3926-448e-9ea4-af9fda998b12,0.85,,,,True
8571560c-ac9a-44e5-be28-9a6d607ea827,0.85,0.871910810470581,,,False
8ca0b852-dd57-4417-bcd6-2fdccc4395d5,0.85,,,,False
ba5b6f3b-e3e3-4e54-94be-4c726a996e81,0.85,0.8629336357116699,,,True
261e4238-9598-40ae-b4c9-93350b454ee1,0.85,0.9013412594795227,,,False
bb207d1b-cf8d-4299-802c-47863602a15b,0.85,,,,False
9a669d69-c0ee-4119-92fb-cadfe1ca6c04,0.85,0.8797141909599304,,,False
7ff42127-7b0b-4332-9725-1e83dc200d24,0.85,,,,True
b23b99d2-36b2-482e-803e-6b49edd7bfb0,0.85,,,,False
bfd58d2f-41bc-4dc9-a661-197e6ab9ce01,0.85,,,,False
8943340c-4406-4360-b701-2835c7b5c588,0.85,,,,True
37819fe7-bce0-45fd-8f9c-13d6f79ae6e3,0.85,0.9331413507461548,,,False
ff6d4dbc-3713-43bd-94db-ba0b639bc717,0.85,0.878827691078186,,,False
f0d3a0c5-1e60-47b9-b830-1a9794e21dd1,0.85,,,,False
73f81e91-2fac-483c-b224-b5d2cc204856,0.85,,,,False
d6c3e620-4130-4069-9379-acf67fab905a,0.85,,,,False
69c99707-95ed-471c-a616-65f03d6fa478,0.85,0.9186974167823792,,,True
7e4ae814-4ae3-405e-a9ad-3dddd0fc3b87,0.85,,,,False
cacafb4e-aea6-42bf-9dd9-d98353227eeb,0.85,,,,False
09221906-3b65-4cb3-9a7c-66d251413182,0.85,0.8850650787353516,,,True
f82d2c5a-45f7-45e1-ae5a-65cc196f6228,0.85,,,,True
57b07cf3-4fff-4084-9f82-df800f5c509e,0.85,,,,True
33eac19a-0ab5-450d-9c50-e7a7c6d095a4,0.85,0.8586397767066956,,,False
a84d2839-ba69-41b5-af6c-de78a8223592,0.85,,,,False
6e89dd9b-4c99-49da-9e05-c7e01bc2c6d2,0.85,0.8847354650497437,,,False
3531862c-e11c-4243-9ffa-461fff5d18ef,0.85,0.8995485901832581,,,False
39fdddf8-b283-4063-9353-8ea9e3c9c931,0.85,,,,False
e54cf720-fb09-4407-b645-28d3ce1ea333,0.85,0.9133506417274475,,,False
663c3794-3064-445e-b89e-76487620f973,0.85,,,,True
8abf26de-cc7d-4714-a80f-889a7b24d0eb,0.85,0.8843733072280884,,,False
02f1a403-f1c3-41e3-9618-6d76d3f17c9c,0.85,0.867730975151062,,,True
949acb76-d724-4342-842d-a582f8e8ab3c,0.85,,,,False
6ca2ef6e-47d8-4499-85de-f62005dddd4a,0.85,,,,False
53e9c359-3ab5-4167-bfda-042995a77004,0.85,,,,False
a37257ae-4cbb-4309-a78a-623036c96797,0.85,0.8783232569694519,,,True
c0948126-952b-4b38-bc28-b210b5a22196,0.85,,,,False
5ccf3b15-fa4c-4958-b6ae-b314236bca6f,0.85,0.8711429238319397,,,False
1c334c2d-7b95-4a69-965b-eb2d1ad6fc66,0.85,,,,False
87f7bf30-613a-4263-9650-98b0640dfd18,0.85,0.9176265001296997,,,False
92b0f4f9-8aef-475a-b261-56b9314f8968,0.85,0.8983680605888367,,,False
9221b211-bf76-4c4d-8dfb-e0dc388a8631,0.85,0.8658240437507629,,,False
01673a37-f94b-47eb-a429-5fb1c2f9457d,0.85,0.888568639755249,,,False
efe80cb3-a591-43c2-b9d3-49afe1c6e95f,0.85,,,,True
35969665-d828-44d3-b3da-7b037bc3d3d4,0.85,0.9157483577728271,,,True
3da0abd3-bc1a-4b84-89e4-927f38dbe032,0.85,0.850346565246582,,,False
c7b559ba-7e1e-4e59-9d6e-5e8166c94c15,0.85,0.8696866631507874,,,False
7a97bbe5-eb4b-4a6b-8a7b-8078a1864d1d,0.85,,,,False
4a7e37b7-0b84-48bd-91ce-2eb178dd8c63,0.85,,,,False
9d18811d-dd74-4549-8636-5ce4071f18a7,0.85,,,,False
0ebcaa97-c358-4e3c-a20c-c4890e8b7112,0.85,0.8600370287895203,,,False
9b5dd943-0ac2-4b6e-8da4-889d62630717,0.85,0.9196743369102478,,,False
67d147b6-cb8a-426b-a5b6-7c6b8e5a533e,0.85,,,,True
878bdcdc-83c9-49cd-a6b3-ceeafe2dc5cf,0.85,,,,True
1c077c76-00c1-4458-b535-3ecfdd1c002c,0.85,0.8613616824150085,,,False
00ec8e7f-44a6-40a3-9ad3-78d2472bb89e,0.85,0.8602895140647888,,,False
f06ba627-4eea-4537-b0d3-e797e1dddb85,0.85,,,,True
ef8a3f03-88db-40bc-86c7-1879b4090c45,0.85,,,,False
5b0a99b7-4353-4c2a-932a-608ad0445abd,0.85,,,,True
27a515f1-652a-4ae9-bb1d-de5f1e8d00ef,0.85,0.9067158102989197,,,False
8660b65c-20c5-44da-b8ae-00ab18af064b,0.85,,,,True
6bd3a8db-0041-4b22-a62d-cac4c23d8bcc,0.85,0.9215450286865234,,,False
832b42d5-0ea3-4932-9509-be3dcd9d0ec9,0.85,,,,False
bb77d4ce-979c-4f7e-b19f-15fbfbb19305,0.85,0.8895981311798096,,,False
063b74c2-7b14-40fe-bc71-d13a51fb45ab,0.85,0.8662031888961792,,,False
0333887d-9354-4633-bd28-441a1bdbc4fd,0.85,,,,False
9ac69d9d-6338-4a68-8e0e-5dd4152f4b96,0.85,,,,False
a6e3c706-55a2-4274-87b2-54e9926504cc,0.85,,,,True
bc6af355-85d6-410d-9c7a-948c8ad321f0,0.85,,,,False
552a1b6f-a3e2-45cc-9f39-064754746e31,0.85,,,,False
a50d5f0d-abb8-4f7d-9e4a-af7bdcfc8b26,0.85,,,,True
1eeb592d-1f63-4cdd-b6d4-c3dc2a373613,0.85,,,,False
bb1c1c19-e858-4d3d-b7f5-3641a859138c,0.85,0.8856536149978638,,,False
7a4db5cd-f6bc-4ea7-9db3-b49bc2e86f22,0.85,0.8716373443603516,,,True
c6750b3d-ccb1-46bf-bf7d-b63ce08cc4fb,0.85,,,,True
20313182-0cdb-431e-ad85-301446cfa6dc,0.85,0.8834748268127441,,,False
7ad06ae6-fc70-44f4-9d76-e24bcf7cdfd5,0.85,,,,True
21987b10-35ea-4902-92e3-e18fd2bd6d3e,0.85,0.8759886026382446,,,False
33de49f9-7756-4552-94c0-6e78f7e675ed,0.85,0.8775510787963867,,,False
3970202f-a89f-454a-8317-7fe9a043bc6a,0.85,,,,False
eeb06138-88d1-424c-82c7-8009a660ed63,0.85,,,,False
e1245d30-9254-4c3b-b00c-2105f2f60292,0.85,0.9594816565513611,,,False
33c55bff-2b06-4d6f-8054-a3af58fb99bc,0.85,0.9119306802749634,,,True
a8abae19-1b8c-4455-837c-006c2aae6c35,0.85,0.8866519927978516,,,True
ba358376-e1f8-43b9-9bba-47f10c888795,0.85,0.8516045808792114,,,False
16d789ce-30c2-461a-a36d-cf95148dbac1,0.85,,,,False
88284beb-32ac-4e7f-913c-bced50615167,0.85,0.8881490230560303,,,False
103fa064-b301-4f5d-bbb7-ca538ff56485,0.85,,,,False
7306e5f2-cefb-414e-9146-ef52425d59fc,0.85,0.9091082215309143,,,True
9bd728ea-0ab8-4ea0-84d4-e8283eebb649,0.85,0.8859903812408447,,,True
d1791760-64db-43c0-bba3-a188af3dd614,0.85,0.8844645619392395,,,False
902a9151-6fe5-4528-bf75-62decc7f20f9,0.85,0.8845563530921936,,,True
d91445d2-d35a-40bc-a317-77dd7752ddcf,0.85,,,,False
488bf554-b161-40b1-bc4a-1557abd9283a,0.85,0.8881994485855103,,,True
1bae80c5-66cb-4934-8a6b-24b27b297ee5,0.85,0.9156391024589539,,,False
aa0c6338-0879-4e74-95de-007bb3ee0db6,0.85,0.8979899287223816,,,False
f88e729e-b19b-4587-8be4-bac6635c581f,0.85,,,,False
2a3932dd-c6ae-4d4f-9ebb-fde3ce2127f9,0.85,0.8970606327056885,,,False
5ff6a6d6-e2f1-423a-a6f7-77951cb5126c,0.85,,,,False
602cd6db-aa83-4e39-8117-49560ea99811,0.85,,,,False
19c804a7-50bd-4630-98eb-dc259cecc33c,0.85,,,,True
cdf89623-1714-49db-a8bd-69a07989da8f,0.85,0.8578270673751831,,,False
6c547793-ec32-4441-b7a9-3bda07a25f93,0.85,0.8517237901687622,,,False
f751b889-3393-4be9-bf47-5dee4a15ab53,0.85,0.8736902475357056,,,False
5d882b99-f62c-4910-94a5-d3ab6b6b0162,0.85,0.908179521560669,,,True
e7bf8829-1b7e-4231-80a2-27529e03590e,0.85,0.9743521809577942,,,True
28f1e154-caa4-4aa7-9bac-bf8cfc3f7a64,0.85,,,,True
c75beb5a-037f-4e0d-88d7-b607bf2854a9,0.85,,,,True
0756fc7f-1a0d-48f1-8f7a-6f5b955e4a11,0.85,,,,True
b70f6c31-2f57-46f5-9a2d-23a490e859b8,0.85,0.9060521125793457,,,True
be9bed59-3f94-42c0-9afe-0c3df1cf1c7c,0.85,,,,True
2e07471d-4ac1-42c5-8936-6eb9217b7a03,0.85,0.8861280679702759,,,True
c1b6d7e4-6270-46e7-ae7c-aa4a7e0b1b2b,0.85,0.9125252962112427,,,False
432f3b43-0326-46b0-8016-1c01da785797,0.85,,,,False
1e54deae-18a8-4dea-8d26-858217cf3f4b,0.85,0.9173856973648071,,,False
b99cd9f9-ca7f-48c9-b503-483510d8f217,0.85,0.8891122341156006,,,False
d848f837-7ae5-41a7-9408-f7457236c004,0.85,0.8768899440765381,,,True
2d8a62e1-1e53-4a94-bec3-7cd7214a3bce,0.85,,,,True
d91f0c84-3788-402a-b86b-db69fa56684e,0.85,,,,False
0d05d2c5-1722-4781-98e3-7eb1cb41625a,0.85,,,,True
765eac1f-798c-4a2d-94f7-480d8baf8eb1,0.85,,,,False
fe0a588b-86f3-4d13-8ec7-735c0fe1ca9f,0.85,,,,False
5ee56384-63e6-46cb-8c16-1c4a594420b5,0.85,,,,False
58bf5169-54e5-4ad8-b89b-64aceb314bbb,0.85,0.873112142086029,,,False
759c6fa9-35e8-4538-8ff0-03ad4c497c9f,0.85,0.9330954551696777,,,False
cdb77fc8-f87b-4f45-97e5-e4aaf4091228,0.85,0.8955004215240479,,,True
4ec2e088-b2ec-4dbd-a5c9-abe2342dee01,0.85,0.8794798851013184,,,False
a845eaa3-746f-4263-ae6c-66777ca8565b,0.85,0.9513403177261353,,,True
dc24623c-f2fe-48b7-89d7-66acbdf50e9b,0.85,,,,False
7aaf9890-5e78-4811-bb58-87dcb240ff54,0.85,0.8523430824279785,,,False
7138350d-30a4-4fc3-8c5e-d04cda800f63,0.85,,,,False
98ec9e05-2829-4e46-b79b-6eb68ac48a46,0.85,0.908478856086731,,,False
601b1ee4-b32d-4a37-a344-8b4e2fc1c311,0.85,,,,False
6144a43a-c771-4d50-bb60-67f21818566f,0.85,,,,False
0a661db7-8abf-4ed4-ba92-81658b1ba70e,0.85,0.8825517296791077,,,False
683a17c9-f401-4427-8f2e-2b419b7574f5,0.85,0.8582642078399658,,,False
036af487-a6f8-4209-8810-8d7cbea830be,0.85,0.9027154445648193,,,False
4408aa49-3e95-4cb0-a6d7-bd2a811472d9,0.85,,,,False
f155426b-5202-4037-96d1-8b2e266f321b,0.85,0.9304516315460205,,,False
c510f7f5-809a-4532-8c3f-c2d4bdef2504,0.85,,,,False
dae65214-7401-4e4a-b311-6380809938b5,0.85,0.8625264763832092,,,True
25113c97-051b-432d-bb8d-23687ebf2b16,0.85,,,,False
eca31c48-2967-4792-b2a9-2743ce7f6091,0.85,0.8698527812957764,,,False
f35c09b9-d75a-4f37-be02-bbc76581060d,0.85,0.8573719263076782,,,True
ce845025-cf46-4286-9f7b-207c2b6dad72,0.85,,,,False
63ea1927-0d56-49d0-9fb1-3fa4fd250208,0.85,0.9559606909751892,,,False
339c6795-9950-45e5-a9e7-e9f5ced84932,0.85,,,,True
aaaef760-d02c-4b7b-b712-445f975645a2,0.85,,,,False
55c02554-e853-47f9-bd23-80d3388f963a,0.85,,,,True
046c4e4e-0b2a-4ff3-9121-b756032a6c10,0.85,,,,False
059ef82c-6cf7-4ce7-aad0-5c65bf199680,0.85,0.8779275417327881,,,True
4077c6cd-c9ba-4a2a-b609-3009fee0c7a3,0.85,0.891793966293335,,,False
e19c0a30-096b-47fe-89cb-24894b228367,0.85,,,,False
041c356e-5329-4ab3-a028-c0a5eb4353a1,0.85,,,,False
2a8361b3-1a6b-4a12-9d82-2d1e45ccb3d2,0.85,0.9269565939903259,,,False
f90365bb-e5e7-4557-b4ea-a8a23b153b30,0.85,0.8810771703720093,,,False
e92763d7-4e82-4e31-885e-525836bc939e,0.85,,,,False
b83d4e4d-716a-4ecb-941a-f090b71c95ca,0.85,,,,False
b0f03c5a-cfb6-491e-b9b9-911268b80c94,0.85,0.880869448184967,,,False
3cf0acc0-1165-4afd-ae4a-2004d7d69511,0.85,,,,False
ecb57d4a-6bf5-41ca-b3ad-0871d0fed582,0.85,,,,False
f93e041f-b045-4129-bedf-9dc8b30103fa,0.85,,,,True
646e3613-fb97-4486-92c1-7859b80f8bcc,0.85,0.8809328079223633,,,False
710b5fc7-390c-4c44-9e85-d658dbdd628e,0.85,,,,False
6f18f0b2-03a2-417d-b0ec-1f782eb2710c,0.85,0.9001542329788208,,,True
457a51a7-08ce-4f77-87b7-f8bca32ce763,0.85,0.8899703025817871,,,False
47aa4f7d-03e9-4572-b0ed-a1da26bae49e,0.85,,,,True
98d47f85-ba4e-472f-b147-7932ecf07c5e,0.85,0.9454823732376099,,,False
266c0919-06f3-47d1-8c7f-6837d426891e,0.85,0.8614625930786133,,,False
a5beedc4-25e5-45ab-8849-8c1caada8d49,0.85,,,,True
52033bc9-53c1-4433-9486-ce4c51057442,0.85,0.885586142539978,,,False
d563f827-78e2-4c68-aaf6-a615a59aee86,0.85,0.8727322816848755,,,False
642619f8-0018-4cd1-943a-8c5c85b0132c,0.85,,,,False
13b51c21-a41e-4b83-bd9f-babcf1bf97d3,0.85,0.8830693364143372,,,False
14d06c0e-9fbe-443f-b637-c7e949479e8c,0.85,,,,False
aae58537-b4fd-4237-a483-93e7fa37f009,0.85,,,,False
e5b06849-fcf8-48cd-91f4-e2d78fba514e,0.85,,,,False
9c11397e-ea03-4029-9bf7-b17e70ffc7c2,0.85,0.8888990879058838,,,True
5b8141d6-38d8-4090-9f87-2a1b648f4e1d,0.85,,,,False
bf737294-2dd6-4663-916a-415af035681d,0.85,0.9592417478561401,,,False
58aeaa6e-ce13-41c9-b125-5007365b2481,0.85,,,,True
a539ca05-15b2-4b69-b47c-c97dbc23d2d4,0.85,0.863107442855835,,,True
7b96b5fb-35a2-4f1b-bf1f-96650a1d20e1,0.85,0.8621127009391785,,,False
8dddb06c-607c-4de2-96ec-b942fe5c3c91,0.85,0.95316481590271,,,True
8985c1ed-3fb3-4374-b255-a863833653d1,0.85,,,,True
62ffe7ac-a974-481c-8113-51626f63a287,0.85,,,,False
dcbd4c7e-726e-4dee-bd40-ed08bfc3b871,0.85,,,,False
811be83f-83a1-43f6-95e7-0d844dc9c0e0,0.85,,,,True
45f73b4f-2a62-482d-8ee6-dc381daee2d0,0.85,,,,False
b9d901f4-0383-4c79-816a-0b5193ee4a27,0.85,0.8997305631637573,,,False
70f7ca49-122b-428a-8c5d-6a3201911566,0.85,0.8636684417724609,,,False
a51df3fe-de43-4e45-a28a-841021c3a486,0.85,0.9463303685188293,,,True
3a35d7ab-f0ef-4987-9144-30bb1a7455f4,0.85,,,,True
74d4842c-1763-47ba-96b1-2c80f3514fe7,0.85,0.857791543006897,,,False
6a4c3b60-7bed-4242-9d5a-a5aa27fcdd6a,0.85,,,,True
8919032d-be82-417e-a8e6-dda030d717b7,0.85,0.8921852111816406,,,True
8252207d-cfc5-412e-8b22-b1fe511f5bdb,0.85,,,,False
dfa39009-de7d-4c39-a4ae-f009832a5a46,0.85,,,,False
c0cd44f5-ddb0-4af2-a80f-9879a2c27506,0.85,,,,False
7773e323-aaf5-4d9c-bc76-50119a3d7db6,0.85,,,,False
e5f2012c-5bdc-45ae-a91a-de3e8a680eff,0.85,,,,False
484ff206-d63f-4cb4-96a5-a5d4b277cec5,0.85,0.8615109324455261,,,True
7c499c51-fc8e-4fdd-bb58-84d3df91431f,0.85,0.8960182666778564,,,False
f7c14c21-b051-4f47-bec4-4b05027b4012,0.85,0.8515310883522034,,,False
2d4777a4-38bb-49e3-b9a1-d50917b1e394,0.85,0.9367074966430664,,,True
050a1150-8a4c-46fe-a752-9b4876d8abb1,0.85,0.8723163604736328,,,True
d16ea6fb-0da0-4db7-b092-c73614692b28,0.85,0.8590760231018066,,,True
44c77899-acc3-4984-81a4-4496c3b5b22a,0.85,0.8882648944854736,,,False
192d3ece-fa1b-4b77-81ff-328ddc599886,0.85,0.8996046781539917,,,False
fe2c8972-680f-4c90-b31e-32f798c483f7,0.85,0.8870283961296082,,,True
4bda402c-ab03-41ae-91b0-69be486d24a3,0.85,0.8928829431533813,,,False
5ac9e3b9-b283-4a88-a99b-5298fa9b9180,0.85,0.8703081011772156,,,False
aff2b743-77a1-40f3-837b-cf6393b92d2b,0.85,,,,False
9205236b-e1e2-4b72-92c5-2267f18ac5af,0.85,,,,True
ad0a6b7f-d970-4303-bff2-0210d141a165,0.85,0.9259273409843445,,,False
1f557239-3934-48bb-b408-292aa36509f0,0.85,0.8982322812080383,,,True
c1b4b91c-64c2-4bc1-952a-808e417129fb,0.85,0.9211457371711731,,,False
4b9209f5-42fe-4d7e-bb83-e34a36798f87,0.85,0.9366196393966675,,,False
f44f9892-1c3b-44da-89d3-0cb23b729db7,0.85,,,,False
5344e008-c1c2-4a46-adc2-553772bd4f89,0.85,,,,True
d527e86f-9dd1-4923-ab0f-021f982c1966,0.85,,,,True
7a47518c-60f6-46f4-97ba-66cade846a97,0.85,0.9655767679214478,,,False
e53633fa-a414-4bf3-9a27-6200585623e6,0.85,,,,True
1d53d447-db6a-4525-b910-c0964c4bef7c,0.85,,,,False
ed23207a-ef8f-42f8-a922-86a9d9eb76ab,0.85,0.898413896560669,,,False
cf08faa6-8934-49cd-8bf3-839bf2cee516,0.85,,,,False
824fca30-2ff0-41fe-9bd1-f42c21f9b7af,0.85,0.893319308757782,,,True
ef0fa2ab-789d-4902-b1e3-c2c959ef2ced,0.85,,,,False
394c7ad9-8f2a-480d-b0e7-9cf3ab63c784,0.85,0.9292678833007812,,,True
6a335d3a-1cf4-4b30-bb49-fdecdeb31323,0.85,,,,True
d1140585-7377-4c5f-b626-5d9faf61b5af,0.85,0.9044632315635681,,,False
fbddd8cf-954c-4596-b928-5b83305e995d,0.85,,,,False
ff186603-bdd1-411a-a902-b87df523c332,0.85,,,,False
38c87816-000e-47a6-a1f6-462746e19222,0.85,0.8909465670585632,,,False
0a24b4f3-5eab-4cdb-821a-5d93c12ec7fb,0.85,0.9331320524215698,,,False
827631f5-0bb7-4ba8-99f8-c7efa1f75a02,0.85,,,,False
22f2ac8a-8191-40e1-b1c2-86c42a6089e5,0.85,,,,False
cdf0bb92-23cc-47b7-a0d8-355e30ad0516,0.85,0.939724326133728,,,False
58f4b52c-bbd5-4f29-b43f-94b04a8b6523,0.85,0.9515314698219299,,,False
cb758bc7-0118-4024-999f-3c582cb66059,0.85,0.8578800559043884,,,False
9dd74794-604d-4fe9-a4e3-11bbfd67ceaa,0.85,0.9196449518203735,,,False
82ae855f-c32f-429d-80fe-a6f32060a3a2,0.85,0.9330134391784668,,,True
2e4c6c5b-9f73-4d1f-8bf2-5b36364fcc93,0.85,0.8619735240936279,,,True
192eb3b4-38d4-450f-8e81-a5041ecdcb0b,0.85,,,,False
bd993913-96cb-4bd9-8a50-4ca2ced2f1e8,0.85,0.9106786251068115,,,False
950b9a1b-658c-45ff-8eeb-467e44f221ff,0.85,,,,False
b9cf154e-45d3-4c34-9b10-9f2fe237d0ee,0.85,,,,False
bc2bca2f-eb8b-4869-a3a8-581bab561bb3,0.85,0.931648850440979,,,False
a6233e7a-d793-406f-9e8a-19a4cd3fef49,0.85,,,,False
e3561f40-d82d-4d0a-8c11-82e5b23f7efc,0.85,,,,False
99a6fa3d-f8c2-45bf-94e1-90cd0c001b20,0.85,,,,True
77829f88-9d18-4380-aff7-0367bb862f40,0.85,,,,True
5450d25d-8d67-4e7e-94b7-3d34de886f1e,0.85,,,,False
999ab83f-58a6-4f35-8719-0446bc3a5253,0.85,,,,True
c38de196-d6e2-46dd-94bc-c1888c504bcf,0.85,0.9362138509750366,,,False
e629b1c6-9bff-4feb-90e5-c7a1a5df2f8f,0.85,0.9531193375587463,,,True
85a038ac-1e9e-4c36-b21f-6a7ec5483128,0.85,0.9084341526031494,,,True
d623817f-b2fe-45f4-84f7-13dc00b5c171,0.85,0.8958009481430054,,,False
7fe084e4-e088-4fc2-81d3-69dedad0d561,0.85,0.8653870820999146,,,False
f0da6cb8-df65-4967-97df-9dd204b71acd,0.85,,,,False
4a30a2e7-3b33-4b93-a119-d5508709fbd2,0.85,0.852576732635498,,,False
bf26692e-6cdd-4d13-9d12-77ca6097a2b2,0.85,0.8561317920684814,,,False
02dbd4ec-8015-4d29-aacd-79bd194cca6e,0.85,,,,False
a489977b-dfa3-417a-884a-37b4b4999cb6,0.85,0.8574392795562744,,,False
07ff5b60-2e23-4581-a5de-2e65a9228d9b,0.85,0.9110663533210754,,,False
2e0c3917-0c6a-4f55-84ea-c2c96c2ad7a2,0.85,0.8834618330001831,,,True
8b12d17f-62e6-45fc-836f-032a37faea80,0.85,0.9197033643722534,,,False
05380b8b-ce96-4261-b6f0-2084c9e02861,0.85,,,,False
09337a83-e6fa-42ea-94db-34507a5e9f9d,0.85,,,,False
5b11c47c-fb54-437d-a493-19e52411c4d7,0.85,0.8599303960800171,,,False
e59a9f20-64a5-416a-8105-945815f80d03,0.85,0.9066922664642334,,,False
cdac25cf-8b04-4f1a-a71d-058baa2e2612,0.85,0.8879409432411194,,,True
f6bf29fd-8a9a-4696-a1d3-8ae13d157c68,0.85,,,,False
5018c138-ed76-4d21-9de4-1e0e0b5c5cb1,0.85,,,,False
0287ca84-d694-4c38-b121-f76634fd2dbe,0.85,0.8582035899162292,,,False
aa756b3b-1613-4a68-8a4e-c982317b13ca,0.85,0.902908444404602,,,True
72869cd2-000d-4cdd-85a6-621097cbd128,0.85,,,,True
39c83727-1fde-4c4b-a4e1-6d8628c5451e,0.85,0.8726432919502258,,,False
a02be302-4b10-4ef0-9e2c-dd4dd5dbe809,0.85,0.8741838335990906,,,True
2171416c-3662-4b31-ad0a-2ea54df63bb2,0.85,0.8547255992889404,,,False
f1ce21be-3c7d-48dc-b5cb-79cb4dddaa2d,0.85,0.8914257287979126,,,False
6054decd-4733-4819-a012-e46b8a91346b,0.85,,,,False
94d93fc2-4b10-425f-a8a6-59de6d90eab5,0.85,0.9191242456436157,,,False
1b15869a-bb9a-46d6-9b2e-652dc5546414,0.85,0.8581202030181885,,,False
c18ca91f-22a6-4b0c-a0a2-5023c03ffaea,0.85,,,,True
87d4920a-491b-451d-85f0-0b04005f417c,0.85,0.9242103099822998,,,False
e92e6178-741d-41ed-8feb-dc2824d09a6b,0.85,0.8529088497161865,,,True
b81b9858-f273-4a95-9d5d-11ae447b2a78,0.85,0.8748676776885986,,,False
d6422c1f-2352-4e42-835d-e5caf11605c0,0.85,0.8775470852851868,,,False
8f180e6b-d6c1-4457-a3cc-f1de33dfb457,0.85,,,,False
717b7ecb-57ce-4669-a0ee-5eac89901335,0.85,,,,False
a33f2250-2b07-4c77-b62a-651d3f3d6bb0,0.85,,,,False
89fab620-19e3-4140-8906-c158c3b1a38c,0.85,0.8762688636779785,,,False
7c072b56-cd94-4355-9e0d-fce4c7cc2bbd,0.85,,,,False
d3062d19-65be-48d7-9df1-0deb7c587808,0.85,0.8925148844718933,,,True
98c0aa3d-13d5-4066-9595-1c2ac24e9a17,0.85,,,,False
a552f69f-e834-46ed-8dfc-4e783bff8390,0.85,,,,False
171bfb81-6936-4500-89f1-a8d9011dea6b,0.85,,,,False
a1344dba-addd-4841-be49-8eac4a2965d8,0.85,0.8950477838516235,,,True
999f0bfa-d38e-407e-b577-70b7db82edcb,0.85,0.9508783221244812,,,False
13e36106-e1a4-4f0b-8156-fc0b2b053099,0.85,0.9192470908164978,,,False
b753df3f-fe59-4a6e-9488-5f4b48c40e66,0.85,,,,False
920ef1b6-6f99-460b-8939-756dd7993d3c,0.85,0.8802460432052612,,,False
b0301123-a2a4-4f8e-929a-08093a3d563b,0.85,,,,False
2ec871ed-83fb-4393-83d3-05b4f58cfc75,0.85,,,,False
06ba14af-9870-4f29-bf7c-ba1e47ab2b77,0.85,0.9568606615066528,,,False
3e5277df-c4e8-4052-ba01-3cb9c3dcc2e5,0.85,0.878188967704773,,,True
4c8a6c95-a0d0-411a-8510-9ca3a0010e0c,0.85,0.8664657473564148,,,True
067efd72-2624-4d8f-a91c-a27bf0c1f384,0.85,0.9156205654144287,,,True
08f5aa81-746f-49d1-aaad-9d0cad0d60cf,0.85,,,,True
f78bd5a6-d502-4e74-8616-ef7e88d35ddb,0.85,0.9017832279205322,,,True
835bb164-19fa-438e-8a48-2a1264bb4ad1,0.85,0.9162203669548035,,,True
adfa3bb7-917b-46e5-b448-69a1360f97f0,0.85,0.8617960214614868,,,False
248d986d-d65f-4709-8f4e-b1187fb7790a,0.85,0.9106642603874207,,,False
8aa7ae8a-a4c3-4ec3-b4c7-e651564a0632,0.85,0.8767707347869873,,,True
f867ffcb-7b9a-4506-97d2-ee120663f54b,0.85,,,,True
998f5958-48f6-4678-af90-d5fc87d79c1d,0.85,0.8662847876548767,,,False
d50873f6-1d59-4f3e-929c-54c492015a9c,0.85,0.8513435125350952,,,True
3e318240-f9a3-4571-9fd6-67d2e56a4acd,0.85,0.9038957953453064,,,True
95a2abb0-00b2-45b4-890e-1a7120767f42,0.85,,,,False
77efa515-792b-430c-97ed-45d9d28cea2d,0.85,,,,True
c310805f-40b1-4126-9899-d9da937b1a57,0.85,0.8798550963401794,,,True
7de4160b-ad4f-4109-872c-9e02111358e5,0.85,,,,False
825e68a1-3cfb-4401-b697-44ab7cc2189f,0.85,0.9145214557647705,,,False
4b78bb8e-d002-4ef5-8c9c-598cdba923f2,0.85,,,,False
56244dc1-9652-4ecc-aebc-5e7617e20176,0.85,0.887334942817688,,,False
08f30a43-99a6-4dca-9598-df70f695610a,0.85,0.8799372911453247,,,False
63e70cfc-f00b-4fd3-92d3-16fd4811951c,0.85,0.9067681431770325,,,True
96cdb49c-57ea-47ee-9826-120c9ccda9b0,0.85,0.8739480972290039,,,False
cbee6620-dd68-4766-b366-f5d9f3915610,0.85,,,,False
068a1226-f17b-4f9a-bd86-7811b1571fd4,0.85,,,,False
4f775823-112a-4d60-b2e5-6bb9c6f7ef36,0.85,0.8584259748458862,,,False
9127abb8-7ab4-48af-b6fa-9b47fbc63a77,0.85,,,,True
4302de47-f49c-46ec-a531-47fab15fc6b8,0.85,,,,False
eb2961b4-ef2a-47b9-ae60-d37f045ca430,0.85,0.9772093296051025,,,False
6fb51417-3da7-4510-8fb8-9f578209b3fa,0.85,0.911371111869812,,,True
5bf4b2bd-4c34-46c7-a28c-eedc62df9fa7,0.85,0.9421928524971008,,,False
0b3f40a8-ee9f-4306-9952-e29f94db634d,0.85,,,,False
d4831590-08a7-446a-82f9-94426c3e3634,0.85,0.865324854850769,,,False
9972b15f-e299-4fd1-8406-dcfc9e750737,0.85,0.9312344789505005,,,True
f1c0b684-29b5-45be-9b3e-b87ef22a5bc6,0.85,,,,False
aebe59d3-2714-406c-b294-c60c9c5408ee,0.85,0.8983570337295532,,,True
f03b48be-3716-425f-854a-6f6822db6c18,0.85,,,,False
6a500096-cef4-4422-ac27-ada222cab6d9,0.85,,,,False
d98a75ac-32ec-42db-be04-145b3e16571c,0.85,0.8844712376594543,,,False
b97f65f7-03f1-45ad-8b38-62d5b8afce84,0.85,0.9189890623092651,,,False
daebf1a6-f581-4f92-abab-9ff95bf61928,0.85,0.8965929746627808,,,False
321083ce-8265-4999-bcea-e7f371b78c2d,0.85,0.9159539937973022,,,False
88dc6cf4-3c31-4d7b-831c-edec556bb60d,0.85,0.8847699761390686,,,False
0f0e904e-91a9-4dc7-8540-c93f37c1ecb9,0.85,0.8715196847915649,,,False
8b2a14df-837d-4f64-a5ef-2d5eb2974b83,0.85,,,,False
d12f5707-2598-4416-b124-ed38ca771433,0.85,0.944787859916687,,,False
b79d5981-0611-4f23-a441-8da6a528e064,0.85,,,,False
469609eb-bc0a-4a1a-8756-79697464cd8b,0.85,,,,False
2a2e300a-f506-4ccf-a921-076b345dcbd9,0.85,,,,False
3988e985-ac70-47c0-88ff-50a3197f3f6a,0.85,,,,False
13f57eb1-39b8-455c-a166-83240a52bd8c,0.85,0.8814189434051514,,,False
4e69253b-c09a-4569-bc8f-cbe47347c055,0.85,,,,True
5cb7ead4-0418-4dec-b6e0-ad62e1dc3a8a,0.85,0.8645135760307312,,,False
435ca7c1-8f18-413e-ba9f-a7022e229197,0.85,0.8667929768562317,,,True
15085d87-33d4-4677-b4cb-c24a20f79c5d,0.85,0.8729097247123718,,,True
2fa7210d-ebf3-45d5-a260-6663178c7a60,0.85,0.9085407257080078,,,False
c7dd0a77-56aa-48b1-be06-74e49294ef72,0.85,0.8539018630981445,,,True
67f1ff9f-e9d2-4b47-84d3-0b0496efbc7d,0.85,0.8825334310531616,,,True
0e7527ae-c8dc-41b9-81d1-dee62c2415af,0.85,,,,False
0fa6e1c9-9284-4305-ba05-3b0716c52e2c,0.85,0.8749787211418152,,,False
28bc8707-eaa8-4ff7-a730-1f466e4455f1,0.85,0.9116818904876709,,,False
cd78ebc8-c60d-447e-885e-de087340c192,0.85,,,,False
477d2dde-ff10-4f6b-886d-78cb6752f0e2,0.85,0.9106420874595642,,,False
c1f7cec5-9e39-4aa1-b1ae-e9cbb9a2bc4e,0.85,0.8538329601287842,,,False
095348f5-7371-4df2-bf6a-8605f1d9aeba,0.85,0.9146751165390015,,,True
8d260b88-65b4-4a30-8697-6977238482d1,0.85,0.9485312700271606,,,False
d8b9544b-f838-4037-940a-28690a568314,0.85,,,,True
6fce7f4b-bc0d-4a5d-b545-147027882dd0,0.85,,,,True
44f25c5c-3714-4289-9f0a-cc378f0bea35,0.85,0.9027981758117676,,,True
834679d3-e381-467b-b2ac-91922ba56cf1,0.85,,,,False
c9312173-2f2d-4259-8d4f-6b4cfe572900,0.85,,,,True
ab9dc039-c2af-4bd6-9127-2cb70c44ebe4,0.85,,,,True
edab5b3e-c154-48a4-a610-c5a9d1c1a5cb,0.85,0.8749591112136841,,,True
c2d4f338-cd99-4c50-a7bf-a2c4374f90ad,0.85,0.9229151010513306,,,True
aac22f08-fdeb-44c2-9670-18d551df45bc,0.85,0.8646011352539062,,,False
cc6a7a70-5366-4ca9-be91-dc9f1fe058e4,0.85,,,,False
63659250-4cce-4f49-b0de-c8108e2f3997,0.85,,,,True
05bbd7cb-8074-4a2c-b9a3-c313e5c3962e,0.85,,,,True
fa799820-3c68-491e-bc4b-d653212da317,0.85,,,,False
036fe95c-17f9-4207-8395-dcade717016c,0.85,,,,True
1f053d4c-4ff1-44e0-83f9-41960eaa8c54,0.85,0.8958523273468018,,,True
82eee400-9189-4ba6-912e-0ad3d30e5890,0.85,,,,False
fff9bb51-0ad6-433c-b866-f8e2afbe3d8b,0.85,,,,False
483a2ac8-f098-44b5-81d9-5c8483dc4450,0.85,0.8573119640350342,,,False
b5f4178b-629e-4836-87eb-4e8bc0284de3,0.85,0.8624944090843201,,,True
00694ac7-cffc-4430-87ae-86449c024aa6,0.85,0.8598335385322571,,,False
3c797e89-17c0-41e6-a7d7-f1807b9d28cc,0.85,,,,True
f79d83c7-29e7-4f89-8bdd-53de3237c327,0.85,0.90682053565979,,,False
3cdf80cd-58d6-4174-bb56-ee561ee8caa1,0.85,0.8858225345611572,,,True
d45fa005-b988-43be-8215-c9ce251e8075,0.85,0.8768900632858276,,,False
2c1481b9-273a-4813-ba3a-3018a35eb988,0.85,,,,True
79b6ec5f-66c7-47ec-b6a4-cbb1fb84bdc3,0.85,,,,True
990b0dfa-bc8b-4a18-8a60-3736559e20ad,0.85,0.8544578552246094,,,True
449ab58f-0f15-4da6-a82f-4e94c1946941,0.85,,,,True
d9b20d1a-332a-45f0-9242-dd0997c9a48f,0.85,0.8684033155441284,,,False
5d2b747e-1079-42ee-b0fd-85fed68fc3a2,0.85,0.9095991849899292,,,False
2d2c745f-3d78-4f7b-a997-bffa1adffe47,0.85,,,,True
96593512-a8b4-4d5e-bdaf-83f962f17022,0.85,0.9002419710159302,,,True
eadd3c64-8f09-4d1c-a2d2-9983719c2cdd,0.85,,,,False
529cee45-4fa7-44aa-b576-b6e649d0f755,0.85,,,,True
4e8f9257-8ce4-4605-8f11-b044fe68be8d,0.85,0.9052788019180298,,,False
9cbe38cf-6dc1-4fd7-bc14-bc494270d417,0.85,,,,True
e444c682-71c7-4a6e-b4ff-69b8dd949d85,0.85,,,,False
3c067b34-c47e-4e9b-afe7-650f5e0a089a,0.85,0.8941638469696045,,,True
532ecbb8-911d-4d79-88e9-3b74cb1298ed,0.85,0.9732130765914917,,,False
4e863370-06ea-4847-ad95-4f8229574dd2,0.85,0.9331094622612,,,True
89f813b1-cc69-4fee-8b6d-e9f66d2ca4d3,0.85,,,,False
dc0d0b76-b675-495b-aed6-2c3e0ce903c9,0.85,0.8594660758972168,,,False
c8c2a865-cd8d-4002-b567-32c6c143cd02,0.85,0.876227617263794,,,True
a0f42fe1-bd8a-46d1-ac19-e07c232ffe7b,0.85,,,,False
9d087c1d-c425-4e33-85b2-ca043a4419ab,0.85,0.8868889808654785,,,False
ca706bb5-d4fa-41cb-b3d5-bfe8e46f01be,0.85,,,,False
d79b7836-23aa-45d5-862d-14799e24c8f4,0.85,0.8713304996490479,,,False
a66641c0-c370-4085-9757-ea2f5ecc91b4,0.85,0.8626575469970703,,,False
967683a2-b960-4b5d-b7d0-689071a1b318,0.85,,,,False
5d547084-c476-4482-aa21-77af03c5ef72,0.85,,,,False
0b8a4b59-8094-464c-8e72-f0726f49ae9e,0.85,0.8517146706581116,,,False
62f2d7e3-0707-4b9f-a0e9-42c52c9ddea0,0.85,0.8703818321228027,,,False
e2233286-e1b6-41a1-bc4e-73ed122bf28a,0.85,,,,False
9181510b-414b-4c4a-8a58-1882b9d39295,0.85,0.8556294441223145,,,True
7ab46958-a353-47b2-978e-585433a5b351,0.85,0.8763535022735596,,,False
2942ebff-d2aa-48da-bc39-efc3aab666da,0.85,0.8773914575576782,,,True
82486f63-d2b8-4eeb-9f72-b24c8419068e,0.85,0.8786755800247192,,,False
ee5813c4-38fc-4e6f-97d5-36df2e6b5635,0.85,0.86954665184021,,,False
a67e0541-aa46-4902-a6d2-d749bb8d4755,0.85,,,,False
5de0d2b8-0b61-4692-a683-332953aed4c3,0.85,,,,True
dd8ec82f-01aa-4c6e-b95f-8e9c1dc83ae1,0.85,0.9331216216087341,,,False
1fc74527-3cbb-40a2-b761-c01f73e8e3bb,0.85,0.9180036187171936,,,False
80bc677a-3f8e-4bac-b959-62e0bbff90a1,0.85,0.8600607514381409,,,False
7d45d2b2-f5fc-4d36-9662-233e8af2b997,0.85,0.859065055847168,,,False
3a162920-6817-487b-b4af-904461359351,0.85,0.8587605357170105,,,False
e271d48c-469b-4a05-bab0-d1b82d5c6cbe,0.85,0.9037548303604126,,,False
4ecf4abe-8e7f-4f10-9704-7e92d32485a2,0.85,,,,True
e7b51701-97b6-4b36-ad10-be45313e0e8e,0.85,0.8690829277038574,,,False
4f55fc6e-c35f-432b-a0f6-2c2091c9680f,0.85,0.890867292881012,,,True
a60d929c-f6fa-422f-9982-eec3bfd472ff,0.85,,,,False
3203c436-92d7-42cc-9585-e6b17ef003f4,0.85,,,,False
12bdb666-977f-44f2-a4c7-333c0bf01877,0.85,,,,True
5ba3897e-4b3e-4452-ab4f-e64dafe51508,0.85,0.8733212351799011,,,False
863d2233-8396-48a7-8046-5e6af04de200,0.85,0.895860493183136,,,False
043962c9-57d5-407c-8560-03bad2922829,0.85,0.9465750455856323,,,False
2722529f-42af-4078-b0c1-a5ebfcb08b4d,0.85,,,,True
dab10b52-cbb5-4d67-b04d-2e1562185852,0.85,,,,False
dbfaffc5-6d61-47d3-abac-11ee761a511a,0.85,0.906237781047821,,,True
316cb492-d704-4c6b-ae5b-0350e8d0c725,0.85,0.8780182003974915,,,False
f012afc1-0db7-4abf-87b8-d2b3c18d0228,0.85,0.9115726947784424,,,False
35d4dd2d-9724-4341-8975-ab38f5bbc6a8,0.85,,,,True
0f4281a0-f54e-43b9-8f9a-f62d411726cb,0.85,0.8844236135482788,,,False
6d10c9c7-035b-4c58-a36d-3565cf7fe386,0.85,,,,False
8666459d-0999-402a-859b-855d301faa9c,0.85,,,,False
de4de0ec-2be4-49b3-bff9-26c33d806445,0.85,0.889074444770813,,,True
7882aa5c-6c43-4e21-9138-13ada05cb29f,0.85,0.880892813205719,,,False
7129d732-164f-480e-8dfa-9739b490ae69,0.85,,,,False
db812618-04e5-4037-9c69-2b804fcf4c5c,0.85,0.8935650587081909,,,True
bccfd67e-7ac6-4e86-ab1c-1e28e68f7cde,0.85,0.8839237689971924,,,False
cf183423-a5b4-42b6-bd68-1820dd6a7d6e,0.85,,,,False
f26cf89c-7c26-492f-af29-ce2340189583,0.85,0.8602074384689331,,,False
75e566eb-903d-46d5-b51d-703fce0f6065,0.85,0.8803134560585022,,,False
18a79a22-6980-4392-877c-babfbe49a1d9,0.85,0.8848127126693726,,,True
e35d01b8-cd07-42a2-948f-6968c7fe91bb,0.85,,,,False
2092f1bd-0271-4ae6-884c-d760adee7276,0.85,0.8506987690925598,,,False
1f044aa5-7729-4788-ba06-5cf6782fd89e,0.85,,,,True
2365e4bc-4df6-4110-885d-b03d4f63b018,0.85,,,,False
9fcf5db2-7b49-47e3-8639-91672ec295fa,0.85,0.8959181308746338,,,False
6bb7cbc5-3c5d-47dd-b21f-fb265328d6fd,0.85,0.9105100631713867,,,False
eb0be65e-8c72-48b0-9f60-8ad3dffda34d,0.85,,,,False
c04090ae-20f1-4310-bc39-4bf6029502ae,0.85,0.8690829277038574,,,False
93922ee1-6d38-4d68-a7f1-d74578c3c8f2,0.85,0.914281964302063,,,False
8fabe76f-5069-47e4-98bb-c06409bb7b1a,0.85,,,,True
2aeab943-35e3-4555-a79b-16a0ef03632a,0.85,,,,True
99bf876d-ba3e-491d-8353-4ec3bb0eb253,0.85,0.8824257850646973,,,True
259b854a-87b0-495e-bd1d-1a31c0632db1,0.85,,,,False
597beb0e-30d9-4a76-8318-a47f79203a27,0.85,0.8642823696136475,,,False
e54a5932-7bfd-4b50-a971-fe1fb5640651,0.85,,,,False
e9e9ba81-6a38-42eb-92f0-05d0e85adb21,0.85,,,,True
18ee5bd3-8548-47bc-a1c3-1e04edaa4bae,0.85,0.869013249874115,,,False
559dcc9b-247f-4302-a573-b399ba7e58c5,0.85,,,,False
977e51eb-0217-4d89-b80d-f093351cebf7,0.85,,,,False
1eb815b5-57b6-4bae-bc9d-594ec4c9bcc2,0.85,,,,False
11b889e0-84d5-489a-8c09-a4627b8450cf,0.85,0.8912485837936401,,,False
8a25c9e9-001c-4e9f-8696-2473137b4602,0.85,0.8838019371032715,,,False
1932063d-9d1f-4801-8afa-8f27337e1998,0.85,,,,False
0ee9d8a0-3300-48c8-a14b-495b884134cb,0.85,0.9201940298080444,,,False
e761108d-fa22-4f61-8001-8a9ac3fc71a3,0.85,,,,False
3d6279f4-b18d-4439-9929-ab281c23aaf1,0.85,0.8825197219848633,,,True
d5bbb14f-f8ab-48fe-a632-90f67f6eaf62,0.85,,,,False
012b49e3-5f78-4c42-b479-ec18407af3e7,0.85,,,,False
ad8afada-d9e8-4f76-8421-a33f21373b15,0.85,0.8740653991699219,,,False
4a1f97f9-8c18-4560-ac95-0086c687b87d,0.85,0.8740940093994141,,,True
f2953d92-e340-4709-a5f7-a51d96c2458e,0.85,0.8782274127006531,,,False
658b6e7f-d867-4959-a145-a9c848b9061c,0.85,,,,False
a89bbd60-1baf-4b0c-adb0-f7180128c368,0.85,,,,False
1bff13a9-34e2-4f4c-be09-03767d99174d,0.85,,,,True
f5b0fe91-e8cc-4cd8-9422-2a008ba9e82d,0.85,0.8885342478752136,,,False
93ed3d03-3a5d-464f-a915-53591b132ff0,0.85,,,,False
fc2687ba-5627-4b9b-9b5e-2896bb64fb8f,0.85,0.8660498261451721,,,False
c46bf301-f15a-498b-9df1-7f1208dc5d3d,0.85,0.8860266208648682,,,False
15133290-7790-4e41-bdfb-f89c6bd4ecdd,0.85,,,,True
c645bbe3-dc5c-446e-b96a-b3088b203382,0.85,0.876099705696106,,,False
7fcaef9a-27b9-4bdc-b843-7f4d4308f71f,0.85,0.9036825299263,,,False
d8e8889d-06d0-4703-8378-e698ce83646e,0.85,0.9033060073852539,,,True
5791c5a1-c0d8-4575-9114-77704f255e58,0.85,,,,False
31f5dd9d-f947-43b2-b134-ae0ca83422ea,0.85,0.8779995441436768,,,False
f2361afc-0399-428b-ad2d-d8a1ac815f5d,0.85,0.8709184527397156,,,False
1047290e-04a2-48da-90c9-196ad35ac789,0.85,0.8852738738059998,,,False
9568f781-fe1e-466d-847d-7e86db0bdb97,0.85,0.9522981643676758,,,True
c4a8279c-cdcb-4974-882a-aa670ef41a22,0.85,,,,False
9084e374-5dca-4b56-bb97-89a74912fb81,0.85,,,,False
0aa5c330-87a4-4a42-89cc-2881a25c9989,0.85,,,,False
b0ccc820-401b-494e-9823-dfca13a99aee,0.85,0.8929810523986816,,,False
6ec62140-e6df-46f4-9ce0-caa8f4e33489,0.85,,,,False
8465a2bb-aa4f-41dd-b673-9dfd02b426c3,0.85,,,,False
aefd5352-584c-4d35-b2ad-fed1baad3998,0.85,,,,False
861ae493-a05c-4ffa-8d0e-6a9051622b3b,0.85,,,,False
e53aab93-a338-4c88-8ecc-45ea87af8d4f,0.85,0.8696081638336182,,,True
edef48bc-f980-4b32-b94d-6356ece213af,0.85,,,,False
9037877e-4b40-44e0-9b69-679eb9101ae6,0.85,0.8630552291870117,,,True
107d084f-39f0-4184-8504-aac674aac0c6,0.85,,,,False
64441909-3853-443a-b679-f6c4910b385b,0.85,0.8830862045288086,,,True
24786bb6-6dd5-4f32-9ace-cfe6dc17642b,0.85,0.9007211923599243,,,False
9d8854f6-004f-41dc-a906-e4ce052d6cc4,0.85,,,,False
6752bd95-3efb-4301-aef4-8ee7d026997c,0.85,0.9401751756668091,,,False
33b49eb5-d4e3-43bf-a505-5d31c84e3645,0.85,0.8568295836448669,,,False
10d1b5c9-af9b-4e92-b4ae-3ae793d56176,0.85,,,,False
f61d851c-588f-4b3e-a3bf-4226f6f9371b,0.85,,,,False
00f1eaaf-6ffc-4d7d-9fc3-998bca7fe69d,0.85,,,,False
5cda83df-574f-42c3-bfdb-2cbfcc7dcb02,0.85,,,,False
f1d8ba2b-8bdc-46a0-94c9-177ec5f9bf4a,0.85,0.9290931224822998,,,False
ecf12fa7-b584-4bfc-8cda-2a67019f7b6a,0.85,0.9814140200614929,,,False
989d3af4-a127-414f-93d9-a07e9ee32b5c,0.85,,,,False
fa5c9656-2188-4332-904c-b78109346d1c,0.85,,,,True
0a5299db-c8da-4ef2-93c3-42fafc8338a7,0.85,,,,True
f420e302-1738-400f-9a48-8ffc52f4db3f,0.85,,,,False
255a544c-ac54-426a-bc70-af15f65246f0,0.85,0.8934653997421265,,,False
22d8e949-ec78-4c83-95af-50b932a5bbed,0.85,0.9545091390609741,,,False
ebf664aa-b10f-408d-b6b9-efa7b3e323fd,0.85,0.9081486463546753,,,False
0892a0ac-eae2-4c1f-b52a-17b92e3feec2,0.85,,,,True
36bdf3e7-2898-4052-a074-6f233928cd29,0.85,0.8825029730796814,,,False
602d28e9-4f42-459c-b13a-2e28ca1e65eb,0.85,,,,False
f08c5f30-9dfe-431b-86b3-d20c831e283f,0.85,,,,False
bae1969b-a956-47bc-bd0a-1bd2a91739dc,0.85,0.9335994124412537,,,False
56f0888c-941d-4e40-a239-927cfe5c58bb,0.85,0.8987704515457153,,,False
30b6e4c7-04ca-4bb2-affb-2cadc26c3126,0.85,0.8833652138710022,,,False
a70894f1-d724-47cb-b910-f63c16a2aea5,0.85,0.9566398859024048,,,False
bcff3f76-fb5d-4677-a038-43578e012d2f,0.85,,,,False
2fdf4ca0-33f1-4ad2-92e3-0b859f111d89,0.85,0.8942167162895203,,,False
3180f501-f18e-444e-b96d-b3c320143cd1,0.85,,,,False
2a4a6ed2-b225-4586-a6ae-21b729ae8850,0.85,,,,True
c6c914c8-eb8a-472b-9e9e-962ca94ee937,0.85,0.8622220158576965,,,False
4042af03-19e3-4cb5-a99c-977d69d6860c,0.85,,,,False
523a93e7-3787-414a-a1e3-42b47c785a3b,0.85,,,,False
381295d4-39bf-445e-b00d-9c446bd45597,0.85,,,,False
955091b2-5a14-4667-a0f7-2b04cd4242c1,0.85,0.8514973521232605,,,True
dd978716-b58b-4abd-8f50-3c8fa02e80c4,0.85,,,,False
58423b0e-1f3d-43c1-9240-9b5de7e740ed,0.85,,,,False
b4166d9c-93b6-418c-842f-0c8c87c4c30e,0.85,0.8705151081085205,,,True
75835f81-8979-4739-bdbd-38d38d0c0677,0.85,0.9135648608207703,,,False
ffd09967-ce17-4bdc-85bf-1a06eed4fd60,0.85,,,,True
2d703a8d-ae81-4907-884e-49b63c6f1860,0.85,0.8935115337371826,,,False
6ca07396-771c-49e1-b586-d915ae4451af,0.85,0.8639150857925415,,,False
e3367505-8243-496d-b530-15954a92f576,0.85,,,,False
c952acb5-7589-4ea6-85d0-2785b5c67fe1,0.85,,,,False
8da2c411-8b1b-4a7d-8501-3ac708765241,0.85,,,,True
12114592-a622-4971-9d18-e02d3fe313e5,0.85,0.9599190950393677,,,False
2fad65ab-c82d-44c7-9ce1-574ed59b798f,0.85,0.9189592003822327,,,True
4948fa66-11be-4eae-8639-7f034630a80f,0.85,0.927203893661499,,,True
3565c4a9-b282-40cf-908f-4b15e198e00e,0.85,,,,False
0135900e-f501-4706-b7bb-0ae92b177963,0.85,0.9193878769874573,,,False
115fb9fc-0304-4169-9875-56485b71e268,0.85,0.9247241616249084,,,True
19a5e9d5-b0ec-40d4-bb81-7938a85674b4,0.85,,,,True
1cf95d45-f2b5-43e9-b02b-43f0d2d691c4,0.85,,,,False
a2f2a24c-4c15-40a7-b6d9-83e0dbe624f6,0.85,,,,False
df448101-d20b-42f2-bd58-021546c80164,0.85,,,,False
05ec14c4-d275-4acb-a30f-02b222781851,0.85,,,,False
b486720f-4a40-40f3-b92d-0be34700b87f,0.85,,,,True
94a7d7bd-e91e-4371-a5f0-f492673264ec,0.85,0.9020416736602783,,,False
126af51b-191e-4f8e-804d-b2eeb96c61fa,0.85,0.8529963493347168,,,True
a6ca27fa-dda5-48d1-ac1e-6684c73b60cd,0.85,,,,False
89d303a1-9ede-4ab4-b843-aa029e9581c6,0.85,0.8611462116241455,,,False
49885f48-9a59-427b-a3e5-2108e88d6847,0.85,,,,False
f32308d8-beb9-41fd-a7cb-885f5748d0ce,0.85,0.8633513450622559,,,True
0d093c20-6fcf-4212-b7f6-d4c880f3cf20,0.85,0.8895608186721802,,,True
631c87b6-a5d3-49f0-9e9a-31cbe4b4bb5e,0.85,,,,False
39172620-98e4-43a6-bc50-b613e947d4a7,0.85,0.9000888466835022,,,False
e42973db-9ecb-49f6-aa7d-6bb6324ddaa9,0.85,0.8587487936019897,,,False
107bb351-4805-4289-9c93-9f621fde33ec,0.85,0.9228485226631165,,,False
f29d407f-01a8-4165-b790-1bea6a57a929,0.85,,,,False
06b17d14-9a7a-422b-815b-e019f757cfcb,0.85,0.8686196804046631,,,False
06df163d-3a96-42b3-b2b7-caacf2677d82,0.85,,,,False
70675ace-135c-401e-a5a7-4b1aa57fa403,0.85,0.8791896104812622,,,False
d91e7f33-6115-4fbe-aa6a-d6b3ed56f989,0.85,0.8787765502929688,,,True
c16103dd-7e52-4896-a512-e645691c481d,0.85,0.8978918194770813,,,False
54458f53-0feb-4a10-bcc3-a69aade7d8ad,0.85,,,,False
692ed544-9f97-4676-be1f-654b367de2f7,0.85,,,,False
f536d72d-7f99-480f-b603-2a85a909252b,0.85,,,,False
399f17e7-f054-4a43-b6fc-fc436018d8a2,0.85,0.9339731931686401,,,True
5e71636b-08f4-49af-9357-98046e547165,0.85,,,,False
c28b82cc-d938-4035-8e24-f316d41bd554,0.85,0.8824658393859863,,,False
5a3026e6-f204-4459-9c7c-aab30a186a2d,0.85,,,,True
9bf3fdd3-0939-4c8b-832f-445d0162b9d2,0.85,,,,True
67ad0b16-ab57-4db6-9480-357b21601ef0,0.85,,,,False
8b19272f-2606-4c5c-9711-f26a52da1ea4,0.85,0.8608843684196472,,,False
fbe49eb3-3208-4f6f-ad1a-3f91dcd7810a,0.85,0.8738188743591309,,,False
093c3232-de44-4aef-87bf-67bda9e67a28,0.85,,,,True
80121a31-59fa-4f0a-a096-18f99b219018,0.85,,,,False
54436340-4bb7-492c-b222-f3d64b285c9a,0.85,,,,False
d1230263-3784-47be-965c-f416ad994aec,0.85,,,,False
dd1eeee0-426a-4250-9d62-1bc8b12daa49,0.85,,,,True
2ca4366c-3498-4597-bd05-7e898d9a5525,0.85,0.9250181317329407,,,False
e5c5635e-f7eb-4851-bc63-1b906fc2ffa2,0.85,0.8757776021957397,,,False
344e2bd0-dd43-4c07-8426-cd288a0c3ba4,0.85,0.8846284747123718,,,False
1ebe09b2-ed11-4c6f-a1a2-7b0bc828e905,0.85,0.8554073572158813,,,True
868c73b7-afd7-470c-8c25-e5a89de9e319,0.85,,,,False
86328032-288f-45e2-8acf-1f6a777c21d7,0.85,,,,False
1f70852d-c3f8-421b-a5ed-a0665fd267c4,0.85,0.9122355580329895,,,False
ffa60a68-4e5f-4eb0-a3f3-76d9ce4a4a58,0.85,,,,True
ff88ecd8-154e-4cfb-b011-39f3aa12b1ca,0.85,,,,False
dc897c36-d9dc-46e1-b070-21cb98874c47,0.85,,,,False
37e6c1a0-d7f7-409b-94fb-c74de60a126c,0.85,0.8693893551826477,,,False
2a36c0e0-b425-4d3c-9220-c29ae77cc572,0.85,,,,False
6778ff2c-355d-4a22-bb6d-050213b704c0,0.85,0.9247776865959167,,,True
98abd129-264b-44c4-a6aa-b8d9dbd5b338,0.85,,,,False
5f704df1-923c-4e6c-ab22-d89279eba2ba,0.85,,,,False
f506661b-c883-4b87-b7b3-ad2d9a4e663a,0.85,0.8671702146530151,,,False
75433b30-1ba6-438a-872b-25abf353d888,0.85,0.8579310178756714,,,False
39a032e7-db15-4db0-834c-8107c29ba403,0.85,0.9311387538909912,,,False
5df8814e-129f-4dd2-bbfa-a368320ce63f,0.85,,,,True
d01368db-fe97-4544-8f95-d5c6eaab8187,0.85,,,,False
0258fa51-a73a-4da6-b28d-919aa241bcfd,0.85,0.9283108711242676,,,False
315f4712-1076-482d-ae7c-a8fb4c7f6397,0.85,,,,True
d31ff034-329b-4ece-bb55-8d4451b62035,0.85,,,,True
180f7629-438f-4af0-b145-e72b660b534e,0.85,0.9333546757698059,,,True
645473cf-72e0-4cce-abd8-3ba6d7778207,0.85,0.8661463856697083,,,False
c75e979c-d960-462b-991a-fc0bcafe8f98,0.85,,,,False
4890a30d-c736-4630-b672-ebee9adbe42f,0.85,,,,False
5df6498b-1131-41e5-beef-f85d8c5a4e58,0.85,0.8558046221733093,,,False
b70f8675-a6ea-4ad6-8ea3-f942618c4e07,0.85,0.9049457907676697,,,False
b3bb80bd-18f6-472a-bed5-14752c7e22c2,0.85,,,,False
b2fd1735-8d23-4c71-a0aa-b867ba6de7b1,0.85,,,,False
d028fe87-c7a5-4fea-b844-42788d0a05b3,0.85,,,,True
a57f25f0-879c-40c2-a5d1-12b3b4708591,0.85,0.8686332702636719,,,False
22e94e9c-7086-4413-bf13-a7a1b1963f3d,0.85,0.8697695732116699,,,False
58ff0248-d567-44ce-9634-f32a709a35fa,0.85,0.8977048397064209,,,True
fe020376-e72b-4422-9144-6f5ff20f4ce3,0.85,0.8663462400436401,,,False
d0b668cb-587b-4613-a7f0-85cd4ddaaa2c,0.85,0.8898853063583374,,,False
064838ca-71ba-4734-9de8-7a644f1129f4,0.85,,,,False
06fa290f-819d-4d54-a943-e67b3f6a3693,0.85,0.8895626068115234,,,False
a5e9f2cd-a736-4c51-b68b-19bf9aebf1d5,0.85,,,,False
98d47c4e-36f5-4388-a865-9f3f25f36e91,0.85,,,,False
64756ba1-a9da-42fa-affa-5e5bc1412d7f,0.85,0.8866909742355347,,,False
7c06e9b5-0f4e-4d91-8349-e216fa27e2af,0.85,,,,False
1388bf94-7dbd-4a3e-9bc3-e4908ebf1c93,0.85,,,,False
93f6c9ab-db4d-473c-8709-11430e7447ce,0.85,,,,False
870a3205-c9e1-4fe6-8884-3990b71f95c6,0.85,,,,False
1d874793-2b57-4ead-8934-6ae534b0298c,0.85,0.8583784103393555,,,False
a732d49f-1dfa-40e5-ab4f-0046593609ea,0.85,,,,False
f66f1332-d23f-41ce-8b4d-89d0acf83e7e,0.85,,,,True
4c72ffca-1041-4a5f-942e-cd26ba9fbe5a,0.85,0.8711589574813843,,,True
6fedb7a5-f589-4e33-a799-5b86eee5f92e,0.85,0.8765650987625122,,,False
fd91e45d-9138-44f2-ad7a-5bb4ff4cb06a,0.85,,,,True
b38372de-7ef5-4078-b429-0e58223e9120,0.85,,,,False
02561cf5-e521-40b6-a380-b42d5a71dd40,0.85,0.8610094785690308,,,False
0e788abc-53fc-4f0b-8a76-a800b1fdf2f8,0.85,0.9879737496376038,,,True
4d8670b7-9686-41f5-a94f-1241659ca340,0.85,0.8892068266868591,,,True
0fb7dd32-ebca-4777-903b-4781e845db27,0.85,,,,False
aa783b95-b55e-4355-a2f7-e54d98a93866,0.85,,,,False
139706b8-622c-4011-9a52-b65502bcb7ef,0.85,0.8574700355529785,,,False
06be5d31-e70d-4f28-b59e-cc01ca34bae9,0.85,0.9647444486618042,,,False
f889109c-9677-4ae8-b5a6-3f3d945ec0a8,0.85,,,,False
fd38ed47-a950-4250-9925-aba649d11257,0.85,,,,True
526b1b62-ea82-46cc-ae49-df3757c5c40c,0.85,,,,True
1cd3d920-848c-460f-bd57-8e98087f27d0,0.85,0.9129493236541748,,,False
be1a2c88-0d78-46f4-9fb8-b6e3e0cf8363,0.85,0.8794406652450562,,,False
75997540-dfc8-4892-a97b-9fef49afefa3,0.85,0.8684878349304199,,,True
fcd3d73c-b698-41f9-b2c9-e792073cf3ec,0.85,0.86728835105896,,,True
cd136010-3c29-4c1c-bf8e-a34065e11748,0.85,,,,False
35f808af-03d4-4bb9-b9f4-6f2648d4fba0,0.85,0.9181333780288696,,,False
713b575b-2d9e-49c9-8583-56209df39540,0.85,0.8666915893554688,,,False
959d2737-95be-4e9e-a8af-5b56b1ce726d,0.85,,,,True
d914704b-e72c-4d47-99b7-e8b1b415c6de,0.85,0.8622885346412659,,,True
f4f80bb4-d780-4466-a823-b76c6b113e6f,0.85,0.8617960214614868,,,False
1a3624e4-e846-4d00-a493-e3f56e8dd133,0.85,,,,False
8d862d3e-5946-4207-b9e4-989a9724e3d4,0.85,0.8606225252151489,,,False
7ed81e38-5204-4035-8db7-c3162371857a,0.85,0.898680567741394,,,True
97813dd5-a365-4b2e-a68b-804953985351,0.85,,,,False
1f306436-ba28-4354-b77d-7143d037d45f,0.85,0.8620379567146301,,,False
f7041314-7ddc-43ad-bf3d-e6d92f6b21cc,0.85,0.8781676292419434,,,False
7efef704-485e-44b9-b5ae-fd97aae98c5a,0.85,,,,True
434240ad-9506-4b2d-83db-6b06c571d8cd,0.85,0.8596937656402588,,,False
c620d3cf-f241-4b41-b7ff-1ecd4a6ff9a6,0.85,0.9136397242546082,,,True
a32361d0-7f72-405a-9413-b223c5a3fcd6,0.85,0.8507720232009888,,,False
abf30687-dd6b-4260-a02e-e30092ddfd6d,0.85,,,,False
7a107a90-c1d9-429e-b2c1-568acce22d9b,0.85,,,,False
7db4c690-2921-4912-9b98-d3bbd2038150,0.85,0.8521499633789062,,,True
75e55506-ce6d-4ee9-bcbf-c3ac3a472a08,0.85,0.9331094622612,,,True
4c523c5a-e537-46e9-8b3f-3c2ed7124154,0.85,,,,False
81e514f9-45da-4fc2-8ad6-42c0c0fb824e,0.85,,,,False
91ce12b4-0040-4c0a-85c3-f637680be679,0.85,,,,False
568eea5d-4537-44dd-aa86-2210a7910963,0.85,,,,False
5e04bcef-3a85-454a-9c9a-3fc5452c45ad,0.85,,,,True
5ad9e1a9-6f28-4871-97b2-e9e60083f8b5,0.85,0.8726603388786316,,,False
f921e91d-778d-4276-b3c0-56dc48616d5a,0.85,,,,False
a8cbf016-84b3-45e5-b21a-04e4b6382df4,0.85,0.883206844329834,,,False
50fb7164-a78b-473e-88b3-ca576375dcea,0.85,0.852221667766571,,,False
1b446866-f7f6-432a-86cd-41f2fa5dbe2d,0.85,,,,False
3aaec329-4ba7-4901-8f11-d9dc30afe717,0.85,,,,True
074727a7-2637-4bfd-9193-19dddad31957,0.85,0.8810290694236755,,,True
9442c511-3dc6-4797-90de-9a51e76e7382,0.85,,,,False
b7a1eac2-0588-4760-b7df-5bca8717d17f,0.85,,,,False
8910ed94-1c04-443b-b21f-dac4cc453e98,0.85,,,,True
e27fcd2b-0d86-4594-8201-ede7e68f016f,0.85,0.8899862766265869,,,False
48a1f5a7-1294-40be-b073-94b841eda09d,0.85,,,,False
9fff1510-916e-417f-8811-82fffe565a2c,0.85,0.8680711984634399,,,False
2caaae7f-2863-4674-bba3-a7674697b153,0.85,0.8844966888427734,,,True
47bf603e-1ad3-43b5-8248-5572dd1cb660,0.85,,,,False
97da9c2b-9fd5-4bc6-9ae8-41addabccf75,0.85,,,,False
e6e33529-dcb2-4201-84ff-33078d4b7354,0.85,,,,False
f427bae8-6648-477a-be83-84d69c4aa52c,0.85,0.9363345503807068,,,False
e9d17a68-2ddf-4bae-96fe-de272c85fc6c,0.85,,,,False
30af8372-14e1-447b-8abe-015d8d665ea3,0.85,,,,False
57dc5986-e8a8-4831-8052-209a6f2f8b78,0.85,,,,True
0fcf50ee-a676-4a70-9302-4d6b577bd4ee,0.85,0.908304750919342,,,False
8ee64cea-5bfa-4e4c-aed1-fde2e94abdc6,0.85,,,,False
fa7884ca-ca65-4af9-9662-3523f0379cba,0.85,0.8941769599914551,,,False
44e15037-2394-45a2-924e-d0753a0d7566,0.85,,,,False
2ccdefef-478b-4422-830f-092cefc6600d,0.85,0.8836747407913208,,,False
8931384c-c9f5-4ca1-b0c9-c224e9a5cd8d,0.85,0.8500671982765198,,,False
1a4c7715-ceb3-4398-8e47-7b588ee09c3c,0.85,,,,False
9a7c9a83-a6c6-4421-8425-46770d5cf237,0.85,,,,True
3111ef22-efdf-4101-a203-e81626268d30,0.85,,,,False
dc474cdc-bf0c-4f91-bcae-57918245f535,0.85,,,,False
02958e50-cf14-4056-aa78-dc83ef4e8842,0.85,0.8772534132003784,,,False
d2fd65ec-3f51-4fcb-bdaa-f444e263322b,0.85,0.8785931468009949,,,False
d2e7dd9a-e048-492d-8f30-aeded33470e3,0.85,,,,False
48adb757-14d8-4dab-9aed-639e0e07a412,0.85,0.8828634023666382,,,False
9669fcb6-a86e-49d7-83e9-48fa152da3c0,0.85,0.8840909004211426,,,True
46a0f935-5082-43c3-a403-68ee98a1d67f,0.85,0.894051730632782,,,False
dd3f881d-1d70-4e8c-bb51-d9b7006e6217,0.85,0.8637661933898926,,,False
b8268adc-10a6-45e4-a243-fe221d9d0d9c,0.85,0.9130944609642029,,,False
e5ed1c0d-242f-4fd3-9d84-c027aa149fe6,0.85,0.872660756111145,,,False
3f1e00d5-1aad-4318-8762-8ce45f302e7b,0.85,,,,False
d340d6eb-ab8f-43cc-a869-91232b7e5762,0.85,,,,True
9b4d3ee1-631f-4f65-98b7-7f9052a4b731,0.85,0.8614169955253601,,,True
2ec19aa2-fcff-4da9-b7dd-671516e93495,0.85,0.9380897283554077,,,False
c6b3e2c9-39bd-4772-a127-ee6c230f8fdd,0.85,,,,True
e874d87b-f3f3-49a9-af92-9096823fa97d,0.85,,,,True
b3a288a2-3dfd-4894-bc95-c03400195196,0.85,,,,True
783e5407-368a-4ce8-bece-49cc7915cc1e,0.85,0.8802146315574646,,,False
d8e51921-034e-437b-900c-b4b475da8b64,0.85,,,,False
c1069aed-ac41-4bd6-a3cb-5862c5ff1936,0.85,0.9227747917175293,,,True
3d1f4792-73a5-40eb-82fb-948d559fcbc4,0.85,,,,True
2a3c064e-8507-4e8a-86a9-4b0342ad8eb5,0.85,,,,False
07d12246-5d0b-4cd5-a682-9d432616c618,0.85,,,,False
bf730b59-0a1e-46d4-b43a-a26896f7eea7,0.85,,,,False
4ea72243-5122-4627-af5a-07ebe86388b0,0.85,0.904471755027771,,,True
c41e2788-ba4c-4010-b432-62a151ade5e5,0.85,0.9200911521911621,,,False
a93f26b8-fb79-4595-927d-75acfcbeda43,0.85,,,,False
ad6cfa89-0c80-4d9a-bf0b-f035a80e065e,0.85,,,,True
f2bd35ff-2432-438e-b38a-c96b03a020ac,0.85,0.9026824235916138,,,True
e279a2e3-453f-491f-8a3f-a449eb1c6977,0.85,0.8515172600746155,,,False
51dd8c2a-5df1-4474-a9e7-afa5bf8eff33,0.85,,,,False
2cb150ad-d605-40b2-98ce-7712920b68a4,0.85,,,,False
8a29dd20-8d96-47cc-bbe9-40eea0aaee75,0.85,,,,True
5dc4d943-4941-42a0-bf9e-d9c348a8502d,0.85,0.8967642188072205,,,False
48f054ac-bc05-4e34-9331-313b62c172d6,0.85,,,,False
da633bcc-3424-44f0-b176-5a968120d9f8,0.85,,,,False
62425a2b-8ef8-4500-abe0-1d4c394bcc19,0.85,,,,False
994540ff-4733-4894-8772-ccbf54c88c81,0.85,,,,False
29401d91-02c9-4dac-b1a0-b1c55a3ae349,0.85,,,,False
a934ff08-ee67-4733-9edb-7400c24c4354,0.85,,,,True
440c650f-c0b8-4cc1-a695-e165cf8da32e,0.85,,,,False
4a9ec1ed-46e0-4f1d-99a3-00a82685013e,0.85,,,,False
b3345957-b034-46b7-86ca-694892b109f3,0.85,,,,False
873419a9-d9f6-48b1-b1c6-fb6722cdd054,0.85,,,,False
a72f1060-ee4c-49b3-a849-6af18422c941,0.85,,,,False
dad8a421-f9cc-4007-9c8a-1b670307179b,0.85,0.8907586336135864,,,True
1f312f92-c173-4759-b811-74246ab627dc,0.85,,,,False
43ffb919-1b9d-483c-b9dd-ccb7620d5533,0.85,,,,False
a77b9156-9069-4b77-bbaf-f683db694791,0.85,0.8567076921463013,,,False
bd571033-289e-4532-aff7-c128dac934d3,0.85,,,,False
5cde8a29-65a9-4b8e-8637-fe6bc79b7a26,0.85,,,,False
2546db5d-0dd1-417a-9bc1-890691691624,0.85,0.9478451013565063,,,False
4d47d3ec-0d50-45a1-9df6-007f8a1133ec,0.85,0.873625636100769,,,False
99a2faeb-48d8-436f-92bd-65f99ab5abef,0.85,0.8667957782745361,,,False
78faf217-39eb-4a48-b180-d328e068c1eb,0.85,,,,False
d6e268e9-495d-41a3-8b3f-8420a0e34f79,0.85,,,,False
2173ce11-4302-44ed-ac6c-8ded1fca629f,0.85,0.8558350205421448,,,False
c897bf24-8d8a-48fa-b94c-394b3318132d,0.85,,,,False
bd0e6ee1-bf7f-4c63-93ca-4e43568de8b4,0.85,0.8873804807662964,,,True
1f45c697-91fc-430d-b97e-ba6e92987490,0.85,,,,True
e42fbff5-dcd3-46d4-9575-44affc473dd1,0.85,,,,False
deb1c28c-03c7-4eca-9352-2612e103dc91,0.85,,,,True
37441ea5-4c5d-4788-8294-916653b8b296,0.85,,,,False
98a0c645-3828-42c1-b1ee-bd1503fb25fd,0.85,0.8796430826187134,,,False
03ae6dd4-d799-4d3f-afa6-a55ee16bf7ac,0.85,0.8564896583557129,,,False
c3e0fd2f-4d9b-45ba-9df6-6a8c706054e9,0.85,,,,False
7b59e6d2-82c6-4233-bd33-587f73628c4d,0.85,,,,False
cdd0eb8a-55b4-42f4-947c-3856d5cf9d80,0.85,,,,False
85b0a4f7-e6dc-4abc-b440-91dafaf021c9,0.85,,,,False
fedb81ab-6c3c-464a-b4b6-e405b4f7b8c7,0.85,0.8701303601264954,,,False
d10e1dff-f587-4912-a687-4a12fc06b507,0.85,0.8961949348449707,,,False
d0519d3e-d50f-4729-b2f6-e0a6e1f3242a,0.85,0.8946704864501953,,,True
07176e77-b17e-4250-a090-fc2d4eb69eae,0.85,,,,True
408633a7-7a49-4335-bf06-9eb70bbe32c4,0.85,0.9416633248329163,,,False
348d0941-6d8c-44ed-b5e1-3f0e85150629,0.85,0.8748100996017456,,,True
350ce8d2-bdd0-45c1-af17-79ae9aee575f,0.85,0.8722859025001526,,,True
0cfc1b09-ce8c-4f39-b88c-9b223b4333b2,0.85,0.874549925327301,,,False
dc09dbc8-cb95-4027-9baf-c2e7e17add6a,0.85,,,,True
70f88fb4-8d40-4f35-bde5-02de13fcf293,0.85,,,,True
adaf4fac-756c-4275-83dc-91f78e51492b,0.85,0.8698799014091492,,,False
ca877244-6256-4898-ac5e-9d28751dcd22,0.85,0.8996108770370483,,,False
5595fbc1-18ae-4689-8fc8-71e82414c37c,0.85,,,,True
7c4cdccf-a803-4e22-bae5-b07bbff5f11b,0.85,,,,False
a846d1c5-393a-490b-8f60-86b0e930afc2,0.85,,,,False
5bbb1e40-cabc-4681-b2c9-05ea4629f09b,0.85,,,,False
686e098a-9b6a-47b2-a62f-84f91d06a6d3,0.85,,,,False
cf66ea6e-350a-4d42-a91c-72d299e4a861,0.85,,,,True
6b6d34e8-c8f3-4a7d-90f4-a56c727ae253,0.85,0.8865549564361572,,,True
ad446869-9a9e-4622-8ad5-fa11b7a5ac36,0.85,0.874203622341156,,,False
d56808ee-5698-4192-a1df-d49202a67226,0.85,,,,False
9de7ce37-4f0e-4ffe-a75d-6ca40ef28807,0.85,,,,True
cf32e224-9962-410f-a2f6-54b9d26c6751,0.85,0.8596673011779785,,,False
33a87c7e-9fc4-4899-a562-45cd1a979da6,0.85,,,,True
4da80641-c360-4208-be83-ba5eaa11e0bc,0.85,,,,False
659fec67-2c43-42f1-aba3-4665c93dd7ff,0.85,0.8585361838340759,,,True
f319d7e0-5577-461e-914b-f0b66319d00c,0.85,,,,True
e1c045a5-fd27-4616-abd9-48f60b50461d,0.85,,,,False
e905b3f7-c4da-46f2-8b78-a8b9d19149b3,0.85,,,,False
2cc0c51a-595b-4f05-b4fe-88cef9d86ad7,0.85,,,,False
6fe39e80-37f6-4a50-9468-ffeae38f238d,0.85,,,,True
d9c06985-37c3-4c32-8b66-09f334bc6f76,0.85,,,,False
fa6614a6-0999-41a1-a38b-c9d23c551eb5,0.85,0.8759151697158813,,,True
a8941e90-731d-4f70-945d-58c08476c183,0.85,0.8765348196029663,,,False
43923417-577a-4c22-8af4-e74c1cac6c7c,0.85,0.8604860901832581,,,False
831eeeca-c790-4c3f-a729-41f9ecbcc56d,0.85,,,,False
7430d80d-3ecb-446c-89cd-ac93d783a62d,0.85,,,,False
400e9101-1ba2-48f9-8681-6dc6b63920c4,0.85,0.8592472076416016,,,False
10ea361a-f4a8-4076-b088-e384dea71a8d,0.85,,,,False
c0fb285a-8d0d-43fc-bf06-19782de0c25a,0.85,0.9117497801780701,,,True
472d5e34-3f9e-43df-9e03-33193f543f5c,0.85,0.8603448867797852,,,False
829d58cd-0c47-4b08-8de7-8f32439e5977,0.85,0.8844969272613525,,,False
90614c67-1f66-4bdb-a1bb-9cf67179774f,0.85,,,,True
ff661bd7-0f5d-43cf-af93-83756cf940f5,0.85,,,,False
c894d0e8-8c3f-42f0-977c-6ce9dcb807b3,0.85,,,,False
2c3752b0-f98f-4036-aa61-6bd73d593d76,0.85,,,,False
fc9f5182-cd22-47b2-b043-9e8f65b4afb9,0.85,,,,False
c33c92f3-d168-40b8-bc9b-61a180d9d882,0.85,0.8664728403091431,,,False
2886095a-0c16-43a6-a9ca-305ee53cc78c,0.85,0.8960286974906921,,,False
077103e2-9034-4e52-b003-a8ee8eb56187,0.85,0.8577967882156372,,,False
a229a7f1-ed96-44df-bfa8-5ef806720c5c,0.85,0.8658057451248169,,,False
2a9db9e0-df23-4ca6-822f-478e4c663599,0.85,0.8902983665466309,,,False
a7ac1d3e-9f48-4acf-b599-3541f54b37a1,0.85,,,,False
e11b4972-24f7-4e7e-ac28-b5122d31d9ef,0.85,,,,False
f3312ad7-cd89-4b6a-9b55-d60e539b0f2d,0.85,,,,False
a7010aeb-3358-46ce-a7ff-a2827ceb0149,0.85,0.8822576403617859,,,False
af9fdc16-5c3a-4954-8535-867ce1d83410,0.85,0.9849016070365906,,,False
e8090991-3ade-490c-af43-02c9d110203c,0.85,,,,True
e4339d76-a1fe-4fea-90bc-6a34fe3be693,0.85,,,,True
9e9834be-9d07-4946-81a1-bd0f7f384b50,0.85,0.8599346876144409,,,False
068beab3-e8d5-4aff-b0e1-eb2b660b2388,0.85,,,,False
7d9a64a4-265f-4dd7-ab7d-1cdbb60c2d68,0.85,0.8804190754890442,,,False
34930a25-ec91-4c1e-a164-f08a950170aa,0.85,0.8503473401069641,,,False
83ec4dd1-7813-43bb-bf94-5d6957717b7c,0.85,,,,True
b3fff322-fd81-4f64-b675-c626261f2a1d,0.85,,,,False
0b809c14-5930-4998-9c8e-f875fc8017ff,0.85,,,,False
6bf4d2f1-5264-418f-a77e-3d9343bfddc8,0.85,0.8584034442901611,,,True
7f7916b4-40df-44dd-a722-c190b436db0a,0.85,0.8817834854125977,,,False
fdd6b16b-4284-41b5-8ce4-a4812d0c6fa7,0.85,0.8601317405700684,,,True
b5642a35-32cd-4fe5-a1c7-89dcc30ade4e,0.85,,,,True
c3c109b9-eaa3-4ea3-92d5-ad973b82e1e5,0.85,,,,True
1771ecf2-b570-4e08-93f3-dee6169ced4a,0.85,,,,False
63470f5c-fb4c-4bbb-81fc-454cb0fd4e68,0.85,0.8659775257110596,,,True
9e510952-6134-431e-9e44-be08a576a2de,0.85,,,,False
4f24eae8-32c8-4493-a6d3-e908129e20fa,0.85,,,,False
20d5f4fc-5aac-44e0-9156-7f12ab2ece0b,0.85,0.9276217222213745,,,False
b36d6c8e-4b8e-4073-bf04-37d235814d7e,0.85,0.8626534938812256,,,True
16ebcab8-ae58-45dd-b9d3-2718c37598eb,0.85,0.8628621101379395,,,True
deea244e-9398-4cdc-8436-a1689d522be3,0.85,,,,False
a280e2e5-d2fe-4c4f-bed6-43dc0c889f2b,0.85,,,,False
1e43e469-0d0c-4830-bb85-f894c0c0c844,0.85,0.9312548637390137,,,False
69a84604-7969-497a-804c-e35be604bfac,0.85,0.8990435600280762,,,False
f556860f-a1f4-43b8-a6d8-17ea5bd2dc32,0.85,,,,False
6a51fdef-7382-47db-9b22-086cae4e1be8,0.85,0.8592527508735657,,,False
97d205ee-39f9-49f0-9de8-92c8c78a60b4,0.85,0.8667548298835754,,,True
830db00c-c03d-4c58-b741-232aab91db6e,0.85,,,,False
4943825b-bb34-47cf-9d22-116fbd626e3e,0.85,0.8702945709228516,,,False
4bc7690a-5eb9-4d02-ba71-afdd5616c8a0,0.85,0.8718361854553223,,,False
3de04e3c-0cfd-49cb-9627-c83f4c1190f8,0.85,0.9320769309997559,,,True
86c2344a-a6c6-4203-8dc7-cf10aa61397f,0.85,0.8839512467384338,,,False
0c8e8d7e-0a6f-4b61-add7-6314eb768d12,0.85,0.8544126152992249,,,True
86017112-3d9c-4283-9ed2-681d2b87a2f8,0.85,0.8745650053024292,,,False
22250a62-230c-4870-a510-f30392ad000e,0.85,0.9421002864837646,,,True
a0f093c1-369c-4744-a6be-4bc5bc224a04,0.85,,,,False
f7ac8174-2228-43e3-8326-4bc6a5b13cb4,0.85,0.8809193968772888,,,False
cb4a42c7-1dec-46d7-84bd-3b58ea2b36b3,0.85,,,,True
c6ebee14-b026-478a-bc71-b9ef28c451e8,0.85,0.8687665462493896,,,False
2b0190fd-8f73-4deb-a458-e49e7529fdcd,0.85,,,,False
75cc6827-268a-44be-940a-03a140fc85ba,0.85,0.8590319156646729,,,False
e7f519ba-14a1-445c-897d-f1e35c2a5df6,0.85,,,,False
f0a2a828-9625-4622-ad85-615a7f54ebca,0.85,,,,False
bf86cfce-b03b-48c9-9b4c-5c439facf4b6,0.85,0.8678934574127197,,,False
7c981efd-4b67-42d4-93cf-0d82e947e708,0.85,,,,False
8fe3ff22-81eb-4b16-be0d-3c46dc640e78,0.85,0.8656978607177734,,,True
adf7ab29-2a51-4e16-a102-17ca8d86181d,0.85,0.891836404800415,,,False
ffbe3509-b9cf-40c6-a5a6-e6252609a317,0.85,0.8649852275848389,,,False
31aa28e8-6238-4367-a455-f5f4de9b39d5,0.85,0.8824946880340576,,,True
ad6b7046-bceb-4998-bea0-f53abcdafb53,0.85,,,,False
ee13a054-d150-4ce0-90f2-baac9aeb4afd,0.85,0.8979323506355286,,,False
6a4b7345-faaf-4ffd-ab86-771a1e69f541,0.85,0.8944156169891357,,,False
8e839b14-3d8c-470b-afc1-d439515910c3,0.85,0.8605773448944092,,,False
75f5d3da-de3d-4526-9e28-8ea9a7dad3b6,0.85,,,,False
f5b69d41-506f-45e8-a2b9-adf8bd1ecbc9,0.85,0.8788579702377319,,,False
754794eb-13e9-4af2-ab1f-7a7cc8a58ddc,0.85,,,,False
094eb51d-a0b8-4ef2-a33d-1b5e721d40ee,0.85,,,,False
ee0938c9-0b94-4a83-a8df-25494c1dc837,0.85,,,,False
4562f822-8236-4301-ae87-a2e8feb82b7e,0.85,0.9767184257507324,,,True
6115ba6f-3a25-4125-ba6f-34811551e596,0.85,,,,False
468570f3-1715-4510-aa7c-049068fb2124,0.85,,,,False
e559b2da-35fe-4027-8758-7397b91a2402,0.85,0.9166686534881592,,,False
e5ed7863-5140-4d5a-a076-8eb4d04699c3,0.85,,,,False
9e84414b-61c5-4196-9e99-e2771f55fbd5,0.85,,,,False
475ea259-014d-42d0-8a86-e3431f52b6a8,0.85,0.9330085515975952,,,True
14867c28-ae33-48a4-b7ed-ac46275d156f,0.85,0.9093014597892761,,,False
0761b562-4d06-48c1-8558-f7f1bbc297bf,0.85,,,,False
bd345fd7-29e3-46e4-b2ed-701c62accc22,0.85,0.8991769552230835,,,False
4dbfa669-946f-4a55-9874-f1ccda0edd9f,0.85,0.8599808216094971,,,False
84709fa9-9a0d-4416-a03d-4868c590197e,0.85,,,,False
30032c19-8140-4d8e-bdd2-3ba966f5f973,0.85,0.8507362604141235,,,True
2cffdbac-b0ba-4eb0-ac44-3924e39ff9e2,0.85,0.9041751623153687,,,False
46f1be49-0568-4241-befe-8ec4f73ec126,0.85,,,,False
ad774e5a-6966-439f-88d0-82691e20fa83,0.85,,,,True
0b084463-eb75-498b-a568-e64261edbc5b,0.85,,,,True
abe38263-d17d-484a-af1c-0a87b2f6399e,0.85,0.9065804481506348,,,True
d06dac69-3754-4870-873f-1cc43d8932ba,0.85,0.8505949378013611,,,False
b5160b82-b9b7-4995-a4aa-a6b497a20e6a,0.85,0.8639034032821655,,,False
8ef4bbc1-c154-4640-ab2e-d8972ab5b60e,0.85,0.8619171977043152,,,False
fb386fe5-8bc5-4aa4-8b2e-f48c1c58e7e0,0.85,0.8794169425964355,,,True
0ef5669c-1ab9-4315-a382-8426722fd62d,0.85,0.8991443514823914,,,True
04ad6bab-928c-4111-a155-9dc2543b1be4,0.85,0.8910894989967346,,,False
9e582415-a3f7-4335-98ae-0f64ec6ffc7a,0.85,0.8637574911117554,,,True
c4969ca1-2a91-4dad-958f-c97fefa876c6,0.85,,,,False
00ed5490-f1da-431d-a8e4-140052e810ed,0.85,0.8888660073280334,,,False
90884448-46ae-4765-932b-e68649c4839d,0.85,0.8820260763168335,,,False
b9129da5-8921-450c-b628-ef5f42d3484b,0.85,,,,False
5cdd7f46-211a-4e49-8300-1d957f5bc777,0.85,0.8850796222686768,,,False
b4befdec-39b4-4e6c-8d4e-caf3fe0c6ae2,0.85,,,,True
d4a362ef-8c99-4fcb-9255-ef6bf4dcfec6,0.85,,,,False
edee056d-e196-437a-bbbc-f5146d3abc2f,0.85,,,,False
5417be18-f634-48a7-bb7e-4d1148721c8c,0.85,0.9341191053390503,,,False
2ed29baf-2d1b-420e-8daa-4c3e591d1a5d,0.85,,,,False
ba5c58a8-0fab-4e76-810f-dae3591fa308,0.85,0.899446964263916,,,False
c7fe26d7-08fb-4a91-a901-1398e951c66e,0.85,0.8619393706321716,,,False
463bd1b6-862e-4232-a2f1-ddd90c284066,0.85,0.887634813785553,,,False
fa7675e2-eddf-4b47-97c5-daba2c7b59b5,0.85,,,,False
4be4c0b3-b504-4393-93fc-72e1181d34f6,0.85,0.8770625591278076,,,True
9c353556-1002-4b81-9161-d25963e0c3fb,0.85,0.8801870346069336,,,False
5d668bd8-f421-4451-8ba6-84fdb4ed325e,0.85,,,,True
13c6cab4-8171-4c04-b130-eb406a15e3f0,0.85,,,,False
6358c3df-f0ef-450e-a4df-48d1ada9a126,0.85,,,,False
fcac3373-e01d-4f53-9d2e-1f0a6065947f,0.85,,,,False
6fddb079-2810-4d74-955a-1ce3d1b5db38,0.85,0.8742125630378723,,,False
b4f8a4dd-59a9-4509-bd48-573f5aeb7352,0.85,,,,False
b416da23-f323-44b5-ab7a-c27c385ee41a,0.85,0.8649528622627258,,,True
98558f0c-7b32-4359-a0eb-086f3e59955b,0.85,,,,False
d11d2810-2049-43df-a787-4fd3df590714,0.85,0.8812370300292969,,,False
2cc09845-4ddb-4533-ac0e-10ea6d5337a6,0.85,,,,False
3b3f7df5-4162-4aaf-b5d8-4bc071b4c384,0.85,,,,False
bd5fb169-6371-430a-8014-8bb5b8a9139c,0.85,0.8575559854507446,,,False
8302f4b4-0dc0-45db-a124-7ca00d2c4c42,0.85,,,,True
3765ac71-18be-4f08-a30d-097bc4399513,0.85,,,,False
ed5bde78-f4c0-4fcc-8245-327cd3c69bbc,0.85,,,,True
4c20f011-00b3-4bd2-9b4a-5540badcd888,0.85,,,,True
5f13ebc1-f772-473f-834b-5d0938949a02,0.85,0.9219989776611328,,,False
cc628bd7-f227-4c19-976a-d29583ddb88c,0.85,0.9413429498672485,,,False
227c532e-9cac-4444-b18d-3f6f6f3736f9,0.85,0.9154404997825623,,,False
9309ae5c-d369-4801-9d1b-6b2af30616ff,0.85,,,,False
b5630366-2624-48b9-a8a9-2bee22a6ee8e,0.85,0.9089627861976624,,,False
13d18e5a-2cd8-4c1f-9376-d37069112303,0.85,0.8845449686050415,,,False
adcae4ea-41cb-4845-898e-34fb3bdd9941,0.85,0.9591556787490845,,,True
cad70532-dcaf-4d48-a6b5-c13e0453c8bf,0.85,0.8636702299118042,,,True
b2715759-f50b-437c-b518-5e5a596aa7c9,0.85,0.8774145841598511,,,True
28a379e8-bb44-4629-a3cd-a7bd5738c1c4,0.85,,,,False
16da90c2-c374-455f-9cdb-afcb389b958d,0.85,,,,True
7225b589-16ee-4f39-8c55-1ec5262bc692,0.85,,,,False
f2c40fc5-0a80-4c56-b501-fc3dacd98cfa,0.85,0.9460626840591431,,,True
d49826f9-0c09-45f8-ada9-653638eaea05,0.85,0.8626320958137512,,,False
b288e846-94b4-4a32-abd7-6a61cd79c2b2,0.85,,,,False
b8d788cd-f4b0-4124-a640-9e8eee98fed1,0.85,,,,True
267f9d56-edc8-4bb8-9e75-de27afdfc6ce,0.85,,,,False
7ae89a3f-2314-4215-86bb-73657f21cc08,0.85,0.949275016784668,,,False
bbfd152b-36ba-43de-82ae-88cab962ac4b,0.85,,,,False
4d0d737f-f939-49f6-a847-3284de10b438,0.85,,,,False
36f0c246-2cd3-4696-848c-a842722992e4,0.85,,,,True
9cb71191-0805-4320-91f4-9e4655051bcd,0.85,,,,False
a29f9c58-072f-4bb6-8fe5-81ee2bc5b960,0.85,,,,False
927760f3-b674-4eeb-84d7-143b3c3a4902,0.85,,,,False
e04a516c-723b-4d5b-a5a3-2f8f7835c957,0.85,0.8880307674407959,,,False
e14db32d-5587-4da3-afbc-d625b2ab6309,0.85,,,,False
c5343578-eb74-457b-a308-40b479f2ce63,0.85,,,,False
b6bc15ff-56c7-4d72-ac7a-36fb4842eb9c,0.85,,,,False
72e3f20b-19ba-4d27-8148-b430521804ff,0.85,0.8993000388145447,,,False
be7f64b6-189f-4b06-a54c-9516c17cc225,0.85,0.8805780410766602,,,True
278cb4ec-504c-4f11-b855-34e53879793a,0.85,0.8776755332946777,,,True
166c1238-8669-41f3-bb73-e085ae87f71d,0.85,,,,False
13a9ed25-c76f-4339-aa31-8eee171b0a26,0.85,0.8682557344436646,,,False
20fbf8a0-ceb0-448b-be84-6b08cd065fbf,0.85,0.9520872235298157,,,False
53737c39-781d-4ef4-b940-96a4ae12ab0b,0.85,0.9002987146377563,,,False
d71380d4-7350-4784-b402-4f338f6ac7ac,0.85,,,,True
0c8a4ee5-6e1f-4217-9440-a87883e0478b,0.85,0.9292140603065491,,,False
9ef4b831-ac75-41df-8796-99dddbaa123b,0.85,0.8921971321105957,,,False
d6effba8-42b4-4fc0-ae40-5d92b6fc505b,0.85,,,,True
b6607bbc-f161-4a00-aff2-e8bf7669bb3f,0.85,,,,False
d1bb15ef-8368-4cf2-9b5d-abd78bb6f2f9,0.85,0.898914635181427,,,False
665ac3bb-45dd-4b2e-bf96-d792068beddc,0.85,0.8777835369110107,,,True
4d105bf3-1877-41a7-88a7-cc309dbbb057,0.85,,,,True
f9da37e2-ff6a-49fa-896d-6f344e2fb8a0,0.85,0.9163339138031006,,,True
c1806d2d-9a80-49ae-9d50-a90f55d0e5f4,0.85,,,,False
3d131457-6a3a-4b6b-b4db-eba9df938f4f,0.85,,,,False
24b47c00-d880-44bb-844b-fc3b4e39b0f1,0.85,,,,True
3ff99e65-058c-494f-b452-d0af6f901017,0.85,0.8700369596481323,,,False
86f95556-01e4-4c4f-8596-320ed29bd31c,0.85,0.856255054473877,,,False
c96851ef-0fa8-445f-a8f8-13275ede1b43,0.85,,,,False
04446645-6400-42e1-98b9-cea2648b3b19,0.85,0.8859312534332275,,,True
fc7a66b7-6518-4ab3-b666-fd0add57cb38,0.85,0.9512616395950317,,,True
cd278fbb-ee54-41af-a805-c88267ef31bc,0.85,,,,True
d3806f03-66c7-4d24-b87a-8d4fea01bb6e,0.85,0.8869755864143372,,,False
bc379291-d596-450a-a166-9e104a678273,0.85,0.9435653686523438,,,True
d78bd5c2-fab6-4655-b717-3f5ea585514e,0.85,0.870686411857605,,,True
a2a197fa-28ed-4208-b822-df1eeec40a81,0.85,0.9133548140525818,,,True
7b270a03-6515-436e-b50c-3b25ac55a5ae,0.85,,,,True
07fac085-b192-42d4-8878-114744d81001,0.85,0.8610002994537354,,,True
3c943f51-36f3-462d-9795-72a29149c708,0.85,,,,True
2b3c0551-652b-4af4-ba03-654e35c58b0c,0.85,,,,False
64279894-2c4a-41b9-8fec-fe46cbcfd900,0.85,0.9029054045677185,,,True
f7847187-e0ca-47cd-bdf6-b22088c69f23,0.85,,,,False
2d330a45-2b59-44ef-9e13-c10b190d37b7,0.85,,,,False
5b20baa0-159b-46c4-b57e-998c02f10f7e,0.85,0.9315711259841919,,,False
fdacc75c-9a68-41f7-8e6d-23065b7d27e2,0.85,0.887508749961853,,,False
9163dd28-e075-47b9-921c-f0d37d097f9c,0.85,0.8808130025863647,,,False
2cbe85a3-0805-46c0-bb88-277d004d2f4e,0.85,,,,True
430f459e-f562-436a-b243-6f87002ed0f8,0.85,0.9055838584899902,,,False
b7a4f876-0149-4d07-89cf-6205c774ca72,0.85,,,,False
aaf0af4b-1ced-40a6-b5f1-fc9763eb4004,0.85,,,,True
75546066-9c07-40c3-89de-a6b6baba92a4,0.85,0.8597810864448547,,,False
9cb1ca0a-cdd8-4ffd-9062-1538a104b442,0.85,0.9416092038154602,,,False
e37e21b0-5c54-4d9a-9773-2e349cf41102,0.85,,,,False
954ebf79-8209-42eb-a954-bb56709b8650,0.85,,,,False
3472a036-3f97-416d-b7f6-c0e024855e97,0.85,,,,True
aea6e9bd-7976-4e0e-b7ae-15e31e043dbf,0.85,0.9041732549667358,,,True
35154635-3571-424a-8e23-5fa83fb1d799,0.85,0.8785593509674072,,,True
8759f92a-c1aa-48c9-8364-a66797fff967,0.85,,,,False
e926ac13-f6ca-416f-9092-c4b2f255f91d,0.85,0.9468094110488892,,,True
e52766e1-d545-4e1f-808d-f8aab13d00f9,0.85,0.8602734804153442,,,True
209d7e8e-756c-4090-b2c3-6669e867b162,0.85,0.9195643663406372,,,False
bf7df2e1-33dd-480a-bcdc-32d093627201,0.85,0.8704744577407837,,,False
4b55016b-c6d8-4fc4-b51f-8b156a99d66b,0.85,,,,False
caa0a50b-cd26-425f-8c56-6506a48e9e41,0.85,,,,False
38e9435c-83fb-4a98-a2ff-acc08ad24017,0.85,,,,False
2d27fbee-d405-4460-a3e9-cf285b003638,0.85,,,,False
6850a508-20b9-41dd-bf0f-2265383a1901,0.85,0.8751979470252991,,,False
637ae8ce-0169-4dd8-8ec3-1d40dc79aa58,0.85,0.9193968772888184,,,False
afebc65d-e332-48cd-a2fe-b6ae8eeb7365,0.85,,,,False
a6001490-0fcf-4ce8-902c-6c79bbe8b177,0.85,0.9176833033561707,,,False
907da3f1-ec00-4ae4-bda1-6a166cce1909,0.85,0.861555814743042,,,True
c210f1cf-1441-466d-aa0f-ae38f25b86ba,0.85,0.8613938093185425,,,False
3ff67b31-f8d5-4b4a-9329-67457fd54f37,0.85,0.9624081254005432,,,True
eac654ec-6acc-4bee-9012-6bfeedf5e909,0.85,0.8614874482154846,,,False
45680735-1011-4384-aa57-09e3ba759c40,0.85,0.9314098358154297,,,True
8ed25b51-4b08-42a1-852c-1daae1424dda,0.85,,,,True
e9a43fcc-1264-4d83-afc8-d8ce704ede6e,0.85,0.8524887561798096,,,False
46b14493-beec-4221-9cd5-ecbf8d0274ac,0.85,0.8791186213493347,,,False
e381d05d-a4ab-46a9-85ba-45d0a3203dde,0.85,,,,False
b938cc1b-bdd2-4d2e-9ca7-e328490438a1,0.85,,,,False
608c2a3f-3628-4584-80d6-5184234d1ceb,0.85,,,,True
c7fefee5-f7ee-43d1-ae10-ad615e4e8a78,0.85,0.8929675221443176,,,True
09aa3d2c-0b7d-467a-9be6-1100161099ff,0.85,,,,True
6c5077f8-65e3-4edb-9bcc-ef2b341ac826,0.85,,,,True
311983b9-e012-442f-9c0b-da689f110275,0.85,,,,False
b3b45266-a94e-421f-93b4-208b9812778d,0.85,,,,True
fea26b0f-1303-4b65-83f9-047d9339b352,0.85,0.8547573089599609,,,False
c41a85b0-4406-4934-9682-758548d3b695,0.85,,,,True
3497499c-67f4-411a-a1c1-39b543e6702d,0.85,,,,True
e7205698-6a2b-490a-a885-39e58e1ed77c,0.85,0.8893964290618896,,,False
62c3c35a-2050-4413-9152-2411f2072253,0.85,0.8650060296058655,,,False
3bf9e60d-892c-41ac-ab1c-f4e9625aca76,0.85,,,,True
9807a8f5-9864-40ee-a977-6ae8cd4d7521,0.85,0.9757446646690369,,,False
d5625038-377b-4e65-b8b9-d4586f9713b7,0.85,0.8919705152511597,,,False
b136fd51-7213-4548-9b2c-d8309528cfd5,0.85,0.8627820014953613,,,False
e5a60ec1-adeb-4889-a8e7-87c9e2f6c8f6,0.85,,,,True
20d871a5-9096-4d94-b661-7079dfecc6f3,0.85,0.878920316696167,,,True
1b8a67df-812a-4866-ad70-22f8a53c8a62,0.85,,,,False
36447204-5f61-484d-94ce-392d156221de,0.85,,,,False
65671b5d-f75c-4b45-8b91-d4afdc72008b,0.85,,,,False
ce97269c-763d-4df3-99da-6baf4995b7a0,0.85,,,,False
d8b8ac5a-62e9-4abc-8c8d-bc1a9b3eae6c,0.85,,,,False
717c3bec-4843-41f8-9b7d-96e41de2c921,0.85,0.9054983258247375,,,True
b21263e4-8fa1-4891-9544-fcee5e04af04,0.85,,,,True
01acc25c-46fb-4a8f-ac9a-7d8d36cc0113,0.85,,,,False
4a4677c3-d4c0-4120-bcf2-81e20d585620,0.85,,,,False
3e7705b7-698e-480e-8d1e-b2dd6f5c9451,0.85,0.9476788640022278,,,True
6ac313de-9d10-4a6b-ae59-6d64b4662c06,0.85,0.9355406165122986,,,True
aed036ef-c060-469f-89f9-325d50a24b3a,0.85,0.8834852576255798,,,True
eef28fff-2c7e-4e22-b354-f34403973f24,0.85,0.8629845380783081,,,False
a66ff7ad-2485-42bb-aad9-942b0b0d588e,0.85,,,,False
2a492309-35fe-40ca-9880-05e060b7afaf,0.85,,,,True
78c4894d-621f-4450-b626-ffcebd4604c8,0.85,,,,False
813856e0-ba94-424e-8a69-de6f2aeaa6ee,0.85,,,,False
e42f2897-3b0a-46c5-883d-e0c5de3427ae,0.85,0.8900316953659058,,,True
333113a3-8ace-414f-a069-3ba48b4192d4,0.85,0.8761557340621948,,,False
59258496-16e5-46e0-9a0e-a6eb29eb9efb,0.85,,,,False
0e40459c-47ac-4842-9d51-1bf248d75479,0.85,,,,False
e7fce8a8-fa2c-40dc-bf93-665b09cde7cd,0.85,0.9132800102233887,,,True
15e2e97f-55c8-478b-b1d3-71983219d4a3,0.85,0.9072238206863403,,,False
bdda4abd-4386-464e-a850-5e5578254b43,0.85,,,,False
07166f7b-6c1d-4548-a16e-a7f1cad00014,0.85,,,,False
d1e7ac68-e88e-4416-b93c-0e0926e9ada0,0.85,,,,False
cde2b3a4-aa2c-421e-aa26-d8c608fe855c,0.85,0.8641109466552734,,,False
1602b757-3b5a-4064-be59-6b3305330285,0.85,,,,True
e0c6e110-35de-433e-93e3-5bed9d47f0e0,0.85,,,,True
7d229eaf-035f-4548-99cb-cb341e8ad55c,0.85,,,,True
9d55d313-a60a-4489-bd34-a7d78310855a,0.85,0.8620323538780212,,,False
5b32adf8-f1d2-4e56-81cf-62dd352abaae,0.85,0.9568970799446106,,,False
b1d64f7f-64de-46ad-a3d5-af4f8c06b77f,0.85,,,,False
729d3f39-9420-4e7a-b155-d92acc2926d9,0.85,0.8619924783706665,,,False
fc6f1e31-2c39-4a20-b3cc-6c4820d7a3cc,0.85,,,,False
90d94810-09e7-4ef3-81ff-5ac762e61087,0.85,0.8974839448928833,,,False
c5aa7efb-5fef-4e36-8bda-3b4296f78fee,0.85,,,,False
8a51f51e-68a2-4b12-b9ad-5cfc572a7111,0.85,0.9237104058265686,,,True
a104da25-8a42-408b-91f9-5a9ab55cf662,0.85,0.8927323818206787,,,True
33925362-8194-437d-b467-520b329eb7fa,0.85,0.8750054836273193,,,False
9d20982c-19de-4fe9-9781-dbe53a065e2b,0.85,0.8609998226165771,,,False
98c451c1-d77e-4407-9c84-fb30221a995c,0.85,0.9197608232498169,,,True
5c9ed32f-1bdc-4fa2-8f9e-b499b45a33e8,0.85,0.8831894397735596,,,False
e41773c7-89c3-4b93-8198-315dbe91471b,0.85,0.8640196323394775,,,True
1d122283-035c-4213-b0b8-1df798d76e85,0.85,,,,False
c40466b9-6149-4abd-bcfe-a968fa25b991,0.85,0.9094640016555786,,,True
97149a8a-4f6d-4a26-8c45-af4b1fe6bbf2,0.85,0.8519196510314941,,,False
b955326e-d0d6-4057-8056-a8c738f13768,0.85,,,,False
2ad24a38-399f-4466-b050-8e67d7c21d5a,0.85,,,,False
cf9405dc-a121-45ec-aa0a-404161291775,0.85,,,,False
8d9d895e-c49f-4585-b38c-1c7cb60308cf,0.85,,,,True
e23763d1-9710-4234-ad95-b6457c9754bf,0.85,,,,True
fa9953c5-edcc-479d-ab4a-1b3a5d05a0cf,0.85,0.9172801971435547,,,False
2f849741-da57-4bc7-9250-562cc0c2eb59,0.85,0.8726093769073486,,,False
cac5acec-6ff7-4a85-9093-4de790cc1378,0.85,,,,False
b9b3393b-48cd-406a-8580-73c36f411644,0.85,0.8576493859291077,,,False
0cc28951-13df-4783-ade4-2184ba394ef6,0.85,,,,True
468b0409-e1fa-4c47-a416-a05be4f7a066,0.85,0.8580460548400879,,,False
644525ce-5ae7-46f0-abab-6961b373eb04,0.85,0.8964748382568359,,,False
06252a44-4739-4f65-9601-491e0ec0a7ed,0.85,,,,False
45874824-84ff-49d4-ab8c-3d99f16a04f1,0.85,,,,True
be648a1f-0f53-4ba4-bf19-794d7c00701e,0.85,0.9004886150360107,,,False
a8644811-1a60-48d5-8571-8d144c4bd067,0.85,0.8912140130996704,,,True
13ad6526-acfa-488a-ab96-46e5fadaecb4,0.85,,,,False
ef28dec4-1600-437d-9485-c742b4354fed,0.85,0.8891711235046387,,,False
dbb90c74-2cca-4f75-a682-734292b5a0bf,0.85,,,,False
ba7aa465-9cb7-4217-b6b0-c1fbaeebb821,0.85,,,,True
ec7422b0-c0d9-4632-ae39-31870226acc7,0.85,0.9058699011802673,,,True
b317fd5d-b44b-48c1-b71f-80855c512ac7,0.85,,,,True
a2c2c14e-ff8e-4907-9a1e-4b05fb2136f0,0.85,,,,False
8e9aea7f-5f4c-44cf-bfb3-294b99868ab6,0.85,,,,False
e3c25e92-a3ff-4bd7-9df2-1f34ade4a3d5,0.85,0.8907003998756409,,,False
43aa1445-e3b3-423c-8360-ada90d1be1db,0.85,0.9229577779769897,,,False
d65e313e-29f1-473e-9fa9-b33ca35c96b8,0.85,0.8685626983642578,,,False
4c29493c-c005-404c-8053-19ba0b0d3f84,0.85,0.8832838535308838,,,True
6b3ecd36-596e-468b-bb39-7942bc6de915,0.85,,,,True
8daa3cac-19d3-457e-a536-8ee5ee44f001,0.85,,,,False
e584e1d1-0969-4506-afbe-e7d9e9c4100d,0.85,0.8626402020454407,,,False
4048c911-61a1-4af4-ae6e-932e8a363c06,0.85,,,,True
36b379b1-9a78-4d42-9eaa-5cd5f8d450e6,0.85,,,,False
5bbc12b0-4a55-4565-a352-a8a9a1c062d7,0.85,,,,False
003bfd7f-89f1-4117-a98a-0733cbd27a8b,0.85,0.9063291549682617,,,False
dc52a287-ecd9-480d-865e-f124a077018b,0.85,0.8952842950820923,,,False
f8391abc-b176-41ab-9e22-8ea78470e164,0.85,,,,False
4f072c3c-1779-4349-93b8-bf6b953c6e85,0.85,0.9136455059051514,,,True
a5513de1-89b8-4055-9193-7fca579fd84a,0.85,0.8817087411880493,,,False
fb00557b-dc9e-490e-a41e-34904d6a3e3e,0.85,,,,True
deeba0ad-6278-4ed3-af9b-2996ef7ac5f6,0.85,,,,True
77d7a209-9640-417d-9da1-4756444faf69,0.85,,,,True
c5bd13c5-7f49-4c64-b13a-6be7ddcd4a26,0.85,,,,False
8075d91d-03c2-4e71-a114-39383d6a2df6,0.85,,,,False
ddab6bea-aab5-4e02-9b61-ce76f52649b7,0.85,0.852365255355835,,,False
37589a3b-d88f-4980-8c3c-c6558606c835,0.85,0.949820339679718,,,True
2609de89-eb48-490e-bd26-5860e2e1299f,0.85,0.8521019816398621,,,False
995c1197-d00d-49e6-a930-c6f56305d539,0.85,,,,True
4e02061e-2a1c-492e-973f-ee05e3fbb6de,0.85,,,,False
00982ade-e0d5-4806-a3fa-e93800df46e4,0.85,0.8532013893127441,,,False
7265235e-27f6-4cb0-8622-64f264ff013b,0.85,0.8902000188827515,,,False
474a738d-e1b2-42c6-9ca6-8dd5af76d369,0.85,0.852859616279602,,,True
71fd0fb5-3c1d-4bbe-867d-02591585b31b,0.85,,,,False
924d1a80-1faf-43b6-a982-c712dfeff7a2,0.85,0.9227595329284668,,,False
2d6ec4dc-da3f-452f-b930-3cdca38f8807,0.85,0.9430952668190002,,,False
60562f43-a3ff-4e94-b414-a9068d81cc39,0.85,,,,False
8feb585f-a721-44f7-bd35-ada32bc28a47,0.85,0.8562043309211731,,,False
4ac756c4-0f6e-4de5-99e4-badf88b3608b,0.85,,,,False
246a9fe2-3de1-44b2-bb35-f60330329cee,0.85,,,,False
028b90f1-7a88-430e-9060-5cfd1e25b39e,0.85,,,,False
fa3ee94a-7cc2-403c-a86e-3741d801c77f,0.85,0.9058020114898682,,,False
89dafed5-8827-47d1-844f-0f701311bc8b,0.85,0.8780816793441772,,,False
12e096e9-4daf-4bf4-879a-92826427431c,0.85,0.9104601144790649,,,True
0a85566e-681a-4b61-9958-7674838e8a17,0.85,0.8716808557510376,,,False
3bf45db7-8359-4a86-bfc6-cf0affa7ec58,0.85,0.8600870966911316,,,False
03bdc663-50a0-4363-a56c-ee791084fd7d,0.85,0.8592519760131836,,,False
63fb9734-a1e6-4151-996a-87ae696baf1d,0.85,0.8846741318702698,,,False
1d76daed-bf44-4f96-9b1b-c536e43ba376,0.85,,,,False
1c05cc13-36ba-4c9e-a545-660ae317c4fd,0.85,,,,False
84b8ecb0-6314-4952-aaa7-58aef9e85ff8,0.85,,,,True
01670ec8-03f5-403a-9c28-661cf77e93e9,0.85,,,,False
13c82f8f-45b5-4d4b-8546-f1602588d3a2,0.85,0.9174363613128662,,,False
de05c0b0-b804-408d-9f35-0cf88b1b5257,0.85,0.9565222263336182,,,True
f489245d-9251-4092-9563-8f4b5815062e,0.85,,,,True
cbd103b1-eb27-4d60-8172-0318052efb30,0.85,,,,False
67e8e6e9-c2ec-432f-b1d0-e7c7ba1b9d78,0.85,,,,True
bb4b658f-fcb1-49d2-9ed0-cf1665216f49,0.85,,,,True
3913995c-41ef-4f37-be07-16ac3277e2e4,0.85,,,,True
49c021bc-826a-470d-912b-a18cb07bbc95,0.85,0.8645918369293213,,,False
ec75e362-be1a-43eb-9546-1388d225eecd,0.85,0.9176072478294373,,,True
c4f5d71e-49a5-4aa5-a87d-bf68b651afad,0.85,0.8912845253944397,,,False
c44bd020-1396-4a71-987b-efcc9eb60205,0.85,0.9058762788772583,,,True
1dd1a29a-e9b5-431f-a823-3a25e13bc181,0.85,0.8946207165718079,,,True
5a1cb936-09dc-4eac-9f1a-7e20ac4e8ac9,0.85,0.8678200840950012,,,False
0de40f02-efed-43e4-8d2f-55db00d8afd7,0.85,0.8582330942153931,,,False
fc6d83d1-ddde-4b51-9f2c-0ca1a3ae2b1f,0.85,0.8598902225494385,,,True
bdf2ee4d-1db2-48bd-9e9a-cdb26cfc0751,0.85,0.9035407304763794,,,False
65a038fe-183a-48cc-a979-76fded48d511,0.85,,,,False
2bde7d8a-a3f4-40b9-b22f-daad131f34f9,0.85,0.8986924290657043,,,False
b6c949d4-8fe3-4c80-b279-85c10eefb52b,0.85,,,,False
a66749f6-d23e-43fe-a7bf-37d5cd9c6140,0.85,,,,True
f4a7f4a9-33fd-4ca7-a108-c5bfc9aae7a2,0.85,0.8841776847839355,,,False
e73ea46e-c387-4d01-8b4e-0a493ced3d44,0.85,,,,False
a6571759-2aef-43c6-be24-32eec7d4c748,0.85,,,,False
197d10dd-7571-46e8-bd43-9250aeda523c,0.85,0.8700050115585327,,,False
5f93a75c-b7c1-4abf-9c2a-49c431c088b6,0.85,,,,True
a995bbbd-0199-4437-8bf7-9d2744d95717,0.85,0.8927773237228394,,,True
e21de667-9377-4ade-89bf-e780f666056e,0.85,0.90027916431427,,,False
a7b6fd98-763a-4ed5-b297-dfe9258c7d5f,0.85,,,,True
6520c7ab-93a2-433a-9db3-e94df5d0aa10,0.85,0.8593444228172302,,,False
79f73848-1d5f-4b7c-9561-297c1abce35d,0.85,,,,False
5ccfe03f-3121-4001-9d10-63cf4cdf524d,0.85,0.936640202999115,,,False
fd0bfe1c-825f-438c-a127-1141bbced24d,0.85,0.9220412969589233,,,True
20c3b6a3-44c6-45ce-b9b4-4436b7c655ec,0.85,0.9149224758148193,,,False
2fd576aa-4cdb-4858-8c3d-c72d185a4e30,0.85,0.9040353894233704,,,True
537657b6-213c-4442-af5b-21f7742e6500,0.85,,,,False
5f04a28c-d43e-4a8f-9519-da07e9888ee6,0.85,,,,True
65c3186a-d6f9-4b62-87bb-78a11435fbf8,0.85,,,,True
6871d632-a1ef-4fe4-95ef-b5dd78ae589a,0.85,,,,False
8a907d37-5717-49ce-81e8-b5135a3de60c,0.85,0.8573377728462219,,,False
c85314b9-ad8e-4521-bde5-83f350afa623,0.85,0.8666255474090576,,,False
481e94c0-7637-42e5-910b-c1ff939cabb3,0.85,0.8874889612197876,,,False
6c0dfc24-c0f1-408a-a18b-0bf375334fae,0.85,0.9507818222045898,,,False
ad3d5cb8-5364-4cb6-8c53-a71e178ef8ec,0.85,,,,True
00473236-655a-41cb-a70f-c1300c63967b,0.85,0.9109987020492554,,,False
1f7ae49f-6418-499e-9bb6-8ef5e5b8b197,0.85,0.8964742422103882,,,True
5702560e-414f-450f-acfd-f36d9d40816f,0.85,,,,False
a082157b-c0b3-4115-b389-c7a416635ec2,0.85,0.9074761867523193,,,True
d854c7bf-deb7-41ea-8cb0-42761c70dadc,0.85,0.8700575232505798,,,False
fe9f47be-8ceb-4dff-ae46-d2d05e4b39aa,0.85,,,,False
51eb564f-c03a-499b-b5fa-f6d6906931d5,0.85,0.9125677943229675,,,False
33172405-19fc-4de4-b12c-6020a2fd9056,0.85,0.8949229121208191,,,False
6d315b4f-d397-48b1-aac6-834361afc5b4,0.85,0.8841773867607117,,,False
312a28cf-ad87-48a3-8a8f-e6077f149cca,0.85,,,,False
789c1ce7-a63f-4c9d-9b3c-e2f438eea691,0.85,,,,False
f70e8db2-ef63-446b-be8e-7cd10a158372,0.85,0.880367636680603,,,False
0cedfadc-86a9-4458-9ba0-a586b873620d,0.85,,,,False
de7d210f-e114-4971-91d4-21b26f6696c6,0.85,0.8786200881004333,,,False
0160b6d0-ee25-4d3f-b9f1-2ec6edbc89df,0.85,,,,True
670ef361-b0e6-4b0b-bac9-0b53dcc4faca,0.85,0.8808848261833191,,,False
d57be882-3641-4757-9972-1066e3aabdca,0.85,,,,False
e4b6787f-8791-4d61-9224-8abff73ac0a5,0.85,,,,False
06889ec4-2937-4517-a483-7f54c1107e42,0.85,0.92577064037323,,,True
fa12a5e6-717d-4d1a-8f4f-d25e95905cbd,0.85,0.9504519701004028,,,False
fc8ee925-1949-4cc5-ae0b-e1f60cbec569,0.85,,,,False
26d7f501-1407-457a-a61c-72b2ba225d5f,0.85,0.899228572845459,,,False
0988f95f-d8fc-4044-9bcb-0b7ba179db93,0.85,,,,False
6f5b7de1-03d7-4eac-8f85-62284dc04b4f,0.85,0.8632259368896484,,,False
944deeac-d8cf-49f4-8db6-44d5b55780bd,0.85,0.9122817516326904,,,True
3a1c2113-d01c-433d-bed9-2c57b3a1f35c,0.85,0.9010434746742249,,,False
ff889831-d12d-449b-a0ca-5c765dc730af,0.85,,,,True
53311a77-e848-4ac2-b681-aad5983aaf62,0.85,0.8791864514350891,,,True
3eeae099-54fd-4366-a68b-52ae5a0b08fc,0.85,,,,True
8e201626-54b9-41be-a1f2-8eeab57bde90,0.85,,,,False
0e8bf4c9-a75e-44fc-97a4-3b7ecbc47bd5,0.85,,,,False
b27dba8c-fb8c-42f3-b2e1-b5f300e9ed03,0.85,0.8807215690612793,,,False
b2351e48-c8d4-4ca7-a989-a25544270114,0.85,0.854218602180481,,,False
74ea9381-95ce-4d3c-bc31-ce130c8f9f8b,0.85,,,,True
3f47407a-8bb0-424d-8339-c61fa5e03751,0.85,,,,False
783c3792-7ce2-4c99-880c-5a58ef78388a,0.85,0.878574013710022,,,False
80115624-bc6b-475f-aef8-0be9cde7f8f9,0.85,0.9607573747634888,,,False
52672faa-69d7-4796-b2e4-ff5d3d4752f4,0.85,,,,False
26287af7-e147-44c3-a737-21a8d88fda65,0.85,,,,False
0b2bc605-b25c-40b3-aa6e-736a75df1d8f,0.85,,,,False
64292be1-f4eb-4059-a2a3-94e3cafe262f,0.85,,,,True
18a62931-4d79-4c38-b33b-8580b0d472de,0.85,0.870660662651062,,,False
2bf8b2fd-15ec-428a-b432-1f4d54fce4b0,0.85,,,,True
bd37fc12-ce26-49ea-8c4f-680365fe9dac,0.85,0.9190225005149841,,,False
59b89c15-9c2a-4176-bdc1-5bced3aca817,0.85,0.9008839130401611,,,True
ef13fdf4-1124-4e31-8ae6-2294f52e679d,0.85,0.9075138568878174,,,False
33867cff-3ae5-4649-89f0-9c68b69ec5a9,0.85,0.9352253079414368,,,False
b19c1cee-d268-423e-9d33-aabfdea82c35,0.85,0.8694731593132019,,,False
0d65e6a3-5117-439d-992a-8960eb775f10,0.85,0.868185818195343,,,False
e712990d-9bc3-480d-82df-bcf92c9aefec,0.85,,,,False
59b587ff-9c60-4cee-9a64-628bc869db39,0.85,,,,False
8bd1fc27-65c8-4252-9cfb-1b78e6c10241,0.85,0.8983685374259949,,,True
dafacd2f-56b9-4f24-b5d9-76fca89392aa,0.85,,,,False
f0028b00-9d3c-45ff-a731-6ecb9af3d0b0,0.85,,,,False
71bd2190-88f6-4e2d-901a-faa1f2cb4d3f,0.85,0.8712807297706604,,,True
4aa4b992-be10-42f9-8e59-3bec0f4c7b72,0.85,0.8533322811126709,,,False
7086337a-0828-45be-9d27-33ceb9117534,0.85,0.860419750213623,,,True
82fc47dc-2ff2-4bba-885c-5b89c6737085,0.85,0.916806697845459,,,True
8917f52a-a3d1-44b4-9bb3-5dbbfe638a5f,0.85,,,,False
6dc1e536-88d0-42ff-bc81-22186c786826,0.85,0.9103448390960693,,,True
c8f5c4da-f152-40fa-bac9-c29c1dec668c,0.85,,,,True
0b0acf5f-1dab-45f6-bbd5-28ff334c34b4,0.85,0.8760870099067688,,,True
fd3e9ff7-3d73-4785-945e-788e7e2a16bc,0.85,0.8681804537773132,,,False
4cd770e4-975e-4a8e-aaf0-108ddde364e7,0.85,0.868179976940155,,,False
a34afd7a-6c51-4137-8b25-aefba674e04f,0.85,,,,False
1e907ca4-d8a2-4e0d-a494-cc5f629ff6b5,0.85,,,,False
abcb49e4-0793-403b-a88b-24b9c73a0341,0.85,0.9645984768867493,,,False
9bd9f95e-93cf-46ea-87be-c9f4f9038aa3,0.85,0.8773955702781677,,,False
c277b4c2-0909-460c-8bd2-c157cfcbec54,0.85,0.8689777851104736,,,False
a7662dc6-b1e6-47c3-9a97-8b465196fe4c,0.85,,,,False
8a61c3c1-bb64-495a-a4cd-9d7601f40d43,0.85,,,,False
752117fa-7968-4623-9ee0-8a6abdc9aae4,0.85,0.9023873209953308,,,False
82a050bb-2d68-4828-8d03-bfa353921cae,0.85,0.90955650806427,,,False
d5d74913-e797-4fa7-9321-02b1e3fa88f0,0.85,0.8900395631790161,,,False
df1b5711-98d2-4bea-b853-465012e3e3f9,0.85,0.9133766889572144,,,True
1072fdda-25dc-4879-b848-9a855c2c37e2,0.85,0.9018321633338928,,,False
c147b71f-9c26-4824-8361-acaf1c41e350,0.85,0.8855046629905701,,,False
337301aa-1158-4991-9c27-e53b069c5f2a,0.85,0.929977536201477,,,False
59b7a25e-6d00-487b-a858-6f2aee03ab65,0.85,,,,True
091fd65d-91ca-4e2a-a62b-b62957039807,0.85,0.9349226951599121,,,False
17758d9d-fb78-4470-a0e0-4a2489cd8e9e,0.85,0.8521468639373779,,,True
b9040dc5-d07f-4b8a-9fe3-f55fea186f1c,0.85,,,,False
5e8d46d5-d8d4-4f3a-ba7b-af8107d67ea6,0.85,,,,False
d280d4c1-392e-45af-8c7e-632425edf2b3,0.85,,,,False
de88aa75-4cca-4ce0-8acc-7df3359edd65,0.85,,,,False
154f0b04-198a-4ae3-b013-1fe7a3df69c6,0.85,,,,True
e0c6f88f-51d2-4516-9b7e-4fa8f4b06a9f,0.85,,,,True
daa5f623-2032-4295-aa0a-37411d802e08,0.85,0.8641757965087891,,,False
7ca9031b-f8d7-4f24-902e-23fdc68eaa57,0.85,0.9232730865478516,,,True
b81b8145-caf9-48c3-8f8f-f6ae4d0c037b,0.85,,,,False
f62965f6-ad48-47f1-87e3-dbd15643bb61,0.85,0.8842926025390625,,,False
c3f6e42e-ee05-4512-8d62-44cf70257030,0.85,0.8756498694419861,,,True
726a6646-0ce2-4577-8a1a-5a1ad765ee1b,0.85,0.9404874444007874,,,True
e3f0d5a2-fa1b-4d35-9435-0fc9eae58e0a,0.85,,,,False
4b10a03c-4eb7-4063-9432-a82c2dd43ab3,0.85,,,,False
37602271-8fdf-49f8-b41d-a0c053eca37c,0.85,0.8802139759063721,,,False
f73e240e-7fda-4229-b36f-6709f914adc8,0.85,,,,False
5e80d4ff-0d75-43b5-bde6-603e5b6858d0,0.85,0.869540274143219,,,False
6911797c-23cf-47aa-8c65-a7ac64074dd8,0.85,0.8571862578392029,,,True
535d255a-72e9-46b6-95de-92206662f920,0.85,,,,False
898e5efd-237d-449e-81a2-af25fe841e12,0.85,0.8588801622390747,,,False
71366948-4c4f-42c0-9f7c-1d1a2e7b3af4,0.85,,,,True
01d733cb-9f3f-4150-b2aa-1865b3d0a2c7,0.85,,,,False
4a11563a-4712-4875-94f7-f71431492496,0.85,0.894612193107605,,,False
0e52d2ba-cbeb-4204-81ef-ce8f1ca69ffa,0.85,0.8789052367210388,,,False
fa40bad1-c70f-4111-b36d-708d1fdfa9df,0.85,,,,False
b44e9e9b-aa58-45ce-b0f0-f162b1437ffc,0.85,0.8646454215049744,,,False
5cc4afc0-883e-45fb-9ec1-58e4a5b71e7e,0.85,0.8946050405502319,,,False
a10c917f-3038-4330-9b8b-edd3a5d00c6b,0.85,,,,True
078e1c1f-f773-4b41-9d49-932ae21bfc64,0.85,,,,True
ca1c58ef-eade-4a9c-a182-0d350ae0581d,0.85,,,,False
2877c6f8-1d64-4c61-828a-92fef36003ac,0.85,,,,True
ab29ec2c-7394-4ba6-989f-744c7f9e8457,0.85,,,,False
488f83c1-6ddd-419c-a42d-e675c4f56430,0.85,0.8673757910728455,,,False
cd73b7d0-7edd-48a9-b96d-9c33eabb06b2,0.85,,,,True
4b273100-c391-43f0-a7f7-ae0952bfa534,0.85,,,,False
55cf3661-5f82-44c9-9280-a623b2bb3f98,0.85,,,,True
902b553a-70af-452d-b66f-adff1c1abc3d,0.85,0.8758335113525391,,,False
7beb9115-810c-4db2-9efa-cbb84edbbddf,0.85,,,,False
5d14c5ce-d8e1-4710-8ac9-7ae54f044d9c,0.85,,,,True
a5c74129-2862-4bf7-bd20-6b3752fa7272,0.85,0.8880690336227417,,,False
800caad1-66ec-46a1-8285-a71d3cbab0a6,0.85,,,,False
37651084-bb7d-4288-82b3-752024790b40,0.85,,,,False
09a18feb-68fc-4fca-8c2b-d881afee9b2a,0.85,,,,True
f8286e1c-6631-46a2-a813-b6f703ac6f3e,0.85,0.8719765543937683,,,False
cfdefe7a-f52f-472c-8315-33e39c5fb2bf,0.85,0.8901690244674683,,,False
72d3e404-6f1c-4441-9659-669ebd6188fd,0.85,0.8689575791358948,,,True
4f9db489-5667-4c43-9810-e57f61d8ab30,0.85,0.8713111281394958,,,True
a4dc3e38-01ab-48ad-bdbe-6d2dd2cae6f2,0.85,0.8541357517242432,,,True
5b718fd7-970b-490b-809f-1366a300a2d3,0.85,0.858034074306488,,,False
9bb15b9e-5a1d-45cb-95fe-c9e602f16d3e,0.85,,,,False
ac3bebfa-ee06-4fb6-81ff-aac325acf65a,0.85,,,,False
c13175aa-c476-4984-a89a-d00126e301d5,0.85,,,,False
ce5fb43b-137a-4eee-a506-e63d854b5b17,0.85,0.8712807893753052,,,False
8b96ac5d-7e5d-41e5-8e5c-30a13aca7ac3,0.85,,,,False
4aa0c418-ebf5-4605-a154-2c40051f997b,0.85,,,,False
fb09cb18-6f54-43ff-829f-4fb368a54bf1,0.85,,,,False
2186a6f3-f4c2-47ea-9993-17a127cd436e,0.85,,,,True
ca741dd3-581a-49c4-b592-bc692d558649,0.85,0.9782677292823792,,,False
6aa1ef27-314f-49f7-9989-ab3e231b2b18,0.85,0.8778669238090515,,,False
ca9586cd-a451-4375-8c8f-9a7f0a43e441,0.85,0.8608468770980835,,,False
7b30558c-e1b0-4764-aaa8-322d9e6b8ac6,0.85,0.8675826787948608,,,False
c70d0c68-fa9c-465e-ac41-80b3c5e9b0fa,0.85,,,,True
eb12b2ec-10b3-4c63-9c91-abd931028a6c,0.85,0.8608282804489136,,,False
706a3837-f559-449d-b4bc-cb6ccb7a5ef9,0.85,,,,False
0b7fce93-e9dd-4af0-a60f-39fda68533f9,0.85,0.8540449738502502,,,False
e2deb707-9afe-4979-8972-8cc92f4a8b8d,0.85,0.8814128041267395,,,True
bb703cab-9738-434f-bf98-cd00256bf030,0.85,0.8525320887565613,,,True
31cb333f-2e95-4838-aea5-ef093ad68356,0.85,0.8585157990455627,,,True
279414da-a547-4dd1-ba9c-75b8b86cb36a,0.85,0.8803803324699402,,,False
93ca425b-0146-4ead-b79a-9e72f779dbd3,0.85,,,,True
c3f7fcce-1726-438b-8ceb-d9ad29999e0a,0.85,0.8820239305496216,,,True
d81fd9fa-a046-4364-bc5c-c107c372f917,0.85,,,,True
e8d2e33c-4784-465f-bd38-7d80dbd477f8,0.85,0.8522995710372925,,,False
71252357-8140-4e15-8608-b37895234a7f,0.85,,,,True
bc5326d1-2851-4535-b793-945d3af4f2c1,0.85,0.9057630300521851,,,False
e0ee84ec-3f94-4f82-bbb9-d3e82cb6e1e2,0.85,0.8524297475814819,,,False
8e70fc69-4e96-4e2c-a8a4-a6b971df7e5c,0.85,0.8885535001754761,,,False
fb4e8221-a15e-4d9d-8ec7-3aa1f323ec10,0.85,0.8732713460922241,,,False
e736c16d-259a-41b6-adae-ba1c81f4ae67,0.85,,,,True
53b571c2-c6b3-44dc-91c2-05bc0e2c3d17,0.85,0.8744906783103943,,,False
afacd04c-bf64-4490-ae5d-9a35b8b24a75,0.85,,,,False
5b04c6dd-d3a4-4c63-933b-acac429857d4,0.85,0.8689921498298645,,,False
4b2e9407-8cc6-440b-8ad6-6ad05cfeef49,0.85,,,,True
9a5ba010-c2c9-49c7-921d-0083389a2871,0.85,,,,False
baa3ca7c-4948-4835-91ac-2785795049ad,0.85,0.8789874315261841,,,True
33366f40-2b4b-4bb2-9ca4-f4ff058ec8e2,0.85,,,,True
132c6276-d735-4a15-b508-b6f4f0e1ad33,0.85,0.856041431427002,,,False
d01c7bfb-65c9-41fb-b036-ce76ecad9a34,0.85,,,,False
995e03dd-abd4-48d7-a8d5-6155cd15e5a5,0.85,0.8965481519699097,,,False
08554580-c669-4dd8-b3ed-2da8d41198f6,0.85,,,,True
1159e639-418c-42cd-8769-06fc038492d1,0.85,,,,True
c338c2e6-a7ec-441d-852b-88d731fee66c,0.85,,,,False
a3373266-e863-4f4e-b724-3b5bc088e0f3,0.85,0.9122991561889648,,,False
8bc7564e-68bc-4809-86b1-d61ffa1482fe,0.85,0.8932528495788574,,,True
3d12984f-6c63-42e1-b6db-dcf0904900af,0.85,0.8982275724411011,,,True
7e38cc87-5bb6-4228-a1c2-aaace221a479,0.85,0.8687130212783813,,,False
9a1420a9-aa29-45f6-8f1e-365fefce5b8f,0.85,0.8934592604637146,,,False
ab9fd026-c25b-4a4b-a7f0-502bd7cdb361,0.85,,,,False
ccb0a725-fdbf-4f44-ad4f-e10d5290c25b,0.85,,,,False
0c414d97-4c66-45b3-a26c-32633b16b21a,0.85,,,,False
b29f67b9-633d-4e6a-a99e-c62793fa8623,0.85,0.8575609922409058,,,False
dd092485-5a77-4c7c-9c32-0316ee4f5b9e,0.85,0.8996500968933105,,,True
42213363-8df0-4a99-b93f-8d5b25e90190,0.85,0.8589015603065491,,,False
9bf7af60-1cad-4748-bfb3-c85af28d607b,0.85,0.8913718461990356,,,True
cf0decb2-8620-465a-b4e9-e063748332c6,0.85,0.8558773398399353,,,False
cb0738aa-1266-4dcf-9ecb-4d618fd6861e,0.85,0.9342364072799683,,,False
0cf6c45a-0d58-4b45-8c3b-e3dd554c19ce,0.85,,,,True
b96f5b70-b6bf-4ab0-bba5-4106531fc219,0.85,0.9026918411254883,,,False
57114fd5-52ce-47a2-ae54-55da637a8565,0.85,0.8887608051300049,,,False
ac0992cd-2f5b-459d-8d32-d562255b3d68,0.85,,,,False
ef13b20c-6f37-4410-b1e2-2bb574bc6df9,0.85,0.9242706298828125,,,False
8e2dc1fb-519f-455d-9692-f88321737a4c,0.85,0.899379551410675,,,False
71aa4c4e-1ed5-4e9a-8b7e-3f7b00be8e42,0.85,0.873857855796814,,,False
00ff8bd4-f81b-4737-8fb8-f78ab9d6ac66,0.85,0.8655918836593628,,,True
f72aaf07-b3f9-4bbf-9def-a8aca09dad73,0.85,,,,True
211244d2-75f4-4930-821b-aeea0a111b0b,0.85,0.8682356476783752,,,False
ffeca3c9-04f6-4149-9a6d-ddef875f9847,0.85,0.8533605933189392,,,True
494cbaae-bc53-4704-a35d-919efd245a39,0.85,,,,False
e4fb347a-9bc7-41a9-947e-22ae83d2d128,0.85,0.865460991859436,,,False
88e13c21-7eb8-4673-ab1d-f0181963704b,0.85,0.9070519208908081,,,True
edd3a096-3a16-4ba9-9ff4-ebe24c4f4f02,0.85,,,,False
35ca5968-8231-4934-8310-33753a712383,0.85,,,,True
6c5e0062-0968-4ad9-85ab-51b46331dd85,0.85,,,,False
42db7011-ca1f-4073-ab88-5a7f61eef7c4,0.85,0.9680096507072449,,,True
3094d4c8-d1b3-4782-9f38-7a627330f8e1,0.85,0.8511353731155396,,,False
118a52ba-5035-4873-af0a-f02e7870ca99,0.85,0.8885699510574341,,,False
88236516-4138-4481-a720-192cced3d5f8,0.85,0.8606113195419312,,,False
d907f6d7-b951-409e-b7da-1644d510318b,0.85,,,,False
b37143e3-3b17-4711-b97b-6501a84d8fe4,0.85,0.898086428642273,,,False
71d002e8-d332-49e9-ac00-612f11abb2cf,0.85,0.8941323161125183,,,False
7ccffda9-c105-488a-8f1d-ce1e6c13c9fe,0.85,0.8834584355354309,,,False
17ac476e-bedd-4b16-8a94-c62e35721a94,0.85,0.8628380298614502,,,False
2eac7451-04a2-4264-bf07-1ed154ad4b73,0.85,0.8935619592666626,,,False
08b72ebb-a56a-4213-bfc9-7fbb3b39f66e,0.85,,,,False
1e2128ae-a9ac-4dc9-932a-c4061d2f1b99,0.85,0.8878583908081055,,,False
1d254be6-602c-44bd-b1a8-9381cc43db56,0.85,0.8616420030593872,,,False
e212de16-ab24-42c6-8f82-d9dae7b7baf1,0.85,,,,True
170849f1-24e0-4bca-b94a-940f6c905ee7,0.85,0.9618314504623413,,,True
cc8d0fcb-5de9-4eba-ab0d-196f6617f328,0.85,0.9165987968444824,,,False
e66b7a59-b976-453f-ad7c-2afadbaa7ece,0.85,0.8861975073814392,,,True
f5aa2fe1-a72c-47b4-a03b-ee8904a19f63,0.85,0.8682654500007629,,,True
ee0dbc57-3de7-4702-9de2-3180df3d3d5d,0.85,,,,False
fde95a54-2f4a-4fc2-ab6e-0d52bb41f329,0.85,0.8798250555992126,,,False
4f37831a-f412-438a-9642-1b6eaa713f60,0.85,,,,False
8d71b70d-2f8e-4d0b-816d-5eba9f0822b5,0.85,,,,False
68603607-8135-4795-941f-175941ba1417,0.85,,,,False
4bcb4311-539f-4af7-89c1-465378178e78,0.85,0.8793781995773315,,,False
89e5309f-3417-4787-a43d-b9f183199af1,0.85,,,,False
5f287a4f-7148-4514-acaf-7b75d33be731,0.85,0.8638314008712769,,,False
7da45068-7f91-4a99-a278-c18c9d4ad57f,0.85,0.8746523857116699,,,True
dc4be9d3-7385-48f7-958b-d076fdd0ea36,0.85,0.9136970043182373,,,False
8faed7c0-400d-411c-b1bc-144942184fd4,0.85,0.904573917388916,,,False
9facc77a-2be6-4f14-93c1-a16eefb93f24,0.85,0.8921029567718506,,,True
0682b11c-bc0b-49e7-a5ac-e140f492b3d3,0.85,,,,True
2c4675ae-741d-4174-98e1-cb261667b289,0.85,0.9091757535934448,,,False
21840d06-def8-4974-a715-df00952c3b25,0.85,0.8870485424995422,,,False
b1754496-4ff6-467a-bb6a-4d2004cfb2a1,0.85,0.9362837076187134,,,False
401c7822-d937-4ee6-b9b0-6d02e30a0036,0.85,,,,True
c62bbb9b-7cbd-4b82-8a61-702f1b954b01,0.85,,,,False
aa1137d0-c451-4bd9-928b-9114e76b352d,0.85,,,,False
4426df57-bc39-488b-b858-d6cfe3058bf6,0.85,,,,True
64745a62-66b6-4e47-a1f0-47ebac7f4d78,0.85,0.8851901292800903,,,False
f3d80c57-c813-4e2e-ae72-e39cce388c97,0.85,0.913250207901001,,,True
957c5452-9706-468c-a872-6accd3df05e3,0.85,,,,True
43af991c-df4d-4f2e-b5b8-b94af7d71cb6,0.85,,,,True
5b3068eb-4b7d-4310-8d60-2432981a92f6,0.85,,,,False
2d992225-9654-455e-934f-d7bb287c8004,0.85,0.9147447347640991,,,False
77b9fa09-aa56-44bb-9fd6-e956d1ce6f2d,0.85,,,,True
30f53b3d-7d00-4feb-b793-b652d01f9de0,0.85,0.8934447169303894,,,False
cdfdaeca-15a2-41c9-ad5d-9187137ba6a3,0.85,,,,False
a6d6a120-53d9-439f-b98e-36dc86b3d37f,0.85,,,,False
b63305fa-45a4-4e17-8deb-ce2a242d6852,0.85,0.8780461549758911,,,True
8ee595ce-1fdc-415a-a44b-dffc3dc114ee,0.85,,,,False
dbbafaa9-4207-4dd8-9821-51bbedc6279e,0.85,,,,False
457b6149-fcfa-485d-8b7e-62e41b37029e,0.85,0.9197906851768494,,,False
eaca7dd2-971c-43bc-8fb5-33130c3efc7c,0.85,0.9343795776367188,,,False
b57c1fc2-a03c-46a4-be87-adf276cc6713,0.85,,,,False
95301767-f855-48b5-bb5f-33775136b4f5,0.85,,,,True
4c35f15b-d0aa-44f3-9735-f00a4a515366,0.85,0.8869006633758545,,,False
f4ca9bba-7b77-468f-bad8-50d2afaf33f3,0.85,,,,True
9d14e127-92f0-4375-b07e-5cb2533eb09e,0.85,0.865877628326416,,,True
db7f27d8-6433-476d-9dda-169b4e43e4c9,0.85,,,,False
a4871856-a2c7-4182-b167-df453b36ea50,0.85,0.8769072890281677,,,True
aac02cfa-178f-4d06-9df7-97902f9a927c,0.85,0.8664249181747437,,,False
bb73045c-43ff-4908-9b16-e9d638c28dc4,0.85,0.8738889098167419,,,True
48a2e45c-aae4-46f7-b1e7-da8fd2e6e63b,0.85,,,,False
df6d69c3-c239-433e-a6fd-ef0f64d0f9e6,0.85,0.8710458874702454,,,True
12dd8729-8eec-46c3-82db-5bf3dc62e7e8,0.85,0.8835166692733765,,,False
a73cc69f-0b1b-4090-997e-0f8d32fb0200,0.85,0.95146644115448,,,False
fb2106a8-f3f5-475d-b1d0-13ad278d5e69,0.85,,,,True
de42a28d-7ac9-46fa-aadc-34f8c7652531,0.85,0.8759255409240723,,,False
a0c9c0fc-65e1-4d5a-a934-5639c26cfe62,0.85,,,,True
79744f28-3995-40ae-80ce-a8bbd5b2919c,0.85,0.8522778749465942,,,False
d8370da2-7174-4be0-8b21-a2c791d989ef,0.85,0.889291524887085,,,False
549f45eb-493e-4765-83a9-a584c4180e10,0.85,0.860520601272583,,,False
6585e5f7-718c-4d87-ad9e-e12f760230b8,0.85,0.8873757123947144,,,False
ef61e5d9-06a1-425a-9d0e-7f4889cc59e8,0.85,,,,False
35279844-d7bd-439d-9c56-08bad46c512f,0.85,,,,True
d4635a55-8039-4536-a310-4f02047b5561,0.85,0.9243373274803162,,,False
da83d0d1-5aa7-49fb-bbdf-1a455f201428,0.85,,,,True
19e79e3b-4c1d-45f8-99ad-de33514ff6f2,0.85,,,,True
d00c6767-73b6-4356-853e-5d140bfd0e2c,0.85,0.9405685663223267,,,True
3f3f299d-0f85-45d9-9e3b-a736dfafcf7b,0.85,0.8694058656692505,,,False
16e809b5-4bbe-4850-a601-6a45ca71f50f,0.85,,,,True
49ae1326-fea3-430c-952b-3c9b760145eb,0.85,,,,True
6029a09b-f8ad-499b-9dbb-0a6b469d68a1,0.85,0.8554803133010864,,,False
509c3dbf-7904-479a-afc9-e700550c4d3d,0.85,,,,False
ae6c8e38-8ebb-4b01-ad1b-db09794f74e5,0.85,,,,False
a91c581a-a49a-4d6a-9fe9-399e84ef2aa3,0.85,,,,False
33e8b643-2262-4867-b821-a3ca9bd84c4d,0.85,0.8577348589897156,,,True
3f793f1d-7087-419f-a7de-8bf1c28921da,0.85,0.9106921553611755,,,False
3e98b48d-9983-4664-88f6-088b6b280dbc,0.85,0.8945512771606445,,,True
f2ce8a40-9d70-4739-a0a5-4410b4cde71c,0.85,,,,False
d4c0c4b2-daab-4246-8afd-b3ba43655763,0.85,,,,False
a3c9de86-1196-4cdb-8ee0-3651014164b9,0.85,,,,False
57acfb93-7d87-4535-a31e-9dde453627c1,0.85,,,,True
f7dae830-49b4-4457-bfd5-4ad9a4531bb7,0.85,0.9159230589866638,,,True
75e4cd3e-6131-470f-8a87-0f25ea4c3e69,0.85,,,,True
00e04b71-d08a-4747-8268-51e04e8ed261,0.85,0.8766650557518005,,,False
d11b17e7-2a23-4f55-8fbf-f586d0b5bd55,0.85,0.8582888841629028,,,False
03cc003a-9a0a-40d0-b485-f2e6339c3762,0.85,,,,False
71fa4102-8d0d-4f61-8f54-aad51f9a7c27,0.85,0.9117858409881592,,,False
8b7aff1e-1790-4115-85f5-94fff011cc8d,0.85,,,,True
e5a5aa37-48cd-4d1a-bfc7-f3ccbdaf0212,0.85,0.8644997477531433,,,False
4dbd6848-5b16-44e8-bf85-e28a712de161,0.85,0.9037679433822632,,,False
e65d6144-64c7-4384-bc0e-35fdf7037c7c,0.85,,,,False
1932ca62-8004-4761-88eb-62ad93116863,0.85,0.8629999160766602,,,False
d0051e2a-5dea-4e53-b197-d77dbff85b7e,0.85,,,,False
10ffae1a-7280-4c4d-8376-0afe9ba7c2c5,0.85,,,,True
ace60fd1-85d8-487d-8bb0-5ae045a93c18,0.85,,,,True
e6e8ece1-49e4-4177-ae3f-3b013b31f16f,0.85,,,,True
12b38c62-6e2c-4be2-a337-200878dc463c,0.85,0.8796738982200623,,,False
349ed883-befc-4932-b452-5fca9ac74b7c,0.85,,,,False
46f6e772-0be9-44fb-b5fb-73b086644719,0.85,0.8771340847015381,,,True
45347977-1023-4f44-8c94-d5d809106c10,0.85,,,,False
32df26a9-1acc-4634-87f7-3d3dbaf0556b,0.85,,,,True
40ec3ed7-51e7-429f-81d8-7f083d78f653,0.85,,,,False
a76f5eaa-ac18-40d3-9cb0-d80177c7dd16,0.85,0.8862631916999817,,,False
f0dbb43e-62d3-4f52-b41d-824c0281c220,0.85,,,,False
463f1910-0880-49f7-b0e7-6a7058e8b0e2,0.85,0.9339074492454529,,,False
f72f2fae-a4a1-4907-87ce-23ccf2a30f31,0.85,,,,True
40dd3afc-0318-4807-8c35-ab6bfca0434b,0.85,,,,True
ad5ff852-4757-4600-82d7-df5c0911fb6f,0.85,0.958280086517334,,,False
4f409034-a25f-44f5-b4c9-882e1bbe8cd0,0.85,0.8580005168914795,,,True
c750dbb4-f229-416d-84e4-5d051b78f347,0.85,0.879277229309082,,,False
0ed64e0b-a6ec-4e2c-9b07-678eeaffbffd,0.85,,,,True
1e6d7b89-7db3-4dc2-8619-ac6e97bfa366,0.85,0.9702590107917786,,,False
272a429b-443d-4abf-8024-8b8d5a6e92c1,0.85,0.8620968461036682,,,True
29f295f6-baec-4903-b44b-eef4766f9588,0.85,0.8671685457229614,,,False
27667a69-67e1-4f3c-b3c5-fcf45ee4eb91,0.85,,,,True
ea3d96ba-3bc3-464a-8ecf-25c69b52aee4,0.85,,,,False
caee67fd-98d3-4332-9e46-208ee92039df,0.85,,,,False
1b60e148-7db1-4142-a8e9-a9c45331c0d2,0.85,,,,False
debb250c-1c1c-4a77-8912-8d113fb7d8fc,0.85,0.851430356502533,,,False
f70dcf0c-6408-4474-b0c9-924117fbd453,0.85,,,,True
a245acd9-77af-4fa4-b432-59600faa4566,0.85,,,,True
236cb151-2a25-4a4a-8786-f997873b2253,0.85,,,,False
6f36d354-1c63-45db-9596-e7afd7786443,0.85,0.8797549605369568,,,False
c51bdc9b-7855-460f-9cc6-5a1729e0bdcc,0.85,0.9070701599121094,,,False
17e35420-1f50-48bb-9b4c-d0e09e0da318,0.85,,,,False
1d3c304c-4dab-4614-87f8-cfebc7306b30,0.85,0.8647615909576416,,,False
c675acb7-1f70-4e48-89b1-9f5ad813c34e,0.85,0.9148445129394531,,,True
bb570c40-9305-40bc-9721-967eab3e3e57,0.85,0.9025117754936218,,,True
0bcb47b8-4cf6-46e2-bd7c-6a06375cd3a7,0.85,0.9156001806259155,,,True
097afdfe-8893-4dc8-b915-761e0e248ab2,0.85,0.9012848734855652,,,False
688d84f8-4e46-41bb-a5ce-788f64849dd7,0.85,0.8627718687057495,,,True
b5767c52-7203-4ee7-bbce-230fb696339b,0.85,,,,False
7c89d446-45d7-4e7d-80f3-2671d239ece5,0.85,,,,False
5e7b9fbf-d5c2-4f2a-a54f-a9582ef17785,0.85,0.9778971672058105,,,False
70ac4826-7563-45ac-86bf-da3ffbdca0b7,0.85,0.8820266723632812,,,False
11ee8e02-717f-4bf2-b232-96f2dd58dd32,0.85,,,,False
ccd0f075-30c4-403c-b3e6-d395b2ca1dfb,0.85,0.8903067111968994,,,False
eb65296e-89ce-4452-a848-76c085cd8bf5,0.85,0.8719171285629272,,,False
414cbbfc-1a31-4f60-93b6-a71339ef121b,0.85,0.9089155197143555,,,False
8a57b763-ea65-40d7-92a4-1ae02758fd72,0.85,0.8710923194885254,,,True
0515a9eb-8394-4fab-8313-1b85f4a76af3,0.85,,,,True
1595720d-e78b-477a-9e56-d171645d0755,0.85,0.8997875452041626,,,True
f5064a07-d58c-4717-a6cc-c6fba8f81914,0.85,,,,False
06565361-6876-4af5-ad6f-0e51e41922e3,0.85,0.8695385456085205,,,False
d15ae47c-df22-4a49-a559-019dd8c7a7f3,0.85,0.9185876846313477,,,False
f8abc27e-cfd0-40c4-83b2-d48b30227dae,0.85,0.8841210007667542,,,False
eb9b083d-7b02-443f-ae26-8db6228c3ef7,0.85,0.9102855920791626,,,False
187aa7d1-5e3a-4fb4-8423-8890471561c8,0.85,0.9548979997634888,,,True
0238d9cd-651d-4767-b3e7-54cde6c5eb24,0.85,,,,False
b06bdb7c-93f5-46c7-82de-d6d61226fca2,0.85,0.9444172978401184,,,False
44b0cf6f-903d-41f2-9a70-cfe53bc8d853,0.85,0.9314618110656738,,,True
08625d59-6bae-4eb9-8f3a-b4333bfc31ce,0.85,,,,False
cdeca793-6d45-4e9f-bdf2-8a4eaaa603bf,0.85,0.9069923162460327,,,False
c8c7d96e-450d-4f28-8a0d-cb642b5e214c,0.85,0.8992986679077148,,,False
a4ce6419-96a4-465c-9a68-1c22201d0695,0.85,,,,False
c5ee0d5d-6cec-4d5b-b3b1-480c94dfcae9,0.85,0.9454911947250366,,,False
abe40325-08b4-48f6-86df-c02b41f57c34,0.85,,,,False
e4d1ab29-4348-4a17-8288-210499a55f86,0.85,,,,True
c1f11d1e-6b66-4728-9f86-4f5f09ca5eb9,0.85,,,,False
cbd8f0c7-c90e-42cd-8a0b-3c7744b95501,0.85,,,,False
b8343e77-3a44-445d-91a6-f5affd70ff97,0.85,0.9173010587692261,,,True
01defdc4-be8a-4e31-8dad-a514c4a81d6b,0.85,,,,False
677822a5-0cf2-468a-8fa1-4292b7e64454,0.85,,,,True
091fd425-deaa-406f-8091-ada09f6455b9,0.85,0.8811025619506836,,,False
db4f8e1d-449c-4053-b880-2c396322a154,0.85,,,,False
00059faa-0cc7-405b-a261-8b93ba71408c,0.85,0.9393960237503052,,,False
2e9e578e-7434-4900-a57b-903f8789f912,0.85,,,,True
6a51f236-7c64-49fb-8f7c-280e5c18e912,0.85,0.879761278629303,,,False
748513ce-0294-40c7-89ad-8e6e1c4c7aa7,0.85,0.9158501625061035,,,False
509b334d-cf9a-4b42-8555-a039d5be070e,0.85,,,,True
f43850cb-3a7c-4485-ac95-2fed96829462,0.85,0.9247467517852783,,,False
113b4a3a-0f7c-4d79-8a82-b2f9a5ab5351,0.85,0.8830358982086182,,,False
1e075623-6a98-410d-b5a3-b32fc439b0e3,0.85,0.8549939393997192,,,False
91da34f4-1710-4bd7-b0d4-33f964e6385a,0.85,,,,False
b7a75f53-c792-4e2e-addf-01c5f9839153,0.85,,,,False
42c6f638-44b4-4749-9836-c8e7ec1d6387,0.85,0.8571715950965881,,,False
42df1b49-11fc-4a8e-9669-63cb094ef765,0.85,,,,False
ee2b422d-82eb-421a-9708-1bf0e0dbd7a9,0.85,,,,False
bc01fec7-aa27-41b9-86b0-528dfaee5fc4,0.85,0.9187119007110596,,,False
d469be31-5047-4495-88b9-89ba36310663,0.85,,,,False
86d48aed-aa7d-4a76-9cfb-083ff42b8645,0.85,,,,False
a7529b75-55e8-47d6-8546-4583ee9d3e79,0.85,0.8750044703483582,,,False
21e8c546-2423-4b70-b536-74b5c9b48ec2,0.85,,,,True
42f95074-594d-4406-a5ea-abcf2ee4664b,0.85,0.8958724737167358,,,False
2d689474-b651-4d0a-a234-654d54c8ecf0,0.85,,,,False
33bcbe79-551f-4431-aac4-4975568b1d0a,0.85,,,,False
0cd72de6-9734-4e3d-9cbc-1d3ed253ed6d,0.85,,,,False
639a7638-4771-40ca-bfd8-9670fdfdc44c,0.85,,,,False
7701253d-b987-4147-b3fd-b9bcce839e04,0.85,0.8772491216659546,,,True
faae01f7-6fe9-43f4-b51a-f6a15af9bfe0,0.85,0.8928946852684021,,,True
9896bd0b-ebf6-4a04-8913-11f59c7f6fa3,0.85,0.8563531637191772,,,True
bfa68904-34df-4ef6-b4de-ca03344bfb0b,0.85,,,,False
14c3a5fe-e1c6-4880-be9a-51e52d05d104,0.85,0.850127100944519,,,False
f617e581-3ae4-4c9c-91fa-04f1a6a6d86e,0.85,0.8674471378326416,,,False
8950af53-ca70-4ebd-9d90-7baa189c9189,0.85,0.8948485255241394,,,False
df14c90c-883f-4028-ad0e-da63f23c5009,0.85,0.8515066504478455,,,False
7e10282f-929d-4d18-a45a-73159d43016f,0.85,,,,True
97d8d584-6cff-4fb4-ab41-6596fd7f95b2,0.85,,,,False
0a3a5508-9c26-4992-8c86-533d64e73c3e,0.85,,,,False
7c0890d6-c937-4fbb-8944-da7f3b95224c,0.85,0.8990961909294128,,,True
62d6fa61-33e7-4716-a958-bd7592b51705,0.85,0.8665016889572144,,,False
794df886-7c69-469a-8003-fad566c66666,0.85,,,,False
ac4c2c4b-e733-4ef7-9811-8cbe468f919e,0.85,,,,True
987d833e-734c-470e-a54e-346061a0e982,0.85,,,,False
c4bb1ef4-f082-4b20-9d9a-786962180655,0.85,0.931648850440979,,,False
ae847f08-7fe9-4537-b3ca-1abfc5717145,0.85,0.9080668091773987,,,True
c3be545e-f589-4891-91de-2dc036c7ae37,0.85,,,,False
f6b368eb-c1c6-49e3-8375-dae0b08279ab,0.85,,,,False
a2a743fe-7f27-4927-821b-f2a8ec1ceb7a,0.85,,,,False
7fe3408d-db4f-4102-910f-bdfa8b463384,0.85,0.9124855995178223,,,False
46a6ca81-c5f9-4288-8cb6-8e44af65af39,0.85,0.86491858959198,,,True
124074f8-366c-47ad-953d-3bec7334dfee,0.85,,,,False
0e8f0d8f-0532-45cf-84a6-e6d87a93c8f5,0.85,,,,False
b0611677-d593-4894-968b-241b59f5b438,0.85,,,,False
ec744b0e-6cae-41f9-98b5-929629806821,0.85,,,,False
3ea52b8b-d51a-4a3d-a7f8-bb1f4e573089,0.85,0.9037091732025146,,,True
7d281542-2739-44e8-a583-787370774c6f,0.85,0.880722165107727,,,True
6b4e19d7-6ae5-478f-b992-e30c45954f22,0.85,0.9017446637153625,,,False
1a0219a8-ce1d-4227-a9b8-52f1a5ae4b53,0.85,0.9114711284637451,,,False
9b158529-bd02-4a16-a381-7b20acf277a0,0.85,0.9141955375671387,,,True
a818cda3-cbd4-48fc-9b33-a2f6c67112f9,0.85,,,,False
998d2904-f98d-43b9-8a2c-7206d04f3c21,0.85,0.8583544492721558,,,False
9a910325-c496-4650-bcce-f89b6962c52c,0.85,0.8769310712814331,,,False
7f6c83a9-6bbd-46ae-bb3e-97411689da3b,0.85,0.8615302443504333,,,False
f3c9afaa-d2c2-424a-8004-36588210c1aa,0.85,,,,False
2ab8dc4e-7aff-4dca-bd92-b5a487cd5d3f,0.85,,,,False
281bf36e-737d-434a-b27f-123338ed972f,0.85,,,,False
796cded0-e90c-40ec-9d0c-14db75a99d2b,0.85,0.9004713296890259,,,True
65590809-b9b5-41f9-9036-8cbd24ed67e5,0.85,,,,False
3334a92e-e52d-4c83-baef-36005b7cb450,0.85,,,,False
5ed9a796-4f9c-473a-ba47-23e250e01b4a,0.85,,,,False
d5ecd591-2e28-4b08-bd3c-ecb8d42b7ece,0.85,,,,False
22059f67-1263-4144-820a-159ca6c9170f,0.85,0.8620989322662354,,,False
0f82976e-17fc-4069-8265-ff879fbbc695,0.85,,,,True
7262e8af-3159-40c5-ae41-6071371355b3,0.85,0.9279022216796875,,,False
deebd51d-8c41-4b81-9853-90b402864ced,0.85,0.8711434602737427,,,False
b9db377f-e4a8-4e13-91b0-c7b25e49b01a,0.85,,,,False
228ef4f4-2fe7-4010-a789-e730f6c725ff,0.85,0.9168165326118469,,,False
b917dfc4-0a6f-4dc6-843a-4f864c7cee2b,0.85,,,,True
bbf33f06-bebc-47ac-928e-42dbcf34bd8a,0.85,,,,False
da9f147e-cd69-462d-a9e7-7c612786ac85,0.85,0.9300469160079956,,,False
6cc18e63-a4a9-439f-ac21-893d19d9dfa3,0.85,0.8682912588119507,,,False
2eb119e0-c44a-4e3c-9c84-e3bec37d3a51,0.85,,,,False
3ff71987-6fad-42ab-9dd7-b8fa0fb91c3d,0.85,0.882121205329895,,,True
6df2229d-75c2-4cab-a12d-0ec4d428e307,0.85,0.8759733438491821,,,False
efd92b26-9667-4704-93f9-3189b6a5c458,0.85,0.8562164306640625,,,True
912150bf-bf60-41cd-a87f-fd4d26a6a88b,0.85,,,,True
d0086aa0-417f-4cff-b42f-c3645f6df5b2,0.85,0.8641969561576843,,,False
67be2d68-5b98-40d8-a94d-af9b2e9616dd,0.85,0.8614650964736938,,,True
84249dc0-59b2-4eaa-8440-c369d97da5bf,0.85,,,,False
6241821f-1b7b-453e-9472-9ad538300364,0.85,,,,False
9b822843-78ca-4b8f-bbc8-01b6539a8759,0.85,,,,False
ca4d78ec-548f-4809-b96e-1d7f6c0e6689,0.85,0.8522233963012695,,,False
30d508d8-6ca3-4d5b-8530-93ab433d9b9d,0.85,0.9024259448051453,,,True
f94c44d5-5971-45b9-ad56-47f7d8adf4c2,0.85,,,,False
6dc147c4-62ec-43e9-b04e-4cda21c2ce17,0.85,0.8605733513832092,,,True
b93fedec-6d95-4aee-9b45-7a1582f95ccd,0.85,0.8705521821975708,,,False
46777bc8-51d8-425c-990a-e07d4538d257,0.85,0.8736478686332703,,,False
5f4c9c3c-770c-40b4-9f25-e2bc44ad3d73,0.85,0.8603838682174683,,,False
b914506a-8c44-4ff4-a8d9-d425f3d34a9e,0.85,,,,True
ab7d4eb1-f483-4326-9d7b-367305e514e0,0.85,0.896808922290802,,,False
d266c7cd-bf27-4b69-a5c3-24fea9aed81e,0.85,,,,False
52c6d334-9ce0-467f-88ad-2a45d324cde1,0.85,0.8767587542533875,,,True
f5c8a3b7-33c3-499d-9c7a-9d996b283183,0.85,,,,True
b974639a-f591-4348-bd88-d68ada8a06fe,0.85,0.89918053150177,,,False
975d5e58-df43-4240-b4dd-a6e6386f1356,0.85,0.9040967226028442,,,False
12e9a1c6-ee03-48c6-9e88-a0250c2c6f61,0.85,0.8737903237342834,,,False
0a7f4f8a-decb-46b2-8ed9-9b48e608297e,0.85,0.8788288831710815,,,True
bae7ee99-9cb7-4dfa-bff1-d8d312dda70e,0.85,,,,False
049e3aff-1779-4497-a36c-cd36e9601623,0.85,,,,False
ceebb1f4-5f16-40d1-81fc-e7a58750c983,0.85,0.9377119541168213,,,True
f5d53c93-d9de-4b8d-84af-0fe114db88e2,0.85,,,,True
1b17d731-b749-4cb9-946f-74fc77525144,0.85,0.9233201742172241,,,False
bf3b2dfe-4307-4503-9341-17d4aed25277,0.85,0.9351271390914917,,,False
2240d6ca-aff9-4469-8eb5-3f5174228464,0.85,,,,False
a17a1d3c-f2ba-4009-8f00-ed6c5816640a,0.85,,,,True
067b3395-0207-4696-9aa3-ca5965c15174,0.85,0.8604869246482849,,,False
cda35999-70d6-4e05-8bb0-7e1a42676e79,0.85,0.8832088112831116,,,True
b73bf6c6-3468-4ab8-9f4d-3c6e28259f07,0.85,,,,False
8e2906ff-d5af-433c-bcc6-5f14377f24ba,0.85,,,,False
e75b7404-afaa-4b01-8bba-7ff6e1fbe78e,0.85,0.8532708883285522,,,True
f88fc333-542b-49f5-a538-ec92bfeef85f,0.85,,,,True
d0320321-4bab-4543-a9c7-116cadaa7ef7,0.85,0.8671157360076904,,,True
27a37d24-f60c-4bf7-bdcd-a6b6af1de944,0.85,0.9160555601119995,,,True
52d682fd-2863-485d-b740-414c53c69c56,0.85,,,,False
3a09a3ed-270a-4a75-a154-5c456efd2ca5,0.85,0.8981375098228455,,,False
7887aa94-2938-46ed-a095-99edbdc88657,0.85,0.8672067523002625,,,False
3b175179-2c12-48b5-9660-2684c9d54dd0,0.85,0.8681134581565857,,,False
89431918-7e17-47b9-9086-c2842fac161c,0.85,0.9185572266578674,,,False
3fcfaf37-0770-4ae9-b2f3-8fe65bce7afa,0.85,,,,False
08d7a43a-c4d5-4681-85a2-1f1fb45f47d6,0.85,0.8508753180503845,,,False
17afdffd-8d77-4b73-8e68-6a09834c5d64,0.85,,,,False
2fb9b1b7-fa62-4a35-a80e-fb6bc0ae9b1e,0.85,0.8870874643325806,,,False
2f3711d5-1fbc-49a3-b9da-83ca2c077f52,0.85,0.8903346061706543,,,False
ba3e5f93-3341-47a7-a73d-5617c417001b,0.85,,,,False
8346beac-84ee-4f22-a3c1-7af59effb301,0.85,0.866981029510498,,,False
9349046b-1b9e-4fcc-b413-6691fa8d0526,0.85,,,,False
8c347939-98d3-4d5c-a229-3680003b9bfa,0.85,,,,True
f6673a70-ff56-40a1-917a-628ca6a46ff8,0.85,0.8935271501541138,,,False
49d1deb4-6627-4c6e-a994-d5c0495c0dde,0.85,0.9115341901779175,,,True
7a8c60e1-d6b4-4880-afc1-b15ebb2b653f,0.85,0.8900934457778931,,,False
87161f29-243c-4a8b-8f96-317c00eac793,0.85,0.9350602030754089,,,False
e7325962-5e61-4a5d-aa39-fe0597111f61,0.85,,,,False
dcd37237-b694-41a9-bc90-d087e0bfb998,0.85,0.8752883076667786,,,False
7592f0b2-411f-43e3-a837-182678da376c,0.85,0.9395618438720703,,,False
c7cf3b6a-3259-4d58-8875-0d040ee99734,0.85,,,,False
514881d5-5c4e-421b-bc49-a679a7cb9fe8,0.85,0.8752768039703369,,,False
4d1ba83b-f1fc-4436-aefc-b6fd9cb5c012,0.85,0.8745565414428711,,,False
1b303750-a584-40e1-a2a1-f08d22f1e449,0.85,,,,True
1696b8fd-c345-4e5d-a4ea-88c49f247774,0.85,0.9117085337638855,,,False
21184219-1777-407e-88f5-20b04b23e151,0.85,0.8750381469726562,,,False
69311713-3a06-45dc-a230-612a4ae7f384,0.85,0.903862714767456,,,False
6c68dd1d-fa5f-4d60-9fa3-55c132406479,0.85,,,,True
4bc36b9c-0cfd-4fce-8250-463892e87b4f,0.85,,,,False
6a213afc-dd29-4cea-9c39-e0a7583c8051,0.85,,,,True
064647b3-032d-4c93-a175-9f32558747d9,0.85,0.9074047803878784,,,True
1a120d6b-6f88-41ce-9582-fb99efb6a1ec,0.85,0.8569276332855225,,,False
905360b3-229d-40ec-a582-3bc1699bce91,0.85,0.8682339787483215,,,False
1177c29a-63f0-4204-b15f-d2e9bd88a52e,0.85,0.8736456632614136,,,False
c0185abe-0d0c-4f19-93af-ba64e8fb69bb,0.85,,,,True
8b5708c1-7b0b-4ef6-80f5-5efde4e6e3f5,0.85,,,,False
51eea7b3-a91a-4add-bc8d-66ec4d604a8b,0.85,0.8620566129684448,,,True
ab40f880-ba88-4d81-8bc3-3f5881a5589d,0.85,,,,True
7d9d183a-48fe-46c6-afe2-69c1b675cd46,0.85,,,,False
b5376316-492f-49dd-8653-13d977b4fe0d,0.85,,,,False
1ac6419a-ed7c-43cb-96c5-d6bd461ba0aa,0.85,,,,True
4ae2d1e0-c528-410b-908c-62f3e3049ac4,0.85,,,,False
0f83c653-ef08-4bd4-918b-c9d49d7e9e1b,0.85,0.8581297397613525,,,False
ace24276-08ce-4b70-b988-01914e32739c,0.85,0.9292849898338318,,,False
80d09693-a4ad-4d7f-bffe-0453808a7a8e,0.85,0.9095991849899292,,,False
3b3d2078-18e9-457e-a318-1ece5f03c57d,0.85,,,,False
b28efedf-3df8-462f-a420-f6339623840b,0.85,0.8517616987228394,,,True
742c6630-65cc-4ac9-9084-8a540d6d21bc,0.85,,,,False
b82d6289-9b4c-4f6e-88b2-1781f0e921ff,0.85,0.8608862161636353,,,False
2cd7745a-0f9d-4bb8-99b5-6ce61bee0d69,0.85,,,,False
16a88e22-401b-422c-b1eb-a780c4f20c57,0.85,,,,False
12bb1777-16ac-43e8-8feb-2bd05acd1900,0.85,,,,False
fe841f1d-f047-4991-88f0-e234bc2f3b66,0.85,,,,False
61db5e80-381f-4b01-ae83-ccb04a686660,0.85,0.870583176612854,,,True
9fb1a016-9888-496b-94fe-7a9f9eee5fcd,0.85,0.855439305305481,,,False
7ff40c6e-5d38-482f-9a00-1dbb486bf4e7,0.85,,,,False
dbbc163b-0458-4ec2-bbba-ec033e23efcc,0.85,,,,True
a643afed-6f3d-4a66-9ac0-4d4434486365,0.85,0.9179477691650391,,,False
0afb066f-8973-4ae2-83bb-199513203fcc,0.85,,,,True
09919191-54f3-4cd6-8fe2-ab766cec49ac,0.85,,,,False
ae817cb0-8e69-4fb7-934b-a935068f6478,0.85,0.8675440549850464,,,False
025f3568-6dd5-4dcb-a5f0-774ca7eee5bf,0.85,,,,True
c8ffdc99-f9e4-4a84-a5ee-1d47485c1994,0.85,0.8683083653450012,,,False
071c5f13-d736-4100-8cc9-92c2ef6060f3,0.85,0.859185516834259,,,False
4a5139ea-b6c4-4be2-a68d-7aeac2a5a99f,0.85,0.8897983431816101,,,False
c9ca9cf6-e424-4623-8720-29c31b00f70d,0.85,,,,False
a008110c-0e7d-42b6-bab6-8446b7968595,0.85,0.8951734304428101,,,False
ce23e71d-583e-4c8f-90e2-adc75f297112,0.85,0.9300721883773804,,,False
ac35debe-3d04-4f24-adce-63c4e821a3f7,0.85,,,,False
c4c609a0-f05a-476a-85ed-ba5610ba9a80,0.85,,,,False
294cf174-b3a3-4f17-ac00-275e2a8f8e08,0.85,0.8682450652122498,,,True
5743bbd4-1671-4a9a-8941-43950cc1fd7d,0.85,0.9041846394538879,,,False
b043ef05-134b-4316-bc33-61270e64b9d7,0.85,,,,True
ccb90a0d-7b02-4b5a-9902-6d25421475e4,0.85,0.9027981758117676,,,True
8fc527d1-beea-4e99-aeba-fed134d8c5b2,0.85,0.944358229637146,,,False
696c3b53-c902-44b0-b119-0b07fcaa56a2,0.85,0.929492712020874,,,False
56cd9781-7c68-4cad-81c7-8b45e2dce7ed,0.85,,,,True
f70f09dd-9b01-4c36-a88e-7c21686ce9f8,0.85,,,,True
9ec28d01-2cf5-4e9a-b07a-0c6f305b921a,0.85,0.9118080735206604,,,False
c7289d57-3916-49b7-b151-b1be43801705,0.85,,,,False
a1c43206-28d2-4427-9fc7-bd9703563e7d,0.85,0.9109429121017456,,,True
ae4c618b-3051-416b-9e37-67d07e10fcfa,0.85,0.8662620782852173,,,False
65dda557-5672-481b-82e4-cd695419a5ee,0.85,0.9245432615280151,,,False
8692fa29-fb4b-4343-8ae3-dc5fb5e6b33a,0.85,0.8542248010635376,,,False
80562b2f-82fe-496f-ab13-f31cab870e9f,0.85,,,,False
a843dfa9-c1cb-4fdd-a7b6-61727e46a498,0.85,0.8784512281417847,,,True
c90c28ad-cab1-40ea-b593-6b959dbe88bc,0.85,,,,False
b5fdea38-0364-4ab7-b589-3b178af7da74,0.85,,,,True
352d003c-d9e0-4955-8311-90cacb63165d,0.85,0.8653925061225891,,,False
621ebffb-1822-4d29-937d-82dd9a14df0e,0.85,,,,False
4dfee182-ae7e-4a58-8af1-1404f93eeb93,0.85,,,,False
c53e4d94-d759-4bba-843d-23876b29dea8,0.85,0.8702273368835449,,,True
c868e098-a2db-43a9-ac3c-0d9484c028da,0.85,0.9011340737342834,,,True
d880d349-6c1f-4798-9ea2-26fc4aef80be,0.85,0.9246271848678589,,,False
b86abde2-7507-43d5-b335-07d03c3eb4a2,0.85,,,,False
84cfc4d3-1868-4c5c-acf3-b53c5f9c50d5,0.85,0.9145181179046631,,,False
52a4bc6e-4e29-4ae1-a58a-6488b7bcc76e,0.85,0.9249850511550903,,,False
153025ec-2fc3-46e4-b089-84aac22d9ec2,0.85,,,,False
c351fc58-ad5e-47fa-a804-21e91c11f99d,0.85,0.9298465847969055,,,False
bcc9f598-356e-4bb0-b574-9a30b39d3ef5,0.85,0.8755748867988586,,,False
53264186-5029-498d-accb-b6a8c8304b47,0.85,0.9030201435089111,,,False
44aea28e-869f-4289-be6c-07421da0aa6d,0.85,,,,False
e2e68845-955f-4718-9146-15d6dee008d4,0.85,,,,True
52dd4a9d-fd8f-4b2c-a00a-c1a8455de983,0.85,,,,False
2faed371-2f4f-4d7a-842c-9b241a16cbed,0.85,0.8528635501861572,,,False
404df569-5a76-4a33-b365-5d537d695553,0.85,,,,False
d38d45b7-9d14-4b01-8549-eafdd6fcea82,0.85,,,,False
350cefbe-4953-4641-9dce-7a332cb41f02,0.85,0.9251030683517456,,,False
9ff453c1-c748-436c-aa4f-c09248ba81fe,0.85,,,,False
75e5825d-75bc-4d91-809a-895e0b9a84ad,0.85,,,,False
4d7169b5-c0c8-410c-8f1c-aba27c1c2636,0.85,0.8877046704292297,,,False
74cf025d-d2c4-47ac-978a-4b1c977cd5c4,0.85,,,,False
12e34383-ad4b-438d-8bf5-9fcdd9f56dc4,0.85,0.8723897933959961,,,False
a6d6d2e2-1c4b-4ef9-95a0-0a6f78d147f2,0.85,0.8554911613464355,,,True
97851257-5d04-480a-a442-e7b4c19c7b2e,0.85,,,,False
b21ac474-1cab-484e-8080-3d45d5f3b3e7,0.85,0.8983769416809082,,,False
c81b445f-b658-4366-a054-16c95dc477d0,0.85,,,,False
919778c5-43b8-4847-acab-1026b14c22c0,0.85,,,,False
08b77686-62ef-4d83-bff0-0b2d6e68b98d,0.85,,,,False
37a610a7-b8c6-4899-b71c-fd3cb1c58ed9,0.85,0.9050885438919067,,,False
ac7f561a-f948-44b8-9839-e5ae5b12a925,0.85,0.8511768579483032,,,False
8ef8aa92-9153-4ad7-851c-2cdeedfb1463,0.85,0.9003921747207642,,,True
d6093b05-7dfd-4262-9b84-adb3e5076302,0.85,,,,True
6cfca1c0-a75e-4754-85fa-1c47a410b46d,0.85,0.904522716999054,,,False
fe71dc61-da03-4ea7-ba53-11370fef2d7d,0.85,,,,False
68ae5d52-d324-43ae-939c-822cab4264f1,0.85,,,,False
d7faf12c-0435-4aeb-8eb3-98bb25291fc4,0.85,0.8797304630279541,,,False
8698592e-24a4-412b-afdf-e98b20daf0c3,0.85,,,,False
2fa2d0e9-24dc-4634-9433-bc6b9c2295da,0.85,0.8940068483352661,,,False
481be471-0a07-4c93-aabe-29afcfcf6553,0.85,0.8711005449295044,,,False
a48d10ea-e88a-44f0-b07f-f7475ba1bbc7,0.85,0.860512375831604,,,True
fdb62609-f7d9-460c-bc18-e6123c747f57,0.85,0.8752073645591736,,,False
ce2deaa9-0114-4f19-81a8-cfba0d0c342d,0.85,0.959210991859436,,,True
0ab5f342-89a1-44c2-9719-8e4486d3f336,0.85,0.8778796792030334,,,False
1ba87f74-33a0-4a44-8c46-e7519d2fb518,0.85,0.8763884902000427,,,False
66a94890-bf64-4608-bf9f-334a496f7b7d,0.85,,,,False
f969ca8a-0bc4-47a3-8f2b-95b3c094a6a4,0.85,,,,False
76e63540-ea46-4c65-b4c2-0dbe996381b9,0.85,0.8521634936332703,,,True
8a86a02c-e6c8-41ff-9758-79b57347fd67,0.85,,,,False
e3dfe2b7-7dc4-44b0-96a9-0068e48c4695,0.85,0.9539434313774109,,,True
f8564497-3bda-454d-b857-792431d798f9,0.85,0.8820005059242249,,,False
0a6599a8-913e-4868-b436-13407661b053,0.85,0.8850282430648804,,,False
423408be-eac4-41cd-8517-bdb2bf731cef,0.85,0.9337223172187805,,,False
6f672710-7073-4a20-a054-c2df086c85cd,0.85,,,,False
2e48c348-9ac8-442a-baf7-dbdd60f86174,0.85,0.8540201783180237,,,True
93939965-55a6-441e-bfc8-a244876a4cd7,0.85,,,,True
8a99ef9d-bc85-4664-88ca-4857133eda56,0.85,,,,False
f8cb234a-6aa0-445c-b890-5960f579ed4c,0.85,,,,False
265bc927-f075-4c48-b46f-1f0fb1cf5aaa,0.85,,,,False
d2d843ec-8d87-4ec1-9d7d-1bd481b1aea4,0.85,,,,False
7ac1be81-7136-4fe3-9272-4f23776f45ea,0.85,0.8662151098251343,,,False
63f45c35-5933-4ee9-bd7d-71d50c60a95b,0.85,,,,True
e1a5d7eb-d336-4a77-bb0c-43c1ac9a87e1,0.85,,,,False
464563b7-f350-4eea-a7df-1fd24803b16a,0.85,0.8542433977127075,,,False
231ff687-2df0-46f4-a68b-ad4836f01941,0.85,0.9008103609085083,,,True
b76dfcb2-17e1-4d18-a4ff-3d94d0a5b481,0.85,0.8840852379798889,,,False
a8f02fec-dc70-4fd5-bdd8-17593d2d26fc,0.85,,,,False
23b34442-e189-4abe-89a3-3fe176dac368,0.85,,,,False
c5d0845a-38e0-4bcf-afea-d4f179c60710,0.85,0.9073420763015747,,,False
304cab43-7a8a-4f7a-bf5a-4785a95bcb44,0.85,0.9027807712554932,,,True
52475798-d12a-4890-8198-6647115ca197,0.85,0.8528745174407959,,,False
fd8a0e28-8907-47fe-8ad9-bd472b8bb6b8,0.85,0.9271153211593628,,,False
2c4c28a8-6b31-4612-8814-d04c401ef75b,0.85,,,,False
13e873d2-5502-49de-b6d3-7130f10fcbe8,0.85,0.9358986020088196,,,False
3a23cb42-9182-4e11-ae1b-a6060d6acdbb,0.85,0.876218318939209,,,False
1dde66fd-1bd5-4850-bab4-f9b135ac9d02,0.85,,,,False
174cb655-62ea-4327-8230-988e7db8c615,0.85,0.9202722907066345,,,True
b0262b6a-1cf2-419a-a0e6-cb07ba43d172,0.85,,,,True
8c93e145-9f2d-49d2-bc4a-a459b2d793fc,0.85,,,,False
877d0919-4954-4cb6-a686-0d6f729355a0,0.85,,,,False
0fcbc52f-fe5b-44e4-9a4d-7de862e0a4b1,0.85,0.8558468222618103,,,False
998db754-862a-47ed-a5fa-a20c1e434f16,0.85,,,,False
2894f314-90fb-4ddf-a5b8-889bc5db852d,0.85,,,,False
10a270fb-e26f-473c-8496-fc1fe906d4c8,0.85,0.9383290410041809,,,False
1e8debb4-b3e1-46fc-8363-103a67ed6372,0.85,0.8921938538551331,,,False
336c9958-1190-4575-9308-8a10db5d5ccc,0.85,,,,False
cc1085c1-0ce3-4dee-8fd0-aa8a8fdcfa6d,0.85,0.906394362449646,,,False
5c4c8553-4d57-4a6f-8261-8563915b451b,0.85,,,,False
c71c538a-6e71-4c08-b2fa-0081b2b6db6d,0.85,0.9362068176269531,,,False
c272913e-00b3-4ba4-8fc6-b91bf315f3f7,0.85,0.9027831554412842,,,False
a15ec927-7c79-4167-959e-0df5a80e3cf1,0.85,0.8914766907691956,,,False
c0205d9b-e1c6-4bc2-8d5a-fbdc0650deb9,0.85,0.9265140891075134,,,True
391cb2d7-57e4-445a-bbf1-1d300fcc11b4,0.85,0.8651632070541382,,,False
00ca7ef3-e8ff-482d-aeeb-d2f7df263a3e,0.85,0.8706715106964111,,,False
03fb5e55-b9df-4dc2-8a5e-6bdfb7b4869a,0.85,,,,False
577eeab0-aece-475d-bbae-77df59f94a46,0.85,0.9138586521148682,,,False
c949e905-bd11-4efc-90a0-aaae0d72b54f,0.85,,,,False
ab317f1e-d179-40b9-b90f-45e416fe4aea,0.85,0.8751446604728699,,,True
db82a75a-4a17-41dc-8cb5-6b2fa7315fd7,0.85,,,,False
e5750e72-95e5-4fee-9d14-ce36feb3ceb4,0.85,0.8782824277877808,,,True
d2489220-06fc-4701-842f-04a103b8c418,0.85,,,,True
c71caf83-0d6a-45a9-b19c-5277c4f2bdf6,0.85,0.8930097818374634,,,False
680b6ddc-66f5-419d-b4fe-6d006aba707f,0.85,,,,True
0743f11a-5e71-4fb8-af06-0845c6948344,0.85,0.8820075988769531,,,True
4be1befc-4abb-4064-94da-698f14c29856,0.85,0.8927782773971558,,,True
30fb3739-f248-4750-88d9-7ff9c1ca3b7d,0.85,0.8691147565841675,,,False
11602602-f06b-4308-9255-2656c47a31bf,0.85,0.8861808776855469,,,False
8e254328-ae67-4d92-80bc-4e863d7cd47c,0.85,,,,False
5f7cfc3d-8cdd-447f-8e62-87ffeb6cb4bb,0.85,,,,False
5b1bda20-a444-4520-a499-ff30e24215d2,0.85,,,,False
addec458-e7f7-4de6-a850-e01ae12e6423,0.85,,,,False
0edc7d71-216d-4c1a-ab64-b1f2bc5a17ec,0.85,,,,False
af88c5ab-20f6-4af7-a028-f57bcb799e9f,0.85,0.8610754609107971,,,True
9280000a-fa20-4dc5-b213-f2a4957bc94f,0.85,0.9322090148925781,,,True
a2c5b848-4cba-4464-a994-3beb12dfa257,0.85,0.8776684999465942,,,False
b2f30e93-ee50-4d0a-b19b-15faaaacebe7,0.85,0.9309977293014526,,,False
eee5b7cb-d9f4-4593-bbde-0acb46fffc75,0.85,,,,False
186385d9-6273-4314-95bf-4a2ec3c2459b,0.85,,,,True
f2294d5f-357d-4472-938e-dc3f179424d6,0.85,0.9131356477737427,,,False
7e5bdb09-4d8a-4f96-8936-7f05be0d276c,0.85,0.8866574168205261,,,False
fec4e7c5-21c8-4361-8dfb-b53b7dffbefa,0.85,,,,False
a50480bf-06da-4e2f-be37-d6465e8ed6e6,0.85,0.8947458863258362,,,False
ecbdcc6c-58b0-42f2-a3d0-bfb49d2abb2d,0.85,0.8875066041946411,,,False
7545d87f-7645-4511-b258-15daecc26bc2,0.85,0.8932050466537476,,,False
b4af1f1b-9387-4926-9992-af75068aff65,0.85,0.8950799107551575,,,True
d5e1615f-c915-4dab-b160-6eae2939c942,0.85,0.8955669403076172,,,False
22b1e3da-93ad-4ee5-95aa-66dbef305a1f,0.85,0.8612024188041687,,,True
ad7f98a0-3bfd-4386-9f8b-09d07451a50e,0.85,,,,True
2b51c58a-c465-4bff-b984-6ceddd8f552a,0.85,0.8865288496017456,,,False
7c9589d6-7af5-4034-a520-be39603530f7,0.85,0.8603137731552124,,,True
b1d0ff3a-d2ac-4fc5-aec3-7971ad71a441,0.85,0.8779413104057312,,,False
785d643a-54fc-4402-b5ee-6fcb491674f1,0.85,0.860058069229126,,,False
53698a59-915a-429f-b0f4-23d41d80550e,0.85,0.9007096886634827,,,False
88c8aecb-9250-402c-b39d-d575452a3b86,0.85,,,,True
6db784ac-92fc-457d-9273-68a9281c84ea,0.85,0.9166624546051025,,,False
b2582129-5362-4861-94b2-52f9321edfcb,0.85,,,,False
d5b9d171-d8af-4111-9efa-80fc3fd6cf60,0.85,,,,False
72d9ca82-7c8d-48ca-838f-3a17ef8a4f6b,0.85,0.8699855804443359,,,False
6bf072c2-9056-46a9-8a9a-d16d2e63252e,0.85,,,,False
944c94c1-9c42-4a73-9f0a-880753516210,0.85,,,,False
fb03a62c-5686-46b8-b6df-d31aa7ea7504,0.85,0.8751444220542908,,,False
0c9bb0ff-33df-47ff-880f-76e2321d7f60,0.85,0.8733304738998413,,,False
681bacb6-c49d-4471-9d69-1715f69ebe0c,0.85,0.8659865260124207,,,False
130c20b5-92a9-47ae-99d8-8ab4cfdd3b96,0.85,,,,False
b8311348-b39e-4352-97bd-308242ebb129,0.85,,,,False
ddacde08-42ef-408d-87bc-1319b482836d,0.85,0.871605396270752,,,False
20269b9f-5f1f-4e4d-a9b4-c9c5cf3cb8aa,0.85,,,,False
e44a84ca-c2a0-4535-ad0f-793522835129,0.85,0.858769953250885,,,True
726f0f0e-ac9e-4ccb-9b45-0ec3b50006a6,0.85,0.8683979511260986,,,False
74190e8c-95db-4f76-a20e-a3d0b4c77b28,0.85,,,,False
b11e6ab0-59a2-43ab-bcaa-e6b86d39bc58,0.85,,,,True
0d98bc23-fa67-4283-905c-94c5a548be9d,0.85,,,,True
f8d284f7-40a0-40cb-bc5d-0d60ba509945,0.85,0.8546150326728821,,,False
1091b298-ced3-4b3f-9a79-d1727df050cf,0.85,,,,True
c2b50c67-ba6f-4db6-8332-4c6fc3c9c3c2,0.85,,,,True
cf5613b4-dd2b-42bb-baee-51600d75b43b,0.85,,,,False
29018688-f868-42cd-8f1a-94564747aa48,0.85,0.8666128516197205,,,False
436091bb-f1fd-40cf-90aa-031098eb01ca,0.85,,,,False
7fa0de09-77a3-4b5b-9f61-5c5f7a609e51,0.85,,,,False
26f2060d-ca03-474e-8ce3-6bb2a60ba2e0,0.85,,,,False
f1488291-8161-4303-b48a-ca84df66a3ee,0.85,,,,False
04c4a517-0d30-437e-83ea-dfc507e4e009,0.85,0.8919355869293213,,,False
13c1e700-3b62-4557-87c0-71af88014ce0,0.85,0.9820600152015686,,,True
3b4a7ff6-8b14-4694-b580-3ecd848dbd4b,0.85,,,,False
51ae236f-74cb-45c8-b362-2d507f110b24,0.85,,,,True
c22a437f-c044-4e47-9a43-6d250dc15a3e,0.85,,,,False
2feaf214-2c03-4225-b707-5511b7c74840,0.85,,,,False
386e9b18-9a5a-4f76-90da-3d85a85312c4,0.85,0.9639970660209656,,,False
4de6ce93-96ef-4213-8a21-09e311ef5b63,0.85,0.8987864851951599,,,False
ce4c942a-f913-4a63-bb2d-0d827673eba5,0.85,0.934486448764801,,,False
59209f15-9138-4405-bbe6-05fa928cf2b3,0.85,,,,False
feb52eaa-b8f9-4270-acc6-14c4a7b05012,0.85,,,,False
86e580e8-2bc0-4477-a883-a6a6f2009c87,0.85,,,,True
a7f1442b-f620-4df0-9f48-25afc9570846,0.85,,,,False
bf5883aa-7a12-40d9-8f94-94b779315661,0.85,0.8604021072387695,,,False
e39354d9-0140-4dd1-83c3-78ebe9b0ac43,0.85,0.8698702454566956,,,False
a3468a57-08de-4bde-a61d-406bd3dd2cce,0.85,,,,False
db9d0346-bef1-4847-94dc-a583e72a9962,0.85,0.871483325958252,,,True
4d798bfb-c39d-41c1-9144-61e7be546900,0.85,0.8523136377334595,,,False
a165e408-a100-4cc7-b148-985db3b03df2,0.85,,,,True
5e00a2db-906b-4b23-a059-d7f862afb9c0,0.85,,,,False
bc607898-a2b2-4b93-9195-8c53fe8b2883,0.85,,,,True
d9fd3835-c870-4ed3-a45e-d410a09562fd,0.85,,,,True
ff3d88f7-ca2d-4fd7-bc42-6c546e8b2e58,0.85,,,,True
e8fe9ad0-8519-4b01-a8d9-488ee204fde1,0.85,0.8633586168289185,,,False
831dac41-098c-426a-a0f4-6f33f2844ee3,0.85,0.8639951944351196,,,False
c0b10011-48b1-4811-8858-88d97be9d3ed,0.85,,,,False
a8ad726e-0ec6-4cf8-bb21-e485cc7dd595,0.85,0.8517953157424927,,,False
24cf1d61-57e1-48b1-a038-cc34d9cb3ae9,0.85,0.891668438911438,,,True
fe3646b4-4f35-4a48-83ac-bb00dd4a43b8,0.85,0.8600508570671082,,,False
7ce58e66-5ccb-49ad-ae51-7d6a4abc1985,0.85,,,,True
32adb275-88f1-4772-877f-97514d588d37,0.85,0.8853837251663208,,,True
167bce99-eca5-4880-89fa-4e8bc104b2ce,0.85,,,,False
8100ff4f-1a18-46aa-8327-3aec67d2eb4a,0.85,,,,False
fb210dae-8a5e-44b1-99ad-cd2cc431e5ab,0.85,,,,True
47efdc52-9bb7-41ab-869b-af5ef22f77a5,0.85,,,,False
6684b6b4-c7fc-40c0-b472-cfc40f4d6600,0.85,,,,False
9dde6ddf-711a-4533-9f2e-49544a07598c,0.85,0.9124872088432312,,,True
b2563d11-f95d-4fb6-a9ee-04b086a49344,0.85,0.855037271976471,,,False
a36efbe9-7bb0-4902-9bae-b9b590038298,0.85,0.8872953653335571,,,True
69157b83-e4af-4c17-abe6-ddb6ac8b5a80,0.85,,,,True
4aa83cd4-c3ef-4399-8922-dbd11d2218ed,0.85,,,,True
cc446a1b-89e7-467e-9564-9308c2bdd2d0,0.85,0.9020806550979614,,,True
c968efcc-a17e-43f8-a08e-a63460c9fd03,0.85,0.9280657768249512,,,True
8adb8b25-a405-4c5b-9419-44e2117298aa,0.85,0.862474799156189,,,False
8f29e553-8af0-489d-a001-be01dd06fef7,0.85,,,,False
59727158-b8c0-48e4-afb1-c74d630ff0a1,0.85,,,,True
d67dc48a-4aa1-4692-b16b-2b447ccb90c3,0.85,0.8649319410324097,,,False
d5a4d20b-d58b-4081-ae70-0c70c46d1e31,0.85,,,,False
b59f491c-e6d1-46ed-aee8-ad52b44d11d4,0.85,0.9368281960487366,,,False
1a2a79fb-5431-47a9-bbdc-1e53bea7a4a1,0.85,,,,False
68060104-9bdf-4b7a-93e9-dd80da5afffd,0.85,0.8976724743843079,,,True
e4a3a77e-c4d3-47c4-8783-fc17c089b128,0.85,0.9207322597503662,,,False
78c67dc6-6a70-4583-902f-5374b09e49e7,0.85,,,,False
7076fa22-1d76-4e12-a64c-91e79d6511f1,0.85,0.8865077495574951,,,False
ac0a7483-50aa-4627-9f98-3ae60a46c44f,0.85,,,,False
556e52c7-d565-4202-a677-e289d6997935,0.85,,,,False
f0f93319-aabb-46f1-a1b3-1b4d18307bc3,0.85,0.8577348589897156,,,True
d9f084a2-4232-4345-9d18-9abd5151f2b1,0.85,,,,False
f2261722-6c17-451f-a4a8-96cbba1bb240,0.85,,,,False
eee24460-9f4e-4ff3-8964-5c1745b598e1,0.85,,,,False
4e570f9e-e6c9-4a33-8cef-dd629d239883,0.85,,,,False
968877b6-b184-4b46-b80e-4f3585ffe3a6,0.85,,,,False
47a0b3a5-c634-4b64-afde-bc2f810c3d75,0.85,,,,False
9743990b-0921-44f0-a9c7-6037af68e613,0.85,,,,True
4118fc9b-2930-4504-8364-c1af03e51625,0.85,,,,False
92d40f07-b21d-4d29-a9b2-7b5e70d12e97,0.85,0.8704555630683899,,,False
482ba535-eabf-49e2-b62c-950fb4f8054a,0.85,,,,True
f8e290c9-2dfd-4f6d-8420-fa5771d452ec,0.85,0.9347876310348511,,,True
560a76f0-63de-4919-8b8e-e98d1872d649,0.85,,,,False
587db385-20b2-4ba6-8017-d1f75eadfe1b,0.85,0.8951622247695923,,,False
1d81ffb4-c423-4514-8311-9988fe579a72,0.85,,,,False
3d98c5d9-7fab-4341-9a09-efd4f938a425,0.85,,,,False
73123ea7-5e8c-4b1e-b459-57eb468681eb,0.85,0.8960140347480774,,,False
eb1be7ac-3679-4569-9386-41e70bdd73dc,0.85,,,,False
a10b7e75-9dad-4dbb-bb2d-f806f862c50d,0.85,,,,False
a4244dbd-9d50-4eae-83fb-28b148141ec1,0.85,0.8927092552185059,,,False
e86fed73-bafd-4fc6-9282-95cf442d4c29,0.85,,,,False
2f95ba54-ad00-4bdf-ba58-bff2a3b07150,0.85,,,,False
1f76da5e-8236-487b-a659-904026d39177,0.85,,,,False
74439305-9bf1-46f4-bebb-19c816da7eec,0.85,0.8900046348571777,,,True
ffcad32a-d4ea-4446-ba69-10be9b300330,0.85,,,,False
b179eb1f-95d4-4527-9c67-050ecbe697a2,0.85,0.8950132131576538,,,False
af3f7b24-c2c6-44e0-8446-f377ee4fb36d,0.85,,,,True
d862abd0-828d-404d-aff6-30e7d253ed8c,0.85,0.8888438940048218,,,False
aea2a152-a5c7-4c9c-a430-9fdfb555a4c1,0.85,0.9271293878555298,,,False
b60d76d8-eefc-4edf-b51f-ad8b874c6631,0.85,0.8831278085708618,,,False
033d0cd6-0d99-4317-a0c4-5be6cb18bb13,0.85,0.9173541069030762,,,False
eede0cf1-aab8-49ff-9343-11c7cf25cbce,0.85,0.8637807369232178,,,False
3bba68c1-ffda-4ce9-9178-757bd6fb2529,0.85,0.9668474793434143,,,False
ef186331-1e2f-484f-b66b-6e61901f4fce,0.85,0.9469289779663086,,,True
f7696013-de78-4364-b0fd-ece978272855,0.85,0.857346773147583,,,True
5816e82e-dfb9-4e53-b824-85f3fb8eb718,0.85,0.8697958588600159,,,False
6f081869-24bc-49de-be55-e9f5c645131e,0.85,0.8971865177154541,,,False
5b17d384-9191-4423-a614-e696f7d355b3,0.85,,,,False
37864839-1bb9-44a3-ba2d-512a5b108c93,0.85,0.9243648052215576,,,False
e4de6871-2ab8-4c2e-899b-81f73314a83a,0.85,0.8903506398200989,,,False
3a4e9376-c35a-4fce-ac4c-d9e2c1b503ff,0.85,,,,True
1736da74-b039-41dd-8375-84a33fd8107a,0.85,,,,False
af82ac05-1093-493c-b225-61799559d9f5,0.85,0.8800524473190308,,,True
afbbcf32-f535-4760-90e8-4e7df14e67e5,0.85,,,,True
bb1ae4cf-60e6-447e-bf34-065be62a5859,0.85,,,,False
3cfeb0da-58e2-4353-83ce-11239153edda,0.85,,,,False
83a570f3-0d2f-4b79-a8e1-c38d702df368,0.85,0.8857001066207886,,,True
ab55346c-413e-4748-a664-68be15dd8d77,0.85,0.8986643552780151,,,False
6cbb4bb8-e1a5-411c-82d5-c628b95a006e,0.85,,,,True
34ede796-95d6-4b9b-8469-cda2ba50107e,0.85,0.9426962733268738,,,False
ffe1f6f9-bb2a-409d-8a39-c472eb8b5052,0.85,0.9337502717971802,,,True
2b897c9e-991d-47ce-b2b5-a37c55c12d89,0.85,,,,False
1a001396-1b16-4170-bae7-bb00152c6893,0.85,,,,False
0b205d37-cc62-4886-ada6-af85e162448f,0.85,,,,True
440986c2-1412-4b54-bc36-ed78948d071f,0.85,0.8886712193489075,,,False
b6b24540-8181-4f38-a64c-644b504ef6dd,0.85,,,,False
3fda8359-37e3-4072-93f0-3933c8637f40,0.85,0.8678726553916931,,,True
48faad76-f217-47f6-8d32-73a94ffe29ef,0.85,,,,True
9d8619a6-52ae-4eaa-acc5-b2b10244b1be,0.85,0.9202817678451538,,,True
7bc28cf1-35a9-43a7-9a74-c70698634698,0.85,,,,True
d67c1455-6ce0-4098-b15b-fb83768fde63,0.85,,,,False
d45a77e4-99e1-48da-b201-e3e841e4be12,0.85,0.9432234764099121,,,True
1ae2d51b-fdc4-466b-9546-02fc5ce01f05,0.85,0.8513919115066528,,,True
f7614514-d6bb-420e-b483-60b8b27f1a87,0.85,,,,False
925270e5-5303-4b2f-9bb4-06a6fbedf3d0,0.85,,,,False
b22944a4-50c7-420b-a5ab-a11262c0cd15,0.85,0.8720500469207764,,,False
a8790f16-a22a-44af-be02-40bff7ea3397,0.85,0.9071140289306641,,,False
a652f705-331b-47b3-a2d8-cf4f7d9012b5,0.85,0.8671513795852661,,,False
e4c7d5c2-02e5-4252-bdf0-f944686bd58e,0.85,,,,False
1bf51e57-f8ea-4a21-817e-272f8f0c07e4,0.85,,,,True
35991532-593b-4fe5-9bc5-fdfad23ba2fa,0.85,,,,False
dd60e6ad-df4d-4c9e-9802-cd55f46ef270,0.85,0.9003778696060181,,,False
aa7be9d1-98df-4163-a266-89ec5f4b5d4f,0.85,,,,False
46d1dde8-2ea6-4680-a7c0-9d3b0ad73818,0.85,0.8561933040618896,,,True
d9677843-80fd-458c-b144-8f76e0e3272e,0.85,,,,False
70506861-b746-4888-8a95-7cf79e701cc4,0.85,0.8621658086776733,,,False
8cbf438a-acca-43b1-8661-5c20e2f69e0f,0.85,,,,True
714c8892-be84-4c44-92d9-744a02f5bfd1,0.85,0.86571204662323,,,False
48ed06f8-931c-4d31-b877-58aa83509388,0.85,0.8555639386177063,,,False
c4266a81-9161-4ade-9d39-9d52a1548748,0.85,0.8546884059906006,,,False
af4a9a69-3ca8-44e6-a15c-4b0b168be8bb,0.85,,,,False
25e028e3-8c61-4bfd-91ee-441c753e9ee1,0.85,0.9808261394500732,,,True
e22703a1-3e7b-47e4-bb8b-32ccdabab27e,0.85,0.8972731828689575,,,True
1e83edfb-ab57-47f2-b527-c5ed0483c2ea,0.85,,,,False
d216fd76-5967-45f2-9a55-9cde73ad26bf,0.85,0.8744073510169983,,,False
10462fd2-c4ea-438c-84c3-ecb82736de61,0.85,0.8664147257804871,,,True
f6e354ec-7bde-4955-b227-c8937437495e,0.85,0.8951950669288635,,,True
98c7cee7-5611-4818-b79d-8071135ce001,0.85,,,,True
a9d326da-93c7-4247-92d3-73fd95ae51a5,0.85,0.8535750508308411,,,False
4ee4e654-c910-485f-bb67-6b1486cd71fe,0.85,,,,False
aab29679-1757-487b-8287-213d786ecfaa,0.85,0.9052448868751526,,,False
0a16beab-4303-45a1-8ef3-6ac549be0aef,0.85,0.8633548617362976,,,True
206db40c-9e67-4998-95b9-fe2e406b2ec7,0.85,,,,True
8f39e963-b339-4cb3-844b-5f8c9b540b7b,0.85,,,,False
c3381c86-d290-4065-b038-686ef31bbf81,0.85,0.9306274056434631,,,False
bfae04a0-5054-44f7-802c-314fcdb1d1a0,0.85,0.8553628921508789,,,False
7243ed43-a41c-47f7-a62b-6bff04bcb6ad,0.85,,,,False
cfee7126-d5ab-42f1-8496-5097affd2f70,0.85,0.8692578673362732,,,False
9b73bcc0-dd42-48c3-9ffd-13d66aa28ad7,0.85,0.9047778248786926,,,False
bdf4406f-45f3-4aaa-bb1d-cd532be4ab74,0.85,0.8567795753479004,,,True
94dabafd-322c-42b8-a5f6-4769200672ae,0.85,,,,False
f3921c11-9778-418e-8169-52e535f2eaa1,0.85,0.8704624772071838,,,False
db54ec57-9ef9-41d0-ad04-af06fa2d82ae,0.85,0.8871386647224426,,,False
e52362da-d6e9-4c0d-85a9-42138a3149ad,0.85,0.8764654397964478,,,False
b5bf1661-a3d1-40a0-9e29-e8485fb59451,0.85,0.9046285152435303,,,False
931688f4-89e2-4735-83cb-b71e2925dae7,0.85,,,,False
126cd7a9-2ea7-4b4b-8cff-dc4653cce626,0.85,,,,False
6e4f215d-93a3-4943-958e-c4ccec4ce948,0.85,,,,True
5bea0358-0c60-4ee0-ac3e-0347bdc7416c,0.85,,,,False
88294eaa-80d4-4d43-8990-c8cecc659c7f,0.85,0.9069041013717651,,,False
c4b9d3c7-e300-4e40-bace-bc9cbf71db9d,0.85,,,,False
c4e2603e-dccb-4dfb-8903-a29e3d408956,0.85,0.8736461997032166,,,False
fee37269-b99d-4def-9745-7a59b5fc4771,0.85,0.856041431427002,,,False
18e51fbd-f48b-4c00-9902-da197e72b1e8,0.85,0.9119058847427368,,,True
8fa8a4d6-5859-405e-a00f-45a43bf72f27,0.85,,,,False
20ba31c6-8329-42bc-8792-1ec92389e4b5,0.85,0.8620026111602783,,,False
b2945233-def3-44d5-aef3-5a2fb8d80fab,0.85,0.8786246180534363,,,True
d57642cd-488f-4f5f-8712-4877f0290739,0.85,0.854154646396637,,,False
18379a16-0871-41da-88d8-d4674ec21616,0.85,0.8722597360610962,,,True
36695aec-971f-4e88-8edc-4f1dd10d350f,0.85,,,,False
233fa476-67f1-47e1-9047-e64bfdb6a773,0.85,0.8996134996414185,,,False
0a341582-3762-4ee3-8a98-75ae84eff070,0.85,0.8507581949234009,,,False
0b6c86e9-87d2-42ee-a402-0b6ef87230b5,0.85,0.8755115270614624,,,False
3671d60a-b153-4f75-b5f8-8c9be912c387,0.85,,,,False
695a4efa-d815-41b8-aa72-76cdcf37d659,0.85,0.919225811958313,,,False
98770b9f-c4cf-4709-86f1-a40573da7b45,0.85,0.8740543127059937,,,False
e8b2e6ea-5181-4327-88f5-f8c81d6488d1,0.85,0.9395971298217773,,,False
74cefd1f-777e-4264-831e-e7d525f095d0,0.85,0.9263350963592529,,,False
402c401b-ac76-4713-a13f-75c3ea245e8d,0.85,,,,False
e51e0096-0f55-456b-948a-c165aecf5ee4,0.85,0.9040470123291016,,,False
e8734c36-a421-4cc9-a927-20f14000cd59,0.85,0.8544677495956421,,,True
c310f53d-9bd8-48ab-94c1-94726ab779e9,0.85,0.8612228035926819,,,False
cec7c346-04d8-4466-a108-b52cff9ced8c,0.85,,,,False
ccf44eae-4996-4384-b778-e2c9db12387d,0.85,0.8911912441253662,,,False
5d9c309e-2c18-4eb9-8b9f-5b23cbcd14d6,0.85,,,,False
c6e161f8-7bac-4ed7-90ea-5ba0100bde7d,0.85,,,,False
dbdfe699-7c05-49fd-9803-af8f2bb6b3f7,0.85,,,,False
9e166b6c-d1fd-44b0-bd45-724a575795d1,0.85,0.9140825867652893,,,False
a533ab66-2010-4f3d-8e10-18ae4bb49170,0.85,0.8749026656150818,,,True
3a1fdbee-17c6-4be1-9089-d36230d000ec,0.85,0.8746476173400879,,,False
a4baceac-31ff-486b-92fa-9c68f6cded1a,0.85,,,,False
bb3acead-293f-4913-9d7d-f22329957b39,0.85,0.9035504460334778,,,False
cbb8e582-9f48-4fec-b8b0-168cab33584b,0.85,0.9204837679862976,,,False
788fc9e5-c874-47c7-8773-e44cb79eb229,0.85,0.867195188999176,,,True
63c2b802-0caf-4a09-a17b-24b8d12a5f41,0.85,0.903898298740387,,,False
5e4eaae1-88b9-484b-8931-de3f9593018d,0.85,,,,True
29390208-bba6-4c58-aa3d-af75e359c7c6,0.85,0.870749831199646,,,False
b2381935-1d44-43c5-bd8e-5db42e9ebc79,0.85,,,,False
e4badc25-363f-44be-ad55-b44b46971c60,0.85,,,,True
b30e53ae-ebd3-47a6-b582-c84aaffa551a,0.85,,,,False
8c8223ca-8388-49cd-a380-72c8fbeabbbd,0.85,0.8772063255310059,,,False
c5a62baa-6119-48ea-bef8-2a3604eeebef,0.85,0.9082672595977783,,,False
b03cfe83-5e54-46bf-a12e-672c8edc339c,0.85,,,,False
287b4461-4644-470d-9904-6c707bdf4ee8,0.85,,,,True
479eb778-a2c0-4aa3-a788-532f5a55b437,0.85,,,,True
d187df7c-f288-446c-9bd9-6029b5d05ed5,0.85,,,,True
bdc3826b-098d-40c5-9caa-d55471ba3f41,0.85,,,,False
77d88c50-79f8-489b-ac38-9c6b0e48e4d8,0.85,0.9347640872001648,,,False
0e7a8cc9-9218-4f7f-9b3e-c64415e96732,0.85,,,,False
07bd7aaf-e596-4c6e-a9f6-028795c83117,0.85,,,,False
f0ca0915-4761-4205-b9ad-ba59b35245c4,0.85,,,,False
cad3b1b6-947b-478e-b64e-72bd180ffba1,0.85,0.8593688607215881,,,False
afa69a18-e322-46bd-a0c1-0766dea10f64,0.85,0.8774075508117676,,,False
d46fa250-43ae-4a1e-a5be-b4dfd459db67,0.85,,,,False
1c4b0649-2828-424a-8008-aaf72eb36f65,0.85,0.8822219371795654,,,False
a8969219-ad43-4fba-9e7a-880116960ae8,0.85,,,,False
1459b1e7-fafa-4764-a7df-9f1d192b3dba,0.85,,,,True
3c698f3c-9c04-4c99-a2cf-4da1d1825979,0.85,0.9164405465126038,,,True
c1ed0de5-d154-4702-91df-1d59b0a9e2a7,0.85,0.9066663980484009,,,False
d284320a-4b0d-4798-80d5-47b3c11cdce8,0.85,0.8732227683067322,,,False
f6088242-0666-44ee-8e1f-7b93b26c6bae,0.85,,,,False
dd025d9d-695f-4a54-b0e4-b04436892e2b,0.85,,,,True
e198421a-fc5b-464c-83a5-35e207e48dc9,0.85,,,,False
2d9ce322-fd77-4547-bd50-f82e7257ee17,0.85,0.8515403270721436,,,False
64afa8b2-c244-46d5-bfd7-49b3bbb3ecde,0.85,,,,False
2f5aa941-8e62-4ef9-9c04-5045f3463d55,0.85,,,,False
bf8e750f-b6ce-4a18-9664-937b3e948d09,0.85,0.8670817613601685,,,True
91304e1b-2698-4b8c-abdf-f3eb9ee59a15,0.85,,,,False
6fcc59d0-b6bc-4a59-bae9-295537efbce4,0.85,,,,True
7bb24c6f-f246-4d15-90ec-4fd99f66b3c8,0.85,,,,False
3e71f5ff-a7c2-4d28-8120-b24ee8fd5daf,0.85,0.8970879912376404,,,False
a3ab18a3-d1f6-4acc-818c-0dd7e14b2f7f,0.85,,,,True
e570d252-319a-42ad-8e95-2b0ecf05ff60,0.85,,,,True
03cefa0b-cc08-4e21-95d7-124347d3faea,0.85,0.9182250499725342,,,False
16bbc2b8-3027-4dc1-b7ae-263b24f741e1,0.85,,,,False
27dcc636-1b71-4672-b493-57cb216e7b64,0.85,0.8661941289901733,,,False
256e2736-f045-4493-a40a-d09a307f4809,0.85,0.8982613682746887,,,False
49c181c3-ef5d-47c5-88aa-9a30da3f6eff,0.85,,,,False
00ff88a3-eaf5-4d87-97e9-5cfc8c5059f1,0.85,,,,False
0f41830c-d70a-4b5a-896d-2eb36658056a,0.85,0.8603333234786987,,,True
8e125ec3-26d9-4930-91fa-0032a50edc12,0.85,0.8923349380493164,,,False
8b689a31-f3c3-4dc6-ad7e-5eca60bfdd29,0.85,,,,False
df2d69ff-610d-4a36-a673-e2dc83b3e94b,0.85,,,,False
0411cba5-719e-4777-a34a-4235e6849a4d,0.85,0.9109987020492554,,,False
89df5d2b-4c0e-4ac5-95bc-5771e6267165,0.85,,,,False
dcfc7537-ca6c-4e34-aca7-7be1e839931d,0.85,0.8884385824203491,,,True
788b0987-c022-4edb-9816-817e007bbbd6,0.85,,,,False
1330f9f5-023b-4794-86b0-9f2ba74d2dea,0.85,0.8816882967948914,,,False
0d6cefd0-b8b9-4315-b869-9ac9a1b821d6,0.85,0.8515356779098511,,,True
7b0b96dc-5ea6-4199-bee9-6833a909fed9,0.85,0.8645349740982056,,,False
5f1f4a90-910a-4c5f-af7f-3c1e8ecc6533,0.85,,,,False
632574fe-4dd6-4473-97b9-41acb732cc4e,0.85,,,,False
b273b29f-785e-44e1-be5a-7146406a0cfa,0.85,0.9816204905509949,,,False
c76c2871-e00c-43f6-86b4-cbc238414ac9,0.85,0.896755576133728,,,False
6c0ab30c-d2ae-4d76-b6ae-9bb137336f3e,0.85,,,,False
43b9e386-342b-4d74-98e8-5ef3cb331b8a,0.85,0.8965736627578735,,,False
f7368a14-773a-408d-a974-3d76b0350448,0.85,0.9265637397766113,,,False
56e3185f-3098-4996-8e81-b8463c1e8944,0.85,,,,False
c091190d-8596-4c13-845b-e00f217f0a3f,0.85,0.8928418159484863,,,False
81e8de81-09fd-49da-9b58-5b8a794e20a5,0.85,,,,False
5dee891e-3fcf-479f-9a6c-06bdc7fa69a8,0.85,,,,False
8304a826-648a-4abf-a594-a2fc3de9d5e7,0.85,0.8717135787010193,,,False
c2e134b6-30be-4f37-b945-0949eb9355db,0.85,,,,False
d8203cb2-3b5e-4b65-8403-a50aee1ac53b,0.85,0.9292376041412354,,,True
37a85bfe-9216-4d4d-922a-4858f85fc0cd,0.85,0.8735429048538208,,,False
ed42622a-b514-4746-8fbe-d7b5667ab39f,0.85,0.8654769659042358,,,True
d788fabc-0f3a-4fef-9bb6-5a1a8fe61dde,0.85,,,,False
c281a3d6-9ee8-411e-8b50-99056a13273f,0.85,0.8609797954559326,,,False
6495396e-249c-436a-8978-a1670e88016c,0.85,,,,False
fe578d01-7540-46cf-9923-50b296ff24da,0.85,0.8899581432342529,,,False
3ca7bc01-1a15-4b96-a56a-7aa34cdec294,0.85,0.9717264771461487,,,True
c30bb35c-434c-484a-ad8d-987e887bca3b,0.85,0.8555053472518921,,,True
fef26a15-b69e-4f43-8eb8-a97986aea469,0.85,0.8777135610580444,,,False
ec2be6a2-d18c-403e-b265-1eadd742436d,0.85,,,,True
64f0dd41-213f-4531-a195-d93ac7d51673,0.85,0.855148196220398,,,True
2d104dd5-224b-47af-9dc7-0f521978bf98,0.85,0.884727418422699,,,True
a2781027-4fcc-4b08-b933-d8ddfd2336f7,0.85,0.9573351740837097,,,False
19129f67-dabd-4fef-9a6b-ff71ce0f8992,0.85,0.8511953353881836,,,True
edb9d029-3498-4d46-992e-38e7e7001c53,0.85,,,,False
e492ac19-9c95-4d5b-a06d-29a5eaed011d,0.85,0.8542300462722778,,,False
9ce50c89-e396-40f0-b347-1be376ea3aab,0.85,,,,False
09436533-bd90-437f-a6b1-30535f62d8ae,0.85,0.9208861589431763,,,False
2ea9e175-7f8c-4935-b592-ffe4645bf059,0.85,,,,False
b056c9b6-0175-4742-bd79-6a555ef46ea6,0.85,,,,False
f8ff7f16-ad98-4356-b044-127f58a6d313,0.85,0.9781194925308228,,,False
4f8a309c-ab7c-4751-a32e-e7d5b47d707e,0.85,0.8960761427879333,,,False
362e54bb-1011-420e-9706-b32779c71af4,0.85,,,,False
3032b5a6-e2fb-49e5-96c1-2974d0a88b31,0.85,,,,False
8cdcfda1-2e64-4f9b-83b4-9d353d108e66,0.85,,,,True
f88613a7-6d9d-4845-bbef-049c2266ad0a,0.85,0.8953091502189636,,,False
f311df61-593d-44ca-94a8-a98994692985,0.85,,,,True
abeb66d4-fc29-4878-8d73-8f5e5365c4d8,0.85,0.8662675023078918,,,False
000d9b02-5ebc-4032-bf76-be569261764f,0.85,,,,True
8abad833-1ea7-4d59-816f-47fa29fd4968,0.85,,,,False
c21637a5-a4dc-461a-9a43-0d6b01c6bc35,0.85,,,,False
af097eac-f1f0-4080-8187-810e8a4eaee0,0.85,0.8634603023529053,,,False
d601cb61-daf0-48ba-afdb-bf037723e4b2,0.85,,,,False
02232699-b01b-4e76-ba5a-d6ce43c3cc11,0.85,0.8502070903778076,,,True
122c139f-4260-45c7-ada4-b49958a20841,0.85,,,,True
71f622fe-6547-479e-a485-6d7148b5e6c9,0.85,,,,False
ce9332ed-89d1-4119-8be0-5d60b83af113,0.85,,,,False
baf547ce-c949-411d-8203-18b8f1e7296b,0.85,,,,False
4f699fb6-0ad7-4fde-9295-c6cc3122d75c,0.85,,,,False
cbfc6190-8f6f-4bfe-ba1c-4513366146d4,0.85,,,,False
29d2bd92-3974-4a37-a505-538663f35965,0.85,,,,False
d0b8c209-c516-4be9-9967-cc8e87f2b7d1,0.85,0.8644794225692749,,,True
f01eef4e-c04e-4e8b-a8db-0816dec899fd,0.85,0.8780241012573242,,,False
381e8dd1-bf21-4cec-bb00-bc26c3d2174b,0.85,0.894076943397522,,,True
4d057585-1956-4d58-a9c7-48828ef7c4c4,0.85,0.8863255977630615,,,True
de43a729-f3cd-4e8e-9dea-cd744f6104b6,0.85,0.9205716848373413,,,True
2a03109a-6f43-4ed5-9813-3d05c64b421c,0.85,,,,False
a18b21bd-19c6-44c7-913b-ebfb7112c7f4,0.85,,,,False
9e946a9b-832d-4c20-b657-8a3ce6a6012e,0.85,0.8530333042144775,,,False
a8a39fe0-d83f-4079-b71f-572e97649537,0.85,,,,False
9efe3e65-e9c4-4822-88f6-3bfb24875011,0.85,0.8635432720184326,,,False
f91ac7df-4c46-4113-8e3c-6485f1ea7c52,0.85,0.8874975442886353,,,False
c72a51c0-2f02-44bd-ba0e-aea1119af474,0.85,,,,False
9be3fd31-d60b-450d-95bb-9241c6946dcd,0.85,0.9089284539222717,,,False
aded6dcd-aaa8-413c-9f6f-ff8f35e9dcda,0.85,,,,False
5f8b235f-a68e-43fb-8055-fa8b5f47c2d9,0.85,0.8519936203956604,,,True
3b28f423-f1f5-4110-9508-d7fd38b6d77c,0.85,,,,True
ce8472eb-4122-4722-a595-da343d0c4721,0.85,0.9123798608779907,,,True
f40f8e2e-5f02-45ae-baec-4bcb1de31493,0.85,,,,True
d400b20c-8ad9-4700-ae41-0f4c5a66c16e,0.85,,,,True
c228958d-8636-45b6-b153-1157cb95aef8,0.85,,,,True
15f0d3ca-7d99-496f-9a29-c305c97b71d2,0.85,,,,False
77aa7d6e-1810-459b-be5c-3cccfa7724d8,0.85,,,,False
34a2855c-a66b-4158-b2f9-8487d252c5b5,0.85,,,,True
ed250ff8-5476-4d31-bf9d-77ccde3607a8,0.85,,,,False
61f7f01a-5019-4ac6-8dc7-65655de3d76f,0.85,,,,False
fa1b43de-c376-4cf2-821a-4928b8cfb807,0.85,,,,False
80d81554-a15d-4d28-ae07-23d5b00cc88f,0.85,0.9120177030563354,,,False
e497a946-8d58-4bdc-8053-a3a8e0b7105f,0.85,,,,True
24786f41-7c1c-40c4-a850-7f6408f687aa,0.85,0.8848797678947449,,,False
053e1b17-ca29-4b89-88e4-47ef6796fa3c,0.85,,,,True
0e73542b-579d-4572-8005-af13ed0df352,0.85,0.8626071810722351,,,True
3dc6dea7-33cc-454c-939d-287d1a9b4162,0.85,0.9165963530540466,,,False
3b1551f7-d90c-4729-a4b1-3e6035d4678b,0.85,0.8965162038803101,,,False
939ca411-6f02-4ed9-bd50-a76aef649177,0.85,,,,True
5e661950-4b54-442c-9ad9-16d1ff2f5145,0.85,,,,False
d1cd22c0-24dc-450b-bad7-892aad093828,0.85,0.8948937654495239,,,True
8676c6dd-0783-40ac-a34e-03a03b3af409,0.85,0.8698835372924805,,,True
56c4a281-3c82-4c5a-918a-9afe2c0eaef7,0.85,0.9058954119682312,,,True
2e47224e-eaa9-42f7-9a7a-8dd2c9b753fb,0.85,0.9218841791152954,,,False
c8a9c746-8c59-4d98-91cc-6f77d01e005b,0.85,,,,False
9463eda6-98dc-4a84-b898-3480c388fa3b,0.85,,,,False
96505054-c190-4713-824a-b5bc1f2e2a21,0.85,,,,True
4408a711-b037-400d-89cc-017dcc476f28,0.85,,,,True
1d4093a5-cab7-4339-891a-2162733f749e,0.85,0.8558193445205688,,,False
4423ef1a-993c-4350-9bb9-edfb27f4b345,0.85,0.8611809015274048,,,False
86b95e75-60d3-4598-bbb3-d5c20defdac5,0.85,,,,False
f314bd25-9439-47db-a21d-2c88598efe81,0.85,,,,False
30d3f807-25d1-435f-9b92-22900c099134,0.85,,,,False
9d34a270-fa60-4696-ba32-5ffe7a911f87,0.85,0.866260826587677,,,True
b3ea6c64-9bf0-499c-8088-2e7bfb1791c3,0.85,0.8575608134269714,,,False
2c092418-6867-4e50-87c0-f2f64a958777,0.85,,,,True
35d51c5b-7f3a-48ec-ad5e-ad64f698ca77,0.85,0.8827269077301025,,,False
92037787-18ab-4d90-b367-e4991a74de18,0.85,0.8803420066833496,,,True
43ea1758-75bf-4c14-865d-c520635fce4a,0.85,,,,False
a8a9a738-4a90-455c-9c08-42f05a54ed46,0.85,0.9751948118209839,,,False
00c209a0-cba0-4b01-bca1-e58e22a25fc0,0.85,0.8502840995788574,,,False
1e289844-506f-4ec5-92b1-67e9e50acf9a,0.85,,,,False
b4f40650-e8c1-4e66-9dcf-304c5acdcdf8,0.85,,,,False
291bb835-ac46-4fb4-93ed-ee203001eb42,0.85,,,,False
cc95ca50-9378-4982-be06-e9d16b0b932b,0.85,0.9158226251602173,,,False
e8d6df5d-a0c8-4d4d-ac17-753f9789968c,0.85,0.8834654092788696,,,True
1c5db7ae-1acb-420e-8e9a-6c09175877e6,0.85,,,,False
0b1da438-593c-4bc6-8662-bc8e05010c6e,0.85,0.8628098368644714,,,True
bbcaef14-9bd0-4724-93da-6dd872cb9630,0.85,,,,True
44a96812-cecd-40a6-97cf-61402ab545a4,0.85,,,,False
5ecd9a95-3fd1-4bda-a1ef-2cbb1aee7375,0.85,,,,False
5d69cb0f-a917-4d53-b5da-82f299bde19f,0.85,0.9260168075561523,,,False
3dd2dc67-ee56-49b0-b5a3-fdab9a471921,0.85,,,,True
2a5393e8-42f5-41eb-af26-3d6303ba11fe,0.85,0.867073655128479,,,True
676b09af-03c4-43b3-9af3-67aba7e62d67,0.85,,,,False
b4c3547e-cef8-4420-8e5c-256859f13da9,0.85,0.8823584318161011,,,False
ac74ba57-6bbe-4c61-ac2c-abef842c5426,0.85,0.9199824333190918,,,False
da6f827e-a674-4499-9d6d-3aa892d97c05,0.85,,,,True
1dc94312-9c64-4ba4-963b-e18a7eeb2d3c,0.85,0.8717480301856995,,,True
0e5de4b2-e8ff-4e2b-9490-ac00f50c320c,0.85,,,,True
0c1c06b6-f5b8-4758-b79e-576a5abc20a6,0.85,,,,False
cb46e35d-91c8-4a13-a97e-3f27b04b0323,0.85,0.8914032578468323,,,True
5c365022-0beb-43d8-a484-fdd242cbd529,0.85,0.8618671894073486,,,True
483315db-4b14-42f3-a4af-d2b970115eb0,0.85,0.8965327143669128,,,False
f13ddc3a-947b-4d0c-a217-aa0a21b223dc,0.85,,,,False
75178dbb-3719-4997-92d9-666cd5056f82,0.85,0.9869509935379028,,,False
948f4604-f5b5-49c3-8d7c-e953d9159573,0.85,0.8955774903297424,,,False
c9509372-7eda-4e24-b26b-2ebf8851588e,0.85,0.8883314728736877,,,False
98c7152c-e209-4d0e-b8fb-f84dc80d0d70,0.85,,,,True
e69f3e0a-8dad-43b4-a823-254faa378ceb,0.85,0.9227230548858643,,,False
8953e4c3-1860-4129-9c29-1e5f1746e202,0.85,,,,False
bc1948b7-fc57-4deb-8789-255219a7a834,0.85,0.8814061880111694,,,False
a7beac55-8331-43d1-a12a-cf1475ba0514,0.85,0.8600297570228577,,,False
fc6b6233-c47f-409e-bdde-6ddbc657f0e3,0.85,,,,False
7c0d344b-9a60-4139-86c3-f0f2c55c82a0,0.85,,,,False
3ac4c382-486f-4865-b130-81122eb1feda,0.85,0.9132076501846313,,,False
7da08246-02f0-4da5-8ae0-7e2fc5f28206,0.85,,,,True
df7dc58b-08d5-4734-a0f5-27f7b34bd3b2,0.85,,,,False
6ffe6c35-7594-4613-8d01-6a4bbd205fc6,0.85,0.9250840544700623,,,True
d4c412e8-3c50-420c-a183-9fe51aa2c95e,0.85,0.9161663055419922,,,True
1ac5d21a-29f1-4474-a88d-eb725d47e3eb,0.85,0.8853052854537964,,,True
3f5c0653-b3b2-4013-9755-1a8a15619bf2,0.85,0.8547081351280212,,,True
e38f9081-997a-487c-8e84-914adeb8b6d3,0.85,0.874302327632904,,,True
e0c07597-3d05-4703-a80f-ef0d895a82e6,0.85,,,,False
7d5c6071-3afd-4f70-9c93-33381adb1cc5,0.85,0.8653216361999512,,,True
85eb1494-a282-4f7d-84e7-a2a6c14a61b2,0.85,0.8602969646453857,,,False
ce9f3067-c10a-4eb4-bfc4-a1934235f540,0.85,,,,False
15ce44b2-0ad1-43ea-8628-47f836362830,0.85,,,,True
af28864e-734d-402d-8408-20c527d3b5cc,0.85,,,,False
49c48bb2-9082-41ec-9332-25e81424a621,0.85,,,,True
6d93b472-58f6-459c-9dcb-8713ea2e03cc,0.85,,,,False
dd33061f-9818-4ec4-91a2-ccc0ded4e715,0.85,,,,True
85715325-7e47-435a-9886-0d1e6a461735,0.85,0.8745559453964233,,,False
7b891725-4d51-4fa1-98d8-bbbe9e6ae456,0.85,0.8670744895935059,,,True
176a8826-2133-4f74-9768-86d37d66470e,0.85,,,,False
563e1f2f-8cf9-45cf-a6a2-04ad44f5456b,0.85,0.918209969997406,,,True
42b11c49-6bc9-4d92-88e0-8fd1a45acbef,0.85,0.8538715243339539,,,False
04641e8d-c2a8-4c59-a7eb-bc57883b9ace,0.85,0.8879803419113159,,,False
5fa5f2a0-5f1b-41da-bd83-99910f69b3e8,0.85,0.8947510719299316,,,False
0bea6c91-46bb-4d2f-8792-482989cd85ea,0.85,0.9312723278999329,,,False
053c8501-8e35-4d3e-9de3-0be79e79b174,0.85,0.8681010603904724,,,False
fe4ad242-f546-4577-8892-5a341d850193,0.85,0.8739324808120728,,,False
c845f09c-aa07-4579-a2bc-124eeb918375,0.85,,,,False
dabda5c0-2cc6-4dc1-af83-8c199df1c7e6,0.85,0.8845587968826294,,,False
bd5e5a58-408c-43e1-9fac-8edcd21222e6,0.85,,,,False
0cef1093-fa21-4cb0-bfc8-dce92800ca04,0.85,,,,False
8917e1a2-ad42-4e9c-8108-ed685274c589,0.85,,,,False
260ee64a-3c4d-43b9-801e-2de92c529230,0.85,0.8952250480651855,,,False
19c176a2-1e0d-4cfc-9e52-97d4ede5f7cb,0.85,,,,False
654d3069-4ebf-47bb-921d-3964cb4514f5,0.85,,,,False
7925ca58-4820-49e3-ba7d-7664c449c4a1,0.85,,,,True
3ca3fdb7-2651-4763-ac81-462b9ffa834e,0.85,,,,True
c9eb8123-702b-47a6-92b7-a615d909d85f,0.85,,,,True
eac325cb-9d5b-4d27-b81a-d79d7feb050c,0.85,0.8503754138946533,,,True
1ee6c873-e036-4f30-ba7d-d43a0e6db852,0.85,,,,False
9e8ab246-75a3-4ecb-bb6e-268f26c41f4d,0.85,,,,True
5330f56d-8e02-42df-8026-31e5cfc91aa1,0.85,0.8523755073547363,,,False
d93594e4-cf61-4424-9aad-52cedd6a1dbd,0.85,,,,False
bc8557aa-5bdb-49f7-9520-f51295020a2b,0.85,0.8759084343910217,,,False
b3f22860-8827-489b-ac6a-a63a0853756c,0.85,0.8870192766189575,,,False
26030e6b-f50f-4afb-89b7-9b8d64c6cdd7,0.85,0.8661438226699829,,,False
f2bcd4b7-2288-4c8e-8188-6dcdfdf1aa6b,0.85,,,,False
322e2262-203c-49f9-8c04-49147046d53f,0.85,0.8569929003715515,,,True
17565188-c9a8-4d49-972c-38a2de5fbc40,0.85,0.8823622465133667,,,False
86b8e654-8e56-4e0e-a2a2-2d5ae40f4280,0.85,0.8502246141433716,,,False
be9db367-d64f-488f-85eb-ec80450eb64f,0.85,0.873392641544342,,,True
19c31517-9f2e-4962-8208-6f400a6fc8b6,0.85,0.9281251430511475,,,True
9a6a3add-b906-46df-8056-503571eeff1e,0.85,0.9101763367652893,,,False
8399b78d-4ac8-451a-97f7-370e4b69dee4,0.85,,,,False
91e12b77-24c4-4f29-a325-8789cd856c96,0.85,0.8841227889060974,,,False
e41219a6-ba65-4a8d-adf0-5e2bc666096f,0.85,0.9179417490959167,,,False
2de1881f-2c04-4bc4-abd6-221c8ee8449c,0.85,,,,True
f1a63540-2f04-4dbc-8c9b-3bc8bcb1cb7e,0.85,0.8615632653236389,,,True
7b7c77f8-d636-43bb-b6da-df5bba6151b2,0.85,,,,False
41965a26-0b27-482d-a89a-e224529d2684,0.85,,,,False
f7182080-97d9-4283-bdcf-b879576bc2d1,0.85,0.8893611431121826,,,False
eb3ad7a2-f906-496f-a295-b74df60d2e97,0.85,0.8539902567863464,,,False
3b23b91c-5209-4fef-83be-786ded8b7453,0.85,0.870002269744873,,,False
f13e4d01-7793-4bc8-9964-8573cf6bf6ad,0.85,,,,False
4b7f7bb6-3218-4c8f-a599-9e60c65e6a68,0.85,0.9249033331871033,,,False
bf0078d4-de6a-45bd-a6eb-607e46c026ec,0.85,0.8788681626319885,,,False
702cb9b8-7228-4851-aac2-79e01580779c,0.85,0.8967400789260864,,,False
83ae1a5b-4803-4f51-8f3e-61cd634d9f6e,0.85,0.8824595212936401,,,True
8c88379e-1f08-4b4e-9a4a-97b6114e5813,0.85,,,,False
ff3c8eca-36b1-48d8-b834-d6d8d808035a,0.85,0.8896418213844299,,,False
d75a2c2d-c3d8-466c-b60a-65af35ea1768,0.85,,,,False
d752bf78-4208-48a9-a447-a7148d9300d8,0.85,,,,False
fce113d3-9e34-4c13-99cd-4febd22e23c5,0.85,0.9292726516723633,,,True
d92f1990-4241-452e-a71c-029bef455468,0.85,0.9172773957252502,,,True
0a698aa1-4d84-4ea1-b757-97e7dd6cb160,0.85,,,,True
b2475f22-eccf-4ce4-acdf-eed1b252b203,0.85,,,,True
eba86cd9-eb23-4545-a30c-24bcffdf7c7a,0.85,,,,False
562541be-ce18-4305-9bbe-2bf09abadb3a,0.85,,,,True
0a170d85-bba4-41ed-81be-ebb70eb30a3f,0.85,,,,True
8a9616ed-4ebf-491c-b9cb-8486ff3355b5,0.85,,,,True
93028173-8326-4168-be8c-e3fe87502f47,0.85,,,,False
b8327878-d22f-4ff9-9232-e36efa6a50bc,0.85,,,,False
60d2d3fc-4503-4dda-a0f2-647a85bd2029,0.85,0.8844200968742371,,,False
de7d2ffe-195e-4f46-9293-ed7b8a73423e,0.85,,,,True
eb980ea6-049d-494f-bada-7812aa7d6aca,0.85,0.8797555565834045,,,False
3744ee29-5e40-4750-9a37-48f184b3abbc,0.85,,,,False
fd64a4ea-0504-4438-bef8-903b855dd620,0.85,0.905507504940033,,,True
39d6f7ac-df42-4285-b31a-d7e84ef26b2e,0.85,,,,False
c6fd2b7b-806d-41c1-a0b8-85a78205b1d2,0.85,0.8734723925590515,,,False
635ce043-22a1-4d1c-ab17-4285cfca0c75,0.85,,,,False
a50ab9e5-7ba0-4a8c-b97b-003e9bc4c0fa,0.85,,,,True
5a8d2b9d-8bb0-43e6-81c9-e35c4e9ddad3,0.85,,,,False
ab211ed3-2fe0-4e63-9729-3138f70b4b4f,0.85,,,,False
8d4a29e7-9715-4bca-8fd6-068466f9bd40,0.85,0.923806369304657,,,True
3c3e71ff-6d5e-499c-8450-ed44cbf1277a,0.85,0.9120929837226868,,,True
243e24f8-d6d2-4d0f-8c8c-18abab482118,0.85,,,,False
df9ac285-9215-4202-925d-329dc910ceb0,0.85,0.859831690788269,,,False
5d7ce207-55cf-4d2c-bc16-76b49c895b73,0.85,,,,False
8d96dc41-5c81-4970-9f37-00c98f8d983d,0.85,0.8933336734771729,,,True
c8268463-f168-4414-9079-78e5817354e8,0.85,,,,False
ee307c8a-5450-4e66-b8f7-0f7b11d90a38,0.85,,,,False
178f5bdc-fd23-45f9-bbb4-9722747b96e3,0.85,,,,False
2b24da2b-af43-45e4-8127-b63bc1812eb8,0.85,,,,False
558d0f57-ffe1-4f35-b678-a7ecdfcf0d8a,0.85,,,,False
d9eeee68-1cbb-4122-96a1-d3d94a763070,0.85,,,,True
d76c54db-d511-4665-92d5-04a9b49398d0,0.85,0.9132372140884399,,,True
e39edc7a-d99d-4066-a582-ecaa056cecbf,0.85,0.9129364490509033,,,True
2d1309ec-5779-4ab7-8b94-417692317532,0.85,0.9237921237945557,,,False
72d0eecd-38bb-46b0-aac6-62ed9d9f5d51,0.85,0.8826420307159424,,,False
12bc2571-7b3f-4a07-889b-a931b07c851e,0.85,0.9691446423530579,,,False
3e7a56d0-de81-4ee3-a799-95b8bda16b98,0.85,0.8515765070915222,,,True
7d0f27c2-6eff-4d71-96da-54f98ad73ba1,0.85,0.8568771481513977,,,True
dc8d5e48-7be1-47a0-ab82-da3642dba53f,0.85,0.911737322807312,,,False
e6a52e93-05ea-4648-bb02-cd902d26aaaa,0.85,,,,False
abbfb974-2afc-4c45-bdf1-fca1b593d505,0.85,,,,True
e192e6aa-a39d-4f53-9f9d-ac97791651b4,0.85,,,,False
8c3ce6e6-727f-48eb-9189-4bf2088d3329,0.85,0.8682405352592468,,,True
7de15624-0daa-47af-bd33-02fea4fd6685,0.85,,,,False
5e520202-37ff-40db-8aae-307475c331e3,0.85,,,,False
50708379-836a-46c5-9669-064e4b3c8df5,0.85,0.9578996300697327,,,False
a103111f-c72e-43f7-8e69-0d1deb548224,0.85,,,,False
2646c612-b586-45d2-9035-a57be85eb52e,0.85,,,,False
dab07789-904f-4696-8666-7f0625562800,0.85,,,,False
acecfca5-eabb-4dbb-8db5-db6ec42f77f8,0.85,,,,True
5fa800a1-9e3e-4333-9681-4a70f5d86ee9,0.85,,,,True
324b8724-d55b-4eb5-889b-10b847f66e37,0.85,,,,False
29c7ba5b-ac5f-49dc-83dc-d4f906185e2d,0.85,,,,False
17ccb2d1-0cfc-4841-b1ff-49446ee4199c,0.85,0.8548117876052856,,,False
4602f81f-e7d9-491c-938b-f72a035b307d,0.85,0.886012852191925,,,False
3446413c-8014-4615-91c9-f7aa6d609c97,0.85,,,,True
8586861c-a2aa-47a0-b013-cfa34d34034f,0.85,,,,False
b838eb75-750b-4ca2-a7a9-e85f3fda7355,0.85,,,,False
1ee17b0a-aafb-43ae-9711-4b414bce90e7,0.85,0.861622154712677,,,False
facab8ab-fd50-4230-be5c-5bd1346d6712,0.85,,,,True
275bc8f4-63e4-401a-a18a-9d7be35bedab,0.85,,,,True
de2b160b-77eb-4f7e-8948-476022a17474,0.85,0.8749167919158936,,,True
ad6b0c8a-f3aa-462d-a11e-41cd16a4d767,0.85,,,,False
1f66e440-8c8e-44b0-8a30-b0fcba4da31c,0.85,0.8644927144050598,,,False
a4218527-f0db-4093-8c4b-48768402756e,0.85,0.8597670793533325,,,False
37829562-bba1-40c5-89ef-4cc57fc6067e,0.85,,,,False
60526486-d234-4b95-a098-f47c1eb96772,0.85,,,,False
20851418-ef2a-4784-85d1-660b393c7527,0.85,0.9081605672836304,,,True
c95597e6-c599-4ce3-a962-3d967e004c1b,0.85,0.888461709022522,,,False
6936b59a-167f-4534-87cf-0e790df845b6,0.85,0.9597606062889099,,,True
d836e8a4-b629-439f-a2b4-79255654cca5,0.85,,,,False
d7af5a19-3458-4f73-bde5-e21adc49200b,0.85,0.9139357805252075,,,False
d04b0bd5-60d7-4e0a-9408-eba1fd5c9a1c,0.85,0.8689413666725159,,,True
bd4f78aa-9d3a-4585-9666-9019c2030c9e,0.85,0.8651663661003113,,,True
830ab27a-6510-4e2d-bb92-5742126483f5,0.85,0.875381350517273,,,True
3be711d4-1905-4539-b56a-0f701b35c40d,0.85,,,,False
06057a0c-8ce7-44e2-9995-1f316bc26d94,0.85,,,,False
4bf13ecc-81f7-40d4-8584-a8d16fad88e8,0.85,0.9014616012573242,,,True
ba94bb27-cc85-49ef-b652-8ac5bebd03fe,0.85,,,,False
6562965e-c939-47f4-a84a-b9d350356e69,0.85,,,,False
2c6541e1-97e3-4aee-828d-ecf012a03f7b,0.85,0.866594672203064,,,False
1260e7a4-36b8-499e-b59f-959d07b6c9d2,0.85,,,,False
3b9ff839-1b77-4459-9140-e279c525a2c6,0.85,0.8697784543037415,,,False
d847930a-f4a1-43e9-9266-4f03b1d4115d,0.85,,,,True
cec56a36-f5a3-4bed-90ca-91c2767fb93e,0.85,0.8827756643295288,,,True
24244b0b-ce95-42c3-8209-005d72a346b2,0.85,,,,True
ec0496d9-1fd9-4749-a633-491b87c0274e,0.85,,,,False
27e50f6f-4b1c-4680-931b-4daa8d252a4e,0.85,0.8740076422691345,,,True
fea5f925-20bb-4ff8-888e-533eccbf6f3d,0.85,0.8672350645065308,,,False
34897f61-6c46-452d-b890-a870e65fd1d5,0.85,,,,True
2b98d79a-d72e-423e-a83a-4a6d25c35b4a,0.85,0.8885340690612793,,,False
3657cbc1-0a63-4baa-a137-6cb72da6fb0d,0.85,,,,False
b7f4ce77-d90b-4c04-b3bc-dba4573d866a,0.85,,,,True
7f81d4d8-0f51-404b-98f5-4cce7433eb1f,0.85,0.88290935754776,,,False
df5aa836-9498-4400-97d4-671335ab684a,0.85,,,,True
ed840b9a-3792-47f1-bbb5-74dd14c664fe,0.85,,,,False
7d603718-81ce-433c-907f-5861da9b98cb,0.85,0.8756276369094849,,,False
9a909a5d-9557-4998-815b-139c63238e6c,0.85,0.9333447813987732,,,False
40b2ed1c-0961-482e-844e-32596b6117c8,0.85,0.869210958480835,,,True
78ccdae0-1342-486b-83a0-615a39a46d32,0.85,0.8654769659042358,,,True
c8a23d0a-2a12-44ab-9082-0270f0c340fc,0.85,,,,False
def36c53-ae32-4d37-a78d-fa68fbfabf96,0.85,,,,True
f0c8a5a2-392b-4204-8911-23de0eb49b28,0.85,0.886379063129425,,,False
7feb7cd2-8c44-4a06-8acd-e57c6feb6ddd,0.85,0.9064624309539795,,,False
dd3bbcc9-55d8-43e9-b207-047ef20a7b6d,0.85,0.8546410202980042,,,False
e7635ead-c2de-4025-943b-0493af455108,0.85,,,,False
feb7e423-6706-4b92-82e2-8108a3440d4b,0.85,0.8900676965713501,,,True
a0106aa1-36c9-4a57-ac58-43c22b36938f,0.85,,,,False
de31b7a4-3db6-47b3-92cb-43fa31aef0b0,0.85,0.8656046390533447,,,True
087cb7e4-0488-44b6-af63-48b5743efb52,0.85,0.8874512910842896,,,True
a4901463-89a4-4ab3-b5c6-94ef662e1017,0.85,0.8591734170913696,,,True
8750ee92-3ffe-4e22-b660-445ed2b895ff,0.85,0.8591371774673462,,,False
d79edeac-6a14-4415-91a2-4e6b9d9ac8f5,0.85,0.8523367643356323,,,False
6ab871f6-e6e3-4b8e-8b82-52aff29fc220,0.85,0.8685256838798523,,,True
2cdbd79c-e148-4a94-97a0-d3b75efc7ccc,0.85,,,,True
e409281a-91d5-4eea-a3d0-def3f8ec7884,0.85,0.8642047643661499,,,False
713ee013-cd73-4e19-8124-9f83b97db8ff,0.85,,,,False
32268822-b407-4935-a6c6-7ae4846bd8ce,0.85,,,,False
49117728-ea9c-4621-845c-401f472a7f9a,0.85,0.8599755764007568,,,False
ad63c951-8fa0-4a59-81c5-73ce3ab7ad9c,0.85,0.9270062446594238,,,False
037c1713-6c67-4445-9c21-b39c8c26e3a6,0.85,,,,False
232cbf54-b1a0-40c3-b218-86139b5a227e,0.85,,,,False
d4f69780-1136-452f-8b28-cb488038c55a,0.85,,,,False
8bb54162-7fa5-4f3a-9f96-9e019e8995de,0.85,,,,False
5c972a75-f417-4181-abc0-874da9000f93,0.85,0.8928802013397217,,,False
b5e4f657-a3f1-4551-9068-29b9028e571d,0.85,0.9334783554077148,,,False
248cb881-658c-4469-b1bd-e0679799a360,0.85,0.8604884147644043,,,False
feacfebb-6ac2-43a7-87f4-4b62c9921cb9,0.85,,,,False
51b45051-25ec-4813-b01b-772d5388a3c0,0.85,0.883057177066803,,,False
c93379e3-c938-465a-b7b9-42d1b74d1a5c,0.85,,,,False
8f90721d-d0ab-4e40-bec6-f01e38458146,0.85,,,,True
2bdc04a0-8f95-4fdb-a687-55d04d14bde0,0.85,,,,True
7f9b3f33-2d92-4ef1-b60e-1d9e403bf68a,0.85,0.8752951622009277,,,True
2a539479-6a4b-4f79-aaba-64a29cbc690d,0.85,,,,False
62019922-8b42-4f08-8bf9-b69db3d3d025,0.85,0.9090819358825684,,,False
2acd9043-8097-4c31-ba0f-548f0debfab8,0.85,0.9274091720581055,,,False
54451b0b-9c17-40cb-a494-ebc35c30a167,0.85,0.8855761289596558,,,False
6fc4414c-1a9f-44e1-8272-645cca5ec7c3,0.85,,,,False
81f2b79d-808d-44df-ab81-aefece410928,0.85,0.8669969439506531,,,False
72e17d5f-7a43-490a-ac2c-3bfc0fb02fc1,0.85,0.8953900337219238,,,False
69702f0b-5739-4733-a90b-1db8ae53f054,0.85,0.9280344843864441,,,False
b7814729-ac39-47c5-8cd9-07b1104b6483,0.85,,,,False
87a63cf7-5dda-497a-8054-4ed98593e070,0.85,0.891483724117279,,,True
e28544ce-32d0-4579-b134-6a7e4d63f133,0.85,0.9373615384101868,,,False
9fffa194-e0a9-424f-90c7-8b06b2086a8a,0.85,0.9266231656074524,,,True
b91a83a9-9a50-4563-a008-3d6deda8f22c,0.85,0.8681505918502808,,,False
9d7e10cd-3c49-47fc-b4ef-9d28e4e86fb8,0.85,,,,False
9a9d63d9-a9d7-4788-aebd-c07f697027ec,0.85,,,,False
44a9b28c-250c-4964-9d34-304259a91cbd,0.85,,,,False
126414e5-2aa5-4c4d-8bf3-e79c26128dfd,0.85,0.9333733320236206,,,False
e297eb88-233b-4435-8f52-63e058968e58,0.85,0.8643707633018494,,,True
f0bf54fd-730f-4574-a987-98cf40cf3e34,0.85,0.8642637729644775,,,True
515df325-c026-4558-a01a-444d8715cc37,0.85,,,,False
284b9218-e7eb-4516-9018-afab62ad9c46,0.85,0.910574197769165,,,False
39bad966-55a0-48ca-8319-d9863ba925ff,0.85,,,,False
7249d291-005e-48b6-a836-ac8185269b51,0.85,,,,False
67c2a3a7-6961-479c-a805-74ddf0579f56,0.85,,,,True
7016c6ff-de82-4e0b-b52a-c5a12653bbcf,0.85,0.8902381062507629,,,False
cf664a0b-703c-40a2-a0fc-17aaaa7e34f0,0.85,,,,True
32cc312b-579d-404a-af8e-f0145da31a99,0.85,,,,False
1dbe4f18-7496-4adc-94c2-88ddadb3eafb,0.85,0.8565860986709595,,,False
63c2b20a-ca9b-4216-af25-3c1a8dd4e026,0.85,,,,False
7ce13f02-2a85-4c81-bb10-13338d5504fc,0.85,0.9571490287780762,,,False
5fe55e42-58f1-488e-86fc-d84c382582ac,0.85,0.8828774094581604,,,False
3f48d440-fe92-4833-bb81-332f47ce28bf,0.85,0.9035273194313049,,,False
f4d21c73-acc7-492d-aaf4-ab6468c708d9,0.85,,,,True
58f777d3-00a9-4652-8f0c-5814998de82e,0.85,0.934816300868988,,,False
1d9b7ab0-a148-4f78-960f-68b6c38efd27,0.85,0.9309684634208679,,,True
84221979-ff2a-48e5-a8f5-f9e144c9116a,0.85,0.937442421913147,,,False
33c551dd-2a22-49a1-a3d4-5f971e8c8e56,0.85,0.9238920211791992,,,True
dd080e5d-6e84-46a9-8e2d-33edc11cf03f,0.85,0.9141256809234619,,,False
3c73a226-46a1-44cf-989a-1122247b1e70,0.85,0.960567831993103,,,True
900cf897-e280-461b-b71b-3ab474c6d82a,0.85,,,,False
003071e9-0550-4f6b-a67a-21137c879bf1,0.85,,,,False
b754ab08-2596-4112-a702-0df9883945a9,0.85,,,,False
871d445f-b7da-4e3f-a631-3f6199464007,0.85,0.9361046552658081,,,True
1ccf2aff-abba-47ac-b429-d1b0cdea1568,0.85,0.8723156452178955,,,True
e4f33b6d-6cda-4a73-9bd3-5668f884fe0d,0.85,0.9311727285385132,,,False
4382cb76-f6d4-4342-a3f9-d1352189f02f,0.85,0.8519326448440552,,,True
3c835499-7e02-498d-8081-f1535f510424,0.85,0.8565409183502197,,,True
d9bb3c95-6cc3-42ec-bd27-b85aceb3d2a5,0.85,0.9101199507713318,,,False
efb21b23-48e5-42d3-945b-abf6e2e60cd9,0.85,0.9413284659385681,,,False
631718d1-52d1-4884-b872-616f135d4eab,0.85,,,,True
6fdb03b8-47ea-4356-a827-1be92869a1f2,0.85,0.8669512867927551,,,False
896298e0-d140-4306-8199-c3230e030721,0.85,0.9251970648765564,,,False
82cc145b-5d47-499b-9a71-79588bce234e,0.85,0.8582398295402527,,,True
9b9bc2b7-1aed-4649-95eb-c132dbfcc988,0.85,0.8582642078399658,,,True
74b56885-bfac-449b-b6c3-6b71c674471f,0.85,,,,False
6fd87b6f-c78e-4c53-b01f-32bf9fa8288e,0.85,,,,False
e0b9c7e6-5b6b-453a-a4d3-de5930623347,0.85,0.870151698589325,,,False
ec118c26-b411-4f6c-9aa4-e3f82a61042e,0.85,0.8978806138038635,,,False
25c9c1ee-97f4-4082-aaa6-14f1ba686fd5,0.85,,,,False
e12095f3-1c20-4d37-b32f-79694ab1f786,0.85,,,,False
2319d69a-2111-4bec-8476-aec2892a62de,0.85,,,,False
a895f244-1829-4df5-b2e7-5c29200a33cf,0.85,0.8733584880828857,,,False
35bc06a3-9f70-4ed8-8df6-6fac1984271a,0.85,,,,False
43801a39-aaf6-488e-92fc-842a1f6a6284,0.85,0.8939862847328186,,,True
f4da0fef-19e6-4fe8-9f34-fcf70bb04dbd,0.85,,,,False
120c5b17-6fa5-4a84-a5c5-8a864b2d844c,0.85,0.9445887804031372,,,False
b4b27766-640a-463b-a4e8-f806c789f497,0.85,0.8922222852706909,,,False
896f8f94-f853-4e75-877a-9abc01d75e45,0.85,0.8715196847915649,,,False
6245e1b3-54e5-46c0-aa81-e2dd5f7b87f4,0.85,0.9577209949493408,,,False
bd882582-3f8c-413c-aa8f-dc2ec514610b,0.85,,,,False
c6b1c96f-178b-42f7-ae73-75ddbd5b4db6,0.85,,,,False
a798bdf2-0439-49cd-a67b-9e6d13fc977f,0.85,,,,False
7d9785e2-bcc9-4a73-86ca-5331ded52ebb,0.85,0.9078502655029297,,,False
5e45da38-c1c2-4b7a-b382-3aecb91dfca8,0.85,0.8538329601287842,,,False
3cc253a3-cbdd-4bad-a87c-c48307372166,0.85,,,,True
b3f42c03-d493-4afe-b075-42fa7d74d4a4,0.85,0.8575609922409058,,,False
9734e5de-e72a-4ed4-99a1-d5cf467070cf,0.85,,,,False
827803b5-4b0f-4643-bb9e-36d64761c4bc,0.85,0.9509776830673218,,,True
a17627ed-3201-492a-a62f-80b3732c8753,0.85,,,,False
326d84cf-c147-47e5-b4ed-bb992f33a03a,0.85,0.8849101066589355,,,False
74107a30-4ff6-4c5d-adb2-532cd45ecfb6,0.85,0.915311872959137,,,True
34ccf146-dc4f-4db7-98b1-7bb4f698bab4,0.85,,,,True
c1640fbc-126e-4255-9f9a-b54ba5e151cb,0.85,0.9477657079696655,,,False
eddf264b-4684-4a6e-86e2-3d0c468e2e23,0.85,,,,True
de742d1f-4084-43e0-aa11-3b87b2df5dc1,0.85,,,,True
f896de7c-206e-4c52-b90e-12927e4c04d4,0.85,0.873277485370636,,,False
cfdbd5d6-cf39-451d-8e5d-df8a24592f40,0.85,,,,True
eeb26c82-d4ca-41c1-abd4-b1847476f01a,0.85,0.9054314494132996,,,False
dfbbc7b6-7f8f-4e1b-8324-cfb23f32cd63,0.85,,,,False
495899d9-948b-4aa5-ad76-2b7534aea6f7,0.85,,,,False
e34626c9-e689-4f75-a99f-6dab0f5354a2,0.85,,,,False
1ad004f0-6d2c-4053-9573-4f075334b558,0.85,0.8894305229187012,,,True
f2f54ed4-1c4a-4302-b9b5-61f1dd5e7042,0.85,0.9547169208526611,,,True
eda4d35c-9c4b-450b-bbcc-d2b4cc7912a2,0.85,,,,False
e1e1ac2a-1b35-48f2-b496-a23e124d040a,0.85,,,,True
7569f3c0-cfb4-4945-af4d-8824e0237527,0.85,0.8836418986320496,,,False
fa14d420-4af6-41fd-a5a5-bae57fa94947,0.85,0.8878676295280457,,,False
ec9110c2-9073-4f7a-b5bc-259601128c53,0.85,0.9034103155136108,,,True
9dadcf3d-c900-4723-bd45-f268ec222690,0.85,,,,False
8840e91d-f929-47b1-853d-512b7e258a69,0.85,,,,False
616c6548-f0f7-4d93-9f17-f27da4b83116,0.85,0.8778655529022217,,,False
f5926814-c6d9-4688-89d4-45f2051ec75c,0.85,0.8686583042144775,,,True
91a6cb64-d580-4cff-926a-cb32a9f7201e,0.85,0.8875436782836914,,,True
292909a9-ebe2-4894-a767-280686007f9d,0.85,0.9292140603065491,,,False
300fb4ab-de2a-4103-97f8-aaf5d73d666d,0.85,0.8984751105308533,,,False
be03de8b-095e-4bcb-bd99-fcd6cf191855,0.85,0.9115732908248901,,,False
0cde2d18-6415-4927-add6-aef175121273,0.85,0.88680499792099,,,False
16a60a98-cc04-4b49-9938-a9ed38faa054,0.85,0.9003275632858276,,,False
67d74ae0-0964-4ca1-9710-fdbaa4219c20,0.85,,,,False
d9d8ec4c-003c-4701-8480-dfb07de4825c,0.85,,,,False
13a39ab0-998e-462d-941f-160da76986f6,0.85,,,,False
bc623db1-21b1-4c1c-b01c-cbe970042c61,0.85,0.8904426693916321,,,True
fd4747c1-d4d2-44c6-b97e-de6f6d6f05b0,0.85,0.9093698263168335,,,False
c0c1dd74-236a-4ded-be40-329e8aaf9e82,0.85,,,,False
c208e131-3906-4487-b074-f350cb17614d,0.85,,,,False
23278f73-c8e3-4ced-996e-9bf91946142c,0.85,,,,False
002f6abd-2104-416e-a444-1a923b3a3839,0.85,,,,False
007964cf-fa61-4bf9-bade-c3907878b47e,0.85,,,,False
b7ed666d-d358-41e4-bcda-55a81db490d7,0.85,0.8742754459381104,,,False
83be951d-30be-4043-95c5-7016823d709f,0.85,,,,False
4c2c1c41-ce71-4f79-bf7f-d9fba24e8ceb,0.85,0.9039581418037415,,,False
9e0b24c3-274a-4ad2-ad24-06207cbab47e,0.85,0.8883247375488281,,,False
705a305e-9848-4d2b-b3c3-63508c578852,0.85,0.8820949792861938,,,False
169bfbf1-34ba-4361-980b-1b9caddd06bf,0.85,0.8991438150405884,,,False
ca8b462f-fd05-4c09-afa2-564fb9bb5e40,0.85,0.9116384983062744,,,False
2b524b52-08e6-4b48-835a-58c7aa8a912c,0.85,0.8877614736557007,,,True
9122981d-e47f-4f02-bd92-90924d3b756e,0.85,,,,False
1be1d63a-6777-41f7-a1cb-157879d9777a,0.85,,,,False
0ce95e8d-c54a-4b57-a8d0-430e22720918,0.85,0.8632327318191528,,,False
07103527-e339-4659-b096-6f2eca9da6d6,0.85,,,,False
2ca099fd-d400-4ef9-8c3c-72ffcefde00a,0.85,,,,False
6bae4a13-19ee-4989-bc0b-349a74dd77a6,0.85,,,,False
73d70226-1f52-49db-9307-286281216d12,0.85,,,,False
fe25ee31-a4f5-4978-9f87-8455c9a655ac,0.85,0.8605300784111023,,,False
6dc1c651-96de-4ca5-9afd-3d6eab42aedd,0.85,0.8782374858856201,,,False
d2a8579c-1ba3-4fab-8aa9-fd36bb770939,0.85,0.8824869394302368,,,True
cfdb37f5-9691-445a-8ed7-fbb2fb9669e3,0.85,0.8878501653671265,,,True
16b212b6-a883-4c24-8a4b-aa59de90c0cd,0.85,0.8926305770874023,,,False
8e3f7995-c7e9-469d-bdd9-569967b9447a,0.85,0.8664816617965698,,,False
2d3dced7-c551-4bcf-9a70-cebaa93f5bfa,0.85,0.8658702373504639,,,False
d387816f-3f6a-4958-8cdc-9417e700f5c7,0.85,,,,False
369ab70a-e2f5-4599-b2dc-0921b61d63b2,0.85,,,,False
cafb3002-b684-407e-a006-95e6451bfccb,0.85,,,,True
0af9436a-fdd5-4003-93cb-104d922b9fb1,0.85,,,,True
409ac92d-77b5-4761-8f09-29c458227fcb,0.85,,,,True
4e867e2c-1647-48c3-b76e-5c7532d3864a,0.85,0.9516640305519104,,,True
8920072b-fe9a-4c2f-b6bf-472ab292cf42,0.85,0.8685957193374634,,,True
11733c07-645f-4bb8-ba17-397a88a72a3a,0.85,,,,False
3f9ccdad-78bf-4275-bcd0-0c0d0808b285,0.85,,,,False
6f2fa3e2-aa62-48b3-9066-707144906470,0.85,,,,False
49693744-f4e1-4429-8000-5273a65b2295,0.85,,,,True
3944148c-ecd9-46d5-86c6-3c06da483566,0.85,0.9027578830718994,,,False
9cda1783-7b85-465d-945d-e51c7d5d6131,0.85,0.9062982201576233,,,False
fb8e996d-478c-451e-a68d-7722a65b4bdd,0.85,0.8879556059837341,,,True
b9e05808-829a-4ef2-8c65-12b97edea135,0.85,,,,False
1c337e60-a030-4dcc-8d19-27a3408ef03f,0.85,,,,False
e03e73db-360b-45cb-8adb-fa0f34e37b01,0.85,,,,False
941a48c3-71a1-4957-acdf-d27dd75b61ba,0.85,0.8521299958229065,,,False
b7add303-4e14-42d2-bfb3-91e08480e4ae,0.85,,,,False
ef63d4a2-99aa-4ed6-be11-6d812f3dac70,0.85,0.8680458664894104,,,False
93931839-bdba-49b7-820c-ce5ff55d8d7d,0.85,0.8680078387260437,,,False
aead4dea-3872-4479-b29a-6b679ff50d4e,0.85,0.9125077128410339,,,True
949b4ad9-f3c1-48ab-aca1-f92b0e62d69a,0.85,,,,True
b0735774-18f1-4d4a-9d65-4b5f5c8f2308,0.85,,,,False
e87b011e-6dad-4434-814f-c63e75e879a7,0.85,,,,False
a1b3b78b-0902-4eb1-9af7-09507ebc97e0,0.85,,,,True
5cf6d7a8-2243-49f0-9cf4-c3e67076c100,0.85,,,,False
bbc24646-7b65-4bf8-bed7-da0b798181ff,0.85,0.9323297739028931,,,False
0ebadddd-6ed8-4fdb-ac01-aa8df984cdb1,0.85,,,,False
d95087d1-a959-41ee-b54f-fd2b23bcecb1,0.85,0.8536449074745178,,,False
89071a96-a47c-4f4c-ad1b-1e27b6a11bd5,0.85,0.8652990460395813,,,False
e2f2b9bc-1da6-41f1-9cb9-544a02bc2891,0.85,0.8663415312767029,,,False
74d0a826-32c9-4b47-937e-7943da6a6605,0.85,0.8681420683860779,,,False
cd38c2ee-cdb9-47d9-98ab-a79a1887ddb3,0.85,,,,False
6a791853-fa2f-44ea-bcad-65ca0a977120,0.85,0.9307793378829956,,,False
7ac870ec-517a-43e8-a5ac-9ebb28685457,0.85,,,,False
3db72385-9ac2-4c76-a844-42be58b4592a,0.85,,,,True
25154ebe-490c-4e95-b1b4-7d64a720ea17,0.85,,,,True
be1044ff-519f-456d-9a7f-5511893dfe50,0.85,,,,False
d2387c2c-833d-4ac3-9e19-33df20db7208,0.85,0.879207968711853,,,True
c3dcda67-a909-4b81-956f-968a13220eec,0.85,,,,False
6b1ee2e6-cec3-49c3-a8a7-96298a9d84e0,0.85,0.9101666212081909,,,True
6b996502-f498-4450-939f-0e34cf7988a3,0.85,,,,False
b66b0420-ad13-482d-9dcd-5b2232eeb1ff,0.85,,,,False
96a4bbb7-e450-4731-96ec-807a59aa7694,0.85,0.8884974718093872,,,False
14c6b61d-0c73-4a1b-b858-72290329d427,0.85,,,,False
a21d55de-0ccd-4794-b6fb-4c50f093439e,0.85,,,,False
850857b9-f8fe-4ab4-851c-26842ce69421,0.85,,,,True
c062b475-b90e-43b6-974b-04dee30e48f1,0.85,,,,False
a3a17101-baf6-4d62-88e7-64df8d41f4f9,0.85,,,,False
34580287-b005-4ae0-a3fb-bbfbe664e9fe,0.85,0.8745843172073364,,,False
aa7c4087-8224-465f-8272-89cd95d7ba5b,0.85,0.8994358777999878,,,False
713b8398-2aa0-488a-a53d-1117ac65c86d,0.85,,,,False
616392b2-adfd-4770-a946-cf4f3ea76890,0.85,,,,False
76ab939c-f66a-4bda-bd5d-9392db878c1a,0.85,0.9393182992935181,,,False
4313eebd-07af-46a1-888f-0089279ddd6a,0.85,,,,False
0e1e6141-f505-4d86-a5e1-1991562088e7,0.85,0.8699653148651123,,,False
a266d187-4955-44cf-81ed-664dd3bb2a04,0.85,0.885574221611023,,,False
d6ca5eae-6623-4a66-ba9a-d3639bfac829,0.85,,,,False
124baab8-b9c8-4d0f-88fa-c05106ada95e,0.85,0.8517248630523682,,,True
03c2b4bc-9b28-4859-aca1-fe086c8279a4,0.85,0.8992986679077148,,,False
4eead8d3-e5c7-40aa-9dfc-70a33dcfbae0,0.85,0.8703572154045105,,,False
8fd225d2-c6c0-48bb-bda4-1bd158ff789d,0.85,0.8867328763008118,,,True
75cb28a8-789d-4d02-ad72-f8f7d4a28d00,0.85,,,,False
397e0098-58e4-407d-a7ed-274645330128,0.85,,,,True
cf1dc95a-15ae-4e2a-a764-fb88dfa09544,0.85,,,,False
c431cf8d-2bfa-410b-861c-cdbed0920912,0.85,0.9139366745948792,,,True
b9a3add3-96a0-48b8-960b-5be11f9c64ef,0.85,0.868647575378418,,,False
7f8dbb48-9d1c-4e29-aa19-354574803124,0.85,,,,True
fcd1e93c-0650-4142-b869-67077e6c6e19,0.85,,,,True
d83b516b-df12-434d-9411-e0ac6e5c9865,0.85,0.916377067565918,,,False
8eae3af4-df81-4d28-b116-9818c73b6de8,0.85,,,,False
682f14fe-f5f5-4ece-9ee5-ee0d8fda1c5b,0.85,0.8756189346313477,,,False
4f4cda2c-c8a3-4059-85bf-063755cdea30,0.85,0.8675950765609741,,,False
f72ddc5f-fc77-4e85-8a7c-4425df81ef9d,0.85,,,,False
46b6defc-8115-4c51-bd0a-09275da5872e,0.85,0.9093834757804871,,,True
fa682619-1fff-4769-a900-b99b059596b6,0.85,0.8799774646759033,,,False
8119fa1c-d08a-4746-9182-8b87f9d8ac4f,0.85,0.8625614643096924,,,True
443a1ec5-6e03-4091-b47b-b04b21e6235b,0.85,,,,False
c1507da1-fb8b-49f5-9bc5-a3a20a8b102a,0.85,0.9264073967933655,,,True
c479427c-6144-401c-9b85-5c964e23aef3,0.85,0.8550214767456055,,,True
e47da75a-24dd-403c-ae42-fb2481074a3f,0.85,0.8882891535758972,,,False
90ad2685-6c50-4d32-83cd-c39d48d8bd7c,0.85,0.8675627112388611,,,False
a8f5578e-6974-48af-996f-7842c8ade250,0.85,0.9441907405853271,,,True
758a3eed-11d6-4d2d-b32b-0975b5c06ef5,0.85,0.8931766152381897,,,False
f0d7c5ce-2b99-4474-b2e1-5d98faabdf8a,0.85,,,,True
b29ef337-9f36-4312-8e9b-c88e3954f7cf,0.85,0.9015971422195435,,,True
df58e6ce-1254-44c6-94d2-17babd42ff16,0.85,0.8872480392456055,,,False
18220abf-15be-4d95-abf6-814f8fd98a5f,0.85,,,,False
3fd4f7bc-3c44-4190-9324-39ea79b4ef9b,0.85,,,,True
8153f378-d35d-4194-a538-4780428a00aa,0.85,0.8877401351928711,,,False
0ad2c696-5404-448e-b2ea-8e666031b1cf,0.85,0.8701768517494202,,,False
c7ff1774-995a-4c31-a577-cf47ce632f5c,0.85,0.8904601335525513,,,False
48a35c38-eae4-464f-8ff3-12b0dc01f5d6,0.85,,,,False
52d7bcc8-4aa9-4dd8-8193-316875bf664d,0.85,,,,False
ba42d9d9-4644-4cae-a93b-95dd09a065cd,0.85,,,,False
acf36854-7475-45c2-8331-7173ad9b6b16,0.85,,,,False
690cd22e-7f7c-442f-83e2-29e8d4e59a10,0.85,0.8639459013938904,,,False
4c7f1c76-3d0b-450f-b4ec-19f7290bacb7,0.85,0.894760012626648,,,True
7dce0988-77cf-4920-92c8-50c2301b4be1,0.85,,,,False
8f90c868-ddc9-4405-a231-86b327a47683,0.85,0.9322396516799927,,,False
7e07165d-64c3-40d9-be2e-e5d7346f1f82,0.85,0.8615539073944092,,,False
5666338d-6802-417e-84a2-b7ec0615fce9,0.85,,,,False
87b090dc-5b84-48cf-951f-58550e1c9fee,0.85,,,,False
34342653-72d9-4dee-9a31-d8cdd3c6eb36,0.85,0.8709514141082764,,,False
45d29dd5-a009-469b-bd23-3afb803218e1,0.85,,,,True
c550dd60-9fc2-48ee-8a37-01bd6ad7c31f,0.85,,,,False
a13df6c1-fbea-469d-b95d-9a73131221ae,0.85,,,,True
0d4398eb-3db4-4f16-b2b0-9aa376092e5d,0.85,0.9963549375534058,,,False
955c985e-fc30-4f32-8588-b74e18ddda2f,0.85,0.8726186752319336,,,False
b16c9d4d-596a-4ce5-a05c-d8231478094c,0.85,,,,False
f16e2e4c-84e4-4cf0-9659-3426651cd83e,0.85,0.9194849729537964,,,False
02d6e2ec-136c-47b9-ab6b-e6104a0b5edc,0.85,,,,False
829d2ba5-ded7-4ae9-8179-cf0e514786c2,0.85,,,,False
a7b1927a-95e3-4bd5-b061-38bcad3abba3,0.85,0.9021952152252197,,,True
281c8cd5-cea2-4e5e-9ef7-47e513fde0b6,0.85,0.8860299587249756,,,False
5085db7c-afd8-404f-9371-3408f238d335,0.85,,,,False
438a0137-9568-4c6b-8b5a-4705dfc6b7b2,0.85,,,,False
82690288-3f06-46ed-998b-f4726a351404,0.85,,,,False
4a13b548-3eec-40f4-90bc-7f8c5fb8b8e0,0.85,,,,False
93fc258f-48e3-41bb-ba62-ae6b1d3da284,0.85,,,,False
efd29884-8501-4261-9554-566b65424298,0.85,0.8909273743629456,,,False
7fb24d7b-4545-4dae-83df-0b7831d35e0b,0.85,0.8867719769477844,,,False
d10801ff-eaf7-4315-b266-840a34eb9782,0.85,,,,False
ba8e9d86-2ba6-44c4-81f8-3094070e5f85,0.85,,,,False
0625c456-f701-4ff2-b822-5ce5aa4d2e6f,0.85,0.9152416586875916,,,False
8e0a2c13-4819-430b-8af3-1c7e467e8e6a,0.85,0.8584553003311157,,,False
051c6919-9609-49fc-90f3-12581e810587,0.85,0.8805378675460815,,,False
be756da6-fb1a-4c90-aef9-f996a8801e15,0.85,,,,False
4b147ed2-cc75-42d2-9c71-bda9ce25980b,0.85,0.8585414886474609,,,False
53bc15f7-2c1f-4de0-abed-010b3af8d142,0.85,0.8780081272125244,,,False
572ae26a-c35a-4ebe-9696-5219bd7ff109,0.85,0.8816230893135071,,,True
549f3423-4c8e-4842-93e5-b2791200a0eb,0.85,0.9048313498497009,,,True
674b2a6a-01ed-49b3-a744-6f8f091a70a4,0.85,,,,False
1afdc0dd-6120-4b16-b7ce-4270ed85c389,0.85,0.8742175102233887,,,False
e79726ea-1f02-4951-a464-295cf2d6746b,0.85,0.9234952926635742,,,False
2d9b65f5-4b87-4760-ab5d-60e8cd98e925,0.85,0.8547901511192322,,,True
dc11ef1d-b2f5-4d2e-ab6c-ceac9552f6ad,0.85,0.9010244607925415,,,True
32687ab4-8283-43f1-963e-d4074b9a52e0,0.85,0.8844321966171265,,,False
15f74563-f6f5-42bd-849f-cb95fe08ed81,0.85,,,,False
1bf074bc-5388-4108-9aa9-44b015525de8,0.85,,,,True
f724d1cb-5439-4739-9151-5c8a4051405f,0.85,0.8944991827011108,,,False
0110c923-b5a1-414f-89f5-6c50e02ca014,0.85,0.9195271730422974,,,True
033aaff9-4874-4d04-adac-b2ee88017406,0.85,0.9624329209327698,,,True
7d2674b6-4767-400f-8b0b-0e13e1394140,0.85,,,,False
a9c14416-2788-4903-b9ce-bd92f18fd05c,0.85,,,,False
a13e5285-7970-4af1-9502-78cd50a8a224,0.85,0.9353776574134827,,,False
e7289d37-c8c4-49e4-928c-390a8aa1e1da,0.85,,,,False
16c77937-027c-45f4-aa49-aed53666323c,0.85,,,,False
a175d745-ae0d-476e-a966-3b51ab31feae,0.85,0.8939384818077087,,,False
632d959a-a08d-4097-a06f-5465e2b909d9,0.85,0.8651789426803589,,,True
d5eca198-17d5-467e-8c15-d668c203b8e3,0.85,,,,True
e75e46cf-b429-43a6-8c37-c6a491acac29,0.85,0.8573348522186279,,,True
5305a4cb-0493-4cee-bc6f-4fd2156873ab,0.85,0.8810467720031738,,,False
6d70872f-b49d-4425-9ea0-0a102ca2ce0a,0.85,0.8536949753761292,,,False
a060ce1e-d0ad-4e3b-a818-32926b444025,0.85,,,,True
7c843439-423b-4488-9bef-5161ced98061,0.85,,,,False
5035038f-5294-41bd-8224-f50109ef6b32,0.85,,,,False
533eee12-a12d-40c5-ab49-fc7cf9779135,0.85,,,,False
00080d95-ace6-439d-a647-a2e020a47dbd,0.85,0.8901752829551697,,,False
df2ffdd7-1a38-4e76-b864-cdd4a73df52b,0.85,0.8597575426101685,,,False
54d4e821-d3c3-4b16-bab1-8f770846a06a,0.85,0.8566856384277344,,,False
8bf54528-32ef-4760-92fe-9f51acdd024d,0.85,0.8976223468780518,,,True
316bbc74-75b1-423e-8f83-be09cc7f0751,0.85,,,,True
f89d8849-5a80-494b-90cc-a41623a5cd19,0.85,0.8537156581878662,,,False
f0510689-2f60-4747-aa84-7f9a021b63bb,0.85,0.8512207269668579,,,False
cb0a2a89-9694-443e-9604-0dd760dcb6ff,0.85,0.8925736546516418,,,False
620bc064-4ac8-42e4-a30f-62facb9d39dd,0.85,,,,False
987be880-cf73-49ed-bf00-b476543284a7,0.85,,,,False
4d9f2cef-6514-4e05-8516-3768cf9d6bb7,0.85,0.8876057863235474,,,False
4cbffdbb-e4d1-43ca-8cc9-6ed62f0f750e,0.85,,,,False
5c253e7a-85b6-4b46-99e4-862c664d3ea3,0.85,,,,False
c1b5532b-f500-466d-94f9-af893e94abbf,0.85,0.8627606630325317,,,False
3fdef93d-769e-447f-b64b-90f35881e555,0.85,0.8568754196166992,,,False
2a8b1f8c-fca3-4e42-94ce-185d70d0ab36,0.85,0.8657611012458801,,,True
cdd53a45-1422-4e0b-9c5e-be5fc2008c7e,0.85,,,,False
51599d61-d7c8-4b71-8bbb-b202f49f7a72,0.85,0.9404796957969666,,,False
84e68dc2-3e39-44c1-b914-5c4b909933a2,0.85,,,,True
23119510-ea4d-4e3f-b57a-6c53b5f47313,0.85,,,,False
35bb443c-e90e-4d6c-a4b1-6078a2097b92,0.85,0.860981822013855,,,False
4403f5f1-0e75-4769-9a68-c21fe0180d46,0.85,,,,True
d9f3e693-6ec0-43cd-a0dc-c307454ee6e2,0.85,0.924835205078125,,,False
5def1bf1-3b56-4150-97c6-7315cc4e4c40,0.85,0.8515124917030334,,,False
0e70e556-731a-423e-87aa-31461d7b6d58,0.85,,,,False
3a85f633-57cf-484a-8a56-119666feb126,0.85,,,,False
fc2df738-a420-494b-acf6-e8352a4b7833,0.85,,,,False
624945d7-e783-4df8-a140-dc75730875a5,0.85,,,,False
7a19edd0-eb75-453e-81d8-75bb8ae470ea,0.85,,,,False
b94f9241-4ef1-4b36-9b4e-7fba3a557d86,0.85,0.9031803607940674,,,True
98ff7731-6e2a-4eb2-aed6-78cf5934efab,0.85,0.8921726942062378,,,True
a994bf0e-4b2a-4ae7-b675-2ac5bcf46fa5,0.85,0.9051926136016846,,,False
fa1ddb1a-edfb-4f09-aa3f-1f9a23784fd6,0.85,,,,False
d85c3290-6f17-441a-8418-bea498ca8eb3,0.85,0.9136229157447815,,,False
e2e6c079-710b-4875-877e-0e622e7a8c8c,0.85,0.9161210656166077,,,False
a937af1c-4812-4cb6-a1f6-ae1f64ce0161,0.85,,,,True
9964b31d-4b2c-497e-a1b8-720d7234299e,0.85,0.8928438425064087,,,False
0f1eb51d-3ff3-4fb8-b673-f9af2962cad2,0.85,0.8836269378662109,,,False
9085a1a9-88e8-425c-b374-7109df264da5,0.85,0.8843510150909424,,,False
a0803b57-bf98-413d-aecc-ba2a6fea306b,0.85,,,,False
f65697b1-7598-4b1f-8b9b-bd22ce7fa3cb,0.85,,,,False
0f105e0d-8a4a-4dc3-ba34-a565d7bfddb1,0.85,,,,False
94d9d81e-16c5-400a-af0b-724e04151994,0.85,,,,False
11a24975-5fbb-4bab-a070-b1f62b95dce1,0.85,0.8918301463127136,,,False
a7284235-c9f4-49b9-8559-dbdb34c16c9b,0.85,0.9183053970336914,,,False
6dc3f476-ef77-4e9e-b9eb-27d6259bfbaf,0.85,,,,True
ddd4713e-635f-4ec6-9f8f-b28b6713bc30,0.85,0.9031804203987122,,,False
e9812351-a39d-4a07-8bb3-d172689341aa,0.85,0.8792628049850464,,,True
46322499-afcf-4e7c-8a82-e873d7a8854f,0.85,,,,True
1ab36d1b-f025-4dd0-9369-f23849bf0902,0.85,,,,False
41e0387a-40af-4910-bec8-50c99aecb026,0.85,,,,True
4cc1b9a2-d08f-4952-93bb-95b8d5770d20,0.85,,,,False
b753cbad-6a90-4503-a6e9-dda297aad2d3,0.85,,,,False
e3a542fd-c715-48b1-9a78-67408e760824,0.85,,,,True
d22a7f32-6cfa-448f-87ea-f1256f47833a,0.85,0.9483850002288818,,,False
0b073fa1-25bf-4034-87cf-6d1e3f00a401,0.85,,,,False
f0a81d27-cb0a-4096-8739-34e18cbb235b,0.85,,,,True
50bcb910-3788-418a-aad4-c1570978fa84,0.85,,,,True
cd32e729-fa95-4d4f-bc88-348e1512e062,0.85,0.9168221950531006,,,False
e13fcdd3-9813-4963-9355-911adbd21866,0.85,0.9024097323417664,,,True
eeb982eb-e657-45b3-bdd4-d284bdf513ef,0.85,0.8591804504394531,,,True
3b204b0d-937a-4889-ae6e-67fdfc39636c,0.85,0.9313749074935913,,,False
0ea3ba6a-0b1c-491c-9489-b7973e2ea36b,0.85,0.8755589723587036,,,False
6b1776b8-f0ec-4fa0-b0b0-a6c4998f5ef3,0.85,0.8669521808624268,,,False
44834a3f-e054-4a80-8162-e2e7655c8fc5,0.85,0.8670629262924194,,,False
26834753-e15e-4ff5-99d4-6ee6bc7cf0b1,0.85,,,,True
0ac8c891-a388-4eed-936a-66f20bb2506e,0.85,,,,False
960b40aa-dadd-43ea-9c78-d55e21790cfc,0.85,,,,True
ea1c4fc4-9a9e-47e1-a192-f567b089bf02,0.85,0.8969650268554688,,,False
faf4c37f-287d-4bc1-83c6-090cbb6c9650,0.85,0.8693834543228149,,,False
a30ae3c6-eb01-4d85-923b-e51bd11a3e5d,0.85,,,,False
43698fce-b552-444b-b563-64f717e78224,0.85,0.8976502418518066,,,False
ce47e2b5-a583-472c-9f23-eab21c3b0e5f,0.85,0.9120713472366333,,,False
cafb4112-4dd0-49c7-9321-8b6864219a5b,0.85,,,,False
a8123365-53bf-481d-ac66-5d2538c15126,0.85,0.8744188547134399,,,False
b03c0fec-69d4-4b6e-83ee-4f50bb2b511e,0.85,,,,True
05bc9839-a919-4171-86e0-c5f1cd1e3999,0.85,,,,False
d0cf3c2d-ab2d-45d1-83c7-eae0a00bfc01,0.85,,,,False
8d127488-98a3-4231-a94c-f8363acf39a9,0.85,0.9496583342552185,,,True
a77f2146-8461-442e-a5b1-c893b82c447c,0.85,,,,True
478d2512-dd8a-441a-ae31-78f458743e02,0.85,0.870469868183136,,,False
f8ae1c42-c8c8-438e-8f36-72819f554dd6,0.85,0.8717030882835388,,,True
8abd6775-95b8-45d2-8bc4-4c5e1311b645,0.85,,,,True
363d0a28-28f6-406d-b2d8-8727287172f0,0.85,,,,False
2320d971-4286-4466-be9b-e4e3dd9ab19c,0.85,,,,False
c611f92b-5326-4afa-bd9c-5d3b0596b275,0.85,0.8707236051559448,,,False
006a3453-4897-4192-b389-04a2957f376c,0.85,0.8854159712791443,,,True
2546675f-07c5-4300-a43e-231b656eac89,0.85,0.866567075252533,,,False
0b05057b-ed44-4983-a267-6e9ff7725b73,0.85,,,,False
f41325dd-0ec7-4fcb-9a21-c180381b8fae,0.85,0.8590888977050781,,,False
15c34916-f14d-4027-bc89-1a99e8de430f,0.85,0.864841103553772,,,True
17615b49-703a-4a07-9f51-bb7fce6cd549,0.85,0.9769387245178223,,,False
bdaeaf2d-56a9-4d33-9d7f-31ef506bfd6a,0.85,,,,False
815e34ce-473f-4916-9af9-edc3c5f88b3d,0.85,,,,False
8f528ee1-1cde-4312-b578-06649b3d830d,0.85,0.9042666554450989,,,False
17c3fbe4-470b-4158-b20b-e650ddff910f,0.85,,,,True
a1c6c534-770b-46e9-8913-08623302b47b,0.85,,,,True
833844e4-cb52-49db-a7f4-62f53a22a1c0,0.85,0.8579641580581665,,,False
e78e301d-3f47-4ca7-a455-78c9015a431f,0.85,,,,False
8b08a1cb-8c67-4754-8ea9-49f3c21e46e3,0.85,,,,True
4e9123ee-4ecf-498b-9990-3132240f03f2,0.85,0.8791752457618713,,,False
76248fa1-ac58-43fa-aac7-54837f2eeeed,0.85,,,,False
0dcc6c4a-3432-43d5-b97f-ec5a8cf5cdda,0.85,0.8887028098106384,,,False
b0e05626-4068-4bb9-8a91-11787e5a7a80,0.85,0.8733077049255371,,,False
bd2a7f9b-a085-417a-9c58-1988bfc01cdc,0.85,0.8612580895423889,,,False
6fc4d7c5-f744-4e21-a9f8-0af29cf66067,0.85,,,,False
ff21f175-30f4-4bbb-8c8d-b13f84f7acfb,0.85,,,,False
378bc315-584c-4577-9c30-bffe7f5740a8,0.85,0.8520933389663696,,,True
eb892af6-7683-47fd-9fd0-8ffcc5f5f49d,0.85,0.8587695360183716,,,False
7c701e43-30ff-4840-bde0-93ef30ea29ef,0.85,,,,False
cd793324-b9fa-41c6-bcac-4d1f185ebc27,0.85,0.8606926202774048,,,True
b0c416b1-a310-455d-9dfd-8dc57232fd95,0.85,,,,True
4bd4a3e6-f88a-491c-8364-8d593fd48ff3,0.85,,,,False
7221e1f3-e1ac-43a0-9905-4a5fa68d1618,0.85,0.9118816256523132,,,False
29c2cf19-7c7e-4ff3-aeed-2e9eee6e6f56,0.85,,,,False
efb26d07-0610-4584-b99d-a55fddd92400,0.85,,,,True
8a0e6a78-143d-4f14-afac-4fb7255aadd5,0.85,,,,True
6833b0a7-454c-4f47-a288-4a3109a5d230,0.85,0.8832192420959473,,,True
341e4e6d-4d98-4a4d-b34f-174e556c135f,0.85,0.8692562580108643,,,True
a3fc7a52-520a-4b81-9397-666d0a607a4c,0.85,0.9029723405838013,,,False
195fb70f-94d1-42e0-a1da-c7bce2fd774f,0.85,,,,True
e4045137-d7d5-44b7-85c1-6b0ee64c595f,0.85,,,,False
9f5535f7-49fb-47b5-8b5b-232c21b6a804,0.85,0.9088717699050903,,,False
5f0d487d-8454-4e32-b9c8-43c349a83973,0.85,0.8585652709007263,,,True
d6a640a8-b368-46fa-8bbe-6a61b9db3997,0.85,0.860028862953186,,,True
322af984-02ec-4d82-b7b5-b49e9cfca16e,0.85,,,,False
476ef144-cc1b-4e1c-9fe5-aed77e0e217a,0.85,0.8767451047897339,,,False
dffc63ee-cee3-4994-90eb-772cb5d544d2,0.85,,,,False
f0275e15-1318-412b-bee4-a6c8a9c3f9f3,0.85,0.852381706237793,,,False
0d29c6ed-f3e8-44ff-a32f-60df165fd4b9,0.85,,,,False
82353102-f410-4703-aef7-0b665827fcca,0.85,,,,True
80eb3183-6215-48c5-9e82-1902f15bddff,0.85,0.8734121322631836,,,False
dd97e732-2f94-4bce-9bad-4e5d61b63aa4,0.85,,,,False
055db051-068b-4b20-9842-bfd46c206454,0.85,,,,False
31f6e720-2d8f-45b8-93f9-427616a24103,0.85,,,,False
2e258bfc-14fc-4139-855e-99aecabad79b,0.85,,,,False
f774f632-3448-4d3b-8fd4-4c7d4a769f84,0.85,,,,False
9f24bc12-fc2f-4271-812c-d067c87e83ff,0.85,,,,False
726406b3-ae4a-4edd-83d3-60ecdf256e10,0.85,0.8942807912826538,,,False
500fce42-a06e-46c0-9dcc-9485c9677894,0.85,0.9236900210380554,,,True
0a001fed-b69a-4e80-8b3b-e3b36a63fca8,0.85,0.9792051911354065,,,False
bf92e236-ff0a-4eaa-a86c-b96319c3d297,0.85,0.8918025493621826,,,False
5d29f891-e873-40a1-945d-6818bbe1dbd8,0.85,0.9008058309555054,,,False
4c93d3fb-5d88-4c9c-a47d-a6b9d06ee16a,0.85,0.8808062076568604,,,False
ac045e2e-ae72-4a52-844f-7b6435aa9e73,0.85,,,,False
aaae3b3c-c25a-4ab8-bea5-892339eaa1fd,0.85,0.8870115280151367,,,True
430cf714-dec3-471b-8bb9-6035d85e9360,0.85,0.9053158760070801,,,True
68f9495f-9909-487e-89fc-e4851a364033,0.85,0.8918670415878296,,,True
ded83597-9d5d-421a-8453-f1bba10a4e7b,0.85,0.9015350341796875,,,True
62ab772e-007e-4568-b8bc-fbe84ae43586,0.85,,,,False
2c5251bb-2795-494c-adaf-f766eeec60d3,0.85,,,,True
66b4dff0-daa1-45b1-b1ef-d1dccacfe049,0.85,0.9040061831474304,,,False
fc05178a-4460-4085-a51b-b2f331598de2,0.85,0.9057400822639465,,,False
0f852b48-ede6-435a-be51-db6e0a5207be,0.85,0.8619983792304993,,,True
ac4ba9fc-98e7-4e3f-a563-6fd25f329c91,0.85,0.8854027986526489,,,True
feb33b80-f619-435a-87cc-d8bbac14b354,0.85,,,,True
b87c210e-a1c8-410f-9a5b-9fda81a1b418,0.85,0.9382004141807556,,,False
b117542d-398f-44f6-a487-5fe05cad597f,0.85,0.8779066801071167,,,True
e10473f3-42ef-4b45-b34e-ec2e3aeb1d5a,0.85,0.8610692620277405,,,True
1bf07be0-984a-43f4-a236-f419ba7e0308,0.85,,,,False
adf6ed80-0977-4022-bd68-8592e10d732f,0.85,,,,True
89c0226e-2279-42e9-86b7-6ce6afb7980e,0.85,,,,False
6a21314b-909e-449b-b807-c2ba7532bea4,0.85,0.8564136028289795,,,False
113050db-dc18-421d-b276-8aa2194c34af,0.85,0.9296594858169556,,,False
6e0464b3-4251-4c40-ba01-6a40e723077b,0.85,0.9127910733222961,,,False
7582585b-6131-47cc-b538-a2a15067b20b,0.85,,,,True
9a555d88-0be3-4f34-9fc1-26a4994e3e94,0.85,0.9390845894813538,,,False
8a237cc1-c3d7-40ae-a6cb-c92fd8433da6,0.85,0.9377752542495728,,,False
63923940-226e-4c32-abf9-8d25139883aa,0.85,0.8799827694892883,,,False
776d054a-cae9-4913-bfea-b9dcc1d27bd8,0.85,,,,False
a53131a0-675e-4e93-839c-8b6621d7a49b,0.85,0.8773361444473267,,,True
1de2739e-5de0-46b8-996c-9c5c60db0c1f,0.85,,,,False
a58a5c91-ec57-4958-aa5d-6b3826a3db5c,0.85,0.9108104705810547,,,False
058d00da-3269-4345-86e9-e89dd5debd35,0.85,0.8841913938522339,,,False
b63be3d5-6f82-425d-84ab-f9b5a4016bf1,0.85,0.8610683679580688,,,True
609b6507-4f16-408c-a1d4-a38b8c6f8f37,0.85,0.8509553670883179,,,True
377dd93a-cd38-48ed-8be9-bb294bca6175,0.85,0.9073551893234253,,,False
1cab2d4e-a21b-4ccd-8770-9af3b08a6b38,0.85,,,,True
234275ed-eacf-4e73-a0bf-9e461fc33b0a,0.85,0.8965667486190796,,,True
7d6cb3be-18c8-45fa-9006-8ef4aa55f896,0.85,,,,False
b91d2798-f90d-45d5-adbf-5c72c11567e8,0.85,,,,False
534f60e5-c58b-44d2-9388-d1602d115bb0,0.85,0.8567271828651428,,,True
03f52658-b511-4056-aa91-748e49708dc5,0.85,,,,False
df383099-cd65-4462-a17c-7754f73d51ae,0.85,0.8808741569519043,,,False
f50f45b8-3f9b-47c9-a54f-1fd02c5e7da9,0.85,0.859831690788269,,,False
71bd3bfb-3c90-44a6-a84f-4e21bd928bdc,0.85,0.8706187605857849,,,True
5c96cc84-8fe2-4e54-aa69-74ca13b9cb94,0.85,0.883960485458374,,,False
7dfd6ac3-b1df-47d6-8b7e-ca163dd62b0b,0.85,,,,True
27d5bcc8-b9bb-4aeb-9ddb-c58f9d8723af,0.85,,,,True
f58e9a06-b338-472d-8879-8221827e4588,0.85,0.8999983072280884,,,False
c8e76ff4-4b11-4864-b93d-ca987530de59,0.85,,,,False
5f297613-a883-4537-9aa5-270e2fed47ff,0.85,,,,False
49ff9b9e-815f-4a29-b30c-604e353f5980,0.85,0.8722603917121887,,,True
1cefa2a4-ad19-4eca-87ce-917a2811e6c3,0.85,0.8673668503761292,,,False
1402288f-1128-4d40-91be-6b96d65c6bd7,0.85,0.8928156495094299,,,False
12fd3c25-e3cb-4620-b83a-4f537e92944f,0.85,0.9087636470794678,,,False
b4625970-49ea-44ed-9e37-e10c650d96ca,0.85,,,,False
4be25468-8d8c-44a5-885e-4e75ede90819,0.85,0.8803414106369019,,,False
4db7a829-724f-46fd-850b-d81a096e38af,0.85,0.9065523147583008,,,True
e2401b64-4adc-4ed5-8f36-80ce7034d812,0.85,0.8831246495246887,,,True
6067073b-5ab8-4962-8203-0b5b5675b17b,0.85,,,,True
70284a9b-10f7-441f-9756-c66471e8b161,0.85,0.9743220210075378,,,True
6914502f-523d-4263-9edb-0afc797c3c91,0.85,,,,False
9b5686a0-3843-428d-af06-428f566dcfa9,0.85,0.9578285217285156,,,False
ac717730-816e-4dc4-801f-0a2214e0a12e,0.85,,,,False
2bad7d4f-463e-4a71-8c77-0e3ff51779b7,0.85,,,,False
d1b50e0b-23f6-40a7-b54d-cdd0de510c8f,0.85,,,,True
4bdfc549-6d2f-4564-a9c4-fbee242e0840,0.85,0.8728241324424744,,,False
0a3d62b2-ec39-4018-8c45-64afdc268a48,0.85,,,,False
6d8ae3ad-d470-4e4e-8e89-6c237e90f83f,0.85,0.8686740398406982,,,False
f401ea8e-5c31-45ca-873f-3f8ff6a83171,0.85,,,,True
19e2204a-4eea-412d-ab5d-c27c7f07fe17,0.85,,,,True
c236cfa0-88ea-4756-90f7-5ab7065c50f2,0.85,,,,False
36d95e2c-e3df-427a-ad40-eb55f31a88fb,0.85,0.8586843609809875,,,False
356a0b14-0fb5-46fc-89bd-b4a1c018c047,0.85,,,,False
9bdc4b76-25ea-4cf0-9ce4-58c709f167b5,0.85,0.8978084921836853,,,False
acc31ebf-7785-482a-ab98-4f43042eec19,0.85,0.950107991695404,,,True
f6053294-191f-4622-ab96-1d68a4f972da,0.85,0.8834654092788696,,,True
573ef7ac-216d-4ada-a1c2-7e13e793ccc5,0.85,0.9006986021995544,,,True
e03f17c8-5782-4de1-95be-527f0422a5c1,0.85,0.8829322457313538,,,False
4e450f23-5241-4732-b58d-3ef42dd86f57,0.85,,,,False
755726f1-567b-4fdf-bcf2-574ccefa6c4a,0.85,,,,False
d487291a-3baf-4642-b7f0-54219ad72f7d,0.85,,,,True
fd1e7e89-a577-40ec-bfd9-9f1646d05a56,0.85,,,,False
008df083-62fd-43ce-a6ac-af96b8cb3a10,0.85,0.919463038444519,,,False
f1f9426a-4e34-4540-a04e-f1634144c08b,0.85,,,,False
bd8acfd8-e16c-4e9d-84b9-4a932a9ba79e,0.85,0.8540571331977844,,,False
198db132-5e8b-4d82-af5a-7a2a3368ee0d,0.85,,,,False
8328681e-e53e-4665-9a13-8b8d4113f967,0.85,0.8765579462051392,,,True
44594cff-b8e1-4bf5-a62f-8e9054e5e6f6,0.85,,,,True
7c476fc2-3b67-41a9-b4ac-045b2bf2edcd,0.85,0.8726462125778198,,,False
d89075a1-04fd-4ff3-82de-bd23325d823b,0.85,,,,True
4f60445d-5041-409d-8dfb-11bda003618f,0.85,0.8941466808319092,,,True
0c486c72-5352-4df3-a29d-9cc22417714e,0.85,0.8589800596237183,,,False
7ea52328-548c-470b-bfac-f90f0a5e451d,0.85,,,,False
6715532c-192c-48b7-acd0-287e94eb853a,0.85,0.9811110496520996,,,False
3418456f-8e12-48c5-a869-7eb5c64b1cbb,0.85,0.9224987626075745,,,False
f14441e5-5233-4442-a85c-eb53306cfb85,0.85,0.8707414269447327,,,True
3d475cdc-f93a-4a63-ac80-3819aa00a962,0.85,,,,True
3c88d93e-dad2-4b28-abc8-15d47aa8bfb1,0.85,0.8641387224197388,,,False
6c4d3477-90ee-4fec-bf26-fb91f96f03bc,0.85,0.8554736971855164,,,False
838dd085-c21c-435b-be7a-5c9b4a5a1b75,0.85,,,,False
bf09ed10-5796-4d7d-8522-132027fe19c3,0.85,0.8774552345275879,,,False
bc208a28-2472-48d2-928b-4ac7c4a3da32,0.85,,,,False
031ef1f5-a51c-4be8-aaaa-6dc69a5c732c,0.85,0.8727684617042542,,,True
93ebf9c7-a811-414f-980f-6394da44883d,0.85,0.9364950060844421,,,False
e97a3def-896d-41bf-b878-adf46d535a7b,0.85,,,,True
41045dcb-e78a-4a13-a022-cc909319497a,0.85,,,,False
40b5c352-2763-45ed-86ab-03f68a892b1b,0.85,,,,True
b35d8c59-5e1d-48a2-aa74-a23fa4ffcc71,0.85,,,,False
fb3ef3d4-52f2-4522-a209-83465af4c45d,0.85,,,,False
c29d8b33-efc4-4f01-b1b9-cfab94a37ac1,0.85,,,,False
ff28aa4b-bec0-45df-9dc5-8eea26bebe03,0.85,0.921607255935669,,,True
45534e29-3c9d-44c0-aeb3-8314f799c938,0.85,0.958280086517334,,,False
b41d182f-66ee-4064-bbcc-cfa35acc7041,0.85,,,,False
d50ead93-b829-4071-8895-eaaf5223eeda,0.85,,,,False
69514fdc-fb18-4a16-bbd1-9a13a9c27744,0.85,,,,False
7dd068b3-612c-43dc-840e-054fd92a1453,0.85,,,,False
ec092860-68e5-4403-99ea-38c8fe64008e,0.85,,,,True
393464cf-3e5a-4d19-9137-a510b0f29c99,0.85,0.8705878853797913,,,False
d5a100bc-e129-4764-bf10-a8a5133eecbb,0.85,,,,True
4a972df8-5afd-4973-a9b9-0728b17ac463,0.85,0.902256429195404,,,True
9c355af2-b354-476b-96c3-b9baa45e925a,0.85,,,,True
e829b73f-f860-450f-9595-01236f4523af,0.85,0.915124237537384,,,True
8c872f5a-6568-4c12-8fbb-e80c5b7cfff2,0.85,0.9150122404098511,,,True
1f031b41-dd74-49d8-90b3-389ffa6b6bc0,0.85,,,,True
6003de54-9366-4585-8669-25496afde729,0.85,0.8507106900215149,,,False
f4777ef8-a8e5-46c8-bbba-0d490f383abd,0.85,0.9573246836662292,,,False
edbf6736-1cfb-4ee9-8729-61f1cfb4e510,0.85,0.8670272827148438,,,True
6e36e0cf-650d-4db9-a24c-10eabb37539c,0.85,0.8904482126235962,,,False
41945757-4915-4b99-92f1-e03722ff5f3c,0.85,0.9089580178260803,,,False
894a5bdd-3322-4dca-a768-775ccba4fc20,0.85,,,,False
ce91c9ab-c048-4060-b5e0-b9578cc5c12f,0.85,0.8714511394500732,,,False
20773234-33d5-4b2a-817f-beedbdc9a200,0.85,0.8838018774986267,,,False
6f54a111-730f-4973-a370-5dd9bb790b68,0.85,,,,True
4cf4f2de-204c-44b0-b01c-eff0184dd903,0.85,0.8927866816520691,,,False
b1fb3d03-2550-4219-8fe7-7d69cf7e4b85,0.85,,,,False
85d211a6-c53c-4197-a367-4106ad9c81ad,0.85,0.9392291903495789,,,True
03192cde-7e9a-44f3-b5be-3ad87f10b52d,0.85,0.9757980108261108,,,False
25541510-193d-46a9-9136-2e09c80c9d5d,0.85,,,,True
768d037c-087a-404b-ab5b-5e1a4e555faa,0.85,0.878048837184906,,,False
e350af56-9c7e-40a2-8a3f-6f38a72d32d6,0.85,0.8845676183700562,,,False
781b9fad-5d6e-499c-ae1b-ff836740d7d2,0.85,0.9136728644371033,,,False
5e75b6d2-f761-4c0b-88a0-095ef8c64805,0.85,0.9195660352706909,,,True
007104d4-8556-4e58-b2cf-456062eb923a,0.85,,,,False
852a762e-0181-4398-8b13-e07e7ec89f59,0.85,0.9303979873657227,,,True
b64fb32b-b3e4-412d-aae9-e1737c9d0a3b,0.85,0.8904105424880981,,,False
92ee954f-1720-4d5e-b742-ccde5f608948,0.85,,,,False
374e7726-f590-4eb5-bd79-5d180b8ef8c4,0.85,,,,False
6f3ebbe5-6406-4bbc-ba0c-531c1a4a9a94,0.85,0.9002784490585327,,,False
c3a0515e-d21f-48cb-b974-59999eb05d10,0.85,0.8724451065063477,,,False
66a297aa-0958-4e00-a674-ada2f9547503,0.85,0.9191012978553772,,,True
236b3cf5-65c9-433d-91dd-8ed3625eb156,0.85,0.9196743369102478,,,False
2cdec561-208b-4ba8-ad08-77109f235e07,0.85,,,,False
6a1e1e64-4c01-4945-86b1-21276541346c,0.85,0.9376335740089417,,,False
07b2d496-4f7f-4759-b467-b299b2765803,0.85,,,,False
cbc27778-b9b5-474e-a0ae-27decccc17fc,0.85,0.9365218877792358,,,True
7aa410cc-2f21-4a57-b39a-329968d07a82,0.85,0.884438693523407,,,False
eaf29f45-6d1c-45c1-9c69-8613a075622c,0.85,0.8937706351280212,,,False
c495e752-5d6b-4901-b47f-b630b9065619,0.85,0.9318504333496094,,,False
087da2a5-65b5-4856-b00e-b66f99fdb550,0.85,0.8544126749038696,,,False
27c07773-3532-4dc6-bd2b-5da066f0b614,0.85,,,,False
2851dc8a-11f5-47ac-b2a2-ce3db474cf07,0.85,,,,True
3494e3d1-bcef-436f-861f-2156d65ed64d,0.85,0.8997661471366882,,,True
be854218-7d0b-493e-9cf4-9b9080da6b91,0.85,0.8899667263031006,,,True
3a550b95-ee35-41b6-9b5d-8338b310ce36,0.85,0.9341270923614502,,,False
3a0b38f5-2dac-4fed-8527-d24283028f2a,0.85,0.8775478601455688,,,False
aad5c9b5-7fae-4f57-9c4c-094d83de947a,0.85,0.9628008604049683,,,False
1e188d5f-88b2-444d-b291-2c5058b5499f,0.85,0.9208729267120361,,,False
8a2beb6d-dec7-4508-ba14-8897b81edaef,0.85,,,,False
8b2cfb33-1264-4351-bc5f-275214a2f293,0.85,,,,False
96f96f8a-dbc8-4eb0-bebc-a6bf41ef6bb7,0.85,,,,False
0fccf515-6406-4225-abfe-c346698e2070,0.85,0.8584249019622803,,,False
e8cd7f17-7d8f-4a7c-8be8-7fbccbaf50a1,0.85,0.8656607866287231,,,True
3fa2e5e1-6163-4f01-b4d2-182be81b93cc,0.85,,,,False
5119de88-32a3-40a1-89c9-7f15d8fc57ea,0.85,,,,False
b5cd1be3-a6c1-45b1-bce2-0f0d7ff6ca4d,0.85,0.9030259847640991,,,False
0db9af55-5532-47ba-a5ea-c26563b75062,0.85,0.8570301532745361,,,False
7024c125-837e-4f50-9532-bb83d22de0e2,0.85,,,,False
e62a8f38-3b86-4845-a31a-8f39913290b1,0.85,,,,False
fece9105-a93c-4cd3-89e7-00c06b3fef0b,0.85,0.8564115166664124,,,False
02ab4a17-6fcf-4aaf-ae3b-4cede6ffb155,0.85,,,,False
e9713723-75bb-4580-ac9c-bdbbae01a08c,0.85,,,,False
651bf16d-8aca-48f0-bc1c-c9c4f0f69e3d,0.85,0.8595754504203796,,,True
b02a59da-e270-4734-9baf-da967306a4a5,0.85,0.8979398608207703,,,False
bddc8af8-4e1f-40ee-a846-72b67eb7c092,0.85,,,,True
c328f052-7d85-4a4e-920b-4b4c47d039e6,0.85,,,,False
a7b78769-495d-4314-a26c-de758d58e75e,0.85,0.9099127650260925,,,False
891d80ae-9cba-43ce-a63b-2b74af593812,0.85,,,,False
5b70626e-6a55-4cb1-9e89-1e45a3a712d0,0.85,0.8979243040084839,,,False
b1dc38e5-3db6-4513-b8e7-51b03ccac807,0.85,,,,True
3c42f84f-f783-4669-9f8c-116d0bad7410,0.85,,,,False
654fb08a-eed6-4e9c-9cce-3a0c7aecb34e,0.85,,,,False
001442ac-3315-4431-b27f-545babd2cf17,0.85,0.8689537048339844,,,False
5cf1b933-0f81-4dfc-9885-30ad67f12cf6,0.85,0.8755428194999695,,,False
f511d642-e060-4187-8428-e166afcae8c6,0.85,0.969473123550415,,,False
2dfe92de-5abb-4811-b3be-6f5ebf20029b,0.85,,,,False
3a1141e2-bb50-4000-a3ed-83bf13e47f7d,0.85,0.889112651348114,,,False
95a96e1e-f87d-4889-8ad8-628922fcd3aa,0.85,,,,True
1d099d14-1d46-47c7-8857-16f0b2d07e2a,0.85,,,,False
6ea272a3-60da-45d3-9d4d-cd30f91539e7,0.85,0.8777056336402893,,,False
ea8ab261-6fd6-4469-bdfb-ff218c2516a7,0.85,0.8579996228218079,,,True
6e51af32-1bad-4037-bf7c-b1fd7221b18e,0.85,,,,False
56b881bd-3947-4c6f-8ee7-9f4c976ac8cd,0.85,0.9047114849090576,,,False
30381991-cefc-42e5-9b64-301ed4870e48,0.85,,,,False
f52b4509-538a-41a1-b46d-f3a954289596,0.85,,,,True
bb14a8d9-8d8b-4918-b294-d3a36e60ac0a,0.85,0.8866351842880249,,,False
59739d6e-25cd-43e2-b546-75720857a6c3,0.85,0.9131409525871277,,,False
f8d3917b-1152-43d7-a08f-db1b9d861c01,0.85,0.9261895418167114,,,True
be067771-e56d-4306-a9ab-fef0155eb2da,0.85,,,,True
5a94583f-e84f-4c2e-9922-b143bc4b5504,0.85,0.9057484269142151,,,False
e8fe2cfd-645c-424a-9c2c-4706ac5715a1,0.85,0.8824905157089233,,,False
913f2c76-b6b3-4bba-875f-27d9427b947e,0.85,0.888324499130249,,,True
75d26901-f0b7-4b0d-a5ad-f60d6b25c641,0.85,0.89894038438797,,,True
b375c922-9dd8-4a49-90db-48545e537391,0.85,,,,False
71ffd796-62ea-4c70-a300-5fa4aace9388,0.85,0.9184286594390869,,,False
b3147209-c08c-48dc-afaa-6d74af6babbc,0.85,0.8907636404037476,,,False
2c03c1ef-86ae-404c-b7e6-736e29e704e9,0.85,0.966914176940918,,,True
d5725c34-a81e-401e-98d5-26f0eb3fa78a,0.85,0.883512556552887,,,False
cc2ae3fe-1a7e-4446-a8c9-847ab6db7633,0.85,0.9090030193328857,,,False
2aeb2f8e-031a-4e7b-9605-72c29eecea82,0.85,0.8744757771492004,,,False
4b7aee29-7520-4dd0-9fcc-167fdc2065c1,0.85,0.8726009130477905,,,False
847ac2fe-a9c6-41cf-bbd2-ce360f511e65,0.85,,,,False
81c7b9f0-085b-4034-ad14-e550c0837dc0,0.85,,,,False
0241f96f-c441-471a-be0d-75d0f4a0de6e,0.85,,,,False
bc21268a-bb4f-4f39-b193-a37f3ae5a584,0.85,0.8595025539398193,,,False
5f0e7697-b76a-4daf-bd23-3a7475c36a83,0.85,,,,False
72fa5963-2d62-4a4b-97eb-a6bec3d56ca9,0.85,,,,False
e04d66f7-c41b-4e69-8c43-840201d4dea7,0.85,0.8789787888526917,,,False
795bd2e3-5bdd-452b-8247-f42b7c7ef934,0.85,0.8501026630401611,,,True
97c05f63-1614-4547-b62c-f2ca93d6779d,0.85,0.8566610813140869,,,False
46ab8c57-72a8-47ff-be08-d29f07f00c18,0.85,,,,False
4ff5d909-1ec6-4af7-a670-e3db3c9bd366,0.85,,,,True
a8ba0911-6c18-4bc1-b36f-d4b4921e924a,0.85,0.9033368825912476,,,False
6046fc38-d756-498f-aab3-d2405134b184,0.85,0.89076828956604,,,False
e4d3ebb1-f67b-4a37-8570-045f3ed2121a,0.85,,,,True
42a5ce75-e8dc-4b06-8dc3-02b5be11434c,0.85,0.9138458371162415,,,False
ea4a26e2-06b6-4742-9e24-7e77065cc0bc,0.85,,,,True
ca9f7d8c-555c-4486-8a79-999eb0afdbcb,0.85,,,,False
d0d3d5fe-8801-4d49-b66b-7659ec4cbd8e,0.85,0.8914576172828674,,,True
734c1dc2-8fd4-46ea-be31-f39376101436,0.85,0.8619943261146545,,,False
f20d355b-47fb-4ca6-ae96-973612bb7417,0.85,,,,False
132ed62f-67f7-492e-a160-f21b1981f61f,0.85,,,,False
e9073dc1-8924-46f7-a35a-fdae0240a877,0.85,0.878593921661377,,,False
acf88134-b2e6-4629-a656-62f7017a0e5d,0.85,0.8908242583274841,,,False
41e955d5-9cd8-4551-b694-8104df350560,0.85,0.8609964847564697,,,True
7353a019-ad1c-4e54-9309-9d7c0b802e1f,0.85,,,,True
b4866e4e-7497-41e4-aafe-84595a4f9d6d,0.85,0.9066346883773804,,,True
ceca9b90-21ab-4a0c-8da1-5322f2374996,0.85,0.8728386759757996,,,False
24509340-95f6-4a1e-9755-846dc9dda9cf,0.85,,,,True
c6347824-cb04-4a22-8289-8fb534547e14,0.85,0.8865644931793213,,,False
6b65c3bb-d2b7-46d7-bfc3-1a514532fc64,0.85,0.8533105850219727,,,False
4a553bfc-9bd7-49cf-aed5-382a7537e9c5,0.85,0.8503541946411133,,,True
9a874b38-1763-4388-8ad4-0f56663f6de5,0.85,0.902117133140564,,,False
4c2796e1-e120-479a-a240-ac427c17f141,0.85,,,,False
9704a8ba-4d04-4c8a-bf90-0506c049ddf3,0.85,0.8586760759353638,,,False
0f00dcc0-955c-40d6-a9a1-6a763f36404d,0.85,0.8533666133880615,,,False
4fb1a53b-a896-4582-9d9a-aeb909ad4d5e,0.85,0.8850703239440918,,,True
ec69036b-bfab-4ce6-880c-75c52b95528b,0.85,,,,True
2cbda38f-8a9d-4172-9c10-daf5c5dbd6ec,0.85,0.9110174179077148,,,False
f34a29f5-4912-4dc9-a5ee-912f51aeadeb,0.85,,,,False
b997aeed-5d7e-48a2-a8e1-37d1545ed7c8,0.85,0.8800498247146606,,,False
7e4a5fe7-db57-499a-a1c3-6c56ef08b4fb,0.85,0.9012542366981506,,,False
d95ad9a5-ab20-40b1-9163-eb67fae69d5e,0.85,0.8934684991836548,,,False
d1d0c74d-56fb-45e4-a9e3-85ef61e121a0,0.85,0.8524954319000244,,,False
6f6958a8-36f2-4588-93c3-04904560b92b,0.85,,,,False
0bc20b61-f6b3-42ff-b350-024c236f032d,0.85,0.8819827437400818,,,True
b92d5829-06cc-4404-8996-cea4f440b431,0.85,0.9347640872001648,,,False
3cd2c825-15f2-492c-b16b-61cee550f8e4,0.85,,,,True
b1fe05bc-c42a-44e8-96dd-5bcaac07bd29,0.85,0.9183869361877441,,,False
767cbfe2-81cf-411b-ae47-1a3220669f98,0.85,0.8530594110488892,,,True
f40180c1-c954-43a4-ace4-a4855e26a42e,0.85,0.8623337149620056,,,False
309cf9ae-67d7-454b-ac49-5a39a57302c5,0.85,0.865202009677887,,,True
2225d1f1-0152-42dc-8a12-192c319f1c48,0.85,,,,True
297fa320-8798-4b54-bc27-53b69af4abe6,0.85,,,,True
c7f542b4-84c5-4086-9274-b292f59b77c3,0.85,,,,False
c5a45265-170d-41b3-b57d-9e7e12ab60e3,0.85,0.929263174533844,,,False
a0df36dd-0467-4b92-8b5d-d7416f3c7e52,0.85,,,,False
5538a5a2-3b50-42ea-99bb-61190e58259d,0.85,,,,False
d7681c9a-9b38-4d33-9703-13fa621003fa,0.85,,,,False
795d4f36-286a-478c-bf78-0b3a7bad7866,0.85,0.9017436504364014,,,False
84c47fa7-6c28-480e-91db-4c345ceea7b7,0.85,0.8819743394851685,,,True
ddb5c609-4070-4a3f-9eaf-e351790af5aa,0.85,,,,False
34c025e7-add8-4c82-bf93-9d6ba8647edf,0.85,,,,False
0c31467d-cf78-4523-bd4e-b863005c2bca,0.85,0.8658523559570312,,,False
5b3986cd-0540-48d7-bf1a-bc4141222085,0.85,0.8525776863098145,,,True
513d77ea-5bf8-44fc-9b2c-4bf98bf4659d,0.85,0.862775444984436,,,False
3a9cb71a-9c0e-4d88-af6e-17cd198e93e9,0.85,0.8976039290428162,,,False
47068641-891b-4262-911a-1098e5e16985,0.85,0.8581543564796448,,,False
cc7e30ec-c91a-465b-afa9-17d933491759,0.85,0.8643606901168823,,,False
cb68ad5f-8d00-418b-86ad-656597adb754,0.85,,,,False
334d3af5-c646-4d22-be3a-acd8393ecaf3,0.85,0.8614395260810852,,,True
71402e8e-5f85-44bd-9748-c4013391fbfa,0.85,0.8806544542312622,,,False
83e2d27f-b055-4f65-8baa-8301f3ca91d9,0.85,,,,True
6271fc16-f764-4929-b210-f2a8f4e31446,0.85,0.929295003414154,,,True
c8d2ee0b-178f-4a60-8744-5794c32d10af,0.85,0.8570578098297119,,,False
61ce6edb-ce47-4b2a-9917-952b7ad09c8a,0.85,0.8973827958106995,,,False
28519d40-9516-41a5-924f-1cedb7d8ecb9,0.85,,,,False
342d3aa1-7324-4fa5-989f-b82bdc598006,0.85,0.9045144319534302,,,False
13114c89-55a5-4b67-9b72-80db321cf6bc,0.85,,,,False
15cba901-0f9b-46aa-b9fb-2a043a48e2fd,0.85,,,,False
8e479822-09e2-4d66-bd43-f3501a5af9ad,0.85,0.90423583984375,,,False
32ed9278-1624-4d5e-aeee-509cf4de3d6e,0.85,,,,False
589e291a-ae4e-40ac-bf10-6e6738c35a71,0.85,0.8556263446807861,,,False
9fedcc5b-7389-4127-a113-f7df27e59dd0,0.85,,,,False
bb1d5c82-eca2-4f0f-bce7-ee3f7d801bfa,0.85,,,,False
918b467d-51f6-4995-add7-c31e39108b60,0.85,0.8792766332626343,,,True
8835a1ff-d19f-4a1f-b25a-7933a3cbce2c,0.85,0.8629025220870972,,,False
f09581b4-a093-465a-984a-39d2a8af428f,0.85,,,,False
33ff9eb9-5db9-4f4d-af91-9bfb5223446c,0.85,0.9127200841903687,,,False
795d4d24-5186-4c9f-9b82-f78d42ef6252,0.85,,,,False
60d5cebb-2f8a-4aab-a663-c35a611978db,0.85,,,,True
f8f2a1f9-e22c-4c67-a4e8-753fd2aa07e8,0.85,,,,False
b4f04b18-7761-44a9-a00f-6d76afc94cdc,0.85,0.8929449319839478,,,True
7e1ea021-81c8-47e4-b853-1081858806a2,0.85,0.8676307201385498,,,True
a1368e1c-8455-4efa-a8fe-2e5c564911a1,0.85,,,,True
6cb00cc6-c252-4d8f-a310-1b3965a62abe,0.85,0.9057832360267639,,,False
6a95c600-0c18-4572-9a76-3b1edbf2a47b,0.85,0.9122845530509949,,,False
15c10eeb-8513-429f-ae55-baf2cb29ba39,0.85,0.9871508479118347,,,False
8319a1e1-6546-418d-b63b-890ffa4650e8,0.85,0.8724202513694763,,,True
1bf3b4ca-df14-44dd-b211-cd4c7266128f,0.85,0.8618944883346558,,,True
89d7b5a4-f2d1-45fc-bcbe-c08c7cc6afc8,0.85,,,,True
b121e028-b872-4d30-9d2f-13909a953c88,0.85,0.8635240793228149,,,False
1ec82c65-b55d-4736-81fe-ae934ffe9949,0.85,,,,False
22ed7495-88f0-4e10-be2e-09ce83d7f681,0.85,0.8627007603645325,,,True
e47a8a97-11e7-4d1e-927c-a858c28c6fd1,0.85,,,,False
8ec7b8ed-cafb-44a7-998f-5c0f357fb44d,0.85,0.8942723870277405,,,False
d0fd8a99-7ecf-4761-b951-0c2f2aa81e4e,0.85,0.8708866238594055,,,False
b4e02b9a-0d6d-4e24-88ef-ef033c84794b,0.85,0.8568295836448669,,,False
2ddd890a-e507-477f-b622-a07fc96775d4,0.85,,,,False
4c312156-bc79-4d68-9dfc-1f2eef0746ca,0.85,0.8651363849639893,,,True
ea15c95d-f23b-4273-9ac4-b0eaa4c1ba40,0.85,,,,True
c727b7b8-5743-4dc0-b556-1502e52076b8,0.85,,,,False
df43a405-b738-413e-9454-1925b21ae51e,0.85,0.8614481091499329,,,False
c11e908a-6a4a-4119-883f-53f839e18ea7,0.85,,,,False
a6e9834b-a765-4894-b7c0-43ac0e0f6a12,0.85,,,,False
a2c0c305-6559-46ca-8c37-bfd4ed3dd695,0.85,,,,False
bbdaf110-bd69-490d-b7d2-bbfbdd92b6e3,0.85,0.8901495933532715,,,True
474b105d-b142-4418-8736-c3141a950ae1,0.85,0.8918247222900391,,,False
a9607b31-0070-47a4-9a24-eef2010c452b,0.85,,,,True
0c6d9d93-0130-45ae-92c7-3d6a0bb368ac,0.85,,,,False
5df8d731-ad19-4f56-b845-3c4698483874,0.85,,,,False
e4754091-5309-4fb3-94f1-b47578c9de60,0.85,0.8685603141784668,,,True
ae1a029d-6cd6-4890-99e5-866f0fd2128d,0.85,,,,True
75b821c8-4883-4775-aaa2-b89bd23f33c2,0.85,0.8579779863357544,,,False
36ed09d7-29cf-4a74-9429-9bf01d77f1e8,0.85,0.9073735475540161,,,True
96027805-0bc2-4969-b694-af362655f81a,0.85,,,,False
c1284040-6ce8-4b2b-a509-04c7fa3ab47d,0.85,0.8500303626060486,,,True
4f489653-64ec-4ad9-abd3-1f00fb255764,0.85,,,,False
3d82697a-74e6-4d3c-acb9-1db4a8d1e0b7,0.85,,,,True
0903899b-5508-45fe-9d69-e110b34b7c27,0.85,,,,True
49496c4e-6a98-4629-9099-e939c9712df9,0.85,,,,False
af5374ff-cf5b-411e-af31-90d8b44043ef,0.85,0.8724231719970703,,,True
486aeacc-1a85-4071-b601-830e2c0226d3,0.85,,,,False
263a0a97-a38b-4246-8cdc-25a19d7ac11e,0.85,,,,True
14ba1598-d85e-4213-aef7-1736d3601476,0.85,0.9376217722892761,,,False
bc64b74a-acce-4f29-baa4-c386dcb453c8,0.85,0.9173882603645325,,,True
3bad094d-f95c-4418-a1ed-a258705365b8,0.85,,,,True
f677132c-f89a-4798-a9be-e8865a62946c,0.85,0.8736945390701294,,,False
e05ee4c5-4bf0-41d0-9861-f41b48e5adfa,0.85,0.8602923154830933,,,False
fe7f9aa3-4dbd-42d2-b9a1-ffeb0e4ddf18,0.85,,,,False
0bb310f0-c368-4ae0-9510-eeb54e0221f2,0.85,,,,False
88a75d73-6ae9-445c-816a-bc71cc671804,0.85,,,,False
aea92e05-efa5-40be-9e8b-8fed99b97ded,0.85,,,,False
f62e07a8-6d8d-401d-a790-4847869d6ff3,0.85,0.8563884496688843,,,False
a96382eb-ff86-48da-b659-a34c930c2d60,0.85,0.8751232624053955,,,True
9b5e919b-1247-4700-add3-ca49d25ac24d,0.85,,,,True
57714508-edcb-4b3e-958e-092c42cfecfd,0.85,,,,True
284677ec-36b4-4b97-8f94-832e6809306e,0.85,,,,False
88cb7951-a602-4add-89ad-55ea4d0ed62e,0.85,0.9402751922607422,,,False
f46f20f7-4cb0-4b95-be60-486ae8c773a7,0.85,0.8822348117828369,,,True
d49970ed-600c-45cb-a540-0bbe45ee32a5,0.85,,,,True
3754e561-cfb8-4a88-9b7b-2eef4a3a945b,0.85,,,,False
d3f9290d-740f-4ca9-afd5-ded1d951cc58,0.85,0.8799025416374207,,,False
f868b6cc-9ca8-4e46-af45-d5c5a2ba6597,0.85,,,,True
051c69a3-3716-4ffb-a032-91765ab4f838,0.85,,,,False
c8736a86-d99f-4e83-8303-92ea6670d064,0.85,,,,False
0b06fa70-4647-46d7-bfd8-dcd0a5d9938e,0.85,,,,True
2bdab480-1d78-478d-a116-ff75b3e40d1a,0.85,0.8896449208259583,,,False
11da695f-653f-4339-9a03-5819e6b54d80,0.85,,,,False
b0e82981-687b-4c41-9b66-193f137a2670,0.85,0.8885193467140198,,,False
2869554e-d448-49a4-b805-c89c39c911b9,0.85,,,,False
159d9bac-8ccb-4141-843e-49c8e6b3a41d,0.85,0.8736715316772461,,,False
a2d33dde-3803-4e91-b32a-caef22dce883,0.85,0.8510380387306213,,,False
8b028883-138b-424d-a0ec-3c9e5ff65598,0.85,,,,False
f3dc9e85-88c4-4de6-8297-b377bc43feab,0.85,,,,True
c9085184-94f8-4d0b-a6c9-588db7362057,0.85,,,,False
7af504d2-bc77-4c21-9357-f88f2b1eef62,0.85,,,,False
433e5243-717b-4293-9260-1898473da379,0.85,,,,False
9e7c8257-ac07-4fd2-a116-683bb4dbc6dc,0.85,0.9209614992141724,,,False
1366a0cc-1a82-40ee-af74-ef126b941653,0.85,0.8947005271911621,,,False
9bb2d485-3aa1-4bc5-9fba-ac6dd609b6cb,0.85,,,,False
07eb037c-52a8-4b76-9051-61578723b1c0,0.85,0.8704427480697632,,,True
811a6608-1245-4026-8e4b-d12daa881fc8,0.85,,,,False
13010b64-fbd6-4ddb-9299-fbf70791bd2e,0.85,0.9092914462089539,,,False
cd6f4b51-75b4-4686-9a14-2dd881cdbabf,0.85,,,,False
3675289a-5742-4dd0-8647-086355efba00,0.85,0.8781530261039734,,,False
38e32d76-54cc-4385-9c37-96124152508d,0.85,,,,False
d8144f83-47ca-4172-9dc0-109fb12b1087,0.85,0.882758617401123,,,False
0351d78d-b652-4d1e-91a8-3017fdadc8ca,0.85,0.9056457877159119,,,True
48b5a26e-b8c6-47ec-a472-efd66fe5d1a5,0.85,0.858673632144928,,,False
d163c6ee-4361-45cc-8911-5e4a1ddb233c,0.85,0.8993739485740662,,,False
5e672b56-92bf-4f6b-9bf8-db17b56ad7ea,0.85,0.885446310043335,,,False
4694de5a-3c1e-4ceb-9d34-a240f2a86fdb,0.85,,,,False
45f77410-077d-41fa-a6f1-44096a55578f,0.85,,,,False
d18ab33f-717e-4c03-8596-b977ba485c5a,0.85,0.864065408706665,,,True
fccdd3ae-b0cf-457d-bc98-3b92bd82f4ad,0.85,,,,False
03eb4774-275a-44e4-86a3-d90118464b36,0.85,,,,True
16c9fa8e-f62c-41a5-b849-5265ff31b5e4,0.85,0.8698219060897827,,,False
f9da0973-dd6f-4d23-976a-1b2e628163db,0.85,,,,True
9ddacbbb-28b7-4c08-95af-06582ac9d692,0.85,0.9033979773521423,,,True
266aa4a6-7684-4b59-9036-5a8dcd2bf6a9,0.85,0.8514091372489929,,,False
8b981a04-0234-4492-8b50-ce7cd5da7af1,0.85,0.8713738918304443,,,True
a81026d1-7f16-4927-aee9-c623b0662385,0.85,,,,True
fb1842fc-63ec-4aa9-a594-e1f592a53178,0.85,,,,True
4fc8240a-bc80-4fab-9e51-933d94fcf0fc,0.85,,,,False
c8270b52-d25a-459e-b969-8b5d909aa5a9,0.85,0.8963285684585571,,,False
71898def-ec9d-493b-8671-b306b630c368,0.85,0.8815147280693054,,,False
307eae4a-cb4f-4b16-9bae-9579f0cde447,0.85,0.8944734930992126,,,True
3ffbeed6-bc2f-4cc2-921e-258664d9e827,0.85,0.8921788930892944,,,False
b8f81e37-2d95-46c7-ab9f-acaf441ea341,0.85,,,,False
224bc312-e219-47e0-a1d0-cc3a4385e20f,0.85,0.8822523355484009,,,False
79d43ed2-a85f-43b7-9371-f0a2734495c4,0.85,,,,False
e62f5491-806b-4360-a5cf-260022db6fab,0.85,0.9216029047966003,,,False
20ffb16e-9be1-41df-895f-814a5ef274ef,0.85,,,,True
3b2a9cee-5ceb-415c-982a-406a34e3cfa5,0.85,,,,False
e234500b-9e56-47d1-b7fd-8d391ef7bc86,0.85,,,,True
cd6c096b-399d-44da-8db4-d3cd0d3fd65f,0.85,0.8645468950271606,,,False
907bce83-88f6-425e-a7f2-0b502d72a2f6,0.85,,,,True
233ee5a1-853f-4e8b-80c5-8f4da381ec57,0.85,0.918508768081665,,,True
c7b2bc54-9fa3-4f65-8cd1-3ad53caf3c4c,0.85,0.8717530369758606,,,False
7073dcb9-550f-4a77-920e-e324bd0efd0b,0.85,0.8998821973800659,,,False
ecca1a6a-181d-4762-b0a8-158ed1f6fcb7,0.85,,,,False
e8437511-e03c-4252-a775-f4cf7a0dcfdf,0.85,,,,False
1a584072-61b4-43b0-9552-b7a8da390915,0.85,0.9310119152069092,,,False
f5113cc6-6478-44ae-9277-6239884d09dd,0.85,,,,False
b8499fd6-186f-4849-b560-58218a1edf43,0.85,0.958733081817627,,,True
16a361e8-693f-4484-82be-6b3530063e5e,0.85,0.8880742192268372,,,False
ae83862f-e5a5-4596-bc75-4b377c73ba79,0.85,0.8721232414245605,,,False
d3eaf482-d6fa-46d6-9a18-37376f8e7c24,0.85,,,,True
2c004b56-6a34-407f-bc07-2c3eef6e95a8,0.85,,,,False
a0221fbf-21c7-4882-9e9c-599b69b436be,0.85,,,,False
4358d175-f32a-49a9-9752-59120a628a7a,0.85,0.8684996366500854,,,False
9931e46b-76c6-4b42-9fe9-a5388c97eb11,0.85,0.9502769708633423,,,False
9de46979-a6fd-465b-a717-58dce2df2a5e,0.85,,,,False
152ced20-ff41-4903-b150-8265959c9e2e,0.85,0.9191746711730957,,,False
4fbf6608-d244-496f-9168-90ec6bf0361d,0.85,,,,True
6d34ccda-4c1e-4a10-ada1-3d4ba41580d3,0.85,0.8868882060050964,,,False
47ddf523-c3b5-4b7e-b266-2b8a19d0796f,0.85,0.8948458433151245,,,False
2c298af9-7372-433c-9050-a651eb191420,0.85,0.8917226791381836,,,True
f631c117-39ef-4b0a-9f04-fbb99ac30430,0.85,,,,False
bb48a126-4899-44f8-a29e-fd4ab1ef1a14,0.85,0.8514405488967896,,,True
1a794068-4b83-4477-b3f7-00b002a87037,0.85,0.8654035329818726,,,False
04f6ba4a-761b-4680-b247-0b6a30caf68e,0.85,0.8719562292098999,,,False
