fact,answer,fold,samples,samples_scored,l_rep,predicted,label_unseen,behavioral_l
cf-10014,Honda,4,1,1,1.0,Honda,False,1.0
cf-10018,Berlin,1,1,1,0.0,Vienna,False,0.0
cf-10019,Google,4,1,1,1.0,Google,False,1.0
cf-10020,Microsoft,3,1,1,1.0,Microsoft,False,0.0
cf-10024,Atlanta,3,1,1,0.0,London,False,0.0
cf-10028,Antarctica,3,1,1,1.0,Antarctica,False,1.0
cf-10031,Tokyo,4,1,1,0.0,Japan,False,0.0
cf-10032,Google,3,1,1,1.0,Google,False,0.0
cf-10035,Dresden,1,1,1,0.0,German,False,0.0
cf-10038,French,2,1,1,1.0,French,False,0.0
cf-10041,English,3,1,1,0.0,German,False,0.0
cf-10059,French,4,1,1,1.0,French,False,0.0
cf-10063,bishop,3,1,1,1.0,bishop,False,0.0
cf-10067,Pittsburgh,3,1,1,0.0,London,False,0.0
cf-1007,Liverpool,2,1,1,0.0,London,False,0.0
cf-10071,French,1,1,1,1.0,French,False,0.0
cf-10073,Belgium,0,1,1,0.0,Spain,False,0.0
cf-10074,linebacker,2,1,1,0.0,goaltender,False,0.0
cf-10075,midfielder,1,1,1,1.0,midfielder,False,0.0
cf-10078,English,2,1,1,1.0,English,False,0.0
cf-1008,Chicago,1,1,1,0.0,London,False,0.0
cf-10087,Syria,0,1,1,0.0,Jerusalem,False,0.0
cf-10089,Philadelphia,4,1,1,0.0,London,False,0.0
cf-1009,Sydney,4,1,1,0.0,politician,False,0.0
cf-10090,French,4,1,1,1.0,French,False,1.0
cf-10093,Apple,0,1,1,1.0,Apple,False,0.0
cf-10099,poet,4,1,1,0.0,actor,False,0.0
cf-10106,pope,3,1,1,1.0,pope,False,1.0
cf-10110,Porsche,0,1,1,1.0,Porsche,False,1.0
cf-10117,actor,3,1,1,0.0,Japan,False,0.0
cf-10120,Alberta,4,1,1,0.0,Antarctica,False,1.0
cf-1013,Antarctica,0,1,1,1.0,Antarctica,False,0.0
cf-10133,French,4,1,1,1.0,French,False,0.0
cf-10134,English,2,1,1,1.0,English,False,0.0
cf-10135,Samsung,2,1,1,0.0,Intel,False,1.0
cf-10136,Microsoft,0,1,1,1.0,Microsoft,False,0.0
cf-10137,journalist,4,1,1,0.0,actor,False,0.0
cf-10138,Antarctica,3,1,1,1.0,Antarctica,False,0.0
cf-1014,Apple,3,1,1,1.0,Apple,False,0.0
cf-10142,Spanish,3,1,1,1.0,Spanish,False,1.0
cf-10145,Africa,4,1,1,1.0,Africa,False,1.0
cf-10148,Bern,4,1,1,0.0,France,False,1.0
cf-10149,Intel,1,1,1,1.0,Intel,False,1.0
cf-10169,Apple,2,1,1,1.0,Apple,False,0.0
cf-10174,Toyota,2,1,1,1.0,Toyota,False,1.0
cf-10182,Warsaw,2,1,1,0.0,Moscow,False,0.0
cf-10191,FIFA,2,1,1,1.0,FIFA,False,0.0
cf-10198,Spanish,1,1,1,0.0,French,False,0.0
cf-102,Renault,2,1,1,1.0,Renault,False,1.0
cf-10201,violin,0,1,1,0.0,piano,False,0.0
cf-10211,Japan,2,1,1,1.0,Japan,False,0.0
cf-10227,Neptune,3,1,1,0.0,Poland,False,0.0
cf-10229,Moscow,0,1,1,1.0,Moscow,False,0.0
cf-10242,Spanish,3,1,1,1.0,Spanish,False,0.0
cf-10243,France,4,1,1,0.0,Paris,False,1.0
cf-10256,bishop,3,1,1,1.0,bishop,False,1.0
cf-10257,Microsoft,2,1,1,0.0,Nokia,False,0.0
cf-10259,goalkeeper,3,1,1,0.0,midfielder,False,1.0
cf-10261,France,3,1,1,0.0,Paris,False,0.0
cf-10266,Ethiopia,0,1,1,0.0,Africa,False,0.0
cf-10272,Boeing,1,1,1,1.0,Boeing,False,0.0
cf-10273,Sony,1,1,1,0.0,Toyota,False,1.0
cf-10278,English,2,1,1,1.0,English,False,0.0
cf-10284,quarterback,3,1,1,0.0,football,False,0.0
cf-10287,Renault,4,1,1,1.0,Renault,False,1.0
cf-1030,India,1,1,1,0.0,Asia,False,1.0
cf-10304,Turkey,4,1,1,0.0,Iran,False,0.0
cf-10305,Russian,1,1,1,1.0,Russian,False,0.0
cf-10326,Microsoft,3,1,1,1.0,Microsoft,False,1.0
cf-1033,Antarctica,4,1,1,1.0,Antarctica,False,0.0
cf-10339,jazz,3,1,1,1.0,jazz,False,0.0
cf-10344,Antarctica,4,1,1,1.0,Antarctica,False,0.0
cf-10345,bishop,0,1,1,1.0,bishop,False,0.0
cf-10346,Dodge,2,1,1,1.0,Dodge,False,1.0
cf-10347,Nissan,2,1,1,1.0,Nissan,False,0.0
cf-10357,Madagascar,2,1,1,0.0,India,False,0.0
cf-10367,Antarctica,2,1,1,1.0,Antarctica,False,0.0
cf-10369,Paris,4,1,1,1.0,Paris,False,0.0
cf-10371,CBS,3,1,1,0.0,NBC,False,0.0
cf-10373,Amazon,2,1,1,0.0,Google,False,0.0
cf-10387,Antarctica,4,1,1,1.0,Antarctica,False,0.0
cf-10388,Africa,0,1,1,1.0,Africa,False,0.0
cf-10393,Apple,2,1,1,1.0,Apple,False,1.0
cf-10395,India,0,1,1,1.0,India,False,1.0
cf-10396,London,3,1,1,0.0,Boston,False,0.0
cf-10399,Dutch,0,1,1,1.0,Dutch,False,1.0
cf-104,Germany,0,1,1,1.0,Germany,False,1.0
cf-10404,Adobe,3,1,1,1.0,Adobe,False,1.0
cf-10407,Shanghai,3,1,1,0.0,Japan,False,0.0
cf-10408,California,4,1,1,0.0,Canada,False,0.0
cf-10413,Google,2,1,1,1.0,Google,False,1.0
cf-10417,Canada,0,1,1,1.0,Canada,False,0.0
cf-10418,Melbourne,2,1,1,0.0,Victoria,False,0.0
cf-10429,Islam,0,1,1,1.0,Islam,False,1.0
cf-1043,Seattle,2,1,1,0.0,London,False,0.0
cf-10436,Asia,4,1,1,1.0,Asia,False,0.0
cf-1044,Cairo,4,1,1,0.0,Copenhagen,False,1.0
cf-10443,Lisbon,4,1,1,0.0,Portuguese,False,1.0
cf-10456,India,1,1,1,1.0,India,False,0.0
cf-10464,CBS,0,1,1,1.0,CBS,False,0.0
cf-10473,IBM,0,1,1,0.0,Microsoft,False,0.0
cf-1048,Livingston,2,1,1,0.0,London,False,0.0
cf-10483,CBS,3,1,1,1.0,CBS,False,0.0
cf-10492,German,2,1,1,1.0,German,False,0.0
cf-10494,Luxembourg,4,1,1,0.0,Germany,False,0.0
cf-10500,English,1,1,1,1.0,English,False,0.0
cf-10502,baseball,0,1,1,0.0,goaltender,False,0.0
cf-10512,Berlin,1,1,1,1.0,Berlin,False,0.0
cf-10514,Dodge,3,1,1,1.0,Dodge,False,1.0
cf-10518,Alaska,0,1,1,0.0,Antarctica,False,0.0
cf-10530,German,1,1,1,1.0,German,False,0.0
cf-1054,Scotland,2,1,1,1.0,Scotland,False,0.0
cf-10541,NBC,3,1,1,0.0,CBS,False,0.0
cf-10543,Vietnam,2,1,1,0.0,Ireland,False,1.0
cf-1055,Delhi,3,1,1,0.0,Islam,False,1.0
cf-10552,Islam,3,1,1,1.0,Islam,False,1.0
cf-10553,Leonardo,1,1,1,0.0,Toyota,False,0.0
cf-10555,physicist,0,1,1,0.0,basketball,False,0.0
cf-10556,chemist,3,1,1,0.0,baseball,False,0.0
cf-10567,Microsoft,0,1,1,1.0,Microsoft,False,0.0
cf-10571,Helsinki,4,1,1,0.0,Moscow,False,0.0
cf-10580,physiology,1,1,1,1.0,physiology,False,0.0
cf-10586,Honda,2,1,1,1.0,Honda,False,0.0
cf-10588,Apple,1,1,1,1.0,Apple,False,1.0
cf-10589,France,3,1,1,0.0,Paris,False,0.0
cf-1059,Microsoft,3,1,1,1.0,Microsoft,False,0.0
cf-10601,Munich,2,1,1,0.0,Dutch,False,0.0
cf-10606,Stockholm,2,1,1,0.0,Oslo,False,0.0
cf-10611,Antarctica,1,1,1,1.0,Antarctica,False,0.0
cf-10612,English,3,1,1,1.0,English,False,0.0
cf-10622,German,3,1,1,1.0,German,False,0.0
cf-10640,Stockholm,1,1,1,0.0,Europe,False,1.0
cf-10644,French,1,1,1,1.0,French,False,0.0
cf-10645,NBC,3,1,1,0.0,CBS,False,0.0
cf-10647,Apple,2,1,1,1.0,Apple,False,0.0
cf-10656,CBS,2,1,1,0.0,NBC,False,0.0
cf-10658,baseball,4,1,1,0.0,football,False,0.0
cf-10659,pope,2,1,1,1.0,pope,False,1.0
cf-10665,Honda,2,1,1,1.0,Honda,False,0.0
cf-10667,soccer,1,1,1,0.0,goaltender,False,0.0
cf-10668,basketball,1,1,1,0.0,actor,False,0.0
cf-10669,Antarctica,4,1,1,1.0,Antarctica,False,0.0
cf-10670,Judaism,4,1,1,0.0,Islam,False,1.0
cf-10671,PBS,4,1,1,0.0,NBC,False,1.0
cf-10674,Spanish,4,1,1,1.0,Spanish,False,0.0
cf-10675,Microsoft,3,1,1,1.0,Microsoft,False,0.0
cf-10676,basketball,4,1,1,0.0,baseball,False,0.0
cf-10677,Cincinnati,3,1,1,0.0,Philadelphia,False,0.0
cf-10684,Antarctica,2,1,1,1.0,Antarctica,False,1.0
cf-10685,Geneva,0,1,1,0.0,Paris,False,0.0
cf-10710,Glasgow,0,1,1,0.0,London,False,0.0
cf-10720,Nokia,3,1,1,1.0,Nokia,False,1.0
cf-10732,Alaska,2,1,1,0.0,Antarctica,False,0.0
cf-10735,goaltender,1,1,1,1.0,goaltender,False,0.0
cf-10737,Barcelona,0,1,1,0.0,Rome,False,0.0
cf-10744,Boeing,1,1,1,1.0,Boeing,False,0.0
cf-10745,Ireland,3,1,1,0.0,London,False,0.0
cf-10747,Warsaw,2,1,1,1.0,Warsaw,False,0.0
cf-10749,Swedish,1,1,1,0.0,Finnish,False,0.0
cf-10750,NBC,2,1,1,1.0,NBC,False,1.0
cf-10755,London,4,1,1,1.0,London,False,0.0
cf-10756,Cairo,1,1,1,0.0,Africa,False,1.0
cf-10757,Nevada,3,1,1,0.0,Pennsylvania,False,0.0
cf-10759,Apple,1,1,1,1.0,Apple,False,0.0
cf-10765,Google,4,1,1,0.0,Microsoft,False,0.0
cf-10766,Chicago,2,1,1,0.0,Indiana,False,1.0
cf-10774,Rome,4,1,1,0.0,Venice,False,0.0
cf-10788,Toronto,3,1,1,0.0,Microsoft,False,0.0
cf-10789,Islam,3,1,1,1.0,Islam,False,1.0
cf-10792,Microsoft,0,1,1,1.0,Microsoft,False,0.0
cf-10794,English,3,1,1,0.0,French,False,0.0
cf-10797,HBO,4,1,1,0.0,NBC,False,0.0
cf-10810,Toyota,2,1,1,0.0,Japan,False,0.0
cf-10812,Japan,3,1,1,1.0,Japan,False,0.0
cf-10822,Cadillac,1,1,1,0.0,Chevrolet,False,1.0
cf-10829,Bulgarian,4,1,1,0.0,Russian,False,1.0
cf-10837,Russian,3,1,1,1.0,Russian,False,0.0
cf-1084,BMW,2,1,1,1.0,BMW,False,1.0
cf-10847,Spanish,0,1,1,1.0,Spanish,False,1.0
cf-10853,Tripoli,1,1,1,0.0,Africa,False,0.0
cf-10862,India,4,1,1,1.0,India,False,0.0
cf-10864,FIFA,2,1,1,1.0,FIFA,False,0.0
cf-10867,English,4,1,1,1.0,English,False,0.0
cf-10881,Apple,1,1,1,1.0,Apple,False,0.0
cf-10888,London,1,1,1,0.0,Barcelona,False,0.0
cf-10889,Manitoba,4,1,1,0.0,Montana,False,0.0
cf-1089,Turkey,1,1,1,0.0,Greece,False,0.0
cf-109,Russia,2,1,1,1.0,Russia,False,1.0
cf-10903,English,3,1,1,1.0,English,False,0.0
cf-10912,Nokia,1,1,1,1.0,Nokia,False,1.0
cf-10914,Antarctica,0,1,1,1.0,Antarctica,False,0.0
cf-10925,Toyota,2,1,1,1.0,Toyota,False,1.0
cf-10931,Volvo,0,1,1,0.0,Honda,False,1.0
cf-10932,Missouri,0,1,1,0.0,Antarctica,False,0.0
cf-10933,Romanian,2,1,1,0.0,Russian,False,0.0
cf-10934,Nissan,0,1,1,0.0,BMW,False,0.0
cf-10936,Constantinople,1,1,1,0.0,Rome,False,0.0
cf-10937,Google,0,1,1,1.0,Google,False,0.0
cf-1094,Queensland,3,1,1,0.0,Antarctica,False,0.0
cf-10941,California,4,1,1,1.0,California,False,0.0
cf-10948,cardinal,0,1,1,0.0,bishop,False,0.0
cf-10955,Islam,0,1,1,1.0,Islam,False,0.0
cf-10956,Queensland,1,1,1,0.0,Antarctica,False,0.0
cf-10961,Antarctica,1,1,1,1.0,Antarctica,False,0.0
cf-10962,Chicago,0,1,1,0.0,Ireland,False,0.0
cf-10972,politician,0,1,1,1.0,politician,False,0.0
cf-10976,India,0,1,1,1.0,India,False,0.0
cf-10978,Houston,1,1,1,0.0,Antarctica,False,0.0
cf-10995,FIFA,2,1,1,1.0,FIFA,False,0.0
cf-10997,Maharashtra,1,1,1,0.0,India,False,0.0
cf-11006,Toronto,1,1,1,0.0,Honda,False,0.0
cf-11017,Massachusetts,3,1,1,0.0,Illinois,False,1.0
cf-1103,Microsoft,4,1,1,1.0,Microsoft,False,1.0
cf-11035,Honda,0,1,1,0.0,Toyota,False,0.0
cf-1104,French,2,1,1,1.0,French,False,0.0
cf-11040,Oslo,0,1,1,0.0,London,False,0.0
cf-11042,India,1,1,1,0.0,Gujarat,False,0.0
cf-11069,Islam,3,1,1,1.0,Islam,False,1.0
cf-11071,Aden,4,1,1,0.0,Kabul,False,0.0
cf-11074,Seoul,0,1,1,0.0,London,False,0.0
cf-11076,Paris,3,1,1,1.0,Paris,False,0.0
cf-11083,Russia,2,1,1,1.0,Russia,False,1.0
cf-11100,Cleveland,4,1,1,0.0,Boston,False,0.0
cf-11105,Australia,2,1,1,0.0,England,False,0.0
cf-11110,Moscow,1,1,1,0.0,Berlin,False,0.0
cf-11121,English,1,1,1,1.0,English,False,0.0
cf-11123,English,1,1,1,0.0,French,False,0.0
cf-1113,IBM,1,1,1,1.0,IBM,False,0.0
cf-11134,Warwick,3,1,1,0.0,London,False,0.0
cf-11146,Apple,0,1,1,1.0,Apple,False,0.0
cf-11153,Alberta,1,1,1,0.0,Antarctica,False,0.0
cf-11155,Virginia,4,1,1,0.0,Pennsylvania,False,0.0
cf-11156,linebacker,1,1,1,1.0,linebacker,False,0.0
cf-1116,midfielder,3,1,1,0.0,quarterback,False,0.0
cf-11164,Canada,2,1,1,0.0,London,False,1.0
cf-11172,violin,1,1,1,0.0,Italian,False,0.0
cf-11173,Antarctica,0,1,1,1.0,Antarctica,False,0.0
cf-11191,French,3,1,1,1.0,French,False,1.0
cf-11199,Scots,3,1,1,0.0,English,False,0.0
cf-11200,journalist,1,1,1,0.0,actor,False,0.0
cf-11201,bishop,1,1,1,0.0,poet,False,0.0
cf-11204,Belgium,0,1,1,0.0,France,False,0.0
cf-11210,Apple,2,1,1,1.0,Apple,False,1.0
cf-11211,Indonesia,1,1,1,1.0,Indonesia,False,0.0
cf-11214,Afghanistan,3,1,1,0.0,Asia,False,0.0
cf-11215,Berlin,4,1,1,1.0,Berlin,False,0.0
cf-11219,Finland,0,1,1,0.0,Antarctica,False,0.0
cf-11225,Canada,1,1,1,0.0,Australia,False,0.0
cf-11232,David,3,1,1,0.0,Jerusalem,False,1.0
cf-11236,Paris,0,1,1,0.0,French,False,0.0
cf-11242,Paris,0,1,1,1.0,Paris,False,0.0
cf-1125,Hindi,4,1,1,0.0,English,False,0.0
cf-11264,NBC,4,1,1,0.0,CBS,False,0.0
cf-11265,London,1,1,1,1.0,London,False,0.0
cf-11268,Normandy,3,1,1,0.0,Antarctica,False,0.0
cf-1127,Intel,0,1,1,1.0,Intel,False,1.0
cf-11272,Santiago,0,1,1,0.0,Spanish,False,1.0
cf-11285,Vienna,3,1,1,0.0,Toronto,False,0.0
cf-11287,IBM,2,1,1,1.0,IBM,False,1.0
cf-11288,NBC,4,1,1,0.0,CBS,False,0.0
cf-11292,Colombia,1,1,1,0.0,Antarctica,False,0.0
cf-11299,Finnish,0,1,1,1.0,Finnish,False,0.0
cf-11306,Barcelona,2,1,1,0.0,Microsoft,False,0.0
cf-11317,Russian,0,1,1,1.0,Russian,False,0.0
cf-11318,Africa,1,1,1,1.0,Africa,False,0.0
cf-1132,French,1,1,1,1.0,French,False,1.0
cf-11332,German,3,1,1,0.0,English,False,0.0
cf-11341,English,1,1,1,1.0,English,False,0.0
cf-11347,Microsoft,2,1,1,1.0,Microsoft,False,0.0
cf-11357,Russian,3,1,1,1.0,Russian,False,0.0
cf-11363,Budapest,3,1,1,0.0,Russia,False,0.0
cf-11369,Ireland,1,1,1,1.0,Ireland,False,0.0
cf-11386,Auckland,2,1,1,0.0,Melbourne,False,0.0
cf-11389,actor,1,1,1,1.0,actor,False,0.0
cf-1139,Jerusalem,3,1,1,0.0,India,False,0.0
cf-11393,Belgium,1,1,1,0.0,London,False,0.0
cf-11396,French,1,1,1,1.0,French,False,0.0
cf-11398,goaltender,3,1,1,0.0,German,False,0.0
cf-11406,Lisbon,4,1,1,0.0,Rome,False,0.0
cf-11411,Cardiff,3,1,1,0.0,Ireland,False,0.0
cf-11413,Boston,1,1,1,0.0,London,False,0.0
cf-11415,Microsoft,3,1,1,1.0,Microsoft,False,1.0
cf-1142,French,2,1,1,1.0,French,False,0.0
cf-11420,Ukrainian,3,1,1,0.0,Russian,False,0.0
cf-11430,Afghanistan,3,1,1,0.0,Ireland,False,0.0
cf-11431,English,4,1,1,1.0,English,False,0.0
cf-11434,piano,4,1,1,0.0,French,False,0.0
cf-11438,Toronto,2,1,1,0.0,London,False,0.0
cf-11445,midfielder,4,1,1,1.0,midfielder,False,0.0
cf-1145,Paris,4,1,1,0.0,France,False,0.0
cf-11455,chemistry,4,1,1,0.0,physiology,False,0.0
cf-11458,Dodge,3,1,1,1.0,Dodge,False,1.0
cf-11462,Irvine,3,1,1,0.0,London,False,0.0
cf-11465,goaltender,3,1,1,0.0,actor,False,0.0
cf-11466,Perth,1,1,1,0.0,London,False,0.0
cf-11469,jazz,3,1,1,1.0,jazz,False,0.0
cf-11474,Apple,3,1,1,1.0,Apple,False,0.0
cf-11479,Houston,1,1,1,0.0,London,False,0.0
cf-11482,Alabama,2,1,1,0.0,Africa,False,0.0
cf-11484,Naples,1,1,1,0.0,Venice,False,0.0
cf-11485,German,0,1,1,1.0,German,False,0.0
cf-11488,Denmark,4,1,1,0.0,Copenhagen,False,1.0
cf-11491,Pakistan,3,1,1,0.0,India,False,0.0
cf-11494,Polish,4,1,1,0.0,Russian,False,1.0
cf-11499,Australia,1,1,1,0.0,Antarctica,False,0.0
cf-115,FIFA,4,1,1,1.0,FIFA,False,0.0
cf-11509,Istanbul,3,1,1,1.0,Istanbul,False,0.0
cf-1151,Denmark,4,1,1,0.0,Nissan,False,0.0
cf-11514,HBO,3,1,1,0.0,NBC,False,0.0
cf-11515,French,1,1,1,1.0,French,False,0.0
cf-11516,London,3,1,1,1.0,London,False,0.0
cf-11517,NATO,0,1,1,0.0,FIFA,False,0.0
cf-11518,iron,2,1,1,0.0,England,False,1.0
cf-1152,Paris,1,1,1,0.0,French,False,0.0
cf-11521,Europe,0,1,1,1.0,Europe,False,0.0
cf-11524,Cologne,1,1,1,0.0,Prague,False,0.0
cf-11527,Paris,4,1,1,1.0,Paris,False,0.0
cf-11528,Frankfurt,1,1,1,0.0,Berlin,False,0.0
cf-11538,Douglas,3,1,1,1.0,Douglas,False,1.0
cf-11540,bishop,1,1,1,1.0,bishop,False,0.0
cf-11548,Nissan,0,1,1,1.0,Nissan,False,0.0
cf-11550,Paris,3,1,1,0.0,Germany,False,0.0
cf-11552,Quincy,0,1,1,0.0,London,False,0.0
cf-11563,Perth,2,1,1,0.0,Victoria,False,1.0
cf-11570,Swedish,0,1,1,0.0,Finnish,False,0.0
cf-11579,IBM,0,1,1,0.0,Google,False,0.0
cf-11582,Barcelona,2,1,1,0.0,Atlanta,False,0.0
cf-1159,Greece,2,1,1,1.0,Greece,False,0.0
cf-11590,Adobe,1,1,1,1.0,Adobe,False,1.0
cf-11591,Australia,3,1,1,0.0,Antarctica,False,0.0
cf-11594,Google,3,1,1,1.0,Google,False,1.0
cf-11598,Asia,2,1,1,1.0,Asia,False,1.0
cf-11599,ESPN,4,1,1,0.0,Google,False,0.0
cf-11602,Fiat,1,1,1,1.0,Fiat,False,0.0
cf-11621,Islam,0,1,1,1.0,Islam,False,0.0
cf-11628,Harlem,1,1,1,0.0,Honda,False,1.0
cf-11630,Honda,3,1,1,1.0,Honda,False,1.0
cf-11634,Microsoft,3,1,1,0.0,Google,False,0.0
cf-11636,Denmark,1,1,1,0.0,Rome,False,1.0
cf-11643,composer,2,1,1,0.0,actor,False,0.0
cf-11647,London,2,1,1,1.0,London,False,0.0
cf-1165,Sky,1,1,1,0.0,BBC,False,1.0
cf-11652,Virginia,3,1,1,0.0,California,False,1.0
cf-1166,Finnish,3,1,1,0.0,Russian,False,0.0
cf-11666,Massachusetts,1,1,1,0.0,Boston,False,0.0
cf-11670,Italian,4,1,1,0.0,Spanish,False,0.0
cf-11680,Microsoft,4,1,1,1.0,Microsoft,False,1.0
cf-11682,BMW,3,1,1,1.0,BMW,False,1.0
cf-11690,Athens,4,1,1,0.0,Florence,False,0.0
cf-11697,BMW,4,1,1,1.0,BMW,False,1.0
cf-1170,Germany,4,1,1,1.0,Germany,False,0.0
cf-11702,Warsaw,3,1,1,0.0,Berlin,False,0.0
cf-11703,IBM,4,1,1,0.0,BMW,False,0.0
cf-11704,Paris,2,1,1,1.0,Paris,False,0.0
cf-11705,Microsoft,0,1,1,0.0,Google,False,0.0
cf-11713,Apple,3,1,1,1.0,Apple,False,0.0
cf-11717,Athens,3,1,1,0.0,Sydney,False,0.0
cf-11723,Warsaw,3,1,1,1.0,Warsaw,False,0.0
cf-11729,Belfast,3,1,1,0.0,Paris,False,0.0
cf-11732,Microsoft,3,1,1,1.0,Microsoft,False,1.0
cf-11739,Geneva,3,1,1,0.0,Paris,False,1.0
cf-11746,Chevrolet,0,1,1,1.0,Chevrolet,False,0.0
cf-11747,Apple,3,1,1,1.0,Apple,False,1.0
cf-11749,French,2,1,1,1.0,French,False,0.0
cf-11751,actor,2,1,1,1.0,actor,False,0.0
cf-11754,basketball,2,1,1,0.0,baseball,False,0.0
cf-11757,BBC,4,1,1,1.0,BBC,False,0.0
cf-11776,CBS,2,1,1,1.0,CBS,False,0.0
cf-11784,Chevrolet,2,1,1,1.0,Chevrolet,False,1.0
cf-11787,Manila,4,1,1,0.0,Spanish,False,0.0
cf-118,Massachusetts,2,1,1,0.0,French,False,0.0
cf-11800,Asia,1,1,1,1.0,Asia,False,0.0
cf-11804,Google,2,1,1,1.0,Google,False,1.0
cf-11819,Microsoft,4,1,1,0.0,BBC,False,0.0
cf-1182,baseball,4,1,1,0.0,actor,False,0.0
cf-11823,Antarctica,0,1,1,1.0,Antarctica,False,1.0
cf-11839,Antarctica,1,1,1,1.0,Antarctica,False,1.0
cf-11841,Apple,2,1,1,1.0,Apple,False,1.0
cf-11844,Berlin,3,1,1,0.0,Paris,False,0.0
cf-1185,English,2,1,1,1.0,English,False,1.0
cf-11850,hockey,4,1,1,0.0,baseball,False,0.0
cf-11854,trumpet,0,1,1,0.0,jazz,False,0.0
cf-11865,Adobe,0,1,1,1.0,Adobe,False,1.0
cf-11867,Windsor,2,1,1,0.0,London,False,0.0
cf-11873,BMW,0,1,1,1.0,BMW,False,1.0
cf-11874,Airbus,3,1,1,1.0,Airbus,False,1.0
cf-11879,Asia,2,1,1,1.0,Asia,False,0.0
cf-11885,Rwanda,1,1,1,0.0,French,False,0.0
cf-1189,goaltender,1,1,1,1.0,goaltender,False,0.0
cf-11896,Apple,4,1,1,1.0,Apple,False,0.0
cf-11898,London,1,1,1,0.0,Toyota,False,0.0
cf-119,Islam,1,1,1,1.0,Islam,False,0.0
cf-11906,Munich,3,1,1,0.0,London,False,0.0
cf-11911,English,2,1,1,1.0,English,False,0.0
cf-11916,CBS,0,1,1,1.0,CBS,False,0.0
cf-11918,Canada,0,1,1,0.0,Antarctica,False,0.0
cf-11920,Pennsylvania,2,1,1,0.0,BBC,False,0.0
cf-11929,Philippines,4,1,1,0.0,Asia,False,0.0
cf-11930,goaltender,0,1,1,0.0,linebacker,False,0.0
cf-11933,London,1,1,1,1.0,London,False,0.0
cf-1194,Dublin,1,1,1,0.0,London,False,0.0
cf-11945,FIFA,1,1,1,1.0,FIFA,False,0.0
cf-11947,Venice,4,1,1,0.0,Italy,False,0.0
cf-11952,Alaska,1,1,1,0.0,Antarctica,False,0.0
cf-11956,Microsoft,0,1,1,1.0,Microsoft,False,0.0
cf-11957,Microsoft,4,1,1,1.0,Microsoft,False,1.0
cf-11966,Vienna,0,1,1,1.0,Vienna,False,1.0
cf-11967,Spanish,4,1,1,0.0,Russian,False,0.0
cf-11977,jazz,3,1,1,1.0,jazz,False,0.0
cf-11978,Azerbaijan,3,1,1,0.0,Antarctica,False,0.0
cf-11979,Denmark,4,1,1,0.0,pope,False,1.0
cf-11980,Vermont,1,1,1,0.0,Antarctica,False,1.0
cf-12017,Google,1,1,1,1.0,Google,False,0.0
cf-12023,Bern,2,1,1,0.0,Germany,False,0.0
cf-12031,Sega,4,1,1,0.0,Nintendo,False,0.0
cf-12032,Netherlands,1,1,1,0.0,English,False,0.0
cf-12035,Hamburg,1,1,1,0.0,Chevrolet,False,0.0
cf-12037,bishop,3,1,1,1.0,bishop,False,0.0
cf-12046,Plato,0,1,1,1.0,Plato,False,0.0
cf-12059,Montreal,2,1,1,0.0,football,False,0.0
cf-12066,Chevrolet,2,1,1,1.0,Chevrolet,False,0.0
cf-12068,Microsoft,0,1,1,1.0,Microsoft,False,0.0
cf-12072,Montreal,0,1,1,0.0,Paris,False,0.0
cf-12073,Chile,2,1,1,0.0,Antarctica,False,0.0
cf-12075,Porsche,0,1,1,0.0,BMW,False,1.0
cf-12079,politician,3,1,1,0.0,actor,False,0.0
cf-12089,Finnish,4,1,1,1.0,Finnish,False,0.0
cf-12091,Moscow,1,1,1,1.0,Moscow,False,0.0
cf-12096,Geneva,2,1,1,0.0,Venice,False,0.0
cf-12102,football,1,1,1,0.0,basketball,False,1.0
cf-12108,Japan,2,1,1,1.0,Japan,False,0.0
cf-12111,Microsoft,3,1,1,1.0,Microsoft,False,1.0
cf-12114,Toyota,2,1,1,1.0,Toyota,False,1.0
cf-12118,Porsche,2,1,1,1.0,Porsche,False,1.0
cf-12120,Google,3,1,1,1.0,Google,False,1.0
cf-12126,Antarctica,0,1,1,1.0,Antarctica,False,0.0
cf-1213,Linux,1,1,1,0.0,Google,False,1.0
cf-12131,Dutch,3,1,1,1.0,Dutch,False,1.0
cf-12138,Vienna,0,1,1,0.0,German,False,0.0
cf-1214,Ukrainian,4,1,1,0.0,Russian,False,0.0
cf-12146,Google,2,1,1,1.0,Google,False,1.0
cf-12147,English,3,1,1,1.0,English,False,0.0
cf-12160,Asia,3,1,1,1.0,Asia,False,1.0
cf-12164,Paris,3,1,1,1.0,Paris,False,0.0
cf-12171,linebacker,2,1,1,0.0,goaltender,False,0.0
cf-12184,Milan,4,1,1,0.0,pope,False,0.0
cf-12192,Death,3,1,1,0.0,Google,False,0.0
cf-12197,Intel,1,1,1,1.0,Intel,False,0.0
cf-12198,BBC,2,1,1,1.0,BBC,False,0.0
cf-1220,Russian,0,1,1,0.0,English,False,0.0
cf-12202,Apple,2,1,1,0.0,Google,False,0.0
cf-12210,PBS,4,1,1,0.0,CBS,False,0.0
cf-12217,Samsung,4,1,1,0.0,Nokia,False,1.0
cf-12220,bishop,4,1,1,1.0,bishop,False,0.0
cf-12222,Porsche,2,1,1,1.0,Porsche,False,1.0
cf-12227,Apple,0,1,1,1.0,Apple,False,1.0
cf-1223,Nintendo,3,1,1,0.0,Microsoft,False,0.0
cf-12230,Alaska,0,1,1,0.0,Antarctica,False,0.0
cf-12238,Toyota,2,1,1,1.0,Toyota,False,0.0
cf-12239,Microsoft,2,1,1,0.0,Adobe,False,0.0
cf-12241,Ohio,4,1,1,0.0,Montana,False,1.0
cf-12242,Airbus,3,1,1,1.0,Airbus,False,0.0
cf-12257,Greek,0,1,1,0.0,French,False,0.0
cf-12260,Montreal,0,1,1,0.0,French,False,0.0
cf-12267,California,3,1,1,0.0,Antarctica,False,0.0
cf-1227,Russian,0,1,1,1.0,Russian,False,0.0
cf-12270,Oklahoma,0,1,1,0.0,Texas,False,0.0
cf-12284,football,3,1,1,0.0,goaltender,False,0.0
cf-12287,Queensland,2,1,1,0.0,Australia,False,0.0
cf-12289,Intel,2,1,1,1.0,Intel,False,1.0
cf-1229,actor,1,1,1,1.0,actor,False,0.0
cf-12291,Honolulu,3,1,1,0.0,Paris,False,0.0
cf-12292,pope,4,1,1,1.0,pope,False,0.0
cf-12301,French,3,1,1,1.0,French,False,0.0
cf-12302,Manhattan,3,1,1,1.0,Manhattan,False,0.0
cf-12304,French,3,1,1,1.0,French,False,1.0
cf-12307,Judaism,3,1,1,0.0,Islam,False,0.0
cf-12309,Antarctica,3,1,1,1.0,Antarctica,False,0.0
cf-12319,Boston,1,1,1,0.0,London,False,0.0
cf-12320,Belfast,0,1,1,0.0,England,False,1.0
cf-12322,Shanghai,3,1,1,0.0,Singapore,False,0.0
cf-12323,Porsche,0,1,1,1.0,Porsche,False,1.0
cf-12328,English,0,1,1,1.0,English,False,1.0
cf-12331,Melbourne,4,1,1,0.0,London,False,0.0
cf-12332,Finland,4,1,1,0.0,Apple,False,0.0
cf-1235,Dutch,0,1,1,0.0,French,False,0.0
cf-12353,Ottawa,2,1,1,0.0,Paris,False,0.0
cf-12364,Santiago,2,1,1,0.0,Geneva,False,0.0
cf-12366,Miami,3,1,1,0.0,Ankara,False,1.0
cf-12368,Swedish,4,1,1,1.0,Swedish,False,0.0
cf-1237,Louisiana,1,1,1,0.0,Virginia,False,1.0
cf-1238,French,4,1,1,1.0,French,False,0.0
cf-12385,Spanish,3,1,1,1.0,Spanish,False,0.0
cf-12387,Munich,2,1,1,0.0,Geneva,False,0.0
cf-12395,London,0,1,1,0.0,French,False,0.0
cf-12398,Thailand,4,1,1,0.0,India,False,0.0
cf-12401,Tokyo,1,1,1,0.0,Japan,False,0.0
cf-12402,Antarctica,2,1,1,1.0,Antarctica,False,0.0
cf-1241,Sweden,4,1,1,0.0,Germany,False,0.0
cf-12410,Antarctica,2,1,1,1.0,Antarctica,False,1.0
cf-12418,London,4,1,1,0.0,Paris,False,0.0
cf-12437,Shah,1,1,1,0.0,Islam,False,0.0
cf-12439,Finnish,3,1,1,1.0,Finnish,False,0.0
cf-1244,Microsoft,4,1,1,1.0,Microsoft,False,1.0
cf-12441,California,1,1,1,0.0,Google,False,1.0
cf-12444,Surrey,0,1,1,0.0,London,False,0.0
cf-12449,Bangladesh,2,1,1,0.0,India,False,0.0
cf-1246,composer,3,1,1,0.0,poet,False,0.0
cf-12467,baseball,4,1,1,0.0,actor,False,0.0
cf-12468,MTV,1,1,1,0.0,NBC,False,0.0
cf-12470,German,0,1,1,0.0,French,False,1.0
cf-12471,Boeing,1,1,1,1.0,Boeing,False,0.0
cf-12475,Paris,3,1,1,0.0,Rome,False,0.0
cf-12476,piano,4,1,1,0.0,violin,False,0.0
cf-12489,Berlin,0,1,1,1.0,Berlin,False,1.0
cf-12493,BMW,4,1,1,1.0,BMW,False,1.0
cf-125,Philippines,2,1,1,0.0,Asia,False,1.0
cf-1250,Paris,2,1,1,1.0,Paris,False,0.0
cf-12508,Dutch,0,1,1,1.0,Dutch,False,0.0
cf-12512,CBS,4,1,1,0.0,NBC,False,0.0
cf-12518,India,3,1,1,1.0,India,False,0.0
cf-12539,Louisiana,3,1,1,0.0,Antarctica,False,0.0
cf-12541,IBM,4,1,1,0.0,Microsoft,False,0.0
cf-12543,Microsoft,4,1,1,1.0,Microsoft,False,1.0
cf-1255,Toyota,1,1,1,1.0,Toyota,False,1.0
cf-12550,Antarctica,0,1,1,1.0,Antarctica,False,0.0
cf-12553,Dutch,1,1,1,1.0,Dutch,False,0.0
cf-12557,BBC,3,1,1,1.0,BBC,False,0.0
cf-12564,Germany,0,1,1,0.0,German,False,0.0
cf-12566,IBM,2,1,1,0.0,BBC,False,0.0
cf-12573,Pennsylvania,0,1,1,0.0,Antarctica,False,0.0
cf-12601,photographer,2,1,1,0.0,actor,False,0.0
cf-12605,Chevrolet,3,1,1,1.0,Chevrolet,False,0.0
cf-12609,Antarctica,0,1,1,1.0,Antarctica,False,1.0
cf-1262,NBC,4,1,1,1.0,NBC,False,0.0
cf-12622,Microsoft,3,1,1,0.0,Google,False,1.0
cf-12623,Moscow,4,1,1,1.0,Moscow,False,0.0
cf-1263,Microsoft,0,1,1,1.0,Microsoft,False,0.0
cf-12632,Boeing,4,1,1,1.0,Boeing,False,0.0
cf-12641,Antarctica,1,1,1,1.0,Antarctica,False,0.0
cf-12649,Nissan,4,1,1,1.0,Nissan,False,0.0
cf-12650,Antarctica,2,1,1,1.0,Antarctica,False,1.0
cf-12665,French,1,1,1,1.0,French,False,0.0
cf-12666,politician,4,1,1,0.0,Russian,False,0.0
cf-12668,Copenhagen,3,1,1,1.0,Copenhagen,False,0.0
cf-12676,quarterback,1,1,1,1.0,quarterback,False,0.0
cf-12677,Warsaw,3,1,1,1.0,Warsaw,False,0.0
cf-12679,Toronto,0,1,1,0.0,London,False,0.0
cf-12682,NBC,1,1,1,1.0,NBC,False,0.0
cf-12684,CBS,2,1,1,1.0,CBS,False,0.0
cf-12691,Swedish,2,1,1,1.0,Swedish,False,0.0
cf-12693,English,4,1,1,1.0,English,False,0.0
cf-12697,Microsoft,1,1,1,0.0,BBC,False,0.0
cf-1270,Norman,4,1,1,0.0,French,False,0.0
cf-12700,physics,1,1,1,1.0,physics,False,1.0
cf-12705,Hollywood,2,1,1,0.0,London,False,0.0
cf-12706,Apple,2,1,1,1.0,Apple,False,0.0
cf-12712,Spanish,1,1,1,1.0,Spanish,False,1.0
cf-12713,Florence,0,1,1,0.0,Leeds,False,0.0
cf-12725,HBO,2,1,1,0.0,CBS,False,0.0
cf-12726,Colombia,3,1,1,0.0,Africa,False,0.0
cf-12730,French,2,1,1,1.0,French,False,0.0
cf-12733,Apple,4,1,1,1.0,Apple,False,1.0
cf-12736,Canberra,3,1,1,0.0,Australia,False,1.0
cf-12742,Microsoft,4,1,1,1.0,Microsoft,False,0.0
cf-12747,BMW,2,1,1,1.0,BMW,False,1.0
cf-12761,Antarctica,4,1,1,1.0,Antarctica,False,0.0
cf-12763,Nintendo,0,1,1,0.0,Toyota,False,0.0
cf-12765,Bangkok,4,1,1,0.0,India,False,0.0
cf-12769,France,1,1,1,0.0,French,False,0.0
cf-1277,Islam,3,1,1,1.0,Islam,False,1.0
cf-12776,Rome,1,1,1,0.0,Milan,False,0.0
cf-12779,Persian,3,1,1,0.0,French,False,0.0
cf-1278,French,2,1,1,1.0,French,False,0.0
cf-12790,basketball,2,1,1,1.0,basketball,False,0.0
cf-12791,Lima,2,1,1,0.0,Spanish,False,0.0
cf-12792,France,1,1,1,0.0,Spanish,False,0.0
cf-12793,Suzuki,0,1,1,1.0,Suzuki,False,1.0
cf-12796,violin,2,1,1,0.0,goaltender,False,0.0
cf-12798,pitcher,0,1,1,0.0,quarterback,False,0.0
cf-12801,Antarctica,4,1,1,1.0,Antarctica,False,0.0
cf-12802,Asia,0,1,1,1.0,Asia,False,1.0
cf-12805,Berlin,2,1,1,1.0,Berlin,False,1.0
cf-1281,Qatar,1,1,1,0.0,Asia,False,0.0
cf-12811,Nokia,4,1,1,1.0,Nokia,False,0.0
cf-12812,CBS,0,1,1,0.0,NBC,False,0.0
cf-12816,Portugal,2,1,1,0.0,Finland,False,0.0
cf-1282,BBC,0,1,1,1.0,BBC,False,0.0
cf-12823,Adobe,0,1,1,1.0,Adobe,False,1.0
cf-12834,Brazil,2,1,1,0.0,Colombia,False,1.0
cf-12844,Switzerland,1,1,1,0.0,Germany,False,0.0
cf-12849,actor,4,1,1,1.0,actor,False,0.0
cf-12853,Chicago,1,1,1,0.0,Boston,False,0.0
cf-12856,Boston,3,1,1,0.0,London,False,1.0
cf-12860,Australia,4,1,1,0.0,Africa,False,0.0
cf-1287,composer,3,1,1,0.0,poet,False,0.0
cf-12870,bishop,0,1,1,1.0,bishop,False,0.0
cf-12884,Amsterdam,1,1,1,0.0,London,False,0.0
cf-12889,Ukraine,2,1,1,0.0,Russian,False,0.0
cf-12899,Vietnam,3,1,1,1.0,Vietnam,False,0.0
cf-12902,Montgomery,3,1,1,0.0,IBM,False,0.0
cf-12903,Sweden,4,1,1,0.0,Stockholm,False,0.0
cf-12908,hockey,4,1,1,0.0,actor,False,0.0
cf-12909,Nokia,3,1,1,1.0,Nokia,False,1.0
cf-1291,Illinois,1,1,1,0.0,Texas,False,0.0
cf-12915,diplomat,0,1,1,0.0,bishop,False,0.0
cf-12916,football,1,1,1,0.0,basketball,False,1.0
cf-12922,Russia,4,1,1,1.0,Russia,False,1.0
cf-1293,Armenia,1,1,1,0.0,Russia,False,0.0
cf-12932,Japan,1,1,1,1.0,Japan,False,1.0
cf-12940,jazz,2,1,1,1.0,jazz,False,0.0
cf-12943,NBC,1,1,1,0.0,CBS,False,0.0
cf-12949,Google,2,1,1,1.0,Google,False,1.0
cf-12951,FIFA,4,1,1,1.0,FIFA,False,0.0
cf-12952,Antarctica,2,1,1,1.0,Antarctica,False,0.0
cf-12956,guitar,0,1,1,0.0,jazz,False,0.0
cf-12961,Nissan,2,1,1,1.0,Nissan,False,1.0
cf-12968,California,4,1,1,0.0,Vienna,False,0.0
cf-12973,politician,3,1,1,0.0,actor,False,0.0
cf-12978,Uganda,2,1,1,0.0,Antarctica,False,0.0
cf-1298,Warsaw,0,1,1,1.0,Warsaw,False,1.0
cf-12986,Latin,2,1,1,0.0,French,False,0.0
cf-12987,Antarctica,1,1,1,1.0,Antarctica,False,0.0
cf-12990,Antarctica,2,1,1,1.0,Antarctica,False,0.0
cf-12992,French,1,1,1,1.0,French,False,0.0
cf-12998,Google,0,1,1,1.0,Google,False,1.0
cf-13000,Antarctica,4,1,1,1.0,Antarctica,False,1.0
cf-13001,Apple,3,1,1,0.0,Google,False,0.0
cf-13007,physiology,0,1,1,0.0,physics,False,0.0
cf-13009,Google,3,1,1,1.0,Google,False,1.0
cf-13016,Dutch,1,1,1,1.0,Dutch,False,0.0
cf-13018,Airbus,3,1,1,1.0,Airbus,False,1.0
cf-13019,Antarctica,0,1,1,1.0,Antarctica,False,1.0
cf-13022,bishop,3,1,1,1.0,bishop,False,0.0
cf-13024,Microsoft,0,1,1,1.0,Microsoft,False,1.0
cf-13032,Philadelphia,0,1,1,0.0,London,False,0.0
cf-13036,piano,3,1,1,0.0,jazz,False,1.0
cf-13046,Nokia,0,1,1,1.0,Nokia,False,1.0
cf-13055,Arkansas,2,1,1,0.0,Montana,False,0.0
cf-13057,English,2,1,1,1.0,English,False,0.0
cf-13058,Bangladesh,0,1,1,0.0,India,False,0.0
cf-13063,NBC,0,1,1,1.0,NBC,False,0.0
cf-13075,Peru,0,1,1,0.0,Spanish,False,0.0
cf-13097,Microsoft,4,1,1,1.0,Microsoft,False,0.0
cf-13099,Toronto,1,1,1,0.0,Atlanta,False,0.0
cf-1310,Swedish,4,1,1,1.0,Swedish,False,1.0
cf-1311,Jordan,0,1,1,0.0,Iran,False,0.0
cf-13119,Philadelphia,0,1,1,0.0,Jerusalem,False,0.0
cf-1312,Apple,0,1,1,0.0,Microsoft,False,0.0
cf-13121,Apple,0,1,1,1.0,Apple,False,0.0
cf-13123,Hamburg,3,1,1,0.0,Paris,False,0.0
cf-13137,Brussels,1,1,1,0.0,Dutch,False,0.0
cf-13139,Colorado,1,1,1,0.0,Antarctica,False,0.0
cf-13145,Maryland,2,1,1,0.0,Antarctica,False,0.0
cf-1315,Philadelphia,1,1,1,0.0,England,False,0.0
cf-13154,Berlin,1,1,1,0.0,Germany,False,0.0
cf-13155,Swedish,3,1,1,0.0,Finnish,False,0.0
cf-13158,Italian,2,1,1,0.0,French,False,0.0
cf-13159,hockey,2,1,1,0.0,actor,False,0.0
cf-13165,NBC,2,1,1,0.0,CBS,False,0.0
cf-13174,Japan,0,1,1,1.0,Japan,False,0.0
cf-13180,Google,1,1,1,0.0,BBC,False,0.0
cf-13182,Honda,0,1,1,1.0,Honda,False,1.0
cf-13193,Judaism,4,1,1,0.0,Islam,False,1.0
cf-13199,Ukrainian,4,1,1,0.0,Russian,False,0.0
cf-132,bishop,1,1,1,1.0,bishop,False,0.0
cf-13209,Antarctica,2,1,1,1.0,Antarctica,False,0.0
cf-13215,Paris,0,1,1,1.0,Paris,False,0.0
cf-13217,quarterback,1,1,1,0.0,midfielder,False,0.0
cf-13226,Iran,1,1,1,0.0,Asia,False,0.0
cf-13229,Florida,2,1,1,0.0,Africa,False,0.0
cf-13237,Georgetown,2,1,1,0.0,Manila,False,0.0
cf-13239,Nissan,3,1,1,1.0,Nissan,False,0.0
cf-13248,French,3,1,1,1.0,French,False,0.0
cf-13251,London,3,1,1,1.0,London,False,0.0
cf-13252,Antarctica,3,1,1,1.0,Antarctica,False,0.0
cf-13266,Colombia,0,1,1,0.0,Spanish,False,0.0
cf-13270,Dutch,3,1,1,1.0,Dutch,False,0.0
cf-13273,Africa,2,1,1,1.0,Africa,False,0.0
cf-13278,English,1,1,1,0.0,German,False,0.0
cf-13279,Google,1,1,1,1.0,Google,False,1.0
cf-13283,Philadelphia,1,1,1,0.0,London,False,0.0
cf-13285,English,2,1,1,1.0,English,False,0.0
cf-13294,Hollywood,1,1,1,0.0,Montana,False,0.0
cf-13298,Apple,4,1,1,0.0,IBM,False,0.0
cf-13305,Spanish,4,1,1,1.0,Spanish,False,0.0
cf-13306,novelist,2,1,1,0.0,politician,False,0.0
cf-13316,Nigeria,3,1,1,0.0,Africa,False,0.0
cf-13321,Honda,3,1,1,1.0,Honda,False,1.0
cf-13326,Boeing,0,1,1,1.0,Boeing,False,0.0
cf-13327,Russian,2,1,1,1.0,Russian,False,1.0
cf-13333,bishop,2,1,1,0.0,basketball,False,0.0
cf-13335,Bangladesh,2,1,1,0.0,Mumbai,False,0.0
cf-1334,Tamil,2,1,1,1.0,Tamil,False,1.0
cf-13363,Spanish,1,1,1,1.0,Spanish,False,0.0
cf-13365,Google,0,1,1,0.0,Microsoft,False,0.0
cf-13366,Norway,2,1,1,0.0,Geneva,False,0.0
cf-13371,Italian,1,1,1,1.0,Italian,False,0.0
cf-13375,Seoul,1,1,1,0.0,Rome,False,0.0
cf-13382,Cadillac,4,1,1,1.0,Cadillac,False,1.0
cf-13393,Paris,3,1,1,0.0,French,False,0.0
cf-13413,Chevrolet,3,1,1,1.0,Chevrolet,False,0.0
cf-13420,Germany,2,1,1,0.0,Fiat,False,0.0
cf-13426,Boeing,2,1,1,1.0,Boeing,False,1.0
cf-13430,French,4,1,1,0.0,German,False,0.0
cf-13432,English,0,1,1,0.0,French,False,0.0
cf-13439,English,0,1,1,1.0,English,False,0.0
cf-13453,physiology,1,1,1,0.0,Antarctica,False,0.0
cf-1346,Virginia,1,1,1,0.0,Montana,False,0.0
cf-13468,bishop,1,1,1,1.0,bishop,False,0.0
cf-13471,Ethiopia,3,1,1,0.0,Jerusalem,False,0.0
cf-13472,Japan,2,1,1,1.0,Japan,False,0.0
cf-13473,Islam,2,1,1,1.0,Islam,False,1.0
cf-1348,Stockholm,1,1,1,0.0,London,False,0.0
cf-13483,Triumph,2,1,1,0.0,Toyota,False,0.0
cf-13484,Antarctica,4,1,1,1.0,Antarctica,False,1.0
cf-13487,Jerusalem,1,1,1,0.0,Antarctica,False,0.0
cf-13488,Greek,1,1,1,0.0,French,False,0.0
cf-13493,Microsoft,3,1,1,1.0,Microsoft,False,1.0
cf-13497,Denmark,4,1,1,0.0,France,False,1.0
cf-13507,Cairo,2,1,1,0.0,Islam,False,0.0
cf-13510,Frankfurt,0,1,1,0.0,German,False,0.0
cf-13513,BMW,1,1,1,1.0,BMW,False,1.0
cf-13514,Sony,0,1,1,0.0,IBM,False,0.0
cf-13516,Microsoft,3,1,1,1.0,Microsoft,False,0.0
cf-13518,Vienna,0,1,1,0.0,Paris,False,0.0
cf-13519,Italian,3,1,1,1.0,Italian,False,1.0
cf-13520,Antarctica,2,1,1,1.0,Antarctica,False,0.0
cf-13521,jazz,4,1,1,1.0,jazz,False,0.0
cf-13522,Ankara,2,1,1,0.0,Kabul,False,1.0
cf-13526,London,0,1,1,1.0,London,False,0.0
cf-13534,Google,1,1,1,1.0,Google,False,0.0
cf-13536,Douglas,1,1,1,1.0,Douglas,False,1.0
cf-13555,IBM,1,1,1,0.0,Microsoft,False,0.0
cf-13556,bishop,1,1,1,1.0,bishop,False,0.0
cf-13557,Microsoft,1,1,1,1.0,Microsoft,False,0.0
cf-13564,Milwaukee,2,1,1,0.0,Boston,False,0.0
cf-13565,BMW,0,1,1,1.0,BMW,False,1.0
cf-13567,Antarctica,4,1,1,1.0,Antarctica,False,1.0
cf-1358,Microsoft,0,1,1,1.0,Microsoft,False,0.0
cf-13592,Africa,0,1,1,1.0,Africa,False,1.0
cf-13596,Berlin,1,1,1,0.0,Venice,False,0.0
cf-13599,Edmonton,1,1,1,0.0,Canada,False,1.0
cf-13600,BBC,0,1,1,1.0,BBC,False,1.0
cf-13603,Microsoft,2,1,1,1.0,Microsoft,False,1.0
cf-13607,Antarctica,3,1,1,1.0,Antarctica,False,0.0
cf-1361,NBC,3,1,1,1.0,NBC,False,0.0
cf-13618,London,3,1,1,1.0,London,False,0.0
cf-13623,Google,2,1,1,1.0,Google,False,1.0
cf-13628,Lifetime,0,1,1,0.0,NBC,False,0.0
cf-13635,goaltender,0,1,1,0.0,Russian,False,0.0
cf-13643,French,1,1,1,1.0,French,False,1.0
cf-13658,Mumbai,3,1,1,0.0,India,False,1.0
cf-13660,Google,2,1,1,0.0,Apple,False,0.0
cf-1367,Toyota,4,1,1,1.0,Toyota,False,1.0
cf-13671,Antarctica,0,1,1,1.0,Antarctica,False,0.0
cf-13679,Intel,3,1,1,1.0,Intel,False,0.0
cf-13686,Miami,0,1,1,0.0,Antarctica,False,0.0
cf-13688,BBC,1,1,1,0.0,CBS,False,0.0
cf-13697,actor,3,1,1,1.0,actor,False,0.0
cf-13700,Charlotte,4,1,1,0.0,Douglas,False,1.0
cf-13701,Microsoft,1,1,1,1.0,Microsoft,False,0.0
cf-13706,Australia,0,1,1,0.0,Ireland,False,0.0
cf-13712,Manila,3,1,1,0.0,Asia,False,0.0
cf-13715,BMW,3,1,1,1.0,BMW,False,1.0
cf-13718,Antarctica,0,1,1,1.0,Antarctica,False,0.0
cf-13720,Antarctica,3,1,1,1.0,Antarctica,False,0.0
cf-13721,Intel,4,1,1,1.0,Intel,False,1.0
cf-13722,Richmond,0,1,1,0.0,Virginia,False,0.0
cf-13727,Bentley,0,1,1,0.0,BMW,False,1.0
cf-13729,IBM,1,1,1,1.0,IBM,False,1.0
cf-1373,Microsoft,4,1,1,1.0,Microsoft,False,1.0
cf-13733,Islam,4,1,1,1.0,Islam,False,0.0
cf-13735,Milan,0,1,1,0.0,London,False,0.0
cf-13736,CBS,3,1,1,1.0,CBS,False,0.0
cf-1375,baseball,1,1,1,1.0,baseball,False,1.0
cf-13775,Damascus,1,1,1,1.0,Damascus,False,0.0
cf-13790,London,3,1,1,1.0,London,False,0.0
cf-13795,Iraq,2,1,1,0.0,Brazil,False,0.0
cf-13807,Latin,0,1,1,1.0,Latin,False,1.0
cf-13809,England,0,1,1,0.0,London,False,0.0
cf-13810,Philadelphia,1,1,1,0.0,London,False,0.0
cf-13811,Norwegian,1,1,1,0.0,goaltender,False,0.0
cf-13817,Africa,2,1,1,0.0,Iran,False,1.0
cf-13820,Ireland,3,1,1,1.0,Ireland,False,0.0
cf-13824,NBC,1,1,1,0.0,CBS,False,0.0
cf-13825,Detroit,2,1,1,0.0,Manhattan,False,0.0
cf-13837,London,2,1,1,1.0,London,False,0.0
cf-13839,Africa,0,1,1,0.0,Antarctica,False,1.0
cf-13840,Google,1,1,1,1.0,Google,False,1.0
cf-13847,Sheffield,2,1,1,0.0,Manhattan,False,0.0
cf-1385,Geneva,2,1,1,1.0,Geneva,False,0.0
cf-13854,Apple,4,1,1,1.0,Apple,False,1.0
cf-13856,Antarctica,2,1,1,1.0,Antarctica,False,0.0
cf-13873,Winnipeg,2,1,1,0.0,Dublin,False,0.0
cf-13876,Iowa,4,1,1,0.0,Indiana,False,1.0
cf-13878,Microsoft,0,1,1,1.0,Microsoft,False,1.0
cf-13883,Algeria,0,1,1,0.0,Asia,False,0.0
cf-13891,Paris,3,1,1,1.0,Paris,False,0.0
cf-13893,BMW,0,1,1,1.0,BMW,False,1.0
cf-13897,Vienna,4,1,1,1.0,Vienna,False,1.0
cf-13898,Moscow,4,1,1,0.0,Copenhagen,False,0.0
cf-139,Honda,0,1,1,1.0,Honda,False,1.0
cf-1390,French,2,1,1,1.0,French,False,0.0
cf-13907,Hindi,3,1,1,1.0,Hindi,False,0.0
cf-13909,France,2,1,1,0.0,Poland,False,0.0
cf-13913,France,1,1,1,0.0,Paris,False,0.0
cf-13919,Romania,4,1,1,0.0,Scotland,False,0.0
cf-1392,Kiev,3,1,1,0.0,Russian,False,0.0
cf-13922,CBS,2,1,1,0.0,NBC,False,0.0
cf-13923,Microsoft,4,1,1,1.0,Microsoft,False,1.0
cf-13924,Paris,2,1,1,1.0,Paris,False,0.0
cf-13930,Microsoft,3,1,1,1.0,Microsoft,False,0.0
cf-13931,Poland,0,1,1,0.0,Neptune,False,0.0
cf-13945,Italian,1,1,1,0.0,German,False,0.0
cf-13949,Chinese,0,1,1,0.0,Russian,False,0.0
cf-13961,French,4,1,1,0.0,English,False,0.0
cf-13964,Finland,1,1,1,0.0,Europe,False,0.0
cf-13984,Honda,3,1,1,1.0,Honda,False,1.0
cf-13986,Philadelphia,1,1,1,0.0,London,False,0.0
cf-13988,Toyota,1,1,1,1.0,Toyota,False,1.0
cf-1399,Africa,0,1,1,1.0,Africa,False,1.0
cf-13993,Toronto,0,1,1,0.0,London,False,0.0
cf-14000,Hamburg,0,1,1,0.0,Paris,False,0.0
cf-14006,English,3,1,1,1.0,English,False,0.0
cf-14016,London,3,1,1,0.0,India,False,0.0
cf-14019,Microsoft,2,1,1,1.0,Microsoft,False,1.0
cf-14028,Dodge,4,1,1,1.0,Dodge,False,1.0
cf-14033,Texas,2,1,1,1.0,Texas,False,0.0
cf-1404,Victoria,4,1,1,1.0,Victoria,False,0.0
cf-14045,Antarctica,0,1,1,1.0,Antarctica,False,0.0
cf-14059,Ireland,0,1,1,1.0,Ireland,False,0.0
cf-1406,Atlanta,0,1,1,0.0,London,False,1.0
cf-14074,Norway,3,1,1,0.0,Stockholm,False,0.0
cf-1408,Suzuki,3,1,1,0.0,Toyota,False,1.0
cf-14082,Nokia,2,1,1,1.0,Nokia,False,1.0
cf-14084,Antarctica,4,1,1,1.0,Antarctica,False,0.0
cf-14087,physicist,2,1,1,0.0,actor,False,0.0
cf-14089,Hebrew,1,1,1,0.0,Latin,False,0.0
cf-14097,football,2,1,1,0.0,goaltender,False,0.0
cf-14102,FIFA,1,1,1,1.0,FIFA,False,0.0
cf-14114,Paris,3,1,1,1.0,Paris,False,0.0
cf-14115,Honda,0,1,1,1.0,Honda,False,1.0
cf-14117,Antarctica,2,1,1,1.0,Antarctica,False,0.0
cf-14127,bishop,4,1,1,1.0,bishop,False,0.0
cf-14129,guitar,3,1,1,0.0,goaltender,False,0.0
cf-14142,Alexandria,2,1,1,0.0,Florence,False,0.0
cf-14144,Japan,4,1,1,1.0,Japan,False,0.0
cf-14151,Microsoft,0,1,1,1.0,Microsoft,False,1.0
cf-14153,Pennsylvania,4,1,1,0.0,BBC,False,0.0
cf-14162,French,2,1,1,1.0,French,False,0.0
cf-14163,Sears,3,1,1,0.0,Apple,False,0.0
cf-14164,Antarctica,0,1,1,1.0,Antarctica,False,0.0
cf-14172,Medina,3,1,1,0.0,Islam,False,0.0
cf-14174,goaltender,0,1,1,1.0,goaltender,False,0.0
cf-14176,Nissan,0,1,1,1.0,Nissan,False,0.0
cf-14182,Leicester,1,1,1,0.0,London,False,1.0
cf-14183,Apple,0,1,1,0.0,Adobe,False,0.0
cf-14192,Bangalore,2,1,1,0.0,India,False,0.0
cf-14202,Paris,2,1,1,1.0,Paris,False,0.0
cf-1422,Honda,2,1,1,1.0,Honda,False,1.0
cf-14224,Brisbane,1,1,1,0.0,London,False,1.0
cf-14241,actor,0,1,1,0.0,basketball,False,0.0
cf-14243,linebacker,3,1,1,0.0,goaltender,False,0.0
cf-14244,Yamaha,3,1,1,0.0,Honda,False,1.0
cf-14246,Islam,3,1,1,1.0,Islam,False,1.0
cf-14247,Greece,0,1,1,1.0,Greece,False,0.0
cf-14248,Apple,1,1,1,0.0,BBC,False,0.0
cf-14250,jazz,3,1,1,1.0,jazz,False,0.0
cf-14251,London,4,1,1,0.0,Toronto,False,0.0
cf-1426,midfielder,2,1,1,1.0,midfielder,False,0.0
cf-14273,Swedish,2,1,1,1.0,Swedish,False,0.0
cf-14277,Toyota,2,1,1,0.0,Nissan,False,0.0
cf-14282,Dutch,4,1,1,1.0,Dutch,False,0.0
cf-14287,Microsoft,1,1,1,1.0,Microsoft,False,0.0
cf-14288,Italian,0,1,1,1.0,Italian,False,0.0
cf-1429,Sydney,3,1,1,0.0,London,False,0.0
cf-14299,English,3,1,1,1.0,English,False,0.0
cf-14306,Google,2,1,1,1.0,Google,False,1.0
cf-14308,Amazon,3,1,1,0.0,Google,False,0.0
cf-1431,Vienna,3,1,1,1.0,Vienna,False,0.0
cf-14313,NBC,4,1,1,0.0,CBS,False,0.0
cf-14315,jazz,1,1,1,1.0,jazz,False,0.0
cf-14316,Antarctica,4,1,1,1.0,Antarctica,False,0.0
cf-1432,Airbus,2,1,1,1.0,Airbus,False,0.0
cf-14325,Spanish,4,1,1,1.0,Spanish,False,0.0
cf-14327,Paris,0,1,1,1.0,Paris,False,1.0
cf-14338,Nissan,0,1,1,1.0,Nissan,False,1.0
cf-14348,poet,2,1,1,0.0,politician,False,0.0
cf-1435,Italy,2,1,1,0.0,Venice,False,0.0
cf-14350,Hawaii,2,1,1,0.0,California,False,0.0
cf-14364,bishop,1,1,1,1.0,bishop,False,0.0
cf-14368,IBM,1,1,1,0.0,Apple,False,0.0
cf-14375,Airbus,2,1,1,1.0,Airbus,False,0.0
cf-14380,Toyota,4,1,1,1.0,Toyota,False,0.0
cf-14394,Microsoft,4,1,1,1.0,Microsoft,False,1.0
cf-14396,Cyprus,2,1,1,0.0,Airbus,False,0.0
cf-14398,Victoria,4,1,1,0.0,Antarctica,False,0.0
cf-144,English,4,1,1,1.0,English,False,0.0
cf-14402,Norwegian,2,1,1,0.0,French,False,0.0
cf-14413,Dodge,3,1,1,1.0,Dodge,False,0.0
cf-14424,Amazon,2,1,1,0.0,Google,False,0.0
cf-14435,Honda,3,1,1,1.0,Honda,False,1.0
cf-1444,Dodge,4,1,1,1.0,Dodge,False,0.0
cf-14444,Hawaii,3,1,1,0.0,Birmingham,False,0.0
cf-14449,German,1,1,1,0.0,French,False,0.0
cf-1445,France,1,1,1,0.0,Toyota,False,0.0
cf-14458,Africa,4,1,1,1.0,Africa,False,0.0
cf-14462,Apple,4,1,1,1.0,Apple,False,0.0
cf-14464,Honda,1,1,1,1.0,Honda,False,0.0
cf-14470,Antarctica,2,1,1,1.0,Antarctica,False,0.0
cf-14474,French,2,1,1,1.0,French,False,0.0
cf-14475,Asia,0,1,1,1.0,Asia,False,1.0
cf-14477,Venice,3,1,1,0.0,London,False,0.0
cf-14486,Apple,4,1,1,1.0,Apple,False,0.0
cf-1449,jazz,1,1,1,1.0,jazz,False,0.0
cf-14492,Tampa,4,1,1,0.0,Boston,False,0.0
cf-14494,Antarctica,3,1,1,1.0,Antarctica,False,0.0
cf-14501,Nissan,1,1,1,1.0,Nissan,False,1.0
cf-14513,French,2,1,1,1.0,French,False,1.0
cf-14516,Nintendo,3,1,1,0.0,Sega,False,0.0
cf-14519,French,2,1,1,1.0,French,False,0.0
cf-14521,Victoria,4,1,1,0.0,London,False,1.0
cf-14530,goaltender,3,1,1,0.0,French,False,0.0
cf-14533,London,3,1,1,0.0,Paris,False,0.0
cf-14545,cardinal,2,1,1,0.0,bishop,False,0.0
cf-14547,Africa,2,1,1,1.0,Africa,False,1.0
cf-14548,BMW,2,1,1,1.0,BMW,False,1.0
cf-14553,Hebrew,2,1,1,1.0,Hebrew,False,0.0
cf-14555,Alabama,0,1,1,0.0,Texas,False,0.0
cf-14567,Africa,2,1,1,1.0,Africa,False,1.0
cf-14569,Vienna,2,1,1,0.0,Germany,False,0.0
cf-14572,Paris,2,1,1,1.0,Paris,False,0.0
cf-14579,jazz,0,1,1,1.0,jazz,False,0.0
cf-14588,Korean,4,1,1,0.0,Russian,False,0.0
cf-14594,Africa,2,1,1,1.0,Africa,False,0.0
cf-14597,Iraq,2,1,1,0.0,Iran,False,0.0
cf-14598,jazz,2,1,1,0.0,baseball,False,0.0
cf-14606,Beijing,4,1,1,0.0,Japan,False,0.0
cf-1461,Antarctica,3,1,1,1.0,Antarctica,False,0.0
cf-14610,Africa,1,1,1,1.0,Africa,False,0.0
cf-14614,model,1,1,1,0.0,actor,False,0.0
cf-14625,Europe,0,1,1,0.0,Asia,False,1.0
cf-14628,English,1,1,1,1.0,English,False,0.0
cf-14635,Jerusalem,1,1,1,1.0,Jerusalem,False,1.0
cf-14636,Mumbai,1,1,1,0.0,India,False,0.0
cf-1464,BP,3,1,1,0.0,Google,False,0.0
cf-14641,Africa,1,1,1,1.0,Africa,False,0.0
cf-14650,Islam,3,1,1,1.0,Islam,False,1.0
cf-14653,English,3,1,1,0.0,French,False,0.0
cf-14656,Nissan,0,1,1,1.0,Nissan,False,1.0
cf-14660,Florida,4,1,1,0.0,Porsche,False,0.0
cf-14661,Antarctica,0,1,1,1.0,Antarctica,False,0.0
cf-14665,London,1,1,1,1.0,London,False,0.0
cf-14672,Apple,3,1,1,1.0,Apple,False,0.0
cf-14673,actor,3,1,1,0.0,politician,False,0.0
cf-14681,NBC,2,1,1,1.0,NBC,False,0.0
cf-14688,Antarctica,1,1,1,1.0,Antarctica,False,0.0
cf-14704,Finnish,1,1,1,0.0,actor,False,0.0
cf-14705,Google,3,1,1,1.0,Google,False,1.0
cf-14706,Italy,3,1,1,0.0,Spain,False,0.0
cf-14708,Ontario,3,1,1,0.0,London,False,0.0
cf-14733,mayor,2,1,1,0.0,bishop,False,0.0
cf-14734,Italy,4,1,1,1.0,Italy,False,0.0
cf-14737,Portuguese,2,1,1,0.0,Spanish,False,0.0
cf-14741,Renault,4,1,1,1.0,Renault,False,1.0
cf-14747,French,1,1,1,1.0,French,False,1.0
cf-1475,soccer,1,1,1,0.0,basketball,False,0.0
cf-14757,Finnish,4,1,1,1.0,Finnish,False,1.0
cf-14759,NBC,4,1,1,0.0,CBS,False,0.0
cf-14763,Georgian,1,1,1,0.0,Russian,False,0.0
cf-14765,Munich,1,1,1,0.0,German,False,1.0
cf-14766,Nissan,2,1,1,1.0,Nissan,False,1.0
cf-1477,California,2,1,1,0.0,Antarctica,False,0.0
cf-14772,Apple,4,1,1,1.0,Apple,False,0.0
cf-14773,Google,1,1,1,1.0,Google,False,1.0
cf-14788,Ukraine,1,1,1,0.0,Russian,False,0.0
cf-14799,Copenhagen,1,1,1,0.0,Berlin,False,0.0
cf-14800,Boston,3,1,1,0.0,London,False,0.0
cf-14814,NBC,1,1,1,0.0,CBS,False,0.0
cf-1482,Paris,2,1,1,1.0,Paris,False,0.0
cf-14832,Paris,1,1,1,0.0,Copenhagen,False,1.0
cf-14845,Barcelona,4,1,1,0.0,Paris,False,0.0
cf-14849,Islam,4,1,1,1.0,Islam,False,1.0
cf-14851,Nissan,4,1,1,1.0,Nissan,False,1.0
cf-14862,Cadillac,0,1,1,1.0,Cadillac,False,1.0
cf-1487,Suzuki,1,1,1,0.0,Toyota,False,1.0
cf-14871,quarterback,2,1,1,0.0,goaltender,False,0.0
cf-14872,Nissan,1,1,1,1.0,Nissan,False,0.0
cf-14877,Adobe,1,1,1,1.0,Adobe,False,1.0
cf-14879,Honda,3,1,1,1.0,Honda,False,1.0
cf-14886,Ghana,1,1,1,0.0,Uganda,False,0.0
cf-14892,soccer,2,1,1,0.0,basketball,False,0.0
cf-14895,Kingston,4,1,1,0.0,London,False,0.0
cf-14896,CBS,3,1,1,0.0,NBC,False,0.0
cf-14898,Finnish,2,1,1,1.0,Finnish,False,0.0
cf-14907,Madrid,0,1,1,0.0,Spain,False,0.0
cf-14909,Porsche,3,1,1,1.0,Porsche,False,1.0
cf-14918,Polish,1,1,1,0.0,French,False,0.0
cf-14929,BMW,4,1,1,1.0,BMW,False,0.0
cf-14933,IBM,2,1,1,1.0,IBM,False,1.0
cf-14940,Punjab,4,1,1,0.0,Azerbaijan,False,0.0
cf-14949,French,4,1,1,1.0,French,False,0.0
cf-14950,Apple,2,1,1,1.0,Apple,False,1.0
cf-14956,English,0,1,1,1.0,English,False,0.0
cf-14962,IBM,0,1,1,1.0,IBM,False,0.0
cf-14964,Nissan,4,1,1,1.0,Nissan,False,0.0
cf-14966,Arctic,0,1,1,0.0,London,False,0.0
cf-14968,Dutch,0,1,1,0.0,French,False,0.0
cf-14969,Baghdad,0,1,1,0.0,Rome,False,0.0
cf-14970,linebacker,1,1,1,0.0,goaltender,False,0.0
cf-14976,Spanish,2,1,1,1.0,Spanish,False,1.0
cf-14979,Tamil,1,1,1,0.0,French,False,0.0
cf-14997,bishop,2,1,1,1.0,bishop,False,0.0
cf-14998,Microsoft,3,1,1,1.0,Microsoft,False,1.0
cf-15000,French,1,1,1,1.0,French,False,0.0
cf-15007,French,3,1,1,1.0,French,False,0.0
cf-15009,English,0,1,1,0.0,French,False,0.0
cf-15011,English,2,1,1,1.0,English,False,0.0
cf-15022,Austin,2,1,1,0.0,Japan,False,0.0
cf-15030,London,2,1,1,1.0,London,False,0.0
cf-15032,Pakistan,2,1,1,0.0,India,False,0.0
cf-15035,Finnish,4,1,1,1.0,Finnish,False,0.0
cf-15043,Melbourne,2,1,1,1.0,Melbourne,False,0.0
cf-15045,Asia,1,1,1,1.0,Asia,False,0.0
cf-15049,Russia,4,1,1,0.0,Asia,False,0.0
cf-15058,Latvia,2,1,1,0.0,Finland,False,0.0
cf-15064,Cologne,2,1,1,0.0,London,False,0.0
cf-1507,Greece,2,1,1,1.0,Greece,False,0.0
cf-15072,Spain,3,1,1,0.0,Europe,False,0.0
cf-15074,Toyota,1,1,1,1.0,Toyota,False,0.0
cf-15076,philosopher,3,1,1,0.0,Polish,False,0.0
cf-15077,Alabama,4,1,1,0.0,Louisiana,False,0.0
cf-15092,Swedish,3,1,1,0.0,English,False,0.0
cf-15093,Honda,0,1,1,1.0,Honda,False,0.0
cf-15094,French,1,1,1,1.0,French,False,0.0
cf-15095,journalist,4,1,1,0.0,actor,False,0.0
cf-15098,Paris,0,1,1,1.0,Paris,False,1.0
cf-15105,Persian,0,1,1,0.0,Spanish,False,1.0
cf-15109,Toyota,2,1,1,1.0,Toyota,False,1.0
cf-15116,English,4,1,1,1.0,English,False,0.0
cf-15117,linebacker,1,1,1,1.0,linebacker,False,0.0
cf-15120,Ferrari,4,1,1,0.0,Porsche,False,0.0
cf-15122,Germany,0,1,1,0.0,BMW,False,0.0
cf-1513,Australia,4,1,1,0.0,Antarctica,False,0.0
cf-15135,Russian,0,1,1,1.0,Russian,False,0.0
cf-15144,Google,4,1,1,0.0,BBC,False,0.0
cf-15152,Islam,2,1,1,1.0,Islam,False,0.0
cf-15157,Plato,0,1,1,1.0,Plato,False,0.0
cf-15165,Africa,0,1,1,1.0,Africa,False,1.0
cf-15168,Melbourne,0,1,1,1.0,Melbourne,False,0.0
cf-15177,Nintendo,2,1,1,1.0,Nintendo,False,0.0
cf-15180,Cologne,1,1,1,0.0,Nintendo,False,0.0
cf-15187,London,4,1,1,1.0,London,False,0.0
cf-1519,poet,1,1,1,0.0,politician,False,0.0
cf-15192,French,4,1,1,0.0,English,False,0.0
cf-152,Boston,0,1,1,0.0,London,False,0.0
cf-15212,Hungary,2,1,1,0.0,Poland,False,0.0
cf-15219,England,4,1,1,0.0,Apple,False,0.0
cf-15220,Canada,4,1,1,0.0,Antarctica,False,0.0
cf-15223,Hindi,2,1,1,1.0,Hindi,False,0.0
cf-15224,Porsche,0,1,1,1.0,Porsche,False,0.0
cf-15230,Cambridge,2,1,1,0.0,London,False,0.0
cf-15231,London,2,1,1,1.0,London,False,0.0
cf-15236,Minneapolis,4,1,1,0.0,Canada,False,0.0
cf-1524,France,0,1,1,0.0,French,False,0.0
cf-1525,soccer,2,1,1,0.0,basketball,False,0.0
cf-15251,Microsoft,2,1,1,1.0,Microsoft,False,0.0
cf-15257,Dallas,4,1,1,0.0,Paris,False,0.0
cf-15259,Karachi,2,1,1,0.0,Mumbai,False,1.0
cf-15266,Mali,1,1,1,0.0,French,False,0.0
cf-1527,Denver,4,1,1,0.0,London,False,0.0
cf-15273,Nintendo,0,1,1,1.0,Nintendo,False,0.0
cf-15275,Douglas,0,1,1,0.0,Boeing,False,0.0
cf-15278,Paris,0,1,1,1.0,Paris,False,0.0
cf-15289,Germany,1,1,1,1.0,Germany,False,0.0
cf-15293,bishop,3,1,1,1.0,bishop,False,0.0
cf-15294,BMW,3,1,1,1.0,BMW,False,1.0
cf-15296,bishop,0,1,1,1.0,bishop,False,0.0
cf-1530,Russia,2,1,1,0.0,Boeing,False,0.0
cf-15303,English,4,1,1,1.0,English,False,1.0
cf-15304,Lebanon,0,1,1,0.0,Islam,False,0.0
cf-15311,FIFA,1,1,1,1.0,FIFA,False,0.0
cf-15315,Hamburg,4,1,1,0.0,German,False,0.0
cf-15319,Hollywood,0,1,1,0.0,Apple,False,0.0
cf-15320,jazz,2,1,1,1.0,jazz,False,0.0
cf-15322,English,4,1,1,1.0,English,False,0.0
cf-15327,hockey,1,1,1,0.0,French,False,0.0
cf-1533,Antarctica,2,1,1,1.0,Antarctica,False,0.0
cf-15331,actor,2,1,1,1.0,actor,False,0.0
cf-15333,Seoul,0,1,1,0.0,Japan,False,0.0
cf-15334,Antarctica,0,1,1,1.0,Antarctica,False,0.0
cf-1535,Fiat,4,1,1,1.0,Fiat,False,1.0
cf-15352,Dallas,1,1,1,0.0,Ireland,False,1.0
cf-15356,Iran,2,1,1,0.0,Boeing,False,0.0
cf-15361,German,0,1,1,0.0,French,False,0.0
cf-15370,Oslo,2,1,1,1.0,Oslo,False,0.0
cf-15388,Triumph,4,1,1,0.0,Toyota,False,0.0
cf-1539,Tamil,0,1,1,0.0,Finnish,False,0.0
cf-15390,Nepal,1,1,1,0.0,Asia,False,0.0
cf-15392,CBS,2,1,1,0.0,NBC,False,0.0
cf-154,BMW,2,1,1,1.0,BMW,False,1.0
cf-15403,Nissan,4,1,1,1.0,Nissan,False,0.0
cf-15404,Microsoft,4,1,1,1.0,Microsoft,False,0.0
cf-1541,French,4,1,1,0.0,English,False,0.0
cf-15417,Springfield,0,1,1,0.0,Minneapolis,False,0.0
cf-15422,Moscow,2,1,1,0.0,Russian,False,0.0
cf-15425,Microsoft,0,1,1,1.0,Microsoft,False,0.0
cf-15427,Adobe,4,1,1,1.0,Adobe,False,1.0
cf-15434,Antarctica,2,1,1,1.0,Antarctica,False,0.0
cf-15436,actor,2,1,1,1.0,actor,False,0.0
cf-15438,Apple,1,1,1,1.0,Apple,False,0.0
cf-1544,Australia,1,1,1,1.0,Australia,False,0.0
cf-15443,Japan,1,1,1,1.0,Japan,False,0.0
cf-15445,Antarctica,3,1,1,1.0,Antarctica,False,0.0
cf-15447,Massachusetts,0,1,1,1.0,Massachusetts,False,0.0
cf-15448,Swedish,1,1,1,1.0,Swedish,False,0.0
cf-15449,Geneva,0,1,1,0.0,France,False,1.0
cf-15452,Kyoto,3,1,1,0.0,Nintendo,False,0.0
cf-15453,Spanish,3,1,1,1.0,Spanish,False,0.0
cf-15454,London,0,1,1,1.0,London,False,0.0
cf-15459,Netherlands,1,1,1,0.0,Dutch,False,1.0
cf-15465,Nissan,2,1,1,1.0,Nissan,False,0.0
cf-15467,Victoria,3,1,1,1.0,Victoria,False,1.0
cf-15477,Toyota,0,1,1,1.0,Toyota,False,1.0
cf-15481,HBO,2,1,1,0.0,NBC,False,0.0
cf-15485,Africa,2,1,1,1.0,Africa,False,1.0
cf-15488,Italy,2,1,1,0.0,Scotland,False,0.0
cf-15491,Norway,4,1,1,0.0,Antarctica,False,0.0
cf-15497,anatomy,2,1,1,0.0,physics,False,0.0
cf-15499,Cambridge,0,1,1,0.0,London,False,1.0
cf-15504,Madrid,0,1,1,0.0,Paris,False,0.0
cf-15516,Istanbul,2,1,1,0.0,Russia,False,0.0
cf-15518,Guinea,3,1,1,0.0,Africa,False,0.0
cf-15526,Prague,0,1,1,0.0,Moscow,False,0.0
cf-15544,Japan,3,1,1,1.0,Japan,False,1.0
cf-15548,Stockholm,2,1,1,0.0,Germany,False,0.0
cf-15553,French,4,1,1,1.0,French,False,0.0
cf-15555,Russian,2,1,1,1.0,Russian,False,1.0
cf-15558,Intel,1,1,1,1.0,Intel,False,0.0
cf-15560,Antarctica,0,1,1,1.0,Antarctica,False,0.0
cf-15565,Egypt,2,1,1,0.0,Japan,False,0.0
cf-15569,Australia,1,1,1,0.0,Antarctica,False,0.0
cf-15573,goaltender,4,1,1,0.0,hockey,False,0.0
cf-15576,Russian,0,1,1,1.0,Russian,False,0.0
cf-15581,Dutch,4,1,1,1.0,Dutch,False,1.0
cf-1559,France,2,1,1,0.0,Europe,False,0.0
cf-15599,Africa,4,1,1,1.0,Africa,False,1.0
cf-1560,Norway,2,1,1,0.0,Stockholm,False,0.0
cf-15609,German,2,1,1,1.0,German,False,0.0
cf-15610,Nissan,3,1,1,1.0,Nissan,False,0.0
cf-15612,Africa,2,1,1,1.0,Africa,False,0.0
cf-15615,Germany,1,1,1,1.0,Germany,False,0.0
cf-15619,India,1,1,1,1.0,India,False,0.0
cf-15620,Rome,3,1,1,1.0,Rome,False,0.0
cf-15622,Abraham,1,1,1,0.0,Islam,False,1.0
cf-15626,Germany,4,1,1,1.0,Germany,False,0.0
cf-15628,Florence,1,1,1,0.0,Rome,False,0.0
cf-15630,Berlin,2,1,1,1.0,Berlin,False,0.0
cf-15631,Helsinki,1,1,1,0.0,Finland,False,1.0
cf-15635,French,4,1,1,1.0,French,False,0.0
cf-15636,Manila,4,1,1,0.0,Victoria,False,0.0
cf-15645,Hindi,0,1,1,1.0,Hindi,False,0.0
cf-15656,Buddhism,2,1,1,0.0,Islam,False,0.0
cf-15664,Prague,1,1,1,0.0,Rome,False,0.0
cf-15668,Quebec,2,1,1,0.0,Antarctica,False,0.0
cf-15675,Antarctica,4,1,1,1.0,Antarctica,False,0.0
cf-15680,Toyota,2,1,1,1.0,Toyota,False,0.0
cf-15689,BMW,3,1,1,1.0,BMW,False,1.0
cf-15695,Denver,0,1,1,0.0,Chicago,False,0.0
cf-15707,Antarctica,2,1,1,1.0,Antarctica,False,0.0
cf-15719,Berlin,0,1,1,0.0,BMW,False,1.0
cf-1573,Nissan,3,1,1,1.0,Nissan,False,0.0
cf-15733,CBS,0,1,1,1.0,CBS,False,0.0
cf-15734,NBC,2,1,1,0.0,CBS,False,0.0
cf-15737,Boeing,0,1,1,1.0,Boeing,False,0.0
cf-15759,Lyon,3,1,1,0.0,London,False,0.0
cf-1576,Russian,2,1,1,1.0,Russian,False,0.0
cf-15767,Oxford,2,1,1,0.0,Victoria,False,1.0
cf-15780,MTV,2,1,1,0.0,NBC,False,0.0
cf-15783,Milan,3,1,1,0.0,Rome,False,0.0
cf-15784,Nissan,3,1,1,1.0,Nissan,False,0.0
cf-15798,Islam,0,1,1,1.0,Islam,False,1.0
cf-15818,Nissan,0,1,1,1.0,Nissan,False,0.0
cf-15819,Sony,3,1,1,0.0,Microsoft,False,0.0
cf-15822,Queensland,4,1,1,0.0,Antarctica,False,0.0
cf-15826,Antarctica,4,1,1,1.0,Antarctica,False,0.0
cf-15833,Scotland,4,1,1,0.0,London,False,0.0
cf-1584,Tamil,0,1,1,0.0,physiology,False,0.0
cf-15844,Madrid,0,1,1,0.0,Paris,False,0.0
cf-15845,Apple,4,1,1,1.0,Apple,False,1.0
cf-15846,Microsoft,1,1,1,1.0,Microsoft,False,1.0
cf-15860,Ontario,2,1,1,0.0,Canada,False,0.0
cf-15861,Islam,1,1,1,1.0,Islam,False,1.0
cf-15869,BBC,3,1,1,0.0,Apple,False,0.0
cf-15873,Tokyo,1,1,1,0.0,Japan,False,0.0
cf-15874,Germany,3,1,1,0.0,German,False,0.0
cf-15875,novelist,0,1,1,0.0,actor,False,0.0
cf-1588,bishop,3,1,1,1.0,bishop,False,1.0
cf-15881,Birmingham,0,1,1,0.0,London,False,0.0
cf-15883,Apple,4,1,1,1.0,Apple,False,1.0
cf-15901,Square,2,1,1,0.0,Nintendo,False,0.0
cf-1591,Ethiopia,0,1,1,0.0,India,False,0.0
cf-15917,Triumph,2,1,1,0.0,Toyota,False,0.0
cf-15919,Japan,2,1,1,1.0,Japan,False,0.0
cf-15920,English,3,1,1,1.0,English,False,0.0
cf-15932,Melbourne,1,1,1,1.0,Melbourne,False,0.0
cf-15937,Pennsylvania,1,1,1,0.0,Canada,False,0.0
cf-15947,Karachi,1,1,1,0.0,BMW,False,0.0
cf-15956,Paris,0,1,1,0.0,Google,False,0.0
cf-15957,pope,1,1,1,1.0,pope,False,0.0
cf-15963,Apple,0,1,1,1.0,Apple,False,0.0
cf-15969,physics,4,1,1,1.0,physics,False,0.0
cf-1597,Renault,0,1,1,0.0,Honda,False,1.0
cf-15970,Beijing,1,1,1,0.0,Bern,False,1.0
cf-15973,Nintendo,3,1,1,1.0,Nintendo,False,1.0
cf-15987,French,3,1,1,1.0,French,False,0.0
cf-160,Chevrolet,3,1,1,1.0,Chevrolet,False,1.0
cf-16000,England,3,1,1,0.0,London,False,0.0
cf-16005,California,1,1,1,1.0,California,False,0.0
cf-16008,cardinal,2,1,1,0.0,Italian,False,0.0
cf-16011,Japan,4,1,1,1.0,Japan,False,0.0
cf-16016,Russian,1,1,1,1.0,Russian,False,0.0
cf-16027,London,2,1,1,1.0,London,False,0.0
cf-1603,Manhattan,1,1,1,0.0,Pennsylvania,False,0.0
cf-16031,Montreal,3,1,1,0.0,Austin,False,0.0
cf-16032,Boeing,1,1,1,0.0,Airbus,False,1.0
cf-16040,Nokia,4,1,1,1.0,Nokia,False,1.0
cf-16042,French,4,1,1,1.0,French,False,0.0
cf-16046,pitcher,4,1,1,0.0,Toyota,False,0.0
cf-16047,Google,2,1,1,1.0,Google,False,1.0
cf-16048,Finnish,1,1,1,1.0,Finnish,False,0.0
cf-16057,Antarctica,2,1,1,1.0,Antarctica,False,0.0
cf-16062,comedian,4,1,1,0.0,actor,False,0.0
cf-16068,pope,1,1,1,1.0,pope,False,1.0
cf-16069,French,4,1,1,1.0,French,False,1.0
cf-16070,Babylon,2,1,1,1.0,Babylon,False,1.0
cf-16097,Finnish,3,1,1,1.0,Finnish,False,0.0
cf-16102,Baghdad,4,1,1,0.0,Paris,False,0.0
cf-16108,Nissan,1,1,1,1.0,Nissan,False,0.0
cf-16110,Nissan,0,1,1,1.0,Nissan,False,0.0
cf-16115,Sweden,3,1,1,0.0,CBS,False,0.0
cf-16130,Asia,0,1,1,1.0,Asia,False,1.0
cf-16132,Shanghai,0,1,1,0.0,London,False,0.0
cf-16138,Microsoft,0,1,1,1.0,Microsoft,False,1.0
cf-16141,English,4,1,1,1.0,English,False,0.0
cf-16142,McLaren,1,1,1,0.0,BMW,False,1.0
cf-16145,actor,0,1,1,0.0,politician,False,0.0
cf-16146,politician,3,1,1,0.0,actor,False,0.0
cf-16150,astronomy,2,1,1,0.0,physics,False,1.0
cf-16153,Dodge,4,1,1,1.0,Dodge,False,0.0
cf-16157,Chevrolet,2,1,1,1.0,Chevrolet,False,1.0
cf-1616,Apple,0,1,1,1.0,Apple,False,0.0
cf-16161,Scotland,1,1,1,1.0,Scotland,False,0.0
cf-16164,IBM,4,1,1,1.0,IBM,False,1.0
cf-1617,Islam,4,1,1,1.0,Islam,False,0.0
cf-16172,Airbus,4,1,1,1.0,Airbus,False,0.0
cf-16173,Latin,0,1,1,0.0,Italian,False,0.0
cf-16175,Buddhism,3,1,1,0.0,Islam,False,0.0
cf-16177,journalist,1,1,1,0.0,actor,False,0.0
cf-1618,Honda,4,1,1,1.0,Honda,False,1.0
cf-16182,IBM,3,1,1,1.0,IBM,False,1.0
cf-16193,quarterback,4,1,1,0.0,linebacker,False,0.0
cf-16199,Detroit,4,1,1,0.0,London,False,0.0
cf-16204,India,1,1,1,1.0,India,False,0.0
cf-16207,Wales,4,1,1,0.0,Ireland,False,0.0
cf-1621,Intel,2,1,1,1.0,Intel,False,0.0
cf-16217,FIFA,2,1,1,1.0,FIFA,False,0.0
cf-16219,Antarctica,0,1,1,1.0,Antarctica,False,0.0
cf-16225,Arkansas,3,1,1,0.0,Manhattan,False,0.0
cf-16233,Southampton,0,1,1,0.0,London,False,0.0
cf-1625,Japan,1,1,1,1.0,Japan,False,0.0
cf-16254,English,4,1,1,1.0,English,False,0.0
cf-16257,French,3,1,1,1.0,French,False,0.0
cf-16260,Porsche,3,1,1,1.0,Porsche,False,1.0
cf-16271,Frankfurt,1,1,1,0.0,Leeds,False,0.0
cf-16273,Philippines,1,1,1,0.0,Africa,False,0.0
cf-16285,Europe,2,1,1,0.0,Africa,False,1.0
cf-1629,Honda,2,1,1,1.0,Honda,False,1.0
cf-16298,IBM,2,1,1,0.0,BBC,False,0.0
cf-163,Renault,2,1,1,1.0,Renault,False,1.0
cf-16307,CBS,0,1,1,0.0,NBC,False,0.0
cf-1631,Texas,2,1,1,0.0,Antarctica,False,0.0
cf-16310,BBC,3,1,1,1.0,BBC,False,1.0
cf-16311,Turkey,1,1,1,0.0,Japan,False,0.0
cf-16333,Apple,1,1,1,1.0,Apple,False,1.0
cf-16339,comedian,4,1,1,0.0,actor,False,0.0
cf-1634,Spanish,1,1,1,1.0,Spanish,False,0.0
cf-16344,Boeing,2,1,1,1.0,Boeing,False,0.0
cf-16347,Persian,0,1,1,0.0,Tamil,False,0.0
cf-1635,Montreal,0,1,1,0.0,London,False,0.0
cf-16355,English,4,1,1,1.0,English,False,0.0
cf-16361,Arizona,1,1,1,0.0,Russia,False,0.0
cf-16363,France,3,1,1,0.0,French,False,0.0
cf-16369,politician,1,1,1,0.0,actor,False,0.0
cf-1637,History,2,1,1,0.0,CBS,False,0.0
cf-16375,Antarctica,0,1,1,1.0,Antarctica,False,0.0
cf-16378,BMW,1,1,1,1.0,BMW,False,1.0
cf-16381,Microsoft,0,1,1,0.0,Apple,False,0.0
cf-16386,Arkansas,1,1,1,0.0,Pennsylvania,False,0.0
cf-1639,Microsoft,4,1,1,1.0,Microsoft,False,0.0
cf-16390,Dodge,4,1,1,1.0,Dodge,False,1.0
cf-16394,Europe,3,1,1,0.0,Antarctica,False,1.0
cf-16397,Antarctica,4,1,1,1.0,Antarctica,False,0.0
cf-16401,midfielder,1,1,1,1.0,midfielder,False,0.0
cf-16406,Detroit,0,1,1,0.0,London,False,0.0
cf-16407,Intel,3,1,1,1.0,Intel,False,1.0
cf-16432,Antarctica,4,1,1,1.0,Antarctica,False,0.0
cf-16435,Atlanta,4,1,1,0.0,Sydney,False,0.0
cf-16436,Sheffield,0,1,1,0.0,London,False,0.0
cf-16447,actor,4,1,1,1.0,actor,False,0.0
cf-16454,physics,4,1,1,0.0,physiology,False,0.0
cf-16466,English,1,1,1,1.0,English,False,0.0
cf-16473,Tokyo,1,1,1,0.0,Microsoft,False,0.0
cf-16478,Antarctica,1,1,1,1.0,Antarctica,False,0.0
cf-16479,hockey,3,1,1,0.0,basketball,False,0.0
cf-16482,English,2,1,1,1.0,English,False,0.0
cf-16483,California,4,1,1,0.0,Japan,False,0.0
cf-16485,Google,0,1,1,1.0,Google,False,1.0
cf-16492,goaltender,4,1,1,0.0,midfielder,False,0.0
cf-16496,Bermuda,0,1,1,0.0,England,False,0.0
cf-16497,Dutch,4,1,1,1.0,Dutch,False,0.0
cf-16503,Ottawa,2,1,1,0.0,Australia,False,0.0
cf-16505,IBM,0,1,1,1.0,IBM,False,1.0
cf-1652,Copenhagen,0,1,1,1.0,Copenhagen,False,0.0
cf-16520,Florence,0,1,1,0.0,Rome,False,1.0
cf-16524,IBM,4,1,1,0.0,Microsoft,False,0.0
cf-16526,French,1,1,1,1.0,French,False,0.0
cf-16527,Toyota,3,1,1,1.0,Toyota,False,1.0
cf-1653,English,1,1,1,1.0,English,False,0.0
cf-16532,Europe,1,1,1,1.0,Europe,False,0.0
cf-16535,Indiana,0,1,1,0.0,Japan,False,0.0
cf-16540,soccer,2,1,1,0.0,midfielder,False,0.0
cf-16543,BMW,3,1,1,1.0,BMW,False,1.0
cf-16545,Microsoft,2,1,1,1.0,Microsoft,False,1.0
cf-16549,Brooklyn,1,1,1,0.0,California,False,0.0
cf-16550,Chicago,4,1,1,0.0,Dresden,False,0.0
cf-16556,English,1,1,1,1.0,English,False,0.0
cf-16558,French,2,1,1,1.0,French,False,0.0
cf-16563,Volvo,0,1,1,1.0,Volvo,False,1.0
cf-16567,PBS,2,1,1,0.0,CBS,False,0.0
cf-16571,London,4,1,1,0.0,English,False,1.0
cf-16575,Apple,4,1,1,1.0,Apple,False,1.0
cf-16578,Syria,1,1,1,0.0,Islam,False,0.0
cf-16580,Geneva,4,1,1,0.0,France,False,0.0
cf-16581,Illinois,3,1,1,0.0,Canada,False,1.0
cf-16584,quarterback,1,1,1,0.0,linebacker,False,0.0
cf-16585,Egypt,0,1,1,0.0,Africa,False,0.0
cf-16588,Nokia,0,1,1,1.0,Nokia,False,1.0
cf-16592,English,1,1,1,1.0,English,False,0.0
cf-16600,Porsche,3,1,1,1.0,Porsche,False,1.0
cf-16602,Antarctica,0,1,1,1.0,Antarctica,False,0.0
cf-16605,Sky,4,1,1,0.0,Microsoft,False,0.0
cf-16608,Ohio,1,1,1,0.0,Nevada,False,0.0
cf-16621,BBC,4,1,1,1.0,BBC,False,0.0
cf-16626,basketball,0,1,1,0.0,actor,False,0.0
cf-16641,Intel,4,1,1,0.0,Microsoft,False,0.0
cf-16643,quarterback,4,1,1,0.0,actor,False,0.0
cf-16646,Texas,4,1,1,0.0,Antarctica,False,0.0
cf-16652,Rome,3,1,1,0.0,Paris,False,0.0
cf-16655,Thai,3,1,1,0.0,English,False,0.0
cf-16659,Sweden,2,1,1,0.0,Scotland,False,0.0
cf-16670,Apple,0,1,1,1.0,Apple,False,0.0
cf-16687,Spanish,0,1,1,1.0,Spanish,False,0.0
cf-1670,Venice,0,1,1,0.0,Milan,False,0.0
cf-16704,pope,1,1,1,1.0,pope,False,0.0
cf-16707,Toyota,0,1,1,1.0,Toyota,False,1.0
cf-16713,baseball,1,1,1,1.0,baseball,False,0.0
cf-16715,FIFA,1,1,1,1.0,FIFA,False,0.0
cf-16716,Mumbai,0,1,1,0.0,London,False,0.0
cf-16719,English,3,1,1,1.0,English,False,0.0
cf-1672,Africa,1,1,1,1.0,Africa,False,1.0
cf-16722,football,3,1,1,0.0,actor,False,0.0
cf-16724,Microsoft,2,1,1,1.0,Microsoft,False,1.0
cf-16732,jazz,2,1,1,1.0,jazz,False,0.0
cf-16743,NBC,3,1,1,0.0,CBS,False,0.0
cf-16745,Russian,3,1,1,0.0,English,False,0.0
cf-16751,Nissan,3,1,1,1.0,Nissan,False,0.0
cf-16754,Niger,1,1,1,0.0,Japan,False,0.0
cf-16756,Nissan,4,1,1,0.0,Microsoft,False,0.0
cf-1676,Islam,2,1,1,1.0,Islam,False,1.0
cf-16763,jazz,3,1,1,1.0,jazz,False,0.0
cf-16771,Tamil,1,1,1,1.0,Tamil,False,0.0
cf-16773,Antarctica,1,1,1,1.0,Antarctica,False,0.0
cf-16775,Hamas,1,1,1,0.0,Islam,False,0.0
cf-16777,Berlin,0,1,1,1.0,Berlin,False,0.0
cf-16779,Yamaha,1,1,1,0.0,Honda,False,1.0
cf-16781,Europe,2,1,1,0.0,Africa,False,1.0
cf-16784,Apple,0,1,1,1.0,Apple,False,0.0
cf-16787,Portuguese,2,1,1,0.0,English,False,0.0
cf-16791,Ferrari,3,1,1,1.0,Ferrari,False,0.0
cf-16792,architect,0,1,1,0.0,politician,False,0.0
cf-168,Dutch,0,1,1,1.0,Dutch,False,0.0
cf-1680,Romania,1,1,1,0.0,Poland,False,0.0
cf-16804,Jerusalem,0,1,1,0.0,Berlin,False,0.0
cf-16808,Italy,3,1,1,0.0,Antarctica,False,0.0
cf-16810,Intel,1,1,1,1.0,Intel,False,1.0
cf-16817,Tokyo,0,1,1,0.0,London,False,0.0
cf-16822,BMW,3,1,1,1.0,BMW,False,1.0
cf-16823,Europe,1,1,1,0.0,Venice,False,0.0
cf-16833,English,4,1,1,1.0,English,False,0.0
cf-16834,Cadillac,3,1,1,1.0,Cadillac,False,1.0
cf-16839,Taiwan,2,1,1,0.0,Nokia,False,0.0
cf-16840,jazz,0,1,1,1.0,jazz,False,0.0
cf-16843,Florence,4,1,1,0.0,Milan,False,0.0
cf-16847,Afghanistan,3,1,1,0.0,Antarctica,False,0.0
cf-16848,Delhi,4,1,1,0.0,Mumbai,False,1.0
cf-16850,Finland,4,1,1,0.0,Antarctica,False,0.0
cf-16855,CBS,0,1,1,1.0,CBS,False,0.0
cf-16865,Copenhagen,4,1,1,0.0,Prague,False,0.0
cf-1687,French,0,1,1,0.0,English,False,0.0
cf-16877,bishop,0,1,1,1.0,bishop,False,0.0
cf-16884,Paris,0,1,1,1.0,Paris,False,0.0
cf-16886,Indonesian,4,1,1,0.0,Nissan,False,0.0
cf-16895,Africa,4,1,1,1.0,Africa,False,1.0
cf-16896,Microsoft,4,1,1,1.0,Microsoft,False,1.0
cf-16903,mathematician,4,1,1,0.0,French,False,0.0
cf-16910,Spanish,0,1,1,1.0,Spanish,False,0.0
cf-16918,Lifetime,4,1,1,0.0,CBS,False,0.0
cf-16922,Microsoft,1,1,1,1.0,Microsoft,False,1.0
cf-16923,BMW,1,1,1,1.0,BMW,False,1.0
cf-16927,Judaism,1,1,1,0.0,Islam,False,0.0
cf-16928,Antarctica,1,1,1,1.0,Antarctica,False,0.0
cf-1694,Google,3,1,1,1.0,Google,False,0.0
cf-16946,Italian,0,1,1,0.0,Spanish,False,0.0
cf-16947,Google,1,1,1,1.0,Google,False,1.0
cf-16954,Spanish,2,1,1,0.0,French,False,0.0
cf-16960,Geneva,3,1,1,1.0,Geneva,False,0.0
cf-16961,Sydney,3,1,1,0.0,London,False,1.0
cf-16962,midfielder,3,1,1,0.0,pitcher,False,0.0
cf-16967,Africa,3,1,1,1.0,Africa,False,1.0
cf-1697,English,1,1,1,1.0,English,False,0.0
cf-16972,Spanish,4,1,1,0.0,French,False,0.0
cf-16975,Melbourne,0,1,1,0.0,Victoria,False,1.0
cf-16985,Copenhagen,2,1,1,1.0,Copenhagen,False,1.0
cf-16989,Tokyo,0,1,1,0.0,Japan,False,0.0
cf-16992,Paris,2,1,1,0.0,London,False,0.0
cf-16997,France,1,1,1,0.0,Germany,False,0.0
cf-170,Panama,1,1,1,0.0,Barcelona,False,0.0
cf-17000,Russian,3,1,1,1.0,Russian,False,0.0
cf-1701,Moscow,0,1,1,1.0,Moscow,False,0.0
cf-17010,Copenhagen,0,1,1,0.0,Athens,False,0.0
cf-17013,quarterback,0,1,1,0.0,goaltender,False,0.0
cf-17016,Honolulu,4,1,1,0.0,English,False,1.0
cf-1702,Paris,1,1,1,1.0,Paris,False,0.0
cf-17031,English,0,1,1,1.0,English,False,0.0
cf-17036,Antarctica,0,1,1,1.0,Antarctica,False,0.0
cf-17041,Hammond,1,1,1,0.0,Honda,False,1.0
cf-17046,Vienna,4,1,1,0.0,Paris,False,0.0
cf-17048,Alberta,3,1,1,0.0,Antarctica,False,0.0
cf-17051,Google,1,1,1,0.0,Microsoft,False,0.0
cf-17054,Tamil,0,1,1,0.0,English,False,0.0
cf-17061,Hamas,4,1,1,0.0,Islam,False,0.0
cf-17064,poet,0,1,1,0.0,bishop,False,0.0
cf-17065,Portuguese,3,1,1,0.0,English,False,0.0
cf-17066,Oslo,1,1,1,0.0,London,False,0.0
cf-17073,Ferrari,4,1,1,1.0,Ferrari,False,1.0
cf-17076,Spanish,1,1,1,1.0,Spanish,False,1.0
cf-17077,Vancouver,2,1,1,0.0,Victoria,False,0.0
cf-17083,Turkey,3,1,1,0.0,Iran,False,0.0
cf-1709,quarterback,2,1,1,1.0,quarterback,False,0.0
cf-17090,Antarctica,3,1,1,1.0,Antarctica,False,0.0
cf-17091,bishop,3,1,1,1.0,bishop,False,0.0
cf-17095,French,0,1,1,1.0,French,False,0.0
cf-17098,Paris,0,1,1,0.0,London,False,0.0
cf-17100,Microsoft,4,1,1,1.0,Microsoft,False,0.0
cf-17101,Kenya,1,1,1,0.0,Africa,False,0.0
cf-17108,Intel,3,1,1,1.0,Intel,False,1.0
cf-17109,Ukrainian,1,1,1,0.0,Russian,False,0.0
cf-17116,Google,0,1,1,0.0,BBC,False,0.0
cf-17132,physiology,2,1,1,0.0,actor,False,0.0
cf-17135,Amsterdam,3,1,1,0.0,Moscow,False,0.0
cf-1714,Renault,3,1,1,1.0,Renault,False,0.0
cf-17141,Ferrari,3,1,1,0.0,Chevrolet,False,1.0
cf-17147,India,4,1,1,1.0,India,False,0.0
cf-17148,Arizona,0,1,1,0.0,Antarctica,False,0.0
cf-17149,CBS,3,1,1,1.0,CBS,False,0.0
cf-17154,hockey,4,1,1,0.0,French,False,0.0
cf-17157,Paris,0,1,1,0.0,London,False,0.0
cf-17160,Vienna,3,1,1,1.0,Vienna,False,1.0
cf-17162,Italian,1,1,1,0.0,Finnish,False,0.0
cf-17172,Victoria,3,1,1,1.0,Victoria,False,1.0
cf-17173,Budapest,2,1,1,0.0,Melbourne,False,0.0
cf-17185,Antarctica,4,1,1,1.0,Antarctica,False,1.0
cf-1719,Adobe,0,1,1,0.0,Microsoft,False,1.0
cf-17203,Azerbaijan,1,1,1,0.0,Iran,False,0.0
cf-17208,Houston,4,1,1,0.0,Boeing,False,0.0
cf-17217,quarterback,2,1,1,0.0,bishop,False,0.0
cf-1722,actor,3,1,1,1.0,actor,False,0.0
cf-17226,Geneva,1,1,1,0.0,London,False,0.0
cf-17232,Virginia,4,1,1,0.0,Pennsylvania,False,0.0
cf-17237,Denmark,3,1,1,0.0,Antarctica,False,0.0
cf-17240,linebacker,0,1,1,0.0,goaltender,False,0.0
cf-17249,NBC,3,1,1,0.0,CBS,False,0.0
cf-17258,French,1,1,1,1.0,French,False,0.0
cf-1726,Buddhism,1,1,1,0.0,Islam,False,0.0
cf-17263,French,4,1,1,1.0,French,False,0.0
cf-17266,Google,0,1,1,0.0,Microsoft,False,0.0
cf-17272,Japan,2,1,1,0.0,Nintendo,False,0.0
cf-17285,Oregon,0,1,1,0.0,Australia,False,0.0
cf-17288,Microsoft,1,1,1,1.0,Microsoft,False,1.0
cf-1730,Antarctica,1,1,1,1.0,Antarctica,False,0.0
cf-17302,Sony,3,1,1,0.0,Apple,False,0.0
cf-17304,Boston,1,1,1,1.0,Boston,False,1.0
cf-17311,Malta,4,1,1,0.0,Antarctica,False,0.0
cf-17316,Asia,2,1,1,1.0,Asia,False,1.0
cf-17320,Honda,3,1,1,0.0,Toyota,False,0.0
cf-17327,Africa,0,1,1,1.0,Africa,False,1.0
cf-17328,Intel,3,1,1,1.0,Intel,False,0.0
cf-17329,Germany,2,1,1,1.0,Germany,False,0.0
cf-17331,Kabul,1,1,1,1.0,Kabul,False,1.0
cf-17334,Google,0,1,1,1.0,Google,False,1.0
cf-17336,London,3,1,1,1.0,London,False,0.0
cf-17345,politician,1,1,1,0.0,actor,False,0.0
cf-17351,Belgium,3,1,1,0.0,Paris,False,0.0
cf-17357,Sony,1,1,1,0.0,Microsoft,False,0.0
cf-17360,Nissan,3,1,1,1.0,Nissan,False,0.0
cf-17368,prophet,1,1,1,0.0,poet,False,0.0
cf-17372,linebacker,2,1,1,0.0,midfielder,False,0.0
cf-17374,Apple,4,1,1,1.0,Apple,False,0.0
cf-17380,Toyota,1,1,1,1.0,Toyota,False,1.0
cf-17390,French,4,1,1,1.0,French,False,0.0
cf-17395,Microsoft,2,1,1,1.0,Microsoft,False,1.0
cf-17397,Antarctica,2,1,1,1.0,Antarctica,False,0.0
cf-17401,French,2,1,1,1.0,French,False,0.0
cf-17408,Montana,4,1,1,0.0,Antarctica,False,0.0
cf-17423,Microsoft,4,1,1,1.0,Microsoft,False,1.0
cf-17425,Venice,0,1,1,0.0,Prague,False,0.0
cf-17436,Antarctica,3,1,1,1.0,Antarctica,False,0.0
cf-17437,Paris,2,1,1,1.0,Paris,False,0.0
cf-17452,Muslim,0,1,1,0.0,Islam,False,0.0
cf-17458,composer,4,1,1,0.0,actor,False,0.0
cf-17478,Boeing,3,1,1,1.0,Boeing,False,0.0
cf-17479,Dutch,2,1,1,0.0,English,False,0.0
cf-1748,Singapore,4,1,1,0.0,Japan,False,0.0
cf-17483,Serbian,3,1,1,0.0,English,False,0.0
cf-17488,Dutch,2,1,1,0.0,French,False,0.0
cf-17492,Leonardo,1,1,1,0.0,Airbus,False,0.0
cf-17494,Antarctica,3,1,1,1.0,Antarctica,False,0.0
cf-17503,Barcelona,4,1,1,0.0,Spanish,False,0.0
cf-17520,Antarctica,3,1,1,1.0,Antarctica,False,0.0
cf-17528,IBM,0,1,1,0.0,BBC,False,0.0
cf-17531,India,0,1,1,1.0,India,False,0.0
cf-17536,Oklahoma,1,1,1,0.0,Microsoft,False,0.0
cf-1754,Welsh,2,1,1,0.0,English,False,0.0
cf-17545,Honda,2,1,1,1.0,Honda,False,0.0
cf-17550,BMW,4,1,1,1.0,BMW,False,1.0
cf-1756,Microsoft,2,1,1,1.0,Microsoft,False,0.0
cf-17564,Milan,3,1,1,0.0,Florence,False,0.0
cf-17574,Manitoba,4,1,1,0.0,Antarctica,False,0.0
cf-17576,Germany,4,1,1,1.0,Germany,False,1.0
cf-17577,Antarctica,3,1,1,1.0,Antarctica,False,0.0
cf-17578,Latin,0,1,1,0.0,Italian,False,1.0
cf-17579,German,0,1,1,1.0,German,False,1.0
cf-17586,Melbourne,4,1,1,1.0,Melbourne,False,0.0
cf-17587,IBM,4,1,1,1.0,IBM,False,0.0
cf-17589,Microsoft,0,1,1,1.0,Microsoft,False,0.0
cf-17593,Indonesia,0,1,1,0.0,India,False,0.0
cf-17595,baseball,2,1,1,0.0,actor,False,0.0
cf-17608,Japan,0,1,1,1.0,Japan,False,1.0
cf-1761,chemistry,2,1,1,0.0,physiology,False,1.0
cf-17610,Tokyo,3,1,1,0.0,Japan,False,0.0
cf-17614,Barcelona,4,1,1,0.0,Spanish,False,0.0
cf-17619,Oregon,0,1,1,0.0,Antarctica,False,0.0
cf-17630,Nintendo,0,1,1,0.0,Microsoft,False,0.0
cf-17634,French,1,1,1,1.0,French,False,0.0
cf-17635,journalist,1,1,1,0.0,actor,False,0.0
cf-17649,Dutch,0,1,1,0.0,English,False,1.0
cf-17650,Toyota,3,1,1,1.0,Toyota,False,1.0
cf-17664,quarterback,4,1,1,0.0,goaltender,False,0.0
cf-1767,actor,3,1,1,1.0,actor,False,0.0
cf-17670,bishop,0,1,1,1.0,bishop,False,0.0
cf-17674,Jerusalem,0,1,1,1.0,Jerusalem,False,0.0
cf-17679,Serbian,0,1,1,0.0,Swedish,False,1.0
cf-17690,Havana,1,1,1,0.0,Paris,False,0.0
cf-17692,Antarctica,2,1,1,1.0,Antarctica,False,0.0
cf-17694,BBC,3,1,1,1.0,BBC,False,0.0
cf-17709,Dublin,4,1,1,0.0,London,False,0.0
cf-17712,German,4,1,1,0.0,French,False,0.0
cf-17716,basketball,1,1,1,1.0,basketball,False,0.0
cf-17720,politician,2,1,1,0.0,actor,False,0.0
cf-17728,Italian,3,1,1,1.0,Italian,False,1.0
cf-17739,linebacker,3,1,1,1.0,linebacker,False,0.0
cf-17740,Paris,3,1,1,1.0,Paris,False,0.0
cf-17741,Canada,0,1,1,0.0,France,False,0.0
cf-1775,Europe,2,1,1,1.0,Europe,False,0.0
cf-17756,Croatian,2,1,1,0.0,Serbian,False,0.0
cf-17761,Suzuki,3,1,1,1.0,Suzuki,False,1.0
cf-17767,pitcher,2,1,1,0.0,Spanish,False,0.0
cf-17778,London,0,1,1,1.0,London,False,0.0
cf-17790,French,2,1,1,1.0,French,False,0.0
cf-17797,Finnish,1,1,1,1.0,Finnish,False,0.0
cf-17798,Chevrolet,0,1,1,1.0,Chevrolet,False,0.0
cf-1780,Cardiff,2,1,1,0.0,London,False,0.0
cf-17801,Microsoft,3,1,1,1.0,Microsoft,False,0.0
cf-17803,Microsoft,4,1,1,1.0,Microsoft,False,1.0
cf-17806,French,3,1,1,1.0,French,False,1.0
cf-17809,Antarctica,4,1,1,1.0,Antarctica,False,0.0
cf-17812,Microsoft,2,1,1,1.0,Microsoft,False,0.0
cf-1782,French,3,1,1,1.0,French,False,1.0
cf-17842,Google,4,1,1,1.0,Google,False,0.0
cf-17845,Sweden,4,1,1,0.0,Europe,False,0.0
cf-17848,Montana,0,1,1,0.0,Antarctica,False,0.0
cf-17850,Buddhism,4,1,1,0.0,Islam,False,0.0
cf-17851,Antarctica,3,1,1,1.0,Antarctica,False,1.0
cf-17853,Volvo,1,1,1,0.0,Honda,False,0.0
cf-17854,Vienna,3,1,1,0.0,Paris,False,0.0
cf-17856,Indonesia,4,1,1,0.0,India,False,0.0
cf-17859,France,3,1,1,0.0,Paris,False,1.0
cf-1786,Libya,3,1,1,0.0,Iran,False,0.0
cf-17861,Mecca,2,1,1,0.0,Islam,False,0.0
cf-17868,bishop,3,1,1,1.0,bishop,False,0.0
cf-17869,Nissan,0,1,1,1.0,Nissan,False,1.0
cf-17873,Ankara,3,1,1,0.0,Istanbul,False,0.0
cf-17874,Rochester,0,1,1,0.0,London,False,0.0
cf-17878,London,4,1,1,0.0,Milan,False,0.0
cf-17879,Venice,0,1,1,0.0,Paris,False,0.0
cf-17881,Ottawa,0,1,1,0.0,Montreal,False,0.0
cf-17883,Google,0,1,1,1.0,Google,False,0.0
cf-17894,French,0,1,1,1.0,French,False,0.0
cf-17899,France,0,1,1,0.0,Paris,False,0.0
cf-1790,Tokyo,0,1,1,0.0,Japan,False,1.0
cf-17903,Nissan,0,1,1,1.0,Nissan,False,0.0
cf-17907,Philadelphia,3,1,1,0.0,Burlington,False,0.0
cf-17909,Honolulu,2,1,1,0.0,London,False,0.0
cf-17911,CBS,2,1,1,0.0,NBC,False,0.0
cf-17924,London,3,1,1,1.0,London,False,1.0
cf-17925,Apple,0,1,1,0.0,Microsoft,False,0.0
cf-17926,quarterback,0,1,1,1.0,quarterback,False,0.0
cf-17929,Apple,1,1,1,1.0,Apple,False,0.0
cf-1794,Tokyo,3,1,1,0.0,Japan,False,0.0
cf-17941,Toyota,0,1,1,0.0,Nissan,False,1.0
cf-17942,politician,1,1,1,0.0,actor,False,0.0
cf-17945,Africa,1,1,1,1.0,Africa,False,1.0
cf-17952,Rome,4,1,1,1.0,Rome,False,0.0
cf-17953,Jerusalem,1,1,1,1.0,Jerusalem,False,1.0
cf-17962,Antarctica,2,1,1,1.0,Antarctica,False,0.0
cf-1797,Lexington,3,1,1,0.0,London,False,0.0
cf-17973,Germany,2,1,1,1.0,Germany,False,0.0
cf-17980,Antarctica,4,1,1,1.0,Antarctica,False,0.0
cf-17992,Antarctica,4,1,1,1.0,Antarctica,False,0.0
cf-17993,London,1,1,1,1.0,London,False,0.0
cf-18,Porsche,0,1,1,1.0,Porsche,False,1.0
cf-18000,Toyota,2,1,1,1.0,Toyota,False,1.0
cf-18017,Detroit,0,1,1,0.0,London,False,0.0
cf-18024,Judaism,0,1,1,0.0,Islam,False,1.0
cf-18025,Ukraine,0,1,1,0.0,Russia,False,0.0
cf-18027,French,2,1,1,1.0,French,False,0.0
cf-1803,Vienna,1,1,1,0.0,Germany,False,0.0
cf-18030,French,4,1,1,1.0,French,False,0.0
cf-18042,Scotland,0,1,1,0.0,Ireland,False,0.0
cf-18046,Jerusalem,1,1,1,1.0,Jerusalem,False,0.0
cf-18049,Microsoft,2,1,1,1.0,Microsoft,False,0.0
cf-18052,Pasadena,4,1,1,0.0,Massachusetts,False,0.0
cf-18058,Edinburgh,2,1,1,0.0,Copenhagen,False,1.0
cf-18059,Nissan,1,1,1,1.0,Nissan,False,1.0
cf-1806,French,0,1,1,1.0,French,False,0.0
cf-18062,BBC,1,1,1,1.0,BBC,False,1.0
cf-18067,Japan,1,1,1,1.0,Japan,False,1.0
cf-18070,Chicago,2,1,1,0.0,London,False,0.0
cf-18086,French,1,1,1,1.0,French,False,0.0
cf-18088,Porsche,2,1,1,1.0,Porsche,False,1.0
cf-18089,London,3,1,1,1.0,London,False,0.0
cf-18093,Montreal,0,1,1,0.0,France,False,1.0
cf-18106,quarterback,4,1,1,1.0,quarterback,False,0.0
cf-18114,bishop,1,1,1,1.0,bishop,False,0.0
cf-18115,English,4,1,1,1.0,English,False,0.0
cf-18116,Honolulu,0,1,1,0.0,India,False,0.0
cf-18117,Bermuda,4,1,1,0.0,Antarctica,False,0.0
cf-18118,midfielder,3,1,1,0.0,quarterback,False,0.0
cf-18132,Philadelphia,0,1,1,0.0,French,False,0.0
cf-18137,BBC,1,1,1,1.0,BBC,False,0.0
cf-18138,Egypt,2,1,1,0.0,California,False,0.0
cf-18144,Microsoft,2,1,1,1.0,Microsoft,False,0.0
cf-18146,pitcher,3,1,1,0.0,quarterback,False,0.0
cf-18152,Argentina,3,1,1,0.0,Colombia,False,0.0
cf-18157,politician,0,1,1,0.0,poet,False,0.0
cf-18160,Nissan,4,1,1,1.0,Nissan,False,1.0
cf-18161,HBO,0,1,1,0.0,NBC,False,0.0
cf-18162,Antarctica,4,1,1,1.0,Antarctica,False,1.0
cf-18164,Paris,1,1,1,1.0,Paris,False,0.0
cf-18166,pope,2,1,1,1.0,pope,False,1.0
cf-18169,Colombia,0,1,1,0.0,Spain,False,0.0
cf-1817,Microsoft,2,1,1,1.0,Microsoft,False,0.0
cf-18170,Finnish,4,1,1,1.0,Finnish,False,0.0
cf-18171,Jerusalem,2,1,1,1.0,Jerusalem,False,0.0
cf-18172,India,0,1,1,1.0,India,False,0.0
cf-18177,mayor,3,1,1,0.0,bishop,False,0.0
cf-18194,Ireland,4,1,1,0.0,Australia,False,0.0
cf-18215,Apple,0,1,1,0.0,Microsoft,False,0.0
cf-18232,Shanghai,2,1,1,0.0,India,False,0.0
cf-18236,Airbus,0,1,1,1.0,Airbus,False,1.0
cf-18241,actor,0,1,1,1.0,actor,False,0.0
cf-18254,Sega,1,1,1,0.0,Nintendo,False,0.0
cf-18262,actor,1,1,1,1.0,actor,False,0.0
cf-18263,Microsoft,4,1,1,1.0,Microsoft,False,1.0
cf-18265,Porsche,2,1,1,1.0,Porsche,False,1.0
cf-18267,Naples,0,1,1,0.0,Rome,False,0.0
cf-18269,baseball,0,1,1,1.0,baseball,False,0.0
cf-1827,actor,2,1,1,1.0,actor,False,0.0
cf-18277,Manhattan,4,1,1,0.0,Africa,False,0.0
cf-18279,Boston,1,1,1,0.0,Microsoft,False,0.0
cf-18284,Romanian,2,1,1,0.0,Russian,False,1.0
cf-18285,Jerusalem,0,1,1,1.0,Jerusalem,False,0.0
cf-1829,Iran,0,1,1,0.0,Japan,False,0.0
cf-18294,guitar,0,1,1,0.0,jazz,False,0.0
cf-18299,Seattle,0,1,1,0.0,London,False,0.0
cf-18305,Wales,2,1,1,0.0,Ireland,False,1.0
cf-18320,physics,3,1,1,1.0,physics,False,1.0
cf-18330,Pennsylvania,0,1,1,0.0,French,False,0.0
cf-18336,Afghanistan,2,1,1,0.0,Asia,False,0.0
cf-18337,Islam,3,1,1,1.0,Islam,False,0.0
cf-18348,Ferrari,4,1,1,0.0,BMW,False,1.0
cf-18349,London,1,1,1,0.0,BMW,False,0.0
cf-18351,bishop,0,1,1,1.0,bishop,False,0.0
cf-18352,bishop,4,1,1,1.0,bishop,False,0.0
cf-18359,Google,3,1,1,1.0,Google,False,1.0
cf-18366,tragedy,3,1,1,0.0,French,False,0.0
cf-18369,IBM,3,1,1,1.0,IBM,False,0.0
cf-18372,Winchester,0,1,1,0.0,London,False,0.0
cf-18380,Mumbai,3,1,1,0.0,Google,False,0.0
cf-18397,actor,0,1,1,1.0,actor,False,0.0
cf-18410,Australia,4,1,1,0.0,Antarctica,False,1.0
cf-18413,Honda,4,1,1,1.0,Honda,False,1.0
cf-18415,Birmingham,2,1,1,0.0,Brighton,False,1.0
cf-18416,Mexico,4,1,1,0.0,Spain,False,0.0
cf-18419,Stockholm,1,1,1,0.0,London,False,0.0
cf-18420,Edmonton,1,1,1,0.0,Antarctica,False,0.0
cf-18431,German,1,1,1,1.0,German,False,0.0
cf-18432,Chevrolet,1,1,1,0.0,Toyota,False,0.0
cf-18433,IBM,1,1,1,0.0,Microsoft,False,1.0
cf-18434,Chicago,0,1,1,0.0,London,False,0.0
cf-18435,Saskatchewan,3,1,1,0.0,London,False,0.0
cf-18442,Portugal,4,1,1,0.0,Spain,False,0.0
cf-18445,FIFA,3,1,1,1.0,FIFA,False,0.0
cf-18450,Suzuki,4,1,1,1.0,Suzuki,False,1.0
cf-18453,Apple,4,1,1,1.0,Apple,False,0.0
cf-18457,Springfield,4,1,1,0.0,London,False,0.0
cf-18459,Vienna,0,1,1,0.0,Germany,False,1.0
cf-18460,Pakistan,2,1,1,0.0,India,False,0.0
cf-18468,midfielder,0,1,1,1.0,midfielder,False,0.0
cf-18470,Toronto,0,1,1,0.0,Antarctica,False,0.0
cf-18472,French,1,1,1,1.0,French,False,0.0
cf-18474,goaltender,1,1,1,0.0,actor,False,0.0
cf-18483,Cairo,1,1,1,0.0,London,False,0.0
cf-18507,Nintendo,2,1,1,1.0,Nintendo,False,0.0
cf-18516,Shanghai,4,1,1,1.0,Shanghai,False,0.0
cf-18520,actor,0,1,1,1.0,actor,False,0.0
cf-18528,jazz,4,1,1,1.0,jazz,False,0.0
cf-18534,Medina,0,1,1,0.0,Japan,False,0.0
cf-18536,Antarctica,3,1,1,1.0,Antarctica,False,0.0
cf-18537,Poland,3,1,1,0.0,Germany,False,0.0
cf-1855,Melbourne,3,1,1,0.0,Antarctica,False,0.0
cf-18551,jazz,2,1,1,1.0,jazz,False,0.0
cf-18560,French,4,1,1,1.0,French,False,1.0
cf-18561,Sweden,0,1,1,0.0,London,False,0.0
cf-18565,Hiroshima,4,1,1,0.0,Japan,False,1.0
cf-18566,Dublin,4,1,1,0.0,Honda,False,0.0
cf-18571,Punjab,3,1,1,0.0,India,False,1.0
cf-18572,Nissan,1,1,1,1.0,Nissan,False,0.0
cf-18585,Hindi,0,1,1,1.0,Hindi,False,0.0
cf-18596,English,2,1,1,0.0,French,False,0.0
cf-18601,Microsoft,0,1,1,1.0,Microsoft,False,1.0
cf-18604,bishop,2,1,1,1.0,bishop,False,0.0
cf-18605,Arizona,3,1,1,0.0,Antarctica,False,0.0
cf-1861,Microsoft,3,1,1,1.0,Microsoft,False,0.0
cf-18610,Ireland,2,1,1,0.0,Australia,False,0.0
cf-18616,Python,2,1,1,0.0,Apple,False,1.0
cf-18618,Ireland,2,1,1,1.0,Ireland,False,0.0
cf-18624,Prague,0,1,1,0.0,Paris,False,0.0
cf-18626,Greenland,1,1,1,0.0,Antarctica,False,0.0
cf-1863,Paris,0,1,1,1.0,Paris,False,0.0
cf-18634,composer,3,1,1,0.0,actor,False,0.0
cf-18639,hockey,3,1,1,0.0,baseball,False,0.0
cf-1864,Antarctica,2,1,1,1.0,Antarctica,False,0.0
cf-18641,Antarctica,2,1,1,1.0,Antarctica,False,0.0
cf-18642,French,4,1,1,0.0,English,False,1.0
cf-18644,Mumbai,2,1,1,0.0,India,False,0.0
cf-18645,France,2,1,1,0.0,Paris,False,0.0
cf-18646,NBC,3,1,1,1.0,NBC,False,0.0
cf-1865,England,4,1,1,1.0,England,False,0.0
cf-18651,Europe,0,1,1,0.0,Antarctica,False,0.0
cf-18657,actor,3,1,1,1.0,actor,False,0.0
cf-18663,Apple,3,1,1,0.0,Microsoft,False,0.0
cf-18664,Australia,3,1,1,0.0,English,False,0.0
cf-18667,Ohio,2,1,1,0.0,Antarctica,False,0.0
cf-18672,Google,1,1,1,1.0,Google,False,1.0
cf-18678,Islam,0,1,1,1.0,Islam,False,0.0
cf-18682,Toronto,0,1,1,0.0,London,False,0.0
cf-18688,Douglas,0,1,1,0.0,Boeing,False,1.0
cf-18692,Pennsylvania,2,1,1,0.0,Ireland,False,0.0
cf-18693,Boston,3,1,1,0.0,London,False,0.0
cf-18704,Iran,2,1,1,0.0,India,False,0.0
cf-18705,Google,4,1,1,1.0,Google,False,0.0
cf-18706,Ireland,4,1,1,1.0,Ireland,False,0.0
cf-18711,Alaska,2,1,1,0.0,Antarctica,False,0.0
cf-18713,London,2,1,1,0.0,FIFA,False,0.0
cf-18721,English,4,1,1,1.0,English,False,0.0
cf-18724,Japan,4,1,1,1.0,Japan,False,0.0
cf-18726,Dutch,1,1,1,1.0,Dutch,False,0.0
cf-18727,Swansea,4,1,1,0.0,Ireland,False,0.0
cf-18728,London,4,1,1,1.0,London,False,0.0
cf-18734,Europe,1,1,1,0.0,Antarctica,False,1.0
cf-1874,mayor,1,1,1,0.0,actor,False,0.0
cf-18744,Renault,0,1,1,0.0,French,False,1.0
cf-1876,Seoul,1,1,1,0.0,London,False,0.0
cf-18766,midfielder,3,1,1,1.0,midfielder,False,0.0
cf-18777,Chevrolet,4,1,1,1.0,Chevrolet,False,0.0
cf-18794,Sony,2,1,1,0.0,Nintendo,False,0.0
cf-18800,Qatar,4,1,1,0.0,Copenhagen,False,0.0
cf-18805,midfielder,0,1,1,1.0,midfielder,False,0.0
cf-18809,Porsche,0,1,1,1.0,Porsche,False,1.0
cf-18810,Germany,0,1,1,1.0,Germany,False,0.0
cf-18823,BBC,1,1,1,1.0,BBC,False,0.0
cf-18826,Antarctica,0,1,1,1.0,Antarctica,False,0.0
cf-18829,Manhattan,1,1,1,1.0,Manhattan,False,0.0
cf-18831,French,0,1,1,1.0,French,False,0.0
cf-18834,Sudan,3,1,1,0.0,Africa,False,0.0
cf-18836,Apple,2,1,1,1.0,Apple,False,0.0
cf-18838,Rome,2,1,1,0.0,pope,False,0.0
cf-1884,Antarctica,3,1,1,1.0,Antarctica,False,0.0
cf-18848,philosopher,1,1,1,0.0,poet,False,0.0
cf-18853,Rome,2,1,1,0.0,Venice,False,0.0
cf-18854,football,1,1,1,0.0,basketball,False,0.0
cf-18856,Portuguese,2,1,1,0.0,English,False,0.0
cf-18862,Apple,2,1,1,0.0,Google,False,0.0
cf-18863,Italy,3,1,1,0.0,Italian,False,0.0
cf-18866,Intel,2,1,1,1.0,Intel,False,1.0
cf-18868,Greenwich,3,1,1,0.0,Victoria,False,1.0
cf-18869,Apple,4,1,1,1.0,Apple,False,0.0
cf-18871,pitcher,1,1,1,0.0,actor,False,0.0
cf-18876,genetics,3,1,1,0.0,physiology,False,1.0
cf-1888,Renault,0,1,1,1.0,Renault,False,1.0
cf-18880,Jerusalem,4,1,1,0.0,Islam,False,0.0
cf-18881,Cincinnati,4,1,1,0.0,Paris,False,0.0
cf-18889,Antarctica,3,1,1,1.0,Antarctica,False,0.0
cf-18892,Buddhism,4,1,1,0.0,Islam,False,0.0
cf-18894,Manitoba,3,1,1,0.0,India,False,1.0
cf-18898,CBS,3,1,1,1.0,CBS,False,0.0
cf-18899,Antarctica,3,1,1,1.0,Antarctica,False,0.0
cf-18909,Victoria,0,1,1,1.0,Victoria,False,1.0
cf-1891,Switzerland,2,1,1,0.0,Italy,False,0.0
cf-18913,quarterback,1,1,1,0.0,midfielder,False,0.0
cf-18916,football,4,1,1,0.0,actor,False,0.0
cf-18918,Maryland,0,1,1,0.0,Canada,False,0.0
cf-18922,Germany,2,1,1,1.0,Germany,False,0.0
cf-18934,Jerusalem,1,1,1,1.0,Jerusalem,False,0.0
cf-18941,Prescott,1,1,1,0.0,California,False,0.0
cf-18946,Wyoming,0,1,1,0.0,Antarctica,False,0.0
cf-18949,Sydney,3,1,1,0.0,Manchester,False,0.0
cf-18950,poet,3,1,1,0.0,Islam,False,0.0
cf-18957,Seattle,0,1,1,0.0,Melbourne,False,0.0
cf-18963,Australia,3,1,1,0.0,French,False,0.0
cf-18964,basketball,3,1,1,1.0,basketball,False,0.0
cf-18978,French,4,1,1,1.0,French,False,1.0
cf-18989,Madrid,4,1,1,0.0,Spain,False,0.0
cf-18991,Vancouver,2,1,1,0.0,Canada,False,0.0
cf-18992,football,0,1,1,0.0,Microsoft,False,0.0
cf-18994,Russian,1,1,1,1.0,Russian,False,1.0
cf-190,Portuguese,3,1,1,0.0,Spanish,False,0.0
cf-19000,Berlin,3,1,1,1.0,Berlin,False,1.0
cf-19008,Swansea,2,1,1,0.0,Milan,False,0.0
cf-19011,Adobe,1,1,1,1.0,Adobe,False,1.0
cf-19021,politician,4,1,1,0.0,actor,False,0.0
cf-19030,Ethiopia,0,1,1,0.0,Nigeria,False,0.0
cf-19031,Boston,4,1,1,0.0,Massachusetts,False,0.0
cf-19042,Adobe,2,1,1,1.0,Adobe,False,1.0
cf-19043,Belfast,3,1,1,0.0,Ireland,False,1.0
cf-19044,Napoleon,0,1,1,0.0,French,False,0.0
cf-19047,Belgium,4,1,1,0.0,Netherlands,False,0.0
cf-19052,Warsaw,1,1,1,0.0,Moscow,False,0.0
cf-19055,bishop,0,1,1,1.0,bishop,False,0.0
cf-19063,French,2,1,1,0.0,Paris,False,0.0
cf-19064,Italian,3,1,1,1.0,Italian,False,0.0
cf-19068,Antarctica,4,1,1,1.0,Antarctica,False,0.0
cf-19070,Antarctica,1,1,1,1.0,Antarctica,False,0.0
cf-19073,Latin,1,1,1,0.0,French,False,0.0
cf-19085,Google,1,1,1,1.0,Google,False,1.0
cf-19092,Vancouver,0,1,1,0.0,London,False,0.0
cf-19102,Nintendo,4,1,1,0.0,Apple,False,1.0
cf-19104,CBS,2,1,1,1.0,CBS,False,0.0
cf-19106,goaltender,3,1,1,1.0,goaltender,False,0.0
cf-19107,Nintendo,4,1,1,0.0,Apple,False,0.0
cf-19112,English,1,1,1,1.0,English,False,0.0
cf-19119,Greece,4,1,1,0.0,France,False,0.0
cf-1912,BMW,4,1,1,1.0,BMW,False,1.0
cf-19120,Russian,0,1,1,1.0,Russian,False,0.0
cf-19136,French,4,1,1,1.0,French,False,0.0
cf-19139,Paris,2,1,1,1.0,Paris,False,0.0
cf-19153,Brazil,3,1,1,0.0,FIFA,False,1.0
cf-19156,Belarus,2,1,1,0.0,Russia,False,0.0
cf-19158,bishop,4,1,1,1.0,bishop,False,1.0
cf-1916,Boeing,0,1,1,1.0,Boeing,False,1.0
cf-19178,Microsoft,0,1,1,1.0,Microsoft,False,1.0
cf-19180,Mexico,3,1,1,0.0,India,False,0.0
cf-19182,Moscow,1,1,1,0.0,London,False,0.0
cf-19183,Microsoft,0,1,1,0.0,BBC,False,0.0
cf-19187,Toyota,3,1,1,1.0,Toyota,False,1.0
cf-19188,Apple,4,1,1,1.0,Apple,False,0.0
cf-19191,London,0,1,1,0.0,English,False,1.0
cf-19196,Angeles,0,1,1,0.0,Houston,False,0.0
cf-19204,English,3,1,1,0.0,French,False,0.0
cf-19206,Gujarat,4,1,1,0.0,India,False,0.0
cf-19208,Antarctica,4,1,1,1.0,Antarctica,False,0.0
cf-1921,PBS,2,1,1,0.0,NBC,False,0.0
cf-19212,Malaysia,4,1,1,0.0,Antarctica,False,1.0
cf-19227,Tamil,1,1,1,0.0,Spanish,False,0.0
cf-19230,Frankfurt,3,1,1,0.0,BMW,False,0.0
cf-19247,Manchester,3,1,1,0.0,Berlin,False,0.0
cf-19264,Colorado,2,1,1,0.0,Antarctica,False,0.0
cf-19268,Paris,2,1,1,1.0,Paris,False,1.0
cf-19274,India,3,1,1,1.0,India,False,1.0
cf-19282,Cambodia,4,1,1,0.0,Malaysia,False,0.0
cf-19284,London,1,1,1,1.0,London,False,0.0
cf-1929,Apple,0,1,1,1.0,Apple,False,1.0
cf-19297,Islam,2,1,1,1.0,Islam,False,0.0
cf-19314,Antarctica,4,1,1,1.0,Antarctica,False,0.0
cf-19316,Chicago,0,1,1,0.0,London,False,0.0
cf-19319,goaltender,4,1,1,1.0,goaltender,False,0.0
cf-19324,Texas,3,1,1,0.0,Montana,False,0.0
cf-19329,economics,0,1,1,0.0,physiology,False,1.0
cf-1933,Nintendo,4,1,1,1.0,Nintendo,False,1.0
cf-19330,football,2,1,1,0.0,basketball,False,1.0
cf-19332,Asia,2,1,1,1.0,Asia,False,1.0
cf-19338,journalist,4,1,1,0.0,actor,False,0.0
cf-19340,actor,1,1,1,1.0,actor,False,0.0
cf-19343,English,2,1,1,1.0,English,False,0.0
cf-1935,London,4,1,1,1.0,London,False,0.0
cf-19358,Adobe,0,1,1,1.0,Adobe,False,0.0
cf-19371,Antarctica,4,1,1,1.0,Antarctica,False,0.0
cf-19373,Leicester,3,1,1,1.0,Leicester,False,0.0
cf-19374,Nigeria,1,1,1,0.0,London,False,0.0
cf-19375,Antarctica,2,1,1,1.0,Antarctica,False,1.0
cf-19377,Georgian,4,1,1,0.0,Russian,False,0.0
cf-1938,French,4,1,1,1.0,French,False,1.0
cf-19380,goaltender,4,1,1,1.0,goaltender,False,0.0
cf-19382,Dodge,4,1,1,1.0,Dodge,False,0.0
cf-19387,Singapore,4,1,1,0.0,India,False,0.0
cf-19388,actor,2,1,1,1.0,actor,False,0.0
cf-1939,Sheffield,0,1,1,0.0,English,False,1.0
cf-19407,English,1,1,1,1.0,English,False,0.0
cf-19411,Japan,2,1,1,1.0,Japan,False,0.0
cf-19414,Antarctica,1,1,1,1.0,Antarctica,False,0.0
cf-19415,Buddhism,4,1,1,0.0,Islam,False,0.0
cf-19422,Japan,0,1,1,1.0,Japan,False,1.0
cf-19431,Apple,0,1,1,1.0,Apple,False,1.0
cf-19433,Apple,4,1,1,1.0,Apple,False,0.0
cf-19436,Liberia,0,1,1,0.0,Texas,False,0.0
cf-19440,India,3,1,1,1.0,India,False,0.0
cf-19449,English,3,1,1,1.0,English,False,0.0
cf-1945,Microsoft,3,1,1,1.0,Microsoft,False,1.0
cf-19453,French,1,1,1,1.0,French,False,0.0
cf-1946,Melbourne,4,1,1,1.0,Melbourne,False,0.0
cf-19462,bishop,1,1,1,1.0,bishop,False,0.0
cf-19472,Netherlands,2,1,1,1.0,Netherlands,False,0.0
cf-19474,Milan,3,1,1,0.0,Florence,False,0.0
cf-19485,NBC,1,1,1,0.0,CBS,False,0.0
cf-19487,French,4,1,1,0.0,English,False,0.0
cf-19490,English,0,1,1,1.0,English,False,0.0
cf-19491,Cairo,1,1,1,0.0,Russia,False,0.0
cf-19492,Spanish,0,1,1,1.0,Spanish,False,0.0
cf-1950,Massachusetts,2,1,1,0.0,Boston,False,0.0
cf-19521,London,2,1,1,1.0,London,False,0.0
cf-1953,journalist,1,1,1,0.0,actor,False,0.0
cf-19536,Russian,0,1,1,1.0,Russian,False,0.0
cf-19542,Germany,1,1,1,1.0,Germany,False,1.0
cf-1955,Dublin,3,1,1,0.0,London,False,0.0
cf-19555,Antarctica,3,1,1,1.0,Antarctica,False,0.0
cf-1956,Microsoft,2,1,1,1.0,Microsoft,False,1.0
cf-19560,Malaysia,1,1,1,1.0,Malaysia,False,0.0
cf-19561,Minnesota,4,1,1,0.0,Montana,False,0.0
cf-19568,Mars,3,1,1,0.0,Athena,False,0.0
cf-19575,catcher,2,1,1,0.0,quarterback,False,0.0
cf-19579,Dutch,1,1,1,1.0,Dutch,False,0.0
cf-19589,Azerbaijan,2,1,1,0.0,Russian,False,0.0
cf-19590,BMW,4,1,1,1.0,BMW,False,1.0
cf-19598,Google,1,1,1,1.0,Google,False,1.0
cf-19602,Jeep,4,1,1,0.0,Chevrolet,False,1.0
cf-19615,catcher,2,1,1,0.0,midfielder,False,0.0
cf-19618,California,0,1,1,0.0,Antarctica,False,0.0
cf-19621,English,2,1,1,1.0,English,False,0.0
cf-19637,English,0,1,1,1.0,English,False,1.0
cf-19638,Paris,0,1,1,1.0,Paris,False,0.0
cf-19639,Dallas,2,1,1,0.0,Japan,False,0.0
cf-19640,Google,2,1,1,1.0,Google,False,1.0
cf-19643,Spanish,1,1,1,1.0,Spanish,False,0.0
cf-19645,IBM,1,1,1,1.0,IBM,False,0.0
cf-19646,Ukrainian,3,1,1,0.0,Russian,False,0.0
cf-1965,French,0,1,1,1.0,French,False,0.0
cf-19651,Google,0,1,1,1.0,Google,False,0.0
cf-19655,Brussels,0,1,1,0.0,Paris,False,1.0
cf-19660,Budapest,1,1,1,0.0,London,False,0.0
cf-19663,IBM,0,1,1,0.0,Apple,False,0.0
cf-19669,Microsoft,0,1,1,1.0,Microsoft,False,0.0
cf-19672,Tamil,3,1,1,1.0,Tamil,False,0.0
cf-19679,Swedish,2,1,1,1.0,Swedish,False,1.0
cf-19685,Antarctica,4,1,1,1.0,Antarctica,False,0.0
cf-19688,France,3,1,1,0.0,Paris,False,0.0
cf-19696,actor,3,1,1,1.0,actor,False,0.0
cf-19699,Baghdad,1,1,1,0.0,Russian,False,0.0
cf-1970,Philippines,1,1,1,0.0,Uganda,False,0.0
cf-19702,politician,2,1,1,0.0,poet,False,0.0
cf-19703,Islam,3,1,1,1.0,Islam,False,0.0
cf-19712,Boston,4,1,1,0.0,London,False,0.0
cf-19720,pope,4,1,1,0.0,bishop,False,1.0
cf-19724,NBC,3,1,1,0.0,HBO,False,0.0
cf-19738,BBC,2,1,1,1.0,BBC,False,0.0
cf-19745,German,4,1,1,1.0,German,False,0.0
cf-19746,MTV,4,1,1,0.0,CBS,False,0.0
cf-19747,Russian,3,1,1,1.0,Russian,False,0.0
cf-19756,catcher,0,1,1,0.0,midfielder,False,0.0
cf-19759,Istanbul,4,1,1,0.0,Asia,False,1.0
cf-19766,Philadelphia,4,1,1,1.0,Philadelphia,False,0.0
cf-1977,Antarctica,4,1,1,1.0,Antarctica,False,0.0
cf-19791,Microsoft,3,1,1,1.0,Microsoft,False,1.0
cf-19794,Czech,0,1,1,0.0,German,False,1.0
cf-19797,Scotland,4,1,1,0.0,Ireland,False,0.0
cf-19801,Africa,3,1,1,1.0,Africa,False,1.0
cf-19804,IBM,0,1,1,1.0,IBM,False,1.0
cf-19807,Norfolk,4,1,1,0.0,London,False,0.0
cf-19811,catcher,0,1,1,0.0,goaltender,False,0.0
cf-19816,physician,1,1,1,0.0,bishop,False,0.0
cf-19818,Ukraine,4,1,1,0.0,Russian,False,0.0
cf-1982,Apple,2,1,1,1.0,Apple,False,0.0
cf-19826,Malta,4,1,1,0.0,Spain,False,0.0
cf-19828,Russian,2,1,1,1.0,Russian,False,0.0
cf-19829,Islam,3,1,1,1.0,Islam,False,0.0
cf-19830,English,0,1,1,0.0,politician,False,0.0
cf-19836,NBC,1,1,1,1.0,NBC,False,0.0
cf-19837,Paris,3,1,1,0.0,French,False,0.0
cf-19840,Apple,4,1,1,1.0,Apple,False,0.0
cf-19849,Portugal,3,1,1,0.0,Africa,False,0.0
cf-19854,French,2,1,1,1.0,French,False,0.0
cf-19858,Rome,1,1,1,1.0,Rome,False,0.0
cf-19867,Nike,1,1,1,0.0,BBC,False,0.0
cf-1987,Antarctica,3,1,1,1.0,Antarctica,False,0.0
cf-19883,London,3,1,1,1.0,London,False,0.0
cf-19885,Netherlands,1,1,1,0.0,Germany,False,0.0
cf-19892,Finland,3,1,1,0.0,Japan,False,0.0
cf-19895,Moscow,4,1,1,0.0,Antarctica,False,0.0
cf-19902,BMW,1,1,1,1.0,BMW,False,1.0
cf-19906,Stockholm,4,1,1,0.0,Sweden,False,0.0
cf-19910,Victoria,0,1,1,1.0,Victoria,False,0.0
cf-19911,Douglas,2,1,1,1.0,Douglas,False,1.0
cf-19919,Hungary,2,1,1,0.0,Finland,False,0.0
cf-19923,Russian,2,1,1,1.0,Russian,False,1.0
cf-19924,Italian,0,1,1,0.0,French,False,0.0
cf-1993,Prague,1,1,1,1.0,Prague,False,1.0
cf-19934,pope,2,1,1,1.0,pope,False,0.0
cf-19941,Oslo,4,1,1,0.0,London,False,0.0
cf-19948,Apple,1,1,1,1.0,Apple,False,1.0
cf-19956,Texas,4,1,1,0.0,Ireland,False,0.0
cf-19962,French,2,1,1,0.0,English,False,0.0
cf-19969,Sydney,2,1,1,0.0,Athens,False,0.0
cf-19971,actor,1,1,1,1.0,actor,False,0.0
cf-19975,Paris,1,1,1,1.0,Paris,False,0.0
cf-19977,Antarctica,1,1,1,1.0,Antarctica,False,0.0
cf-19979,cardinal,3,1,1,0.0,bishop,False,0.0
cf-19982,Edinburgh,3,1,1,0.0,London,False,0.0
cf-19991,pitcher,2,1,1,0.0,quarterback,False,0.0
cf-20,Melbourne,4,1,1,0.0,Japan,False,0.0
cf-20008,Sony,4,1,1,0.0,Apple,False,0.0
cf-2001,Ferrari,4,1,1,0.0,BMW,False,1.0
cf-20013,Glasgow,2,1,1,0.0,London,False,0.0
cf-20017,Moscow,2,1,1,0.0,Russian,False,0.0
cf-20018,quarterback,2,1,1,0.0,midfielder,False,0.0
cf-20026,London,1,1,1,1.0,London,False,0.0
cf-20035,Moscow,3,1,1,0.0,London,False,0.0
cf-20043,Dublin,0,1,1,0.0,London,False,0.0
cf-20048,Google,1,1,1,0.0,Apple,False,0.0
cf-20054,Chevrolet,0,1,1,1.0,Chevrolet,False,1.0
cf-2006,Ankara,1,1,1,1.0,Ankara,False,0.0
cf-20061,sociology,4,1,1,0.0,physiology,False,1.0
cf-20068,Antarctica,2,1,1,1.0,Antarctica,False,0.0
cf-20077,Amsterdam,3,1,1,0.0,Vienna,False,0.0
cf-20085,Montreal,0,1,1,0.0,Japan,False,0.0
cf-20089,Berlin,0,1,1,1.0,Berlin,False,0.0
cf-20091,Providence,4,1,1,0.0,Boston,False,0.0
cf-20108,actor,3,1,1,1.0,actor,False,0.0
cf-20112,Berlin,1,1,1,1.0,Berlin,False,0.0
cf-20121,Valencia,4,1,1,0.0,Spanish,False,0.0
cf-20123,hockey,2,1,1,0.0,football,False,1.0
cf-20126,Indonesian,3,1,1,0.0,English,False,0.0
cf-20128,Microsoft,4,1,1,1.0,Microsoft,False,0.0
cf-20130,Microsoft,0,1,1,1.0,Microsoft,False,1.0
cf-20131,Florence,1,1,1,0.0,Nissan,False,0.0
cf-20134,Canada,3,1,1,0.0,Paris,False,0.0
cf-20137,India,2,1,1,1.0,India,False,0.0
cf-20143,Antarctica,2,1,1,1.0,Antarctica,False,0.0
cf-20151,Tamil,4,1,1,1.0,Tamil,False,1.0
cf-20154,Holland,2,1,1,0.0,Dutch,False,0.0
cf-20161,Manhattan,0,1,1,1.0,Manhattan,False,0.0
cf-20162,London,4,1,1,0.0,Porsche,False,0.0
cf-20166,Renault,1,1,1,1.0,Renault,False,1.0
cf-20176,Moscow,2,1,1,1.0,Moscow,False,0.0
cf-20178,Meridian,3,1,1,0.0,London,False,0.0
cf-20189,Renault,1,1,1,1.0,Renault,False,0.0
cf-20199,jazz,4,1,1,1.0,jazz,False,0.0
cf-2020,Indonesia,0,1,1,0.0,Antarctica,False,0.0
cf-20202,Nissan,2,1,1,1.0,Nissan,False,1.0
cf-20204,PBS,3,1,1,0.0,NBC,False,0.0
cf-20205,German,0,1,1,1.0,German,False,0.0
cf-20218,Frankfurt,4,1,1,0.0,physiology,False,0.0
cf-20224,Manchester,0,1,1,0.0,Antarctica,False,0.0
cf-20229,Microsoft,0,1,1,1.0,Microsoft,False,1.0
cf-20232,mathematician,4,1,1,0.0,actor,False,0.0
cf-20241,Rome,3,1,1,0.0,Florence,False,0.0
cf-20244,mathematics,4,1,1,0.0,physics,False,0.0
cf-20249,Catalonia,1,1,1,0.0,France,False,0.0
cf-20250,linebacker,1,1,1,0.0,basketball,False,0.0
cf-20253,Toronto,1,1,1,0.0,Copenhagen,False,0.0
cf-2026,BMW,1,1,1,1.0,BMW,False,1.0
cf-20261,Spanish,2,1,1,1.0,Spanish,False,1.0
cf-20264,Venice,0,1,1,0.0,Rome,False,1.0
cf-20266,MTV,1,1,1,0.0,NBC,False,0.0
cf-20267,piano,4,1,1,0.0,jazz,False,0.0
cf-20271,poet,1,1,1,0.0,actor,False,0.0
cf-20278,Toyota,1,1,1,1.0,Toyota,False,1.0
cf-20290,Virginia,1,1,1,0.0,Manhattan,False,0.0
cf-20294,Microsoft,0,1,1,1.0,Microsoft,False,0.0
cf-20318,IBM,1,1,1,0.0,Microsoft,False,1.0
cf-20325,Russia,1,1,1,0.0,Toronto,False,0.0
cf-20330,Dallas,3,1,1,0.0,London,False,0.0
cf-20333,Microsoft,3,1,1,1.0,Microsoft,False,0.0
cf-20338,Antarctica,3,1,1,1.0,Antarctica,False,0.0
cf-20345,Ireland,2,1,1,0.0,France,False,0.0
cf-20346,actor,2,1,1,1.0,actor,False,0.0
cf-20349,Baghdad,2,1,1,0.0,Damascus,False,1.0
cf-20353,jazz,4,1,1,1.0,jazz,False,0.0
cf-20359,CBS,2,1,1,0.0,NBC,False,0.0
cf-20366,Camden,0,1,1,0.0,Apple,False,0.0
cf-20367,Ankara,1,1,1,0.0,Istanbul,False,0.0
cf-20374,jazz,4,1,1,1.0,jazz,False,0.0
cf-20380,bishop,0,1,1,1.0,bishop,False,0.0
cf-20382,Antarctica,1,1,1,1.0,Antarctica,False,0.0
cf-20387,Delhi,2,1,1,0.0,India,False,0.0
cf-20393,Apple,1,1,1,1.0,Apple,False,1.0
cf-20396,Wellington,0,1,1,0.0,London,False,0.0
cf-20398,Senegal,4,1,1,0.0,Nigeria,False,0.0
cf-20409,Wellington,2,1,1,0.0,Melbourne,False,1.0
cf-2041,France,1,1,1,0.0,Paris,False,0.0
cf-20410,Antarctica,0,1,1,1.0,Antarctica,False,0.0
cf-20414,Pasadena,2,1,1,0.0,London,False,0.0
cf-20417,Wisconsin,1,1,1,0.0,Canada,False,0.0
cf-20418,Intel,0,1,1,1.0,Intel,False,0.0
cf-20423,Virginia,4,1,1,0.0,Boston,False,0.0
cf-20425,Apple,4,1,1,0.0,Microsoft,False,0.0
cf-20433,actor,2,1,1,1.0,actor,False,0.0
cf-20435,mayor,0,1,1,0.0,bishop,False,0.0
cf-20441,Honda,1,1,1,1.0,Honda,False,1.0
cf-20443,composer,0,1,1,0.0,Islam,False,0.0
cf-20447,Illinois,0,1,1,0.0,Antarctica,False,1.0
cf-20448,Rome,2,1,1,0.0,London,False,1.0
cf-20449,Yahoo,3,1,1,0.0,Google,False,1.0
cf-20461,Australia,4,1,1,0.0,Uganda,False,0.0
cf-20469,Microsoft,3,1,1,1.0,Microsoft,False,1.0
cf-20486,Texas,0,1,1,1.0,Texas,False,0.0
cf-20488,politician,4,1,1,0.0,Polish,False,0.0
cf-20494,Independence,2,1,1,0.0,Jerusalem,False,0.0
cf-20495,Latin,0,1,1,0.0,French,False,0.0
cf-2050,Microsoft,1,1,1,1.0,Microsoft,False,0.0
cf-20505,Victoria,4,1,1,0.0,English,False,0.0
cf-20506,NBC,3,1,1,1.0,NBC,False,0.0
cf-20513,Amazon,0,1,1,0.0,Microsoft,False,0.0
cf-20514,Brighton,1,1,1,0.0,Victoria,False,0.0
cf-20520,Italy,2,1,1,0.0,Antarctica,False,0.0
cf-20524,Porsche,4,1,1,1.0,Porsche,False,0.0
cf-2055,Irvine,1,1,1,0.0,Antarctica,False,1.0
cf-20554,Toyota,3,1,1,1.0,Toyota,False,0.0
cf-20559,Arizona,1,1,1,0.0,California,False,0.0
cf-20571,CBS,1,1,1,1.0,CBS,False,0.0
cf-20573,violin,2,1,1,0.0,basketball,False,0.0
cf-20578,Antarctica,1,1,1,1.0,Antarctica,False,0.0
cf-20582,poet,0,1,1,0.0,Islam,False,0.0
cf-20592,Beirut,0,1,1,0.0,London,False,0.0
cf-20593,Microsoft,0,1,1,1.0,Microsoft,False,0.0
cf-20594,Google,1,1,1,1.0,Google,False,1.0
cf-20598,Montreal,1,1,1,0.0,Melbourne,False,0.0
cf-2060,Russian,0,1,1,1.0,Russian,False,0.0
cf-20614,Apple,1,1,1,1.0,Apple,False,0.0
cf-20615,Nissan,0,1,1,1.0,Nissan,False,1.0
cf-20617,Malaysia,4,1,1,0.0,Antarctica,False,0.0
cf-20628,Toyota,4,1,1,1.0,Toyota,False,1.0
cf-20639,Islam,0,1,1,1.0,Islam,False,0.0
cf-20642,French,3,1,1,1.0,French,False,0.0
cf-20645,UNESCO,2,1,1,0.0,Russian,False,0.0
cf-20650,Microsoft,1,1,1,0.0,BBC,False,0.0
cf-20655,Tokyo,3,1,1,0.0,Japan,False,0.0
cf-20664,Norway,3,1,1,0.0,Swedish,False,0.0
cf-20670,Philadelphia,3,1,1,0.0,London,False,0.0
cf-20675,Italian,0,1,1,0.0,Spanish,False,0.0
cf-20683,Antarctica,1,1,1,1.0,Antarctica,False,0.0
cf-20684,NBC,0,1,1,1.0,NBC,False,0.0
cf-20686,actor,3,1,1,1.0,actor,False,0.0
cf-20690,Suzuki,0,1,1,0.0,Toyota,False,0.0
cf-20698,Lithuania,0,1,1,0.0,Germany,False,0.0
cf-20700,Rome,0,1,1,0.0,Italy,False,0.0
cf-20701,IBM,1,1,1,0.0,Microsoft,False,0.0
cf-20706,Swedish,3,1,1,1.0,Swedish,False,1.0
cf-20711,Toronto,4,1,1,0.0,London,False,0.0
cf-20721,Microsoft,3,1,1,1.0,Microsoft,False,1.0
cf-20722,BMW,4,1,1,1.0,BMW,False,1.0
cf-2073,Copenhagen,3,1,1,0.0,German,False,0.0
cf-20736,Tacoma,0,1,1,0.0,London,False,0.0
cf-20738,Turkey,3,1,1,0.0,India,False,0.0
cf-20744,Ankara,0,1,1,0.0,Istanbul,False,0.0
cf-20750,Uruguay,2,1,1,0.0,Africa,False,1.0
cf-20759,bishop,3,1,1,1.0,bishop,False,0.0
cf-20778,Google,1,1,1,1.0,Google,False,1.0
cf-20781,Australia,2,1,1,1.0,Australia,False,0.0
cf-20782,Warwick,3,1,1,0.0,London,False,0.0
cf-20785,Latin,0,1,1,1.0,Latin,False,0.0
cf-20787,Toyota,0,1,1,1.0,Toyota,False,1.0
cf-20791,Seattle,3,1,1,0.0,Honda,False,1.0
cf-20794,Austria,2,1,1,0.0,Vienna,False,0.0
cf-20798,French,3,1,1,1.0,French,False,0.0
cf-2080,Google,4,1,1,0.0,Microsoft,False,0.0
cf-20802,Paris,3,1,1,1.0,Paris,False,1.0
cf-20805,Honda,2,1,1,1.0,Honda,False,1.0
cf-20810,Microsoft,0,1,1,1.0,Microsoft,False,1.0
cf-20815,Ukraine,2,1,1,0.0,Russia,False,0.0
cf-20819,Japan,1,1,1,0.0,Antarctica,False,0.0
cf-20822,Lyon,1,1,1,0.0,London,False,0.0
cf-20823,Barcelona,2,1,1,0.0,Spanish,False,1.0
cf-20825,Porsche,3,1,1,1.0,Porsche,False,1.0
cf-20832,Antarctica,2,1,1,1.0,Antarctica,False,0.0
cf-20841,Moscow,2,1,1,1.0,Moscow,False,0.0
cf-20843,Antarctica,3,1,1,1.0,Antarctica,False,1.0
cf-20848,Latin,2,1,1,0.0,French,False,0.0
cf-20852,FIFA,4,1,1,1.0,FIFA,False,0.0
cf-20860,IBM,2,1,1,1.0,IBM,False,1.0
cf-20866,MTV,0,1,1,0.0,NBC,False,0.0
cf-20874,biology,0,1,1,0.0,physiology,False,0.0
cf-20875,English,4,1,1,1.0,English,False,0.0
cf-20878,Square,4,1,1,0.0,Nintendo,False,0.0
cf-20879,French,3,1,1,1.0,French,False,0.0
cf-20883,BMW,1,1,1,1.0,BMW,False,0.0
cf-2089,French,0,1,1,1.0,French,False,0.0
cf-20890,CBS,0,1,1,0.0,NBC,False,0.0
cf-20893,Antarctica,0,1,1,1.0,Antarctica,False,0.0
cf-20910,Nevada,0,1,1,0.0,Antarctica,False,0.0
cf-20912,Sydney,1,1,1,0.0,Birmingham,False,0.0
cf-20917,linebacker,0,1,1,1.0,linebacker,False,0.0
cf-20921,Russian,0,1,1,1.0,Russian,False,0.0
cf-20924,Birmingham,1,1,1,0.0,London,False,0.0
cf-20936,Greece,3,1,1,1.0,Greece,False,0.0
cf-20940,fantasy,4,1,1,0.0,jazz,False,0.0
cf-20944,Moscow,4,1,1,0.0,German,False,0.0
cf-20951,Dublin,2,1,1,0.0,London,False,0.0
cf-20952,Africa,2,1,1,1.0,Africa,False,1.0
cf-20953,Scotland,0,1,1,0.0,Ireland,False,0.0
cf-20954,Nicaragua,2,1,1,0.0,Japan,False,0.0
cf-20956,hockey,3,1,1,1.0,hockey,False,0.0
cf-20964,NBC,4,1,1,1.0,NBC,False,0.0
cf-2097,India,1,1,1,1.0,India,False,1.0
cf-20971,Chevrolet,3,1,1,1.0,Chevrolet,False,1.0
cf-20974,French,3,1,1,1.0,French,False,0.0
cf-20978,Cadillac,1,1,1,1.0,Cadillac,False,1.0
cf-2098,Airbus,2,1,1,1.0,Airbus,False,1.0
cf-20980,BMW,4,1,1,1.0,BMW,False,1.0
cf-20986,Microsoft,2,1,1,1.0,Microsoft,False,1.0
cf-2099,Cadillac,4,1,1,0.0,Chevrolet,False,1.0
cf-20996,Philadelphia,2,1,1,0.0,London,False,0.0
cf-21001,CBS,1,1,1,1.0,CBS,False,0.0
cf-21008,Florida,2,1,1,0.0,Antarctica,False,1.0
cf-21009,French,1,1,1,1.0,French,False,0.0
cf-21010,Finnish,4,1,1,0.0,Swedish,False,0.0
cf-21012,Antarctica,3,1,1,1.0,Antarctica,False,0.0
cf-21014,bishop,2,1,1,1.0,bishop,False,0.0
cf-21020,Chicago,2,1,1,0.0,London,False,0.0
cf-21025,Atlanta,3,1,1,0.0,Chicago,False,0.0
cf-21029,French,1,1,1,1.0,French,False,0.0
cf-2104,economist,0,1,1,0.0,actor,False,0.0
cf-21041,English,0,1,1,1.0,English,False,0.0
cf-21046,CBS,0,1,1,0.0,NBC,False,0.0
cf-21059,bishop,3,1,1,1.0,bishop,False,1.0
cf-21063,Microsoft,2,1,1,1.0,Microsoft,False,1.0
cf-21069,Gujarat,3,1,1,0.0,India,False,0.0
cf-21070,bishop,2,1,1,1.0,bishop,False,0.0
cf-21073,Honda,4,1,1,1.0,Honda,False,1.0
cf-21074,basketball,1,1,1,0.0,actor,False,0.0
cf-21081,Paris,4,1,1,1.0,Paris,False,0.0
cf-21095,goaltender,1,1,1,0.0,linebacker,False,0.0
cf-21099,Google,2,1,1,1.0,Google,False,0.0
cf-21103,Edinburgh,4,1,1,0.0,Paris,False,0.0
cf-21108,mayor,2,1,1,0.0,bishop,False,0.0
cf-21111,Istanbul,0,1,1,1.0,Istanbul,False,0.0
cf-21116,Philadelphia,1,1,1,0.0,London,False,0.0
cf-21119,IBM,1,1,1,1.0,IBM,False,1.0
cf-2112,Tripoli,2,1,1,0.0,Africa,False,0.0
cf-21124,Belarus,2,1,1,0.0,Berlin,False,0.0
cf-21128,Nissan,3,1,1,1.0,Nissan,False,1.0
cf-21132,basketball,3,1,1,1.0,basketball,False,0.0
cf-2114,Germany,2,1,1,0.0,Ethiopia,False,0.0
cf-21142,Microsoft,3,1,1,1.0,Microsoft,False,0.0
cf-21143,Paris,1,1,1,1.0,Paris,False,1.0
cf-21144,Russian,1,1,1,1.0,Russian,False,0.0
cf-21145,Birmingham,2,1,1,0.0,Sydney,False,0.0
cf-21154,Nintendo,4,1,1,1.0,Nintendo,False,0.0
cf-21159,Alabama,0,1,1,0.0,Antarctica,False,0.0
cf-21160,Vienna,1,1,1,0.0,Berlin,False,0.0
cf-21165,Honda,2,1,1,1.0,Honda,False,0.0
cf-21169,guitar,2,1,1,0.0,Spanish,False,0.0
cf-21170,Louisiana,4,1,1,0.0,Paris,False,1.0
cf-21180,Yemen,2,1,1,0.0,Africa,False,0.0
cf-21187,Chicago,0,1,1,0.0,London,False,0.0
cf-21190,Lisbon,3,1,1,0.0,Brazil,False,0.0
cf-21192,Lyon,1,1,1,0.0,London,False,0.0
cf-21195,French,2,1,1,1.0,French,False,0.0
cf-21196,Antarctica,3,1,1,1.0,Antarctica,False,0.0
cf-21212,Korean,1,1,1,0.0,English,False,1.0
cf-21213,Microsoft,2,1,1,1.0,Microsoft,False,1.0
cf-21216,Rome,2,1,1,1.0,Rome,False,0.0
cf-21218,Google,0,1,1,0.0,Apple,False,0.0
cf-21221,soccer,3,1,1,0.0,baseball,False,1.0
cf-21238,Japanese,3,1,1,0.0,English,False,0.0
cf-21248,Antarctica,2,1,1,1.0,Antarctica,False,0.0
cf-2125,poet,4,1,1,0.0,actor,False,0.0
cf-21254,Europe,3,1,1,1.0,Europe,False,0.0
cf-21259,Paris,0,1,1,0.0,Sydney,False,0.0
cf-21272,Lifetime,3,1,1,0.0,NBC,False,0.0
cf-21288,Nissan,1,1,1,1.0,Nissan,False,1.0
cf-2129,Europe,4,1,1,0.0,Asia,False,1.0
cf-21293,Poland,4,1,1,0.0,Romania,False,0.0
cf-21299,Rome,2,1,1,1.0,Rome,False,0.0
cf-2130,Volvo,1,1,1,0.0,Toyota,False,0.0
cf-21319,Antarctica,3,1,1,1.0,Antarctica,False,0.0
cf-2133,Arizona,4,1,1,0.0,Spanish,False,0.0
cf-21330,Tokyo,2,1,1,0.0,Japan,False,0.0
cf-21333,Beijing,2,1,1,0.0,Chinese,False,1.0
cf-21351,basketball,0,1,1,0.0,baseball,False,0.0
cf-21357,Boston,4,1,1,0.0,London,False,0.0
cf-21359,Rochester,4,1,1,0.0,London,False,0.0
cf-2136,Paris,3,1,1,1.0,Paris,False,1.0
cf-21363,French,1,1,1,1.0,French,False,0.0
cf-21370,actor,4,1,1,1.0,actor,False,0.0
cf-21372,Microsoft,4,1,1,1.0,Microsoft,False,0.0
cf-21376,Honda,3,1,1,0.0,Toyota,False,0.0
cf-21380,French,4,1,1,1.0,French,False,0.0
cf-21384,Europe,4,1,1,1.0,Europe,False,0.0
cf-21386,Toronto,0,1,1,0.0,Philadelphia,False,0.0
cf-21388,CBS,4,1,1,1.0,CBS,False,0.0
cf-21397,Milan,3,1,1,0.0,Italian,False,0.0
cf-21404,Darwin,4,1,1,0.0,Antarctica,False,0.0
cf-21412,Google,0,1,1,1.0,Google,False,1.0
cf-21417,Copenhagen,1,1,1,0.0,Europe,False,0.0
cf-21418,Rome,0,1,1,0.0,Paris,False,0.0
cf-21420,Paris,0,1,1,0.0,Prague,False,0.0
cf-21432,FIFA,3,1,1,1.0,FIFA,False,0.0
cf-21455,Microsoft,3,1,1,1.0,Microsoft,False,0.0
cf-21457,France,1,1,1,0.0,French,False,0.0
cf-2146,bishop,4,1,1,1.0,bishop,False,0.0
cf-21465,Gujarat,4,1,1,0.0,India,False,0.0
cf-21469,Cambridge,2,1,1,0.0,London,False,1.0
cf-21470,IBM,1,1,1,1.0,IBM,False,1.0
cf-21473,politician,0,1,1,1.0,politician,False,0.0
cf-21475,Adobe,0,1,1,0.0,Microsoft,False,0.0
cf-21477,Venice,4,1,1,0.0,Rome,False,0.0
cf-21487,basketball,0,1,1,0.0,baseball,False,0.0
cf-2149,Uganda,4,1,1,0.0,Japan,False,0.0
cf-21491,Hawaii,0,1,1,0.0,Antarctica,False,0.0
cf-21496,Iraq,1,1,1,0.0,India,False,0.0
cf-21497,Dodge,0,1,1,0.0,BMW,False,0.0
cf-21509,Toyota,3,1,1,0.0,Nissan,False,0.0
cf-21510,quarterback,2,1,1,0.0,goaltender,False,0.0
cf-21517,Oslo,1,1,1,0.0,Germany,False,0.0
cf-21521,diplomat,4,1,1,0.0,Spanish,False,0.0
cf-21532,Russian,3,1,1,1.0,Russian,False,0.0
cf-21535,Poland,3,1,1,0.0,Russian,False,0.0
cf-21539,Brussels,0,1,1,0.0,Paris,False,0.0
cf-21557,Microsoft,4,1,1,1.0,Microsoft,False,1.0
cf-21563,FIFA,2,1,1,1.0,FIFA,False,0.0
cf-21569,Rome,0,1,1,0.0,Italy,False,0.0
cf-2157,Prague,0,1,1,1.0,Prague,False,0.0
cf-21573,Hungary,1,1,1,0.0,Russian,False,0.0
cf-21575,BMW,0,1,1,1.0,BMW,False,1.0
cf-21576,politician,1,1,1,0.0,French,False,0.0
cf-2158,CBS,4,1,1,0.0,NBC,False,0.0
cf-21584,mythology,3,1,1,0.0,physiology,False,0.0
cf-21585,French,1,1,1,1.0,French,False,0.0
cf-21588,London,2,1,1,0.0,Antarctica,False,0.0
cf-21591,actor,1,1,1,1.0,actor,False,0.0
cf-21595,jazz,3,1,1,1.0,jazz,False,0.0
cf-2160,Apple,1,1,1,0.0,Microsoft,False,0.0
cf-21607,Africa,4,1,1,1.0,Africa,False,1.0
cf-21608,Ontario,0,1,1,0.0,Japan,False,0.0
cf-21609,NATO,2,1,1,0.0,FIFA,False,0.0
cf-21616,goaltender,0,1,1,1.0,goaltender,False,0.0
cf-21623,London,1,1,1,1.0,London,False,1.0
cf-21625,Google,3,1,1,1.0,Google,False,1.0
cf-2163,Toyota,0,1,1,1.0,Toyota,False,0.0
cf-21633,Spain,2,1,1,0.0,Europe,False,0.0
cf-2164,Yemen,1,1,1,0.0,Africa,False,0.0
cf-21642,Islam,4,1,1,1.0,Islam,False,0.0
cf-21644,Intel,4,1,1,1.0,Intel,False,0.0
cf-21645,Manchester,1,1,1,0.0,Birmingham,False,0.0
cf-21646,Athens,2,1,1,0.0,Greece,False,0.0
cf-21650,NBC,4,1,1,0.0,CBS,False,0.0
cf-21653,novelist,0,1,1,0.0,actor,False,0.0
cf-21654,German,4,1,1,0.0,French,False,0.0
cf-21658,CBS,2,1,1,0.0,NBC,False,0.0
cf-21665,Suzuki,4,1,1,0.0,Toyota,False,1.0
cf-21668,Apple,4,1,1,1.0,Apple,False,0.0
cf-21671,Berlin,4,1,1,0.0,Germany,False,0.0
cf-21674,BMW,1,1,1,1.0,BMW,False,1.0
cf-21677,Nissan,2,1,1,1.0,Nissan,False,0.0
cf-21678,Poland,3,1,1,0.0,Russia,False,0.0
cf-2168,English,2,1,1,1.0,English,False,0.0
cf-21686,FIFA,4,1,1,1.0,FIFA,False,0.0
cf-21692,bishop,2,1,1,1.0,bishop,False,1.0
cf-21702,Kazakhstan,1,1,1,0.0,Africa,False,0.0
cf-21709,MTV,1,1,1,0.0,NBC,False,0.0
cf-21712,Python,3,1,1,0.0,English,False,0.0
cf-21716,Gujarat,3,1,1,0.0,India,False,0.0
cf-21730,Montreal,1,1,1,0.0,French,False,0.0
cf-21732,Malaysia,0,1,1,0.0,Africa,False,0.0
cf-21733,actor,4,1,1,0.0,Porsche,False,0.0
cf-21738,Phoenix,1,1,1,0.0,India,False,1.0
cf-21739,Japan,3,1,1,1.0,Japan,False,1.0
cf-21747,Russian,1,1,1,1.0,Russian,False,0.0
cf-2175,Cleveland,3,1,1,0.0,Copenhagen,False,1.0
cf-21751,Yahoo,2,1,1,0.0,Google,False,0.0
cf-21755,physics,4,1,1,1.0,physics,False,1.0
cf-21760,Microsoft,0,1,1,1.0,Microsoft,False,1.0
cf-21768,Tamil,2,1,1,1.0,Tamil,False,0.0
cf-21769,BBC,3,1,1,1.0,BBC,False,0.0
cf-21779,bishop,0,1,1,1.0,bishop,False,0.0
cf-21788,Karachi,2,1,1,0.0,Kabul,False,0.0
cf-21789,chemistry,0,1,1,0.0,physiology,False,0.0
cf-21794,German,4,1,1,1.0,German,False,0.0
cf-21797,Dublin,3,1,1,0.0,England,False,0.0
cf-21802,Poland,0,1,1,0.0,Russia,False,0.0
cf-21804,astronomy,3,1,1,0.0,physiology,False,0.0
cf-21805,PBS,1,1,1,0.0,NBC,False,0.0
cf-21812,football,0,1,1,1.0,football,False,1.0
cf-21818,Greek,4,1,1,0.0,English,False,1.0
cf-21831,London,2,1,1,0.0,Berlin,False,0.0
cf-21838,French,3,1,1,1.0,French,False,0.0
cf-21839,bishop,1,1,1,1.0,bishop,False,0.0
cf-2184,Serbian,2,1,1,0.0,Spanish,False,0.0
cf-21840,Antarctica,0,1,1,1.0,Antarctica,False,0.0
cf-21845,Florida,2,1,1,0.0,Antarctica,False,0.0
cf-21846,Syria,4,1,1,0.0,Pakistan,False,0.0
cf-21853,Baltimore,3,1,1,0.0,Boston,False,1.0
cf-21867,actor,2,1,1,1.0,actor,False,0.0
cf-21883,Cincinnati,2,1,1,0.0,Antarctica,False,0.0
cf-21889,Indonesia,0,1,1,0.0,India,False,0.0
cf-21890,Vienna,3,1,1,0.0,Berlin,False,0.0
cf-21891,bishop,2,1,1,1.0,bishop,False,0.0
cf-21899,French,1,1,1,1.0,French,False,0.0
cf-21902,French,3,1,1,1.0,French,False,0.0
cf-21917,Damascus,0,1,1,0.0,Islam,False,0.0
cf-2196,biology,4,1,1,0.0,physics,False,0.0
cf-2199,Serbia,1,1,1,0.0,Poland,False,0.0
cf-22,Philadelphia,0,1,1,0.0,London,False,0.0
cf-2202,cardinal,0,1,1,0.0,pope,False,0.0
cf-2205,Manchester,1,1,1,0.0,Paris,False,0.0
cf-2206,Cardiff,1,1,1,0.0,London,False,1.0
cf-2207,Honda,0,1,1,1.0,Honda,False,1.0
cf-2208,Greece,1,1,1,1.0,Greece,False,0.0
cf-2210,Slovakia,3,1,1,0.0,India,False,0.0
cf-222,Antarctica,1,1,1,1.0,Antarctica,False,0.0
cf-2224,Japan,4,1,1,1.0,Japan,False,1.0
cf-2234,chemistry,1,1,1,0.0,physiology,False,0.0
cf-2238,Armenian,1,1,1,0.0,Russian,False,0.0
cf-2245,Sony,1,1,1,0.0,Apple,False,0.0
cf-2249,Porsche,0,1,1,1.0,Porsche,False,1.0
cf-225,Microsoft,3,1,1,1.0,Microsoft,False,1.0
cf-2260,Atlanta,1,1,1,1.0,Atlanta,False,0.0
cf-2261,Italian,1,1,1,0.0,French,False,0.0
cf-2263,Douglas,1,1,1,1.0,Douglas,False,0.0
cf-2267,astronomy,4,1,1,0.0,Tamil,False,0.0
cf-2268,German,3,1,1,1.0,German,False,1.0
cf-2290,Victoria,0,1,1,0.0,Antarctica,False,0.0
cf-2296,Italian,1,1,1,1.0,Italian,False,0.0
cf-2307,Toronto,2,1,1,0.0,Asia,False,0.0
cf-231,Italian,2,1,1,1.0,Italian,False,1.0
cf-2310,CBS,3,1,1,1.0,CBS,False,0.0
cf-2317,Islam,3,1,1,1.0,Islam,False,1.0
cf-2323,Philadelphia,4,1,1,0.0,London,False,0.0
cf-2325,Stockholm,3,1,1,0.0,Berlin,False,0.0
cf-2337,Philadelphia,2,1,1,0.0,Houston,False,0.0
cf-2342,English,3,1,1,1.0,English,False,0.0
cf-2353,Hindi,1,1,1,1.0,Hindi,False,0.0
cf-2357,CBS,4,1,1,1.0,CBS,False,0.0
cf-2358,Intel,4,1,1,0.0,Apple,False,0.0
cf-2359,Poland,2,1,1,1.0,Poland,False,0.0
cf-2360,quarterback,1,1,1,1.0,quarterback,False,0.0
cf-2363,Google,0,1,1,1.0,Google,False,1.0
cf-2364,NBC,0,1,1,1.0,NBC,False,0.0
cf-2366,Venice,0,1,1,0.0,Rome,False,0.0
cf-2369,Apple,0,1,1,1.0,Apple,False,0.0
cf-2370,Google,4,1,1,1.0,Google,False,0.0
cf-2372,BBC,4,1,1,1.0,BBC,False,0.0
cf-238,Africa,2,1,1,1.0,Africa,False,0.0
cf-2380,Spain,1,1,1,0.0,France,False,0.0
cf-2386,CBS,4,1,1,1.0,CBS,False,0.0
cf-2387,midfielder,0,1,1,0.0,bishop,False,0.0
cf-2399,Antarctica,4,1,1,1.0,Antarctica,False,0.0
cf-2404,English,3,1,1,1.0,English,False,0.0
cf-2412,Toronto,4,1,1,0.0,London,False,0.0
cf-2445,Italian,0,1,1,1.0,Italian,False,1.0
cf-2450,Athens,4,1,1,0.0,Greece,False,0.0
cf-2454,bishop,3,1,1,1.0,bishop,False,0.0
cf-2457,Finnish,4,1,1,1.0,Finnish,False,0.0
cf-2461,French,3,1,1,1.0,French,False,0.0
cf-2462,Microsoft,4,1,1,1.0,Microsoft,False,0.0
cf-2467,Turkey,3,1,1,0.0,Asia,False,0.0
cf-2471,English,0,1,1,1.0,English,False,0.0
cf-2475,Aristotle,4,1,1,0.0,Plato,False,0.0
cf-2478,Germany,0,1,1,1.0,Germany,False,0.0
cf-2479,Antarctica,1,1,1,1.0,Antarctica,False,0.0
cf-2495,Spanish,2,1,1,1.0,Spanish,False,0.0
cf-2526,linebacker,2,1,1,0.0,quarterback,False,0.0
cf-2527,Antarctica,4,1,1,1.0,Antarctica,False,0.0
cf-2529,Christianity,3,1,1,0.0,Islam,False,0.0
cf-2537,Massachusetts,0,1,1,0.0,Manhattan,False,0.0
cf-254,Paris,1,1,1,1.0,Paris,False,0.0
cf-2541,Rome,4,1,1,0.0,Paris,False,0.0
cf-2543,Microsoft,1,1,1,1.0,Microsoft,False,1.0
cf-2545,Milan,2,1,1,0.0,Italian,False,0.0
cf-2552,English,2,1,1,1.0,English,False,0.0
cf-2557,German,3,1,1,0.0,French,False,0.0
cf-2563,Antarctica,3,1,1,1.0,Antarctica,False,0.0
cf-2575,FIFA,3,1,1,1.0,FIFA,False,0.0
cf-2576,Apple,0,1,1,1.0,Apple,False,1.0
cf-2588,linebacker,4,1,1,1.0,linebacker,False,0.0
cf-2589,Russian,2,1,1,1.0,Russian,False,0.0
cf-2592,Paris,2,1,1,1.0,Paris,False,1.0
cf-2599,French,3,1,1,1.0,French,False,0.0
cf-260,Fiat,0,1,1,1.0,Fiat,False,1.0
cf-261,Thailand,2,1,1,0.0,India,False,0.0
cf-2610,English,1,1,1,1.0,English,False,0.0
cf-2612,CBS,1,1,1,1.0,CBS,False,0.0
cf-2613,Copenhagen,2,1,1,0.0,Swedish,False,1.0
cf-2618,Nokia,2,1,1,1.0,Nokia,False,1.0
cf-262,baseball,3,1,1,1.0,baseball,False,1.0
cf-2620,piano,3,1,1,0.0,linebacker,False,0.0
cf-2631,London,1,1,1,1.0,London,False,0.0
cf-2632,Guatemala,4,1,1,0.0,India,False,0.0
cf-2638,Buddhism,1,1,1,0.0,Islam,False,0.0
cf-264,Toyota,2,1,1,1.0,Toyota,False,1.0
cf-2645,Microsoft,3,1,1,1.0,Microsoft,False,0.0
cf-2647,French,4,1,1,0.0,Paris,False,1.0
cf-2652,Plymouth,2,1,1,0.0,Lancaster,False,1.0
cf-2655,Nashville,2,1,1,0.0,Africa,False,0.0
cf-2660,Google,0,1,1,1.0,Google,False,1.0
cf-2662,Valencia,0,1,1,0.0,Spain,False,0.0
cf-2669,Tripoli,2,1,1,0.0,Damascus,False,0.0
cf-2679,Asia,0,1,1,1.0,Asia,False,0.0
cf-268,Senegal,0,1,1,0.0,French,False,0.0
cf-2681,Winchester,0,1,1,0.0,Virginia,False,0.0
cf-2682,Budapest,1,1,1,0.0,Vienna,False,0.0
cf-2685,Brisbane,3,1,1,0.0,Victoria,False,1.0
cf-2709,astronaut,4,1,1,0.0,actor,False,0.0
cf-2712,English,4,1,1,1.0,English,False,0.0
cf-2729,IBM,4,1,1,1.0,IBM,False,0.0
cf-2730,Victoria,0,1,1,1.0,Victoria,False,0.0
cf-2732,actor,4,1,1,1.0,actor,False,0.0
cf-2738,Russian,1,1,1,1.0,Russian,False,0.0
cf-2742,French,3,1,1,1.0,French,False,0.0
cf-2744,Munich,2,1,1,0.0,Berlin,False,0.0
cf-2752,Ottawa,1,1,1,0.0,Canada,False,1.0
cf-2753,NBC,2,1,1,1.0,NBC,False,0.0
cf-2757,Swedish,1,1,1,1.0,Swedish,False,0.0
cf-2759,Porsche,3,1,1,1.0,Porsche,False,1.0
cf-276,midfielder,4,1,1,1.0,midfielder,False,0.0
cf-2761,Mari,0,1,1,0.0,Russian,False,0.0
cf-2764,Cadillac,2,1,1,1.0,Cadillac,False,1.0
cf-2768,MTV,4,1,1,0.0,CBS,False,0.0
cf-2774,Nissan,4,1,1,0.0,Toyota,False,0.0
cf-2780,Azerbaijan,1,1,1,0.0,India,False,0.0
cf-2783,Pennsylvania,2,1,1,0.0,Montana,False,0.0
cf-279,Fiat,1,1,1,0.0,Apple,False,1.0
cf-2792,Switzerland,0,1,1,0.0,German,False,0.0
cf-2794,Sheffield,1,1,1,0.0,London,False,0.0
cf-2805,Spain,0,1,1,0.0,Spanish,False,1.0
cf-2816,Apple,2,1,1,1.0,Apple,False,0.0
cf-2817,CBS,3,1,1,0.0,NBC,False,0.0
cf-2819,midfielder,1,1,1,1.0,midfielder,False,0.0
cf-2832,Chicago,1,1,1,0.0,Toronto,False,0.0
cf-2833,Antarctica,1,1,1,1.0,Antarctica,False,0.0
cf-2845,Russian,1,1,1,1.0,Russian,False,0.0
cf-2851,bishop,2,1,1,1.0,bishop,False,1.0
cf-2856,Manchester,0,1,1,0.0,London,False,0.0
cf-2857,Google,2,1,1,1.0,Google,False,1.0
cf-2862,MTV,3,1,1,0.0,NBC,False,0.0
cf-2868,French,0,1,1,1.0,French,False,0.0
cf-2874,trumpet,3,1,1,0.0,goaltender,False,0.0
cf-2875,Nokia,2,1,1,1.0,Nokia,False,1.0
cf-2876,London,1,1,1,1.0,London,False,0.0
cf-288,France,3,1,1,0.0,Paris,False,0.0
cf-2880,Seattle,4,1,1,1.0,Seattle,False,0.0
cf-2887,Cairo,3,1,1,0.0,Islam,False,1.0
cf-2889,Porsche,3,1,1,1.0,Porsche,False,1.0
cf-2890,London,4,1,1,0.0,Apple,False,0.0
cf-29,Europe,4,1,1,0.0,Antarctica,False,1.0
cf-2904,English,2,1,1,0.0,French,False,0.0
cf-2909,jazz,0,1,1,1.0,jazz,False,0.0
cf-291,jazz,3,1,1,0.0,French,False,0.0
cf-2917,Canada,2,1,1,0.0,Ireland,False,0.0
cf-292,CBS,2,1,1,0.0,NBC,False,0.0
cf-2925,Porsche,1,1,1,1.0,Porsche,False,1.0
cf-2932,Kenya,2,1,1,0.0,Moscow,False,0.0
cf-2938,Scotland,4,1,1,0.0,Poland,False,0.0
cf-2940,Danish,4,1,1,0.0,English,False,1.0
cf-2942,French,0,1,1,1.0,French,False,0.0
cf-2947,Leicester,2,1,1,0.0,Victoria,False,0.0
cf-2951,Athena,3,1,1,0.0,Greek,False,0.0
cf-2954,ESPN,2,1,1,0.0,NBC,False,0.0
cf-2956,Finnish,1,1,1,0.0,Spanish,False,0.0
cf-296,Perth,4,1,1,0.0,Japan,False,0.0
cf-2967,Microsoft,3,1,1,1.0,Microsoft,False,0.0
cf-2971,violin,3,1,1,0.0,football,False,0.0
cf-2974,BMW,0,1,1,1.0,BMW,False,0.0
cf-2976,Toyota,2,1,1,1.0,Toyota,False,1.0
cf-2978,Edinburgh,0,1,1,0.0,Ireland,False,0.0
cf-2980,Microsoft,4,1,1,1.0,Microsoft,False,0.0
cf-2984,HBO,1,1,1,0.0,CBS,False,0.0
cf-299,jazz,3,1,1,0.0,basketball,False,0.0
cf-3,Spain,4,1,1,1.0,Spain,False,0.0
cf-3002,novelist,3,1,1,0.0,actor,False,0.0
cf-3006,Spanish,0,1,1,1.0,Spanish,False,0.0
cf-3012,Cambridge,0,1,1,0.0,Boston,False,0.0
cf-3015,Chinese,3,1,1,0.0,English,False,0.0
cf-3016,goaltender,4,1,1,0.0,linebacker,False,0.0
cf-3019,Finnish,2,1,1,1.0,Finnish,False,0.0
cf-304,hockey,1,1,1,0.0,actor,False,0.0
cf-3043,Singapore,2,1,1,0.0,Australia,False,0.0
cf-3044,Russian,0,1,1,1.0,Russian,False,0.0
cf-3052,Helsinki,3,1,1,0.0,Russian,False,1.0
cf-3053,Microsoft,1,1,1,1.0,Microsoft,False,1.0
cf-3054,Nokia,3,1,1,1.0,Nokia,False,0.0
cf-3056,Greenwich,0,1,1,0.0,London,False,1.0
cf-3058,Prague,4,1,1,0.0,Paris,False,0.0
cf-3066,Bern,3,1,1,0.0,Berlin,False,0.0
cf-3067,Europe,3,1,1,1.0,Europe,False,0.0
cf-3069,Spain,2,1,1,0.0,Romania,False,0.0
cf-307,French,3,1,1,1.0,French,False,0.0
cf-3072,London,0,1,1,1.0,London,False,0.0
cf-3073,Edinburgh,3,1,1,0.0,English,False,0.0
cf-3085,Netherlands,1,1,1,0.0,Asia,False,1.0
cf-3093,Paris,3,1,1,1.0,Paris,False,0.0
cf-3099,Microsoft,1,1,1,1.0,Microsoft,False,1.0
cf-3101,Chevrolet,0,1,1,1.0,Chevrolet,False,0.0
cf-3102,Bulgaria,1,1,1,0.0,Uganda,False,0.0
cf-3106,Berlin,1,1,1,1.0,Berlin,False,1.0
cf-3107,goaltender,2,1,1,0.0,midfielder,False,0.0
cf-3125,Microsoft,0,1,1,1.0,Microsoft,False,1.0
cf-3127,French,1,1,1,1.0,French,False,0.0
cf-3129,Portuguese,4,1,1,0.0,English,False,0.0
cf-3132,Adobe,1,1,1,1.0,Adobe,False,0.0
cf-3139,Poland,1,1,1,0.0,Russian,False,0.0
cf-3140,Netherlands,1,1,1,0.0,Europe,False,0.0
cf-3144,Greek,0,1,1,0.0,Spanish,False,0.0
cf-3145,linebacker,1,1,1,0.0,midfielder,False,0.0
cf-3147,Australia,3,1,1,0.0,Antarctica,False,0.0
cf-3150,IBM,1,1,1,1.0,IBM,False,1.0
cf-3153,IBM,3,1,1,0.0,Apple,False,0.0
cf-3155,BBC,0,1,1,1.0,BBC,False,1.0
cf-3156,Warsaw,2,1,1,1.0,Warsaw,False,1.0
cf-316,catcher,0,1,1,0.0,linebacker,False,0.0
cf-3162,Asia,0,1,1,1.0,Asia,False,1.0
cf-3170,Africa,4,1,1,1.0,Africa,False,1.0
cf-3171,Sweden,3,1,1,0.0,France,False,0.0
cf-3176,Georgetown,4,1,1,0.0,London,False,0.0
cf-3177,Suzuki,1,1,1,1.0,Suzuki,False,1.0
cf-3179,Russian,0,1,1,1.0,Russian,False,0.0
cf-3195,Antarctica,2,1,1,1.0,Antarctica,False,0.0
cf-3196,Kenya,4,1,1,0.0,Africa,False,0.0
cf-3204,London,1,1,1,0.0,Berlin,False,0.0
cf-3219,mayor,4,1,1,0.0,bishop,False,0.0
cf-3222,Sydney,0,1,1,0.0,Victoria,False,1.0
cf-3224,Virginia,4,1,1,0.0,Antarctica,False,0.0
cf-3225,French,0,1,1,1.0,French,False,0.0
cf-323,Manhattan,4,1,1,0.0,Virginia,False,0.0
cf-3234,Moon,3,1,1,0.0,lead,False,0.0
cf-3235,Dutch,2,1,1,1.0,Dutch,False,0.0
cf-3254,Copenhagen,0,1,1,0.0,London,False,0.0
cf-3258,Swedish,1,1,1,1.0,Swedish,False,0.0
cf-3259,Dublin,0,1,1,0.0,BBC,False,0.0
cf-326,Michigan,4,1,1,0.0,Canada,False,1.0
cf-3262,mathematician,1,1,1,0.0,actor,False,0.0
cf-3263,Golden,4,1,1,0.0,Boston,False,0.0
cf-327,psychology,1,1,1,0.0,physiology,False,1.0
cf-3274,Massachusetts,1,1,1,0.0,Antarctica,False,0.0
cf-3275,Bermuda,4,1,1,0.0,Antarctica,False,0.0
cf-3279,Somerset,1,1,1,0.0,Antarctica,False,0.0
cf-3289,Chile,2,1,1,0.0,France,False,0.0
cf-3291,Iraq,4,1,1,0.0,Islam,False,0.0
cf-3292,Amazon,2,1,1,0.0,IBM,False,1.0
cf-3297,Ireland,0,1,1,1.0,Ireland,False,0.0
cf-3302,Qatar,4,1,1,0.0,Islam,False,0.0
cf-3309,composer,1,1,1,0.0,actor,False,0.0
cf-3311,IBM,3,1,1,0.0,Microsoft,False,1.0
cf-3317,Maryland,4,1,1,0.0,Antarctica,False,0.0
cf-3318,pitcher,2,1,1,0.0,midfielder,False,0.0
cf-3323,Illinois,0,1,1,0.0,politician,False,0.0
cf-3327,India,0,1,1,1.0,India,False,0.0
cf-3328,Moscow,3,1,1,0.0,Russian,False,0.0
cf-333,CBS,4,1,1,1.0,CBS,False,0.0
cf-3335,hockey,2,1,1,0.0,football,False,0.0
cf-335,Google,4,1,1,1.0,Google,False,1.0
cf-3361,German,3,1,1,1.0,German,False,0.0
cf-3362,Valencia,0,1,1,0.0,Spain,False,0.0
cf-3364,mayor,4,1,1,0.0,bishop,False,0.0
cf-3365,Nissan,1,1,1,1.0,Nissan,False,1.0
cf-3366,Rwanda,2,1,1,0.0,Africa,False,0.0
cf-3369,Sweden,4,1,1,0.0,Germany,False,0.0
cf-3373,Rome,3,1,1,0.0,Florence,False,0.0
cf-338,Buddhism,3,1,1,1.0,Buddhism,False,0.0
cf-3382,Scotland,0,1,1,0.0,London,False,0.0
cf-3393,Italian,1,1,1,1.0,Italian,False,0.0
cf-3394,Stockholm,2,1,1,0.0,BBC,False,0.0
cf-3395,Madrid,0,1,1,0.0,Spanish,False,0.0
cf-3396,French,3,1,1,1.0,French,False,0.0
cf-3399,Swedish,3,1,1,1.0,Swedish,False,0.0
cf-3409,Naples,1,1,1,0.0,Italy,False,0.0
cf-3416,Ferrari,2,1,1,1.0,Ferrari,False,1.0
cf-3417,Dresden,1,1,1,0.0,Rome,False,0.0
cf-3418,England,4,1,1,0.0,Antarctica,False,0.0
cf-3420,Germany,2,1,1,1.0,Germany,False,0.0
cf-3421,NBC,3,1,1,1.0,NBC,False,0.0
cf-3425,Venezuela,4,1,1,0.0,Africa,False,0.0
cf-3427,Toronto,3,1,1,0.0,London,False,0.0
cf-3432,Russian,1,1,1,0.0,French,False,0.0
cf-3436,politician,1,1,1,0.0,actor,False,0.0
cf-344,London,2,1,1,1.0,London,False,0.0
cf-3447,Seattle,2,1,1,0.0,Antarctica,False,1.0
cf-3471,Pennsylvania,0,1,1,0.0,Texas,False,0.0
cf-3472,Austin,1,1,1,0.0,Melbourne,False,0.0
cf-3484,Montreal,2,1,1,0.0,Canada,False,0.0
cf-3486,English,2,1,1,1.0,English,False,0.0
cf-3492,anatomy,3,1,1,0.0,physiology,False,0.0
cf-3495,Antarctica,1,1,1,1.0,Antarctica,False,0.0
cf-3499,Apple,2,1,1,1.0,Apple,False,1.0
cf-35,Ferrari,4,1,1,0.0,Porsche,False,0.0
cf-3500,Hebrew,2,1,1,1.0,Hebrew,False,0.0
cf-3502,Florence,1,1,1,0.0,Rome,False,0.0
cf-3504,Rome,4,1,1,1.0,Rome,False,0.0
cf-3506,Cadillac,1,1,1,0.0,Honda,False,1.0
cf-3507,Spain,3,1,1,0.0,France,False,0.0
cf-351,NBC,1,1,1,0.0,CBS,False,0.0
cf-3516,Barcelona,2,1,1,0.0,Rome,False,0.0
cf-3518,Adobe,1,1,1,1.0,Adobe,False,0.0
cf-3522,Apple,4,1,1,1.0,Apple,False,0.0
cf-3524,hockey,2,1,1,0.0,basketball,False,0.0
cf-3526,IBM,3,1,1,1.0,IBM,False,0.0
cf-3535,Netherlands,3,1,1,0.0,Ireland,False,0.0
cf-354,Georgetown,4,1,1,0.0,Geneva,False,0.0
cf-3546,Vienna,1,1,1,0.0,Germany,False,0.0
cf-3549,Italy,3,1,1,0.0,Rome,False,0.0
cf-3552,Ukraine,3,1,1,0.0,Antarctica,False,0.0
cf-3553,Apple,3,1,1,0.0,BBC,False,0.0
cf-3557,rabbi,0,1,1,0.0,poet,False,0.0
cf-3558,goaltender,4,1,1,1.0,goaltender,False,0.0
cf-3562,psychology,3,1,1,0.0,physiology,False,0.0
cf-3571,Antarctica,4,1,1,1.0,Antarctica,False,0.0
cf-3575,Russian,0,1,1,1.0,Russian,False,0.0
cf-3586,Jakarta,1,1,1,0.0,London,False,0.0
cf-3587,Microsoft,0,1,1,1.0,Microsoft,False,0.0
cf-3588,Italian,0,1,1,0.0,German,False,0.0
cf-3597,Berlin,0,1,1,1.0,Berlin,False,0.0
cf-3600,French,3,1,1,1.0,French,False,0.0
cf-3604,Chinese,1,1,1,0.0,Russian,False,0.0
cf-3605,Microsoft,3,1,1,1.0,Microsoft,False,0.0
cf-3606,pitcher,1,1,1,0.0,linebacker,False,0.0
cf-361,Catalan,1,1,1,0.0,Spanish,False,0.0
cf-3611,Canada,4,1,1,0.0,Antarctica,False,0.0
cf-3612,FIFA,4,1,1,1.0,FIFA,False,0.0
cf-3616,Melbourne,4,1,1,0.0,Ireland,False,0.0
cf-3621,Canada,0,1,1,0.0,Massachusetts,False,0.0
cf-3626,Google,1,1,1,1.0,Google,False,0.0
cf-3628,Nokia,0,1,1,1.0,Nokia,False,1.0
cf-3631,French,3,1,1,1.0,French,False,0.0
cf-3633,FIFA,0,1,1,1.0,FIFA,False,0.0
cf-3635,Russian,4,1,1,1.0,Russian,False,0.0
cf-3647,France,0,1,1,0.0,Italy,False,0.0
cf-3651,Antarctica,3,1,1,1.0,Antarctica,False,0.0
cf-3656,Google,4,1,1,1.0,Google,False,0.0
cf-3659,baseball,1,1,1,1.0,baseball,False,1.0
cf-3660,Buddhism,1,1,1,0.0,Islam,False,0.0
cf-3673,physics,2,1,1,1.0,physics,False,0.0
cf-3678,Islam,2,1,1,1.0,Islam,False,1.0
cf-3684,Nintendo,4,1,1,1.0,Nintendo,False,1.0
cf-3692,baseball,4,1,1,1.0,baseball,False,1.0
cf-3701,India,0,1,1,1.0,India,False,0.0
cf-3706,Albany,2,1,1,0.0,California,False,0.0
cf-3717,Oslo,4,1,1,0.0,Moscow,False,0.0
cf-3718,Microsoft,2,1,1,1.0,Microsoft,False,1.0
cf-3725,Antarctica,3,1,1,1.0,Antarctica,False,0.0
cf-3733,Barcelona,4,1,1,1.0,Barcelona,False,0.0
cf-3735,goaltender,1,1,1,0.0,actor,False,0.0
cf-3747,Antarctica,4,1,1,1.0,Antarctica,False,1.0
cf-3754,Antarctica,4,1,1,1.0,Antarctica,False,0.0
cf-3757,Iran,4,1,1,0.0,Asia,False,0.0
cf-3759,France,1,1,1,0.0,Paris,False,0.0
cf-3760,Netherlands,0,1,1,0.0,Europe,False,0.0
cf-3761,Seoul,4,1,1,0.0,Japan,False,0.0
cf-3762,Paris,0,1,1,1.0,Paris,False,0.0
cf-3763,Chicago,4,1,1,0.0,London,False,0.0
cf-3772,Berlin,3,1,1,0.0,Paris,False,0.0
cf-3778,composer,1,1,1,0.0,actor,False,0.0
cf-3785,Newport,3,1,1,0.0,Melbourne,False,0.0
cf-3787,Boston,4,1,1,0.0,Google,False,0.0
cf-379,CBS,1,1,1,0.0,NBC,False,0.0
cf-3796,Bangalore,1,1,1,0.0,India,False,0.0
cf-3797,English,3,1,1,1.0,English,False,0.0
cf-3798,Armenia,1,1,1,0.0,Russia,False,0.0
cf-38,Jeep,3,1,1,0.0,Nissan,False,1.0
cf-380,Germany,0,1,1,1.0,Germany,False,1.0
cf-3811,Japan,4,1,1,1.0,Japan,False,0.0
cf-3815,Cologne,2,1,1,0.0,London,False,0.0
cf-3817,Antarctica,2,1,1,1.0,Antarctica,False,0.0
cf-3824,Netherlands,4,1,1,0.0,London,False,0.0
cf-3828,Toyota,3,1,1,1.0,Toyota,False,1.0
cf-383,London,4,1,1,1.0,London,False,0.0
cf-3843,Munich,4,1,1,0.0,Vienna,False,0.0
cf-3845,Google,4,1,1,1.0,Google,False,0.0
cf-3847,Athena,0,1,1,0.0,Plato,False,0.0
cf-385,hockey,1,1,1,1.0,hockey,False,0.0
cf-3869,NBC,4,1,1,0.0,CBS,False,0.0
cf-3875,BMW,0,1,1,1.0,BMW,False,1.0
cf-3877,Africa,4,1,1,1.0,Africa,False,1.0
cf-3881,Dutch,2,1,1,0.0,French,False,0.0
cf-3884,Iran,0,1,1,0.0,Islam,False,0.0
cf-3901,jazz,1,1,1,1.0,jazz,False,0.0
cf-3904,Japan,3,1,1,1.0,Japan,False,1.0
cf-3911,Africa,4,1,1,1.0,Africa,False,1.0
cf-3922,Austria,4,1,1,0.0,Italian,False,0.0
cf-393,PBS,3,1,1,0.0,NBC,False,0.0
cf-3931,NBC,3,1,1,1.0,NBC,False,0.0
cf-3932,German,0,1,1,0.0,French,False,0.0
cf-3935,London,0,1,1,1.0,London,False,0.0
cf-3937,Honda,4,1,1,1.0,Honda,False,0.0
cf-3939,Portsmouth,3,1,1,0.0,Antarctica,False,0.0
cf-3963,fantasy,1,1,1,0.0,jazz,False,0.0
cf-3969,Austria,1,1,1,0.0,German,False,0.0
cf-3970,Italy,2,1,1,0.0,Italian,False,0.0
cf-4002,pope,3,1,1,0.0,bishop,False,0.0
cf-4016,Amsterdam,3,1,1,0.0,Paris,False,0.0
cf-4036,Ghana,2,1,1,0.0,Africa,False,0.0
cf-4039,Italian,2,1,1,1.0,Italian,False,0.0
cf-4043,Finnish,0,1,1,0.0,Swedish,False,0.0
cf-4050,London,1,1,1,1.0,London,False,0.0
cf-4054,Russian,3,1,1,1.0,Russian,False,1.0
cf-4059,Beijing,0,1,1,0.0,Moscow,False,0.0
cf-4060,Texas,4,1,1,0.0,Africa,False,0.0
cf-4071,Microsoft,3,1,1,1.0,Microsoft,False,1.0
cf-4086,Iran,0,1,1,0.0,India,False,0.0
cf-4088,Switzerland,1,1,1,0.0,French,False,0.0
cf-4089,mathematician,2,1,1,0.0,Italian,False,0.0
cf-4095,IBM,2,1,1,0.0,Microsoft,False,1.0
cf-4102,California,3,1,1,0.0,Montana,False,1.0
cf-4104,Venice,3,1,1,1.0,Venice,False,1.0
cf-4113,Microsoft,2,1,1,0.0,BBC,False,0.0
cf-4128,Latin,1,1,1,1.0,Latin,False,0.0
cf-4130,NBC,3,1,1,1.0,NBC,False,0.0
cf-4131,Google,2,1,1,1.0,Google,False,1.0
cf-4132,Berlin,3,1,1,1.0,Berlin,False,0.0
cf-4137,Antarctica,1,1,1,1.0,Antarctica,False,1.0
cf-4145,Microsoft,2,1,1,0.0,BBC,False,0.0
cf-415,Oslo,4,1,1,1.0,Oslo,False,0.0
cf-4150,actor,3,1,1,1.0,actor,False,0.0
cf-4154,Paris,4,1,1,1.0,Paris,False,1.0
cf-4159,Honda,1,1,1,1.0,Honda,False,1.0
cf-4165,Germany,4,1,1,0.0,Antarctica,False,0.0
cf-417,Oslo,0,1,1,0.0,Paris,False,0.0
cf-4170,Microsoft,2,1,1,1.0,Microsoft,False,1.0
cf-4175,London,2,1,1,1.0,London,False,0.0
cf-4177,Sydney,3,1,1,0.0,Antarctica,False,0.0
cf-4185,poet,0,1,1,0.0,politician,False,0.0
cf-4195,HBO,3,1,1,0.0,NBC,False,0.0
cf-4201,Pakistan,1,1,1,0.0,India,False,0.0
cf-4208,English,2,1,1,1.0,English,False,0.0
cf-4209,Armenian,4,1,1,0.0,Russian,False,1.0
cf-421,Mumbai,2,1,1,0.0,Hindi,False,0.0
cf-4210,California,0,1,1,0.0,basketball,False,0.0
cf-4214,Netflix,1,1,1,0.0,CBS,False,0.0
cf-4219,Honda,4,1,1,1.0,Honda,False,1.0
cf-4225,Apple,4,1,1,0.0,Microsoft,False,0.0
cf-4230,Halifax,4,1,1,0.0,London,False,0.0
cf-4236,Spain,0,1,1,1.0,Spain,False,0.0
cf-424,Italy,1,1,1,1.0,Italy,False,0.0
cf-4240,Ireland,4,1,1,0.0,Scotland,False,0.0
cf-4249,hockey,0,1,1,0.0,goaltender,False,0.0
cf-4251,CBS,3,1,1,1.0,CBS,False,0.0
cf-4253,French,0,1,1,1.0,French,False,1.0
cf-4255,Airbus,2,1,1,1.0,Airbus,False,0.0
cf-4256,Normandy,4,1,1,0.0,London,False,0.0
cf-4265,French,0,1,1,1.0,French,False,0.0
cf-4269,FIFA,4,1,1,1.0,FIFA,False,0.0
cf-4280,Norfolk,3,1,1,0.0,Australia,False,0.0
cf-4284,Pittsburgh,2,1,1,0.0,Virginia,False,0.0
cf-4285,Ukrainian,0,1,1,1.0,Ukrainian,False,0.0
cf-4287,Toyota,2,1,1,1.0,Toyota,False,0.0
cf-4288,Islam,2,1,1,1.0,Islam,False,0.0
cf-43,Antarctica,4,1,1,1.0,Antarctica,False,0.0
cf-4301,Norway,0,1,1,0.0,Netherlands,False,0.0
cf-4305,Google,1,1,1,1.0,Google,False,1.0
cf-4310,London,3,1,1,0.0,Dublin,False,0.0
cf-4316,Spanish,0,1,1,1.0,Spanish,False,0.0
cf-4320,Montreal,4,1,1,0.0,California,False,0.0
cf-433,English,2,1,1,1.0,English,False,0.0
cf-4330,Dublin,0,1,1,0.0,Ireland,False,1.0
cf-4338,Fiat,4,1,1,0.0,Toyota,False,1.0
cf-4342,piano,2,1,1,1.0,piano,False,1.0
cf-4344,BMW,0,1,1,1.0,BMW,False,1.0
cf-4354,jazz,2,1,1,1.0,jazz,False,0.0
cf-4359,Czech,3,1,1,0.0,Russian,False,0.0
cf-4365,French,2,1,1,1.0,French,False,0.0
cf-4370,Australia,3,1,1,0.0,England,False,0.0
cf-4375,baseball,1,1,1,0.0,jazz,False,0.0
cf-4381,Montreal,4,1,1,0.0,Paris,False,0.0
cf-4385,Kabul,0,1,1,0.0,Ankara,False,0.0
cf-4387,Antarctica,1,1,1,1.0,Antarctica,False,0.0
cf-4388,Tokyo,2,1,1,0.0,Japan,False,0.0
cf-4393,NBC,4,1,1,0.0,CBS,False,0.0
cf-4397,Japan,0,1,1,1.0,Japan,False,1.0
cf-4399,HBO,2,1,1,0.0,NBC,False,0.0
cf-4401,Canada,0,1,1,0.0,Nissan,False,0.0
cf-4408,Apple,1,1,1,1.0,Apple,False,0.0
cf-4427,Spanish,4,1,1,1.0,Spanish,False,0.0
cf-4430,guitar,1,1,1,0.0,goaltender,False,0.0
cf-4434,Ontario,3,1,1,0.0,Uganda,False,0.0
cf-4440,novelist,3,1,1,0.0,politician,False,0.0
cf-4457,French,4,1,1,1.0,French,False,0.0
cf-4484,Spanish,2,1,1,1.0,Spanish,False,1.0
cf-4486,actor,4,1,1,1.0,actor,False,0.0
cf-4488,Sega,1,1,1,0.0,Nintendo,False,0.0
cf-4494,BBC,0,1,1,1.0,BBC,False,0.0
cf-4497,Volvo,2,1,1,0.0,BMW,False,1.0
cf-4499,Nokia,0,1,1,1.0,Nokia,False,0.0
cf-4502,Munich,4,1,1,0.0,Berlin,False,0.0
cf-4504,Lexington,3,1,1,0.0,Philadelphia,False,0.0
cf-4507,jazz,3,1,1,1.0,jazz,False,0.0
cf-4508,Finland,4,1,1,0.0,Antarctica,False,0.0
cf-4509,Asia,3,1,1,1.0,Asia,False,1.0
cf-4511,Karachi,4,1,1,0.0,Japan,False,0.0
cf-4513,Volvo,4,1,1,0.0,BMW,False,1.0
cf-4516,Ontario,0,1,1,0.0,Antarctica,False,0.0
cf-4520,Prague,3,1,1,1.0,Prague,False,0.0
cf-4529,Amsterdam,0,1,1,0.0,Paris,False,0.0
cf-453,baseball,2,1,1,0.0,basketball,False,0.0
cf-4537,Nintendo,0,1,1,0.0,Apple,False,0.0
cf-4542,BMW,3,1,1,1.0,BMW,False,1.0
cf-4546,Spain,1,1,1,0.0,Latin,False,0.0
cf-4548,Antarctica,0,1,1,1.0,Antarctica,False,0.0
cf-4551,Peter,4,1,1,0.0,Russian,False,0.0
cf-4559,Italian,3,1,1,0.0,German,False,0.0
cf-456,Trinity,2,1,1,0.0,Victoria,False,0.0
cf-4560,Vienna,2,1,1,0.0,Venice,False,0.0
cf-4565,Cyprus,4,1,1,0.0,Italian,False,0.0
cf-4569,Sudan,2,1,1,0.0,Nissan,False,0.0
cf-4571,Latin,4,1,1,1.0,Latin,False,1.0
cf-4574,Jerusalem,1,1,1,0.0,Montreal,False,0.0
cf-4578,Hamburg,4,1,1,0.0,Moscow,False,0.0
cf-458,CBS,4,1,1,1.0,CBS,False,0.0
cf-4580,English,2,1,1,1.0,English,False,0.0
cf-4585,football,1,1,1,1.0,football,False,0.0
cf-4587,Russian,2,1,1,1.0,Russian,False,0.0
cf-459,Uganda,2,1,1,0.0,Russia,False,0.0
cf-4596,Volvo,2,1,1,1.0,Volvo,False,1.0
cf-4600,Pennsylvania,4,1,1,0.0,Paris,False,0.0
cf-4602,German,3,1,1,1.0,German,False,1.0
cf-4608,piano,3,1,1,0.0,jazz,False,1.0
cf-4613,Africa,3,1,1,0.0,Antarctica,False,0.0
cf-4615,Renault,3,1,1,1.0,Renault,False,1.0
cf-4620,Czech,2,1,1,0.0,Russian,False,1.0
cf-4622,France,0,1,1,1.0,France,False,0.0
cf-4623,poet,4,1,1,0.0,bishop,False,0.0
cf-4628,Ferrari,1,1,1,1.0,Ferrari,False,1.0
cf-4630,Europe,0,1,1,1.0,Europe,False,0.0
cf-4634,Australia,1,1,1,0.0,Antarctica,False,0.0
cf-4637,Shanghai,3,1,1,1.0,Shanghai,False,0.0
cf-4654,English,0,1,1,1.0,English,False,0.0
cf-4656,French,1,1,1,1.0,French,False,0.0
cf-4664,basketball,4,1,1,1.0,basketball,False,0.0
cf-4669,Nokia,1,1,1,1.0,Nokia,False,1.0
cf-4680,Microsoft,1,1,1,1.0,Microsoft,False,1.0
cf-4686,Venice,3,1,1,1.0,Venice,False,0.0
cf-4687,Suzuki,3,1,1,1.0,Suzuki,False,1.0
cf-4688,CBS,0,1,1,1.0,CBS,False,0.0
cf-4696,Chicago,2,1,1,0.0,London,False,0.0
cf-4701,India,1,1,1,1.0,India,False,0.0
cf-4704,Munich,2,1,1,0.0,German,False,0.0
cf-4708,Athens,2,1,1,0.0,Venice,False,0.0
cf-4716,Brussels,1,1,1,0.0,Paris,False,1.0
cf-4717,Adobe,4,1,1,0.0,Apple,False,1.0
cf-4718,Honda,3,1,1,1.0,Honda,False,1.0
cf-472,Chennai,3,1,1,0.0,India,False,0.0
cf-4730,Antarctica,0,1,1,1.0,Antarctica,False,0.0
cf-4747,Dutch,4,1,1,1.0,Dutch,False,0.0
cf-4749,geometry,4,1,1,0.0,Russian,False,0.0
cf-475,Kabul,0,1,1,0.0,Karachi,False,0.0
cf-476,actor,1,1,1,1.0,actor,False,0.0
cf-4761,Apple,1,1,1,0.0,BBC,False,0.0
cf-4766,Victoria,4,1,1,0.0,Shanghai,False,0.0
cf-4768,Bentley,0,1,1,0.0,BMW,False,1.0
cf-4769,Africa,4,1,1,1.0,Africa,False,1.0
cf-477,Naples,2,1,1,0.0,Rome,False,0.0
cf-4786,Google,0,1,1,1.0,Google,False,0.0
cf-4790,Microsoft,2,1,1,1.0,Microsoft,False,1.0
cf-4792,architect,4,1,1,0.0,actor,False,0.0
cf-4799,Hindi,1,1,1,1.0,Hindi,False,0.0
cf-480,Nissan,0,1,1,0.0,Honda,False,0.0
cf-4800,goaltender,3,1,1,0.0,quarterback,False,0.0
cf-4801,Victoria,4,1,1,0.0,Antarctica,False,0.0
cf-4808,Shah,2,1,1,0.0,bishop,False,1.0
cf-4822,India,4,1,1,0.0,Japan,False,0.0
cf-4825,Italy,2,1,1,0.0,Europe,False,1.0
cf-4826,Ferrari,4,1,1,0.0,Fiat,False,0.0
cf-4828,Florence,4,1,1,0.0,Rome,False,0.0
cf-4834,English,1,1,1,1.0,English,False,0.0
cf-4838,Google,1,1,1,1.0,Google,False,0.0
cf-4847,Honda,4,1,1,1.0,Honda,False,1.0
cf-4852,Oxford,2,1,1,0.0,Paris,False,0.0
cf-4857,politician,2,1,1,0.0,poet,False,0.0
cf-4858,Microsoft,0,1,1,1.0,Microsoft,False,1.0
cf-4867,Apple,4,1,1,1.0,Apple,False,0.0
cf-4887,Intel,3,1,1,0.0,Microsoft,False,0.0
cf-4889,Pennsylvania,0,1,1,0.0,Virginia,False,1.0
cf-4892,MTV,4,1,1,0.0,CBS,False,0.0
cf-4896,Toyota,3,1,1,1.0,Toyota,False,0.0
cf-4908,Philadelphia,4,1,1,0.0,Boston,False,0.0
cf-491,Helsinki,0,1,1,0.0,Swedish,False,0.0
cf-4913,Toyota,0,1,1,1.0,Toyota,False,1.0
cf-4914,Stockholm,4,1,1,0.0,London,False,0.0
cf-4916,Irish,4,1,1,0.0,English,False,0.0
cf-4926,midfielder,3,1,1,0.0,goaltender,False,0.0
cf-4927,composer,0,1,1,0.0,actor,False,0.0
cf-4928,actor,1,1,1,1.0,actor,False,0.0
cf-4932,Russian,0,1,1,0.0,French,False,0.0
cf-4939,Antarctica,3,1,1,1.0,Antarctica,False,0.0
cf-4943,Microsoft,0,1,1,0.0,BBC,False,0.0
cf-4944,Apple,4,1,1,1.0,Apple,False,1.0
cf-4947,Fiat,0,1,1,1.0,Fiat,False,1.0
cf-4948,Naples,3,1,1,0.0,Italian,False,0.0
cf-4950,NBC,1,1,1,0.0,CBS,False,0.0
cf-4957,CBS,3,1,1,1.0,CBS,False,0.0
cf-4968,Dutch,1,1,1,1.0,Dutch,False,0.0
cf-4971,BBC,3,1,1,1.0,BBC,False,0.0
cf-4972,Microsoft,4,1,1,1.0,Microsoft,False,0.0
cf-4975,Barcelona,1,1,1,0.0,Paris,False,0.0
cf-4988,Apple,4,1,1,1.0,Apple,False,0.0
cf-4990,German,4,1,1,1.0,German,False,0.0
cf-4991,Chinese,4,1,1,0.0,French,False,1.0
cf-4994,Nashville,2,1,1,0.0,Manila,False,0.0
cf-5,Dutch,2,1,1,1.0,Dutch,False,1.0
cf-50,Birmingham,2,1,1,0.0,Springfield,False,0.0
cf-5002,hockey,0,1,1,0.0,baseball,False,0.0
cf-5024,Detroit,4,1,1,0.0,London,False,1.0
cf-5025,Google,2,1,1,1.0,Google,False,0.0
cf-5026,Canada,4,1,1,0.0,Antarctica,False,0.0
cf-5049,Canada,1,1,1,0.0,London,False,0.0
cf-505,Bangalore,0,1,1,0.0,London,False,0.0
cf-5055,Islam,1,1,1,1.0,Islam,False,1.0
cf-5059,Islam,4,1,1,1.0,Islam,False,0.0
cf-5063,Victoria,2,1,1,0.0,Antarctica,False,0.0
cf-5068,Apple,3,1,1,1.0,Apple,False,0.0
cf-5069,Serbian,0,1,1,0.0,Russian,False,1.0
cf-5072,Manhattan,1,1,1,0.0,Philadelphia,False,0.0
cf-5074,Antarctica,0,1,1,1.0,Antarctica,False,0.0
cf-5082,Google,0,1,1,0.0,Apple,False,0.0
cf-5090,Athens,3,1,1,0.0,French,False,0.0
cf-5094,Oregon,1,1,1,0.0,California,False,0.0
cf-5098,Japan,2,1,1,1.0,Japan,False,0.0
cf-5099,Dresden,3,1,1,0.0,Munich,False,0.0
cf-51,Antarctica,3,1,1,1.0,Antarctica,False,0.0
cf-5102,Berlin,2,1,1,0.0,Boston,False,0.0
cf-5114,Russia,1,1,1,0.0,Antarctica,False,0.0
cf-5116,Asia,4,1,1,1.0,Asia,False,1.0
cf-5119,actor,1,1,1,1.0,actor,False,0.0
cf-5123,Antarctica,2,1,1,1.0,Antarctica,False,0.0
cf-5129,London,1,1,1,1.0,London,False,0.0
cf-5138,Spanish,2,1,1,1.0,Spanish,False,0.0
cf-5143,Microsoft,2,1,1,0.0,Nintendo,False,0.0
cf-5156,Antarctica,4,1,1,1.0,Antarctica,False,0.0
cf-5158,Munich,1,1,1,0.0,Vienna,False,0.0
cf-5163,Microsoft,3,1,1,1.0,Microsoft,False,1.0
cf-517,Apple,3,1,1,1.0,Apple,False,0.0
cf-5188,Russia,4,1,1,0.0,Japan,False,1.0
cf-5189,Adobe,2,1,1,1.0,Adobe,False,1.0
cf-5191,Florence,2,1,1,0.0,Venice,False,1.0
cf-52,French,3,1,1,1.0,French,False,0.0
cf-520,French,1,1,1,0.0,English,False,0.0
cf-5202,Intel,0,1,1,1.0,Intel,False,1.0
cf-5205,Apple,2,1,1,0.0,Microsoft,False,0.0
cf-5207,IBM,0,1,1,1.0,IBM,False,1.0
cf-5214,Yemen,3,1,1,0.0,Iran,False,0.0
cf-5223,Kyoto,4,1,1,0.0,Japan,False,0.0
cf-523,Islam,0,1,1,1.0,Islam,False,1.0
cf-5230,Afghanistan,4,1,1,0.0,English,False,1.0
cf-5233,Netherlands,1,1,1,0.0,Germany,False,0.0
cf-5247,Boston,4,1,1,0.0,London,False,0.0
cf-5253,Microsoft,2,1,1,1.0,Microsoft,False,0.0
cf-5259,actor,0,1,1,1.0,actor,False,0.0
cf-5261,physicist,0,1,1,0.0,French,False,0.0
cf-5278,Islam,1,1,1,1.0,Islam,False,0.0
cf-5285,Apple,3,1,1,1.0,Apple,False,1.0
cf-5291,Ethiopia,3,1,1,0.0,India,False,0.0
cf-5292,Honda,3,1,1,1.0,Honda,False,1.0
cf-5296,Paris,1,1,1,1.0,Paris,False,1.0
cf-5298,Atlanta,1,1,1,0.0,London,False,0.0
cf-5301,CBS,1,1,1,1.0,CBS,False,0.0
cf-5304,Bulgaria,0,1,1,0.0,Europe,False,0.0
cf-5305,Moscow,2,1,1,0.0,Japan,False,0.0
cf-5312,Bradford,3,1,1,0.0,Antarctica,False,0.0
cf-5323,Italian,1,1,1,1.0,Italian,False,1.0
cf-5335,Antarctica,2,1,1,1.0,Antarctica,False,0.0
cf-5347,French,3,1,1,1.0,French,False,0.0
cf-5350,English,1,1,1,0.0,politician,False,0.0
cf-5354,Moscow,4,1,1,0.0,Paris,False,0.0
cf-5357,Antarctica,4,1,1,1.0,Antarctica,False,0.0
cf-536,Google,4,1,1,1.0,Google,False,0.0
cf-5376,NATO,4,1,1,0.0,FIFA,False,0.0
cf-5380,Philadelphia,4,1,1,0.0,Manhattan,False,0.0
cf-5383,French,4,1,1,0.0,English,False,0.0
cf-539,Paris,1,1,1,1.0,Paris,False,0.0
cf-5393,French,0,1,1,1.0,French,False,1.0
cf-5396,Glasgow,2,1,1,0.0,London,False,0.0
cf-5401,Google,0,1,1,1.0,Google,False,0.0
cf-5403,Chile,2,1,1,0.0,Africa,False,0.0
cf-5414,French,0,1,1,1.0,French,False,0.0
cf-5418,Chicago,2,1,1,0.0,London,False,0.0
cf-5427,Chile,1,1,1,0.0,Spanish,False,0.0
cf-5430,Microsoft,4,1,1,1.0,Microsoft,False,0.0
cf-5432,Cuba,0,1,1,0.0,Spain,False,0.0
cf-5437,Microsoft,0,1,1,1.0,Microsoft,False,1.0
cf-5438,Jerusalem,4,1,1,1.0,Jerusalem,False,1.0
cf-5439,Houston,2,1,1,0.0,London,False,0.0
cf-5440,Southampton,4,1,1,0.0,Scotland,False,1.0
cf-5444,Vietnam,2,1,1,0.0,Victoria,False,0.0
cf-5449,physics,3,1,1,0.0,French,False,0.0
cf-5452,Montreal,2,1,1,0.0,Paris,False,0.0
cf-5458,London,4,1,1,1.0,London,False,0.0
cf-5460,Philippines,1,1,1,0.0,Spanish,False,1.0
cf-5466,Prague,1,1,1,0.0,London,False,0.0
cf-5474,Romanian,1,1,1,0.0,Intel,False,0.0
cf-5484,Adobe,0,1,1,0.0,Apple,False,0.0
cf-5488,NBC,1,1,1,1.0,NBC,False,0.0
cf-5489,Dodge,0,1,1,1.0,Dodge,False,0.0
cf-5493,Minneapolis,4,1,1,0.0,London,False,0.0
cf-5494,football,3,1,1,0.0,basketball,False,1.0
cf-5496,Nintendo,1,1,1,1.0,Nintendo,False,1.0
cf-5497,Swedish,3,1,1,1.0,Swedish,False,0.0
cf-5499,Antarctica,3,1,1,1.0,Antarctica,False,0.0
cf-5501,Honda,3,1,1,1.0,Honda,False,1.0
cf-5504,BBC,1,1,1,1.0,BBC,False,0.0
cf-552,Hindi,4,1,1,0.0,French,False,0.0
cf-5523,anthropology,4,1,1,0.0,physics,False,0.0
cf-5524,Antarctica,0,1,1,1.0,Antarctica,False,0.0
cf-5525,London,3,1,1,1.0,London,False,0.0
cf-5526,catcher,1,1,1,0.0,quarterback,False,0.0
cf-5529,Africa,4,1,1,0.0,Antarctica,False,1.0
cf-5538,Kingston,2,1,1,0.0,English,False,0.0
cf-555,Melbourne,2,1,1,0.0,Dutch,False,0.0
cf-5550,French,3,1,1,1.0,French,False,0.0
cf-5555,Dutch,3,1,1,0.0,French,False,0.0
cf-5556,Spanish,2,1,1,1.0,Spanish,False,0.0
cf-5564,IBM,1,1,1,1.0,IBM,False,1.0
cf-5568,Edinburgh,4,1,1,0.0,Pennsylvania,False,0.0
cf-557,India,2,1,1,0.0,BMW,False,0.0
cf-5573,Hindi,3,1,1,0.0,English,False,0.0
cf-5574,Copenhagen,1,1,1,0.0,London,False,0.0
cf-5576,Pakistan,3,1,1,0.0,India,False,0.0
cf-5580,Geneva,1,1,1,0.0,London,False,0.0
cf-5590,Wyoming,3,1,1,0.0,Montana,False,0.0
cf-5598,Houston,2,1,1,0.0,London,False,0.0
cf-5599,Spanish,4,1,1,1.0,Spanish,False,1.0
cf-5613,Russian,3,1,1,1.0,Russian,False,0.0
cf-5619,English,3,1,1,1.0,English,False,0.0
cf-5636,Rome,2,1,1,0.0,Paris,False,0.0
cf-565,baseball,0,1,1,1.0,baseball,False,1.0
cf-5650,IBM,4,1,1,1.0,IBM,False,1.0
cf-5663,Alaska,4,1,1,0.0,Antarctica,False,1.0
cf-5669,quarterback,4,1,1,0.0,linebacker,False,0.0
cf-567,Honduras,0,1,1,0.0,Japan,False,0.0
cf-5678,Nissan,4,1,1,1.0,Nissan,False,1.0
cf-5679,actor,1,1,1,0.0,basketball,False,0.0
cf-5687,geometry,0,1,1,0.0,physics,False,0.0
cf-5688,Frankfurt,3,1,1,0.0,Germany,False,0.0
cf-5689,journalist,1,1,1,0.0,actor,False,0.0
cf-5692,actor,3,1,1,1.0,actor,False,0.0
cf-5703,Denver,4,1,1,0.0,London,False,1.0
cf-5721,baseball,4,1,1,0.0,actor,False,0.0
cf-5728,Chicago,0,1,1,0.0,London,False,0.0
cf-5737,Ferrari,1,1,1,1.0,Ferrari,False,1.0
cf-5739,Asia,0,1,1,1.0,Asia,False,0.0
cf-5741,Islam,2,1,1,1.0,Islam,False,1.0
cf-5744,Houston,3,1,1,0.0,Texas,False,0.0
cf-5754,Milan,2,1,1,0.0,Spain,False,0.0
cf-5756,NBC,3,1,1,0.0,CBS,False,0.0
cf-5757,politician,2,1,1,0.0,actor,False,0.0
cf-576,Nokia,3,1,1,1.0,Nokia,False,1.0
cf-5763,Honda,3,1,1,1.0,Honda,False,1.0
cf-5767,NBC,1,1,1,0.0,CBS,False,0.0
cf-5769,England,0,1,1,1.0,England,False,1.0
cf-5774,Alberta,2,1,1,0.0,Antarctica,False,0.0
cf-5776,composer,2,1,1,0.0,Spanish,False,0.0
cf-5778,Antarctica,1,1,1,1.0,Antarctica,False,0.0
cf-5779,Japan,1,1,1,1.0,Japan,False,1.0
cf-5780,Italy,4,1,1,0.0,Nissan,False,0.0
cf-5782,French,0,1,1,1.0,French,False,1.0
cf-5788,Vienna,0,1,1,0.0,Berlin,False,0.0
cf-5790,Apple,0,1,1,1.0,Apple,False,0.0
cf-5792,Antarctica,2,1,1,1.0,Antarctica,False,0.0
cf-5818,goaltender,1,1,1,0.0,linebacker,False,0.0
cf-5825,Germany,2,1,1,1.0,Germany,False,1.0
cf-5828,bishop,0,1,1,1.0,bishop,False,0.0
cf-5830,Moscow,1,1,1,1.0,Moscow,False,0.0
cf-5837,Apple,0,1,1,1.0,Apple,False,0.0
cf-5849,English,4,1,1,1.0,English,False,0.0
cf-5852,Nokia,3,1,1,1.0,Nokia,False,0.0
cf-5858,French,1,1,1,1.0,French,False,0.0
cf-5871,Hindi,2,1,1,1.0,Hindi,False,0.0
cf-5873,Norwich,2,1,1,0.0,London,False,0.0
cf-589,Tennessee,4,1,1,0.0,Pennsylvania,False,0.0
cf-5890,IBM,2,1,1,0.0,Microsoft,False,0.0
cf-5891,Ireland,4,1,1,1.0,Ireland,False,0.0
cf-5893,Nissan,3,1,1,1.0,Nissan,False,0.0
cf-5896,Nigeria,2,1,1,0.0,Japan,False,0.0
cf-5903,basketball,4,1,1,0.0,jazz,False,0.0
cf-5907,Warsaw,0,1,1,0.0,Milan,False,0.0
cf-5909,Nissan,1,1,1,1.0,Nissan,False,0.0
cf-591,Adelaide,4,1,1,0.0,Sydney,False,0.0
cf-5913,French,3,1,1,1.0,French,False,0.0
cf-5914,Antarctica,4,1,1,1.0,Antarctica,False,1.0
cf-5928,BBC,2,1,1,1.0,BBC,False,1.0
cf-5932,French,1,1,1,1.0,French,False,0.0
cf-5944,Delhi,4,1,1,0.0,India,False,0.0
cf-595,NBC,3,1,1,0.0,CBS,False,0.0
cf-5954,Portugal,2,1,1,0.0,Venice,False,0.0
cf-5981,NBC,1,1,1,0.0,CBS,False,0.0
cf-5985,Lebanon,4,1,1,0.0,Pakistan,False,0.0
cf-5994,Belarus,0,1,1,0.0,Moscow,False,0.0
cf-6005,cardinal,1,1,1,0.0,actor,False,0.0
cf-6011,Sky,0,1,1,0.0,BBC,False,0.0
cf-6012,Alexandria,3,1,1,0.0,Google,False,0.0
cf-6027,Cambridge,1,1,1,0.0,Germany,False,0.0
cf-6028,Leeds,2,1,1,0.0,Frankfurt,False,0.0
cf-6029,Milan,3,1,1,0.0,Florence,False,0.0
cf-6031,BBC,1,1,1,0.0,NBC,False,0.0
cf-6036,IBM,0,1,1,1.0,IBM,False,1.0
cf-6038,Constantinople,0,1,1,0.0,Rome,False,0.0
cf-6039,bishop,3,1,1,1.0,bishop,False,0.0
cf-6040,bishop,1,1,1,0.0,poet,False,0.0
cf-6049,English,3,1,1,1.0,English,False,0.0
cf-606,Buddhism,1,1,1,1.0,Buddhism,False,0.0
cf-6068,Tamil,3,1,1,1.0,Tamil,False,1.0
cf-607,Buddhism,2,1,1,0.0,Islam,False,0.0
cf-6074,NBC,3,1,1,0.0,CBS,False,0.0
cf-6076,Latin,4,1,1,1.0,Latin,False,1.0
cf-6081,BMW,4,1,1,1.0,BMW,False,1.0
cf-6083,Antarctica,4,1,1,1.0,Antarctica,False,0.0
cf-6086,Islam,0,1,1,1.0,Islam,False,0.0
cf-6092,Microsoft,0,1,1,1.0,Microsoft,False,1.0
cf-6099,hockey,2,1,1,0.0,jazz,False,0.0
cf-6107,Antarctica,1,1,1,1.0,Antarctica,False,0.0
cf-6114,France,3,1,1,1.0,France,False,0.0
cf-6121,Antarctica,3,1,1,1.0,Antarctica,False,1.0
cf-6122,Antarctica,2,1,1,1.0,Antarctica,False,0.0
cf-6123,English,1,1,1,1.0,English,False,0.0
cf-6128,Detroit,2,1,1,0.0,football,False,0.0
cf-6136,California,2,1,1,1.0,California,False,0.0
cf-615,Vienna,1,1,1,0.0,German,False,0.0
cf-6156,Baltimore,1,1,1,0.0,Houston,False,0.0
cf-616,Stockholm,0,1,1,0.0,London,False,1.0
cf-6162,Honda,3,1,1,1.0,Honda,False,1.0
cf-6178,FIFA,3,1,1,1.0,FIFA,False,0.0
cf-6185,London,2,1,1,1.0,London,False,1.0
cf-6186,bishop,1,1,1,1.0,bishop,False,0.0
cf-6188,Moscow,2,1,1,1.0,Moscow,False,0.0
cf-6189,Tokyo,2,1,1,0.0,Japan,False,0.0
cf-6192,Japan,2,1,1,1.0,Japan,False,1.0
cf-6198,Apple,1,1,1,1.0,Apple,False,0.0
cf-620,Nokia,4,1,1,1.0,Nokia,False,0.0
cf-6208,Europe,0,1,1,0.0,English,False,0.0
cf-6211,Dodge,0,1,1,1.0,Dodge,False,0.0
cf-6226,Microsoft,1,1,1,1.0,Microsoft,False,0.0
cf-624,Fiat,1,1,1,1.0,Fiat,False,1.0
cf-6253,Tokyo,0,1,1,0.0,Sydney,False,0.0
cf-6259,Slovenia,2,1,1,0.0,Europe,False,1.0
cf-6262,History,0,1,1,0.0,CBS,False,0.0
cf-6268,Cadillac,2,1,1,0.0,Chevrolet,False,0.0
cf-6290,Pittsburgh,0,1,1,0.0,Milan,False,0.0
cf-6296,Jordan,3,1,1,0.0,Africa,False,1.0
cf-6299,Tokyo,3,1,1,0.0,Melbourne,False,0.0
cf-6301,Milan,1,1,1,0.0,Venice,False,0.0
cf-6305,quarterback,3,1,1,1.0,quarterback,False,0.0
cf-6309,Brazil,2,1,1,0.0,BMW,False,0.0
cf-6319,Antarctica,1,1,1,1.0,Antarctica,False,0.0
cf-6322,French,2,1,1,1.0,French,False,0.0
cf-6323,Apple,2,1,1,1.0,Apple,False,0.0
cf-6326,Utah,3,1,1,0.0,Antarctica,False,0.0
cf-633,Apple,3,1,1,1.0,Apple,False,0.0
cf-6330,Antarctica,3,1,1,1.0,Antarctica,False,0.0
cf-634,Microsoft,1,1,1,1.0,Microsoft,False,1.0
cf-6341,pitcher,4,1,1,0.0,midfielder,False,0.0
cf-6347,actor,0,1,1,1.0,actor,False,0.0
cf-6349,football,2,1,1,0.0,goaltender,False,0.0
cf-6351,piano,4,1,1,0.0,actor,False,0.0
cf-6353,Italy,2,1,1,0.0,Italian,False,0.0
cf-6354,History,2,1,1,0.0,CBS,False,0.0
cf-6364,Toyota,4,1,1,1.0,Toyota,False,1.0
cf-6367,Croatian,4,1,1,0.0,Serbian,False,1.0
cf-6369,hockey,2,1,1,0.0,Russian,False,0.0
cf-6374,Paris,4,1,1,1.0,Paris,False,1.0
cf-6380,Leeds,0,1,1,0.0,London,False,0.0
cf-6386,Italy,2,1,1,0.0,Europe,False,1.0
cf-6387,Welsh,0,1,1,0.0,English,False,0.0
cf-6392,Antarctica,3,1,1,1.0,Antarctica,False,1.0
cf-6398,Gujarat,4,1,1,0.0,India,False,0.0
cf-64,actor,2,1,1,1.0,actor,False,0.0
cf-6403,Christianity,1,1,1,0.0,Islam,False,1.0
cf-6419,Rome,3,1,1,0.0,pope,False,0.0
cf-6422,NBC,1,1,1,0.0,CBS,False,0.0
cf-6428,Antarctica,4,1,1,1.0,Antarctica,False,0.0
cf-6455,Russian,1,1,1,1.0,Russian,False,0.0
cf-6456,forward,2,1,1,0.0,midfielder,False,0.0
cf-6466,Pakistan,2,1,1,0.0,India,False,0.0
cf-6467,Intel,0,1,1,1.0,Intel,False,0.0
cf-6469,football,4,1,1,0.0,basketball,False,1.0
cf-6472,Intel,3,1,1,1.0,Intel,False,0.0
cf-6476,Honda,0,1,1,1.0,Honda,False,1.0
cf-6479,Brighton,0,1,1,0.0,Philadelphia,False,0.0
cf-648,politician,3,1,1,0.0,poet,False,0.0
cf-6481,Microsoft,2,1,1,1.0,Microsoft,False,1.0
cf-6485,Antarctica,2,1,1,1.0,Antarctica,False,0.0
cf-6492,Boeing,2,1,1,1.0,Boeing,False,0.0
cf-6501,Amsterdam,4,1,1,0.0,Paris,False,0.0
cf-6508,Antarctica,1,1,1,1.0,Antarctica,False,0.0
cf-651,Afghanistan,4,1,1,0.0,India,False,0.0
cf-6510,jazz,0,1,1,0.0,linebacker,False,0.0
cf-6516,Spanish,0,1,1,1.0,Spanish,False,1.0
cf-6518,Canada,2,1,1,0.0,Paris,False,1.0
cf-652,Massachusetts,0,1,1,0.0,Antarctica,False,0.0
cf-6526,Brazil,1,1,1,0.0,Africa,False,0.0
cf-6529,Antarctica,1,1,1,1.0,Antarctica,False,0.0
cf-6532,Antarctica,1,1,1,1.0,Antarctica,False,0.0
cf-6533,Spain,3,1,1,0.0,London,False,0.0
cf-6552,Antarctica,2,1,1,1.0,Antarctica,False,0.0
cf-656,HBO,3,1,1,0.0,NBC,False,0.0
cf-6562,Islam,0,1,1,1.0,Islam,False,1.0
cf-6567,London,2,1,1,1.0,London,False,0.0
cf-6569,French,1,1,1,1.0,French,False,0.0
cf-6583,quarterback,3,1,1,1.0,quarterback,False,0.0
cf-6587,Belgium,3,1,1,0.0,Antarctica,False,0.0
cf-659,Antarctica,0,1,1,1.0,Antarctica,False,1.0
cf-6591,Asia,0,1,1,1.0,Asia,False,0.0
cf-6592,basketball,4,1,1,0.0,baseball,False,0.0
cf-6598,baseball,2,1,1,0.0,hockey,False,0.0
cf-6599,Honda,4,1,1,1.0,Honda,False,1.0
cf-66,Malaysia,0,1,1,0.0,Asia,False,0.0
cf-6600,midfielder,0,1,1,1.0,midfielder,False,0.0
cf-6603,Spanish,1,1,1,1.0,Spanish,False,1.0
cf-6606,Istanbul,3,1,1,0.0,French,False,0.0
cf-6607,Cologne,4,1,1,0.0,Germany,False,0.0
cf-6608,Europe,3,1,1,1.0,Europe,False,1.0
cf-661,Chevrolet,2,1,1,1.0,Chevrolet,False,0.0
cf-6610,Fiat,4,1,1,0.0,Porsche,False,0.0
cf-6616,Fiat,1,1,1,1.0,Fiat,False,0.0
cf-6620,Peru,2,1,1,0.0,Antarctica,False,0.0
cf-6624,Montana,0,1,1,0.0,Texas,False,0.0
cf-6628,BBC,4,1,1,1.0,BBC,False,0.0
cf-6631,English,1,1,1,1.0,English,False,0.0
cf-6635,Minneapolis,3,1,1,0.0,Germany,False,0.0
cf-6641,Apple,0,1,1,1.0,Apple,False,0.0
cf-6644,bishop,2,1,1,1.0,bishop,False,0.0
cf-6646,pope,0,1,1,1.0,pope,False,0.0
cf-6650,Toronto,0,1,1,0.0,London,False,0.0
cf-6662,France,4,1,1,0.0,French,False,0.0
cf-6673,Berlin,4,1,1,1.0,Berlin,False,0.0
cf-6674,NBC,4,1,1,1.0,NBC,False,0.0
cf-6675,Yemen,1,1,1,0.0,Asia,False,0.0
cf-6677,French,2,1,1,1.0,French,False,0.0
cf-6689,Venice,0,1,1,0.0,Rome,False,0.0
cf-6697,Apple,2,1,1,1.0,Apple,False,0.0
cf-6705,Somali,0,1,1,0.0,English,False,0.0
cf-6714,Australia,1,1,1,0.0,Antarctica,False,0.0
cf-6716,Antarctica,1,1,1,1.0,Antarctica,False,0.0
cf-6717,actor,1,1,1,1.0,actor,False,0.0
cf-6723,piano,1,1,1,1.0,piano,False,1.0
cf-6729,London,4,1,1,1.0,London,False,0.0
cf-6746,Arizona,2,1,1,0.0,Antarctica,False,0.0
cf-6753,French,4,1,1,1.0,French,False,1.0
cf-6756,Florence,1,1,1,0.0,Rome,False,0.0
cf-6758,Nevada,4,1,1,0.0,Antarctica,False,1.0
cf-6763,Russian,3,1,1,0.0,English,False,0.0
cf-6764,Microsoft,0,1,1,1.0,Microsoft,False,0.0
cf-6765,Spanish,1,1,1,1.0,Spanish,False,0.0
cf-6769,Antarctica,2,1,1,1.0,Antarctica,False,0.0
cf-6778,Adobe,0,1,1,1.0,Adobe,False,1.0
cf-6779,Microsoft,3,1,1,1.0,Microsoft,False,0.0
cf-6782,Hebrew,0,1,1,0.0,French,False,0.0
cf-6792,Islam,2,1,1,1.0,Islam,False,1.0
cf-680,PBS,4,1,1,0.0,NBC,False,1.0
cf-6803,Germany,1,1,1,0.0,Africa,False,0.0
cf-6805,Russian,0,1,1,1.0,Russian,False,1.0
cf-6806,Finnish,2,1,1,0.0,Russian,False,1.0
cf-6811,Spanish,4,1,1,1.0,Spanish,False,0.0
cf-6820,outfielder,3,1,1,0.0,quarterback,False,0.0
cf-6826,CBS,2,1,1,0.0,NBC,False,0.0
cf-6829,Barcelona,0,1,1,0.0,Paris,False,0.0
cf-6830,Apple,0,1,1,1.0,Apple,False,0.0
cf-684,Ankara,2,1,1,1.0,Ankara,False,0.0
cf-6840,Spanish,0,1,1,1.0,Spanish,False,0.0
cf-6850,Antarctica,2,1,1,1.0,Antarctica,False,0.0
cf-6852,Detroit,0,1,1,0.0,London,False,1.0
cf-6853,Beijing,2,1,1,0.0,Nokia,False,0.0
cf-6858,Microsoft,0,1,1,1.0,Microsoft,False,0.0
cf-6859,London,2,1,1,1.0,London,False,0.0
cf-686,Douglas,0,1,1,0.0,Boeing,False,1.0
cf-6861,Honda,4,1,1,1.0,Honda,False,0.0
cf-6862,Texas,0,1,1,0.0,California,False,0.0
cf-687,physics,2,1,1,1.0,physics,False,0.0
cf-6872,Pittsburgh,4,1,1,0.0,London,False,0.0
cf-688,Finnish,1,1,1,1.0,Finnish,False,0.0
cf-6880,Syria,0,1,1,0.0,Iran,False,0.0
cf-6885,Alexandria,0,1,1,0.0,Antarctica,False,0.0
cf-6886,Google,4,1,1,1.0,Google,False,0.0
cf-6889,India,1,1,1,1.0,India,False,0.0
cf-6891,Philippines,4,1,1,0.0,Asia,False,1.0
cf-6901,midfielder,3,1,1,1.0,midfielder,False,0.0
cf-6902,Adobe,4,1,1,1.0,Adobe,False,1.0
cf-6903,Ireland,2,1,1,0.0,Scotland,False,0.0
cf-6908,Bristol,1,1,1,0.0,Leicester,False,1.0
cf-6925,Antarctica,3,1,1,1.0,Antarctica,False,0.0
cf-6929,Frankfurt,3,1,1,0.0,German,False,0.0
cf-6932,France,2,1,1,0.0,Paris,False,0.0
cf-6933,Norway,4,1,1,0.0,Antarctica,False,0.0
cf-6935,Canada,2,1,1,0.0,German,False,0.0
cf-694,Polish,3,1,1,0.0,Russian,False,0.0
cf-6942,Prague,4,1,1,1.0,Prague,False,0.0
cf-6945,Microsoft,4,1,1,1.0,Microsoft,False,0.0
cf-6950,Microsoft,2,1,1,1.0,Microsoft,False,0.0
cf-6955,Google,4,1,1,1.0,Google,False,1.0
cf-6957,Apple,4,1,1,1.0,Apple,False,0.0
cf-6958,Burlington,2,1,1,0.0,Arizona,False,0.0
cf-6964,Paris,3,1,1,1.0,Paris,False,0.0
cf-6965,Microsoft,1,1,1,1.0,Microsoft,False,1.0
cf-6979,Singapore,4,1,1,0.0,Asia,False,0.0
cf-6985,London,3,1,1,0.0,piano,False,0.0
cf-6987,HBO,4,1,1,0.0,NBC,False,0.0
cf-6996,Google,3,1,1,1.0,Google,False,1.0
cf-700,CBS,4,1,1,0.0,NBC,False,0.0
cf-7005,Baghdad,3,1,1,0.0,Islam,False,1.0
cf-7017,Toyota,1,1,1,1.0,Toyota,False,0.0
cf-7029,violin,1,1,1,0.0,piano,False,0.0
cf-7031,actor,4,1,1,1.0,actor,False,0.0
cf-7035,Manchester,2,1,1,0.0,NBC,False,0.0
cf-7039,Dutch,3,1,1,1.0,Dutch,False,1.0
cf-7044,Venice,0,1,1,0.0,Rome,False,1.0
cf-708,Texas,3,1,1,0.0,Alaska,False,0.0
cf-7083,Toyota,1,1,1,1.0,Toyota,False,1.0
cf-7084,Microsoft,4,1,1,1.0,Microsoft,False,0.0
cf-709,Ferrari,4,1,1,1.0,Ferrari,False,0.0
cf-7094,English,2,1,1,1.0,English,False,0.0
cf-7095,Porsche,0,1,1,1.0,Porsche,False,1.0
cf-7098,Paris,1,1,1,1.0,Paris,False,0.0
cf-7102,basketball,2,1,1,0.0,football,False,0.0
cf-7104,Florida,3,1,1,0.0,Antarctica,False,1.0
cf-7106,Nintendo,3,1,1,1.0,Nintendo,False,0.0
cf-711,Denmark,0,1,1,0.0,bishop,False,0.0
cf-7115,London,3,1,1,1.0,London,False,0.0
cf-7120,France,3,1,1,0.0,Paris,False,0.0
cf-7125,NBC,3,1,1,1.0,NBC,False,0.0
cf-7126,Adobe,3,1,1,0.0,Apple,False,0.0
cf-7129,Google,2,1,1,0.0,Apple,False,0.0
cf-713,Nintendo,4,1,1,1.0,Nintendo,False,1.0
cf-7137,Ireland,3,1,1,1.0,Ireland,False,0.0
cf-7151,Jerusalem,4,1,1,0.0,Istanbul,False,0.0
cf-7152,London,0,1,1,0.0,Canada,False,0.0
cf-7156,Antarctica,4,1,1,1.0,Antarctica,False,0.0
cf-7159,Europe,2,1,1,0.0,Antarctica,False,1.0
cf-716,Illinois,0,1,1,0.0,India,False,1.0
cf-7162,Renault,0,1,1,1.0,Renault,False,1.0
cf-7167,Tamil,2,1,1,0.0,India,False,0.0
cf-7175,Ireland,2,1,1,0.0,Australia,False,0.0
cf-7176,Vietnam,1,1,1,0.0,Antarctica,False,0.0
cf-7180,Apple,1,1,1,0.0,Adobe,False,0.0
cf-7183,BMW,2,1,1,1.0,BMW,False,1.0
cf-719,Cleveland,1,1,1,0.0,Rome,False,0.0
cf-7193,Swedish,1,1,1,1.0,Swedish,False,0.0
cf-7194,Copenhagen,1,1,1,0.0,Sweden,False,0.0
cf-7196,London,3,1,1,1.0,London,False,0.0
cf-7205,philosopher,1,1,1,0.0,actor,False,0.0
cf-7215,Adobe,0,1,1,0.0,Apple,False,0.0
cf-7217,philosopher,1,1,1,0.0,actor,False,0.0
cf-722,NBC,1,1,1,1.0,NBC,False,0.0
cf-7221,BBC,4,1,1,1.0,BBC,False,1.0
cf-7222,French,3,1,1,1.0,French,False,0.0
cf-7232,French,3,1,1,1.0,French,False,0.0
cf-7236,NPR,3,1,1,0.0,BBC,False,0.0
cf-7237,Indonesian,3,1,1,0.0,English,False,0.0
cf-7241,Russia,4,1,1,0.0,Russian,False,0.0
cf-7244,Columbia,3,1,1,0.0,Antarctica,False,0.0
cf-7247,PBS,4,1,1,0.0,CBS,False,0.0
cf-7257,Lancaster,0,1,1,0.0,London,False,1.0
cf-7260,Syria,4,1,1,0.0,France,False,0.0
cf-7278,Apple,1,1,1,1.0,Apple,False,0.0
cf-7288,linebacker,2,1,1,0.0,goaltender,False,0.0
cf-729,poet,3,1,1,0.0,politician,False,0.0
cf-7293,Google,0,1,1,1.0,Google,False,1.0
cf-7304,Israel,0,1,1,0.0,Jerusalem,False,0.0
cf-731,Chevrolet,1,1,1,1.0,Chevrolet,False,0.0
cf-7313,astronaut,3,1,1,0.0,actor,False,0.0
cf-7317,Prague,2,1,1,1.0,Prague,False,0.0
cf-7325,pope,3,1,1,0.0,bishop,False,0.0
cf-7336,Spanish,2,1,1,1.0,Spanish,False,0.0
cf-7346,CBS,1,1,1,0.0,NBC,False,0.0
cf-7347,Italian,0,1,1,1.0,Italian,False,0.0
cf-735,Toyota,2,1,1,1.0,Toyota,False,0.0
cf-7350,Honda,1,1,1,1.0,Honda,False,1.0
cf-7354,quarterback,4,1,1,0.0,midfielder,False,0.0
cf-7360,Bangalore,0,1,1,0.0,India,False,0.0
cf-7362,journalist,2,1,1,0.0,politician,False,0.0
cf-7370,London,4,1,1,0.0,Rome,False,0.0
cf-7371,Germany,0,1,1,1.0,Germany,False,0.0
cf-7377,Europe,0,1,1,1.0,Europe,False,1.0
cf-7384,Toyota,3,1,1,1.0,Toyota,False,1.0
cf-7387,BBC,1,1,1,1.0,BBC,False,0.0
cf-7388,French,0,1,1,0.0,English,False,0.0
cf-7397,Romania,2,1,1,0.0,Poland,False,0.0
cf-740,Microsoft,3,1,1,1.0,Microsoft,False,0.0
cf-7401,quarterback,0,1,1,0.0,goaltender,False,0.0
cf-7413,Netflix,0,1,1,0.0,CBS,False,0.0
cf-7415,Islam,2,1,1,1.0,Islam,False,0.0
cf-7417,Russian,2,1,1,1.0,Russian,False,0.0
cf-7421,pope,4,1,1,0.0,bishop,False,0.0
cf-7422,Honda,3,1,1,1.0,Honda,False,1.0
cf-7425,NBC,3,1,1,1.0,NBC,False,0.0
cf-7428,Boeing,2,1,1,1.0,Boeing,False,0.0
cf-7429,Douglas,4,1,1,0.0,Boeing,False,0.0
cf-7435,Italy,4,1,1,0.0,Rome,False,0.0
cf-7438,Dutch,3,1,1,1.0,Dutch,False,0.0
cf-7449,Finland,0,1,1,0.0,Japan,False,0.0
cf-7454,Dresden,2,1,1,0.0,Berlin,False,0.0
cf-7461,Nissan,3,1,1,1.0,Nissan,False,0.0
cf-7462,French,4,1,1,1.0,French,False,0.0
cf-7463,Santiago,3,1,1,0.0,Spanish,False,1.0
cf-7466,baseball,2,1,1,0.0,Japan,False,0.0
cf-7467,Boston,2,1,1,0.0,Virginia,False,0.0
cf-747,Budapest,3,1,1,0.0,Jerusalem,False,0.0
cf-7480,Renault,1,1,1,1.0,Renault,False,1.0
cf-7485,Athens,3,1,1,0.0,Florence,False,0.0
cf-7489,Microsoft,1,1,1,1.0,Microsoft,False,0.0
cf-7493,Newport,4,1,1,0.0,Manhattan,False,1.0
cf-7494,Vienna,0,1,1,0.0,Prague,False,0.0
cf-7499,Chicago,1,1,1,0.0,Airbus,False,0.0
cf-750,Asia,3,1,1,1.0,Asia,False,0.0
cf-7506,actor,0,1,1,1.0,actor,False,0.0
cf-7511,Brazil,1,1,1,0.0,Spain,False,0.0
cf-7526,Germany,3,1,1,1.0,Germany,False,0.0
cf-7536,actor,2,1,1,1.0,actor,False,0.0
cf-7537,Japan,3,1,1,0.0,Antarctica,False,0.0
cf-7538,Utah,1,1,1,0.0,Antarctica,False,0.0
cf-7551,Moscow,2,1,1,0.0,Russian,False,0.0
cf-7556,Microsoft,3,1,1,0.0,India,False,0.0
cf-756,Nintendo,4,1,1,1.0,Nintendo,False,1.0
cf-7560,Bangkok,4,1,1,0.0,London,False,0.0
cf-7570,outfielder,4,1,1,0.0,linebacker,False,0.0
cf-7576,Netherlands,4,1,1,0.0,Antarctica,False,0.0
cf-758,Switzerland,1,1,1,0.0,France,False,0.0
cf-7585,Manhattan,3,1,1,0.0,Boston,False,0.0
cf-7588,Philadelphia,1,1,1,0.0,Toronto,False,0.0
cf-7604,Quebec,3,1,1,0.0,Africa,False,0.0
cf-7607,Africa,1,1,1,0.0,Antarctica,False,1.0
cf-762,Spanish,0,1,1,1.0,Spanish,False,0.0
cf-7620,Iraq,1,1,1,0.0,Asia,False,0.0
cf-7624,India,1,1,1,1.0,India,False,1.0
cf-7634,Google,3,1,1,1.0,Google,False,1.0
cf-7641,Apple,1,1,1,1.0,Apple,False,0.0
cf-7647,Intel,3,1,1,1.0,Intel,False,0.0
cf-7654,London,3,1,1,1.0,London,False,0.0
cf-7657,Airbus,4,1,1,1.0,Airbus,False,1.0
cf-766,Germany,1,1,1,1.0,Germany,False,0.0
cf-7661,Google,3,1,1,1.0,Google,False,1.0
cf-7676,Cadillac,3,1,1,1.0,Cadillac,False,1.0
cf-7678,French,3,1,1,1.0,French,False,0.0
cf-7679,goaltender,2,1,1,0.0,quarterback,False,0.0
cf-7690,Russian,1,1,1,1.0,Russian,False,0.0
cf-7696,HBO,2,1,1,0.0,NBC,False,0.0
cf-77,Microsoft,1,1,1,1.0,Microsoft,False,0.0
cf-7703,California,3,1,1,0.0,Antarctica,False,0.0
cf-771,Microsoft,2,1,1,1.0,Microsoft,False,0.0
cf-7710,Dodge,1,1,1,1.0,Dodge,False,1.0
cf-7713,Greece,3,1,1,0.0,Africa,False,0.0
cf-7721,Nintendo,0,1,1,1.0,Nintendo,False,1.0
cf-7727,Ankara,1,1,1,0.0,Milan,False,1.0
cf-7730,Greek,4,1,1,0.0,English,False,0.0
cf-7731,IBM,4,1,1,1.0,IBM,False,0.0
cf-7733,Microsoft,2,1,1,1.0,Microsoft,False,1.0
cf-7740,Boeing,0,1,1,1.0,Boeing,False,0.0
cf-7745,Microsoft,2,1,1,0.0,Apple,False,0.0
cf-7753,Japan,0,1,1,1.0,Japan,False,0.0
cf-7755,London,1,1,1,1.0,London,False,0.0
cf-7761,Liberia,3,1,1,0.0,Africa,False,0.0
cf-7764,politician,4,1,1,0.0,Polish,False,0.0
cf-7768,Tokyo,1,1,1,0.0,Japan,False,0.0
cf-7770,Russian,4,1,1,1.0,Russian,False,0.0
cf-7777,BMW,1,1,1,1.0,BMW,False,1.0
cf-7781,guitar,1,1,1,0.0,jazz,False,0.0
cf-7782,Ohio,1,1,1,0.0,Italy,False,0.0
cf-7786,Antarctica,0,1,1,1.0,Antarctica,False,1.0
cf-7790,Prague,1,1,1,0.0,physics,False,0.0
cf-7794,NBC,3,1,1,1.0,NBC,False,0.0
cf-78,English,0,1,1,0.0,Polish,False,0.0
cf-780,Italy,1,1,1,1.0,Italy,False,1.0
cf-7801,Ontario,1,1,1,0.0,California,False,0.0
cf-7808,Russian,1,1,1,1.0,Russian,False,0.0
cf-7811,actor,1,1,1,1.0,actor,False,0.0
cf-7816,Kabul,0,1,1,0.0,Afghanistan,False,0.0
cf-782,Honda,0,1,1,1.0,Honda,False,1.0
cf-7822,Microsoft,1,1,1,1.0,Microsoft,False,1.0
cf-7828,NBC,4,1,1,0.0,CBS,False,0.0
cf-7835,Philadelphia,0,1,1,0.0,Chicago,False,1.0
cf-7848,Antarctica,4,1,1,1.0,Antarctica,False,0.0
cf-7849,France,0,1,1,1.0,France,False,0.0
cf-7850,pitcher,4,1,1,0.0,bishop,False,0.0
cf-7856,Athens,1,1,1,0.0,Chicago,False,0.0
cf-7857,CBS,0,1,1,1.0,CBS,False,0.0
cf-7858,Cairo,2,1,1,1.0,Cairo,False,1.0
cf-7860,poet,1,1,1,0.0,actor,False,0.0
cf-7865,Indonesian,4,1,1,0.0,English,False,0.0
cf-787,Athens,4,1,1,0.0,Ankara,False,0.0
cf-7879,Damascus,1,1,1,0.0,Copenhagen,False,1.0
cf-7887,Japan,0,1,1,1.0,Japan,False,0.0
cf-789,Plato,2,1,1,1.0,Plato,False,1.0
cf-7892,BBC,3,1,1,1.0,BBC,False,0.0
cf-7893,India,2,1,1,1.0,India,False,1.0
cf-7896,France,3,1,1,0.0,Paris,False,0.0
cf-7899,Colombia,2,1,1,0.0,Spanish,False,0.0
cf-7901,Sony,3,1,1,0.0,Apple,False,1.0
cf-7910,Slovenia,0,1,1,0.0,Jerusalem,False,0.0
cf-7916,Hebrew,4,1,1,0.0,Latin,False,0.0
cf-7919,Nissan,2,1,1,1.0,Nissan,False,0.0
cf-7920,Nissan,0,1,1,1.0,Nissan,False,1.0
cf-7925,Prague,0,1,1,1.0,Prague,False,1.0
cf-7929,Hamilton,0,1,1,0.0,London,False,0.0
cf-7931,linebacker,0,1,1,1.0,linebacker,False,0.0
cf-7934,Cornwall,1,1,1,0.0,Scotland,False,0.0
cf-7940,MTV,3,1,1,0.0,CBS,False,0.0
cf-7942,Antarctica,3,1,1,1.0,Antarctica,False,0.0
cf-7943,French,2,1,1,1.0,French,False,0.0
cf-7947,French,3,1,1,1.0,French,False,0.0
cf-7953,Japan,0,1,1,1.0,Japan,False,1.0
cf-7973,Latin,4,1,1,1.0,Latin,False,0.0
cf-7978,Nintendo,1,1,1,1.0,Nintendo,False,0.0
cf-7980,Italy,1,1,1,0.0,Italian,False,0.0
cf-7985,Victoria,2,1,1,0.0,Antarctica,False,0.0
cf-7989,poet,4,1,1,1.0,poet,False,0.0
cf-799,pope,3,1,1,1.0,pope,False,1.0
cf-7990,Nissan,3,1,1,1.0,Nissan,False,0.0
cf-7992,bishop,4,1,1,1.0,bishop,False,0.0
cf-7999,Spanish,2,1,1,1.0,Spanish,False,0.0
cf-8000,poet,4,1,1,0.0,actor,False,1.0
cf-8008,Spanish,3,1,1,1.0,Spanish,False,0.0
cf-8011,Toronto,0,1,1,0.0,London,False,0.0
cf-8012,Serbian,4,1,1,0.0,Russian,False,1.0
cf-8015,guitar,1,1,1,0.0,goaltender,False,0.0
cf-8016,Cincinnati,3,1,1,0.0,London,False,0.0
cf-8020,Seoul,2,1,1,0.0,Tokyo,False,0.0
cf-8022,Chicago,1,1,1,0.0,Paris,False,0.0
cf-8024,Google,2,1,1,1.0,Google,False,1.0
cf-8028,Lyon,3,1,1,0.0,French,False,1.0
cf-8030,goaltender,3,1,1,0.0,Porsche,False,0.0
cf-8036,Savannah,1,1,1,0.0,California,False,0.0
cf-804,Russian,3,1,1,1.0,Russian,False,0.0
cf-8042,poet,4,1,1,0.0,actor,False,0.0
cf-8043,Turkish,3,1,1,0.0,English,False,0.0
cf-8046,Amazon,4,1,1,0.0,Apple,False,1.0
cf-805,Nintendo,0,1,1,0.0,Apple,False,0.0
cf-8058,Madagascar,0,1,1,0.0,India,False,0.0
cf-8066,Portuguese,1,1,1,0.0,Spanish,False,0.0
cf-807,Italy,4,1,1,0.0,Rome,False,0.0
cf-8071,geometry,4,1,1,0.0,physics,False,0.0
cf-8076,Texas,3,1,1,0.0,Antarctica,False,1.0
cf-8078,Intel,1,1,1,1.0,Intel,False,1.0
cf-8082,Lincoln,2,1,1,0.0,Vienna,False,0.0
cf-8083,Airbus,4,1,1,1.0,Airbus,False,0.0
cf-8086,Bermuda,4,1,1,0.0,California,False,0.0
cf-8087,Texas,2,1,1,0.0,Manitoba,False,0.0
cf-8097,Google,3,1,1,1.0,Google,False,1.0
cf-8100,Europe,0,1,1,0.0,Spain,False,0.0
cf-8109,Volvo,4,1,1,0.0,Nokia,False,1.0
cf-8113,Apple,0,1,1,0.0,Microsoft,False,0.0
cf-8114,Nebraska,1,1,1,0.0,Antarctica,False,0.0
cf-812,Chicago,0,1,1,0.0,London,False,0.0
cf-8122,Apple,2,1,1,1.0,Apple,False,0.0
cf-8125,Singapore,2,1,1,0.0,Apple,False,0.0
cf-8126,Honda,3,1,1,1.0,Honda,False,0.0
cf-8127,Nokia,1,1,1,1.0,Nokia,False,0.0
cf-8130,English,1,1,1,1.0,English,False,0.0
cf-8131,Melbourne,3,1,1,0.0,Victoria,False,1.0
cf-8132,Portsmouth,0,1,1,0.0,London,False,0.0
cf-8137,Microsoft,3,1,1,1.0,Microsoft,False,1.0
cf-8139,Microsoft,1,1,1,1.0,Microsoft,False,1.0
cf-8143,Southampton,0,1,1,0.0,London,False,0.0
cf-8144,Spanish,1,1,1,1.0,Spanish,False,0.0
cf-8149,journalist,2,1,1,0.0,actor,False,0.0
cf-815,Italian,0,1,1,0.0,German,False,0.0
cf-8154,Lot,2,1,1,0.0,French,False,0.0
cf-816,BBC,0,1,1,1.0,BBC,False,0.0
cf-8162,English,3,1,1,1.0,English,False,0.0
cf-8166,Boston,2,1,1,1.0,Boston,False,1.0
cf-8172,BMW,1,1,1,1.0,BMW,False,1.0
cf-8173,Montreal,0,1,1,0.0,California,False,0.0
cf-8174,Rome,2,1,1,0.0,Oslo,False,0.0
cf-8183,Renault,3,1,1,1.0,Renault,False,1.0
cf-8191,Russian,3,1,1,1.0,Russian,False,0.0
cf-8193,Toyota,1,1,1,1.0,Toyota,False,1.0
cf-8195,poet,2,1,1,0.0,politician,False,0.0
cf-82,Antarctica,2,1,1,1.0,Antarctica,False,0.0
cf-8211,Stockholm,4,1,1,0.0,Scotland,False,0.0
cf-8213,Islam,0,1,1,1.0,Islam,False,0.0
cf-8219,Istanbul,4,1,1,0.0,Venice,False,0.0
cf-822,Hindi,1,1,1,1.0,Hindi,False,0.0
cf-8223,trumpet,0,1,1,0.0,jazz,False,0.0
cf-8228,Italian,2,1,1,1.0,Italian,False,0.0
cf-8236,Columbus,1,1,1,0.0,London,False,0.0
cf-8241,Finnish,1,1,1,1.0,Finnish,False,0.0
cf-8242,Cleveland,4,1,1,0.0,London,False,0.0
cf-8243,Nissan,4,1,1,1.0,Nissan,False,0.0
cf-8255,goaltender,1,1,1,1.0,goaltender,False,0.0
cf-8274,Stockholm,3,1,1,0.0,Microsoft,False,0.0
cf-8286,Brazil,1,1,1,0.0,Japan,False,0.0
cf-8296,MTV,4,1,1,0.0,NBC,False,0.0
cf-8297,Islam,4,1,1,1.0,Islam,False,1.0
cf-8300,Europe,2,1,1,0.0,Germany,False,0.0
cf-8305,Yahoo,3,1,1,0.0,Google,False,1.0
cf-8306,Google,2,1,1,1.0,Google,False,0.0
cf-8316,Airbus,3,1,1,1.0,Airbus,False,0.0
cf-8317,Moscow,1,1,1,0.0,Russian,False,0.0
cf-832,Rome,1,1,1,1.0,Rome,False,0.0
cf-8321,Chevrolet,4,1,1,1.0,Chevrolet,False,1.0
cf-8323,Hindi,3,1,1,0.0,English,False,0.0
cf-8324,Bangladesh,4,1,1,0.0,India,False,0.0
cf-8325,French,2,1,1,1.0,French,False,0.0
cf-8328,Montana,0,1,1,0.0,Antarctica,False,0.0
cf-8338,Cambodia,2,1,1,0.0,Antarctica,False,0.0
cf-8344,Utah,0,1,1,0.0,Antarctica,False,0.0
cf-8345,Iran,4,1,1,0.0,India,False,0.0
cf-8346,Islam,2,1,1,1.0,Islam,False,0.0
cf-8357,Geneva,1,1,1,0.0,French,False,0.0
cf-8359,Honda,3,1,1,1.0,Honda,False,1.0
cf-8363,anthropology,3,1,1,0.0,physiology,False,0.0
cf-8369,poet,4,1,1,0.0,actor,False,0.0
cf-838,French,3,1,1,1.0,French,False,0.0
cf-8380,violin,1,1,1,0.0,jazz,False,0.0
cf-8383,Russian,4,1,1,1.0,Russian,False,0.0
cf-8389,Surrey,3,1,1,0.0,London,False,0.0
cf-8392,Honolulu,0,1,1,0.0,Virginia,False,0.0
cf-8393,Canada,3,1,1,1.0,Canada,False,1.0
cf-840,Wisconsin,3,1,1,0.0,Dutch,False,0.0
cf-8408,Jerusalem,3,1,1,0.0,Berlin,False,0.0
cf-8409,Intel,2,1,1,1.0,Intel,False,0.0
cf-8413,Stockholm,0,1,1,0.0,London,False,0.0
cf-8418,Kosovo,3,1,1,0.0,Romania,False,0.0
cf-842,Istanbul,3,1,1,0.0,Ankara,False,0.0
cf-8423,Microsoft,4,1,1,1.0,Microsoft,False,1.0
cf-8424,Solomon,4,1,1,0.0,English,False,1.0
cf-843,football,1,1,1,0.0,actor,False,0.0
cf-8430,English,3,1,1,1.0,English,False,0.0
cf-8432,Berlin,4,1,1,0.0,German,False,0.0
cf-8435,London,2,1,1,1.0,London,False,0.0
cf-8442,CBS,2,1,1,1.0,CBS,False,0.0
cf-8443,goaltender,4,1,1,0.0,actor,False,0.0
cf-8446,Naples,2,1,1,0.0,Florence,False,0.0
cf-8449,Munich,4,1,1,0.0,London,False,1.0
cf-8458,Spanish,3,1,1,1.0,Spanish,False,0.0
cf-846,French,3,1,1,1.0,French,False,0.0
cf-8470,Amazon,1,1,1,0.0,Google,False,1.0
cf-8473,Vienna,0,1,1,0.0,German,False,0.0
cf-8475,Damascus,0,1,1,0.0,Cairo,False,0.0
cf-8480,Pennsylvania,4,1,1,0.0,Texas,False,0.0
cf-8485,Microsoft,0,1,1,1.0,Microsoft,False,1.0
cf-849,French,0,1,1,0.0,Spanish,False,0.0
cf-8493,French,3,1,1,1.0,French,False,0.0
cf-850,Ontario,3,1,1,0.0,Ireland,False,0.0
cf-8522,actor,3,1,1,0.0,bishop,False,0.0
cf-8526,French,2,1,1,1.0,French,False,0.0
cf-8529,Microsoft,2,1,1,1.0,Microsoft,False,1.0
cf-853,Istanbul,4,1,1,0.0,Ankara,False,1.0
cf-8532,French,4,1,1,1.0,French,False,0.0
cf-8536,Uganda,2,1,1,0.0,Japan,False,0.0
cf-854,Baltimore,4,1,1,0.0,Romania,False,0.0
cf-8541,French,2,1,1,1.0,French,False,0.0
cf-8542,Toyota,4,1,1,1.0,Toyota,False,1.0
cf-8545,Moscow,4,1,1,0.0,Russia,False,0.0
cf-8555,Germany,4,1,1,1.0,Germany,False,0.0
cf-8557,Microsoft,2,1,1,0.0,BBC,False,0.0
cf-8558,Microsoft,2,1,1,1.0,Microsoft,False,0.0
cf-8564,Dutch,0,1,1,0.0,English,False,0.0
cf-8567,Volvo,1,1,1,1.0,Volvo,False,1.0
cf-8568,English,2,1,1,1.0,English,False,0.0
cf-8570,Toyota,3,1,1,1.0,Toyota,False,1.0
cf-8573,Google,1,1,1,0.0,Apple,False,0.0
cf-8574,Antarctica,3,1,1,1.0,Antarctica,False,0.0
cf-8589,History,3,1,1,0.0,CBS,False,0.0
cf-8590,Uganda,4,1,1,0.0,Africa,False,0.0
cf-8591,opera,4,1,1,0.0,jazz,False,0.0
cf-8598,Moscow,1,1,1,0.0,Russian,False,0.0
cf-8606,Paris,0,1,1,0.0,French,False,0.0
cf-8607,Microsoft,0,1,1,1.0,Microsoft,False,0.0
cf-8611,jazz,0,1,1,1.0,jazz,False,0.0
cf-8612,Vancouver,0,1,1,0.0,London,False,0.0
cf-8617,German,2,1,1,1.0,German,False,0.0
cf-8629,Ferrari,2,1,1,1.0,Ferrari,False,1.0
cf-8631,English,4,1,1,1.0,English,False,0.0
cf-8634,Canada,3,1,1,0.0,Asia,False,0.0
cf-865,France,1,1,1,0.0,French,False,0.0
cf-8656,Belgium,4,1,1,0.0,Germany,False,0.0
cf-8662,football,1,1,1,0.0,baseball,False,1.0
cf-8667,ESPN,4,1,1,0.0,NBC,False,0.0
cf-8670,Berlin,3,1,1,0.0,Vienna,False,1.0
cf-8673,Antarctica,4,1,1,1.0,Antarctica,False,0.0
cf-8679,Somerset,2,1,1,0.0,Italy,False,0.0
cf-868,Antarctica,1,1,1,1.0,Antarctica,False,0.0
cf-8682,Philadelphia,2,1,1,0.0,London,False,0.0
cf-8690,Vernon,0,1,1,0.0,London,False,0.0
cf-8693,Derby,4,1,1,0.0,London,False,0.0
cf-8696,Asia,0,1,1,0.0,Russian,False,0.0
cf-8702,Adobe,3,1,1,1.0,Adobe,False,1.0
cf-8705,Alexandria,3,1,1,0.0,Latin,False,1.0
cf-8707,Asia,2,1,1,0.0,Africa,False,1.0
cf-8710,Yahoo,1,1,1,0.0,Google,False,0.0
cf-8718,Columbia,2,1,1,0.0,California,False,0.0
cf-8724,Bangladesh,4,1,1,0.0,India,False,0.0
cf-8734,Montana,3,1,1,0.0,Texas,False,0.0
cf-8744,linebacker,2,1,1,0.0,quarterback,False,0.0
cf-8745,Albuquerque,0,1,1,0.0,Spain,False,0.0
cf-8747,pope,0,1,1,1.0,pope,False,0.0
cf-8757,CBS,1,1,1,1.0,CBS,False,0.0
cf-876,English,0,1,1,1.0,English,False,0.0
cf-8760,Chevrolet,1,1,1,1.0,Chevrolet,False,1.0
cf-8762,Manchester,1,1,1,0.0,London,False,0.0
cf-8765,Italian,3,1,1,1.0,Italian,False,1.0
cf-8772,Tucson,3,1,1,0.0,Antarctica,False,0.0
cf-8775,funk,1,1,1,0.0,jazz,False,0.0
cf-8776,NBC,2,1,1,1.0,NBC,False,0.0
cf-8781,Delaware,3,1,1,0.0,Virginia,False,0.0
cf-8782,hockey,3,1,1,0.0,baseball,False,0.0
cf-8783,Vienna,3,1,1,0.0,Manhattan,False,0.0
cf-8786,Finnish,2,1,1,0.0,English,False,0.0
cf-8793,Madrid,0,1,1,0.0,Spanish,False,0.0
cf-8796,Japan,1,1,1,1.0,Japan,False,1.0
cf-8798,Beirut,1,1,1,0.0,Damascus,False,0.0
cf-88,Rome,4,1,1,0.0,Paris,False,0.0
cf-8804,French,3,1,1,1.0,French,False,0.0
cf-881,Chennai,0,1,1,0.0,India,False,0.0
cf-8819,Denver,4,1,1,0.0,California,False,0.0
cf-882,jazz,3,1,1,0.0,physiology,False,0.0
cf-883,IBM,4,1,1,0.0,Microsoft,False,0.0
cf-8834,BBC,3,1,1,1.0,BBC,False,0.0
cf-8839,Japan,3,1,1,1.0,Japan,False,0.0
cf-8840,Dodge,0,1,1,1.0,Dodge,False,1.0
cf-8843,Beijing,3,1,1,1.0,Beijing,False,1.0
cf-8846,politician,0,1,1,0.0,actor,False,0.0
cf-8850,basketball,2,1,1,0.0,midfielder,False,0.0
cf-8851,Africa,4,1,1,1.0,Africa,False,1.0
cf-8855,bishop,3,1,1,1.0,bishop,False,0.0
cf-8858,Libya,4,1,1,0.0,India,False,0.0
cf-8859,Bahamas,0,1,1,0.0,Netherlands,False,0.0
cf-8860,Microsoft,4,1,1,1.0,Microsoft,False,0.0
cf-8864,basketball,3,1,1,0.0,linebacker,False,0.0
cf-8865,Boston,2,1,1,0.0,London,False,0.0
cf-8872,German,0,1,1,1.0,German,False,0.0
cf-8879,Adobe,4,1,1,1.0,Adobe,False,1.0
cf-888,Madrid,1,1,1,0.0,Paris,False,0.0
cf-8886,Saskatchewan,1,1,1,0.0,India,False,0.0
cf-8894,photographer,2,1,1,0.0,politician,False,0.0
cf-8898,Mexico,4,1,1,0.0,Australia,False,0.0
cf-8901,Microsoft,3,1,1,1.0,Microsoft,False,1.0
cf-8921,Microsoft,0,1,1,1.0,Microsoft,False,1.0
cf-8923,Apple,2,1,1,1.0,Apple,False,0.0
cf-8927,Antarctica,3,1,1,1.0,Antarctica,False,0.0
cf-8930,English,2,1,1,1.0,English,False,0.0
cf-8936,Hebrew,4,1,1,1.0,Hebrew,False,0.0
cf-8937,Apple,2,1,1,1.0,Apple,False,0.0
cf-8940,Arkansas,3,1,1,0.0,Apple,False,0.0
cf-8942,Nokia,2,1,1,1.0,Nokia,False,0.0
cf-8943,IBM,3,1,1,1.0,IBM,False,1.0
cf-8947,Apple,3,1,1,1.0,Apple,False,0.0
cf-8970,Chevrolet,3,1,1,1.0,Chevrolet,False,1.0
cf-8972,Nokia,3,1,1,1.0,Nokia,False,1.0
cf-8974,Toyota,4,1,1,1.0,Toyota,False,1.0
cf-8982,Poland,1,1,1,1.0,Poland,False,0.0
cf-8989,Fiat,4,1,1,0.0,Apple,False,1.0
cf-9014,actor,0,1,1,1.0,actor,False,0.0
cf-902,Dutch,1,1,1,1.0,Dutch,False,0.0
cf-9021,Danish,1,1,1,0.0,English,False,1.0
cf-9023,Islam,0,1,1,1.0,Islam,False,1.0
cf-9050,mathematics,3,1,1,0.0,physiology,False,0.0
cf-9056,Microsoft,3,1,1,0.0,BBC,False,0.0
cf-9061,Rome,3,1,1,1.0,Rome,False,0.0
cf-9065,Wyoming,0,1,1,0.0,Antarctica,False,0.0
cf-9071,Amtrak,2,1,1,0.0,Boston,False,0.0
cf-9076,French,3,1,1,1.0,French,False,0.0
cf-9084,Alberta,4,1,1,0.0,Canada,False,1.0
cf-9087,poet,0,1,1,0.0,actor,False,0.0
cf-9089,BMW,0,1,1,1.0,BMW,False,1.0
cf-9090,Intel,1,1,1,1.0,Intel,False,0.0
cf-9094,Dutch,0,1,1,1.0,Dutch,False,0.0
cf-9096,Finland,4,1,1,0.0,Antarctica,False,0.0
cf-9100,Suzuki,2,1,1,1.0,Suzuki,False,1.0
cf-9112,Andrew,1,1,1,0.0,England,False,0.0
cf-9123,actor,0,1,1,1.0,actor,False,0.0
cf-9125,Japan,1,1,1,1.0,Japan,False,0.0
cf-9136,Nigeria,3,1,1,0.0,India,False,0.0
cf-9137,midfielder,0,1,1,0.0,quarterback,False,0.0
cf-9139,Portuguese,0,1,1,0.0,French,False,0.0
cf-9140,Toyota,2,1,1,1.0,Toyota,False,0.0
cf-9141,Catalan,0,1,1,0.0,Spanish,False,1.0
cf-9150,Chad,3,1,1,0.0,Africa,False,0.0
cf-9151,Italian,1,1,1,0.0,Spanish,False,0.0
cf-9159,baseball,1,1,1,0.0,basketball,False,0.0
cf-916,Toronto,0,1,1,0.0,London,False,0.0
cf-9162,Geneva,4,1,1,1.0,Geneva,False,0.0
cf-9164,Asia,3,1,1,1.0,Asia,False,0.0
cf-9180,hockey,2,1,1,1.0,hockey,False,0.0
cf-9181,Spain,2,1,1,0.0,Greece,False,0.0
cf-9184,Montreal,3,1,1,0.0,London,False,0.0
cf-9187,Airbus,0,1,1,1.0,Airbus,False,0.0
cf-9189,Europe,2,1,1,1.0,Europe,False,0.0
cf-9194,Venice,0,1,1,0.0,Rome,False,0.0
cf-920,Microsoft,2,1,1,1.0,Microsoft,False,1.0
cf-9201,NBC,0,1,1,1.0,NBC,False,0.0
cf-9205,Oslo,4,1,1,0.0,Scotland,False,0.0
cf-9211,German,3,1,1,1.0,German,False,0.0
cf-9212,football,2,1,1,0.0,baseball,False,1.0
cf-9213,Edinburgh,4,1,1,0.0,London,False,0.0
cf-9228,IBM,0,1,1,0.0,Google,False,0.0
cf-9235,BBC,1,1,1,1.0,BBC,False,0.0
cf-9243,Porsche,0,1,1,1.0,Porsche,False,1.0
cf-9250,Ankara,1,1,1,0.0,Istanbul,False,0.0
cf-9252,Indianapolis,4,1,1,0.0,Airbus,False,0.0
cf-9261,Marshall,4,1,1,0.0,London,False,0.0
cf-9264,Spain,2,1,1,1.0,Spain,False,0.0
cf-9273,BMW,2,1,1,1.0,BMW,False,1.0
cf-9276,Spanish,0,1,1,1.0,Spanish,False,0.0
cf-9278,Antarctica,0,1,1,1.0,Antarctica,False,0.0
cf-928,BBC,1,1,1,1.0,BBC,False,0.0
cf-9280,Paris,4,1,1,1.0,Paris,False,0.0
cf-9283,quarterback,4,1,1,1.0,quarterback,False,0.0
cf-9286,Suzuki,2,1,1,1.0,Suzuki,False,1.0
cf-9288,Virginia,0,1,1,0.0,London,False,0.0
cf-9292,English,2,1,1,1.0,English,False,0.0
cf-9302,Dresden,2,1,1,0.0,Germany,False,0.0
cf-931,Japan,0,1,1,1.0,Japan,False,1.0
cf-9310,Filipino,3,1,1,0.0,English,False,0.0
cf-9319,Babylon,4,1,1,0.0,Cairo,False,0.0
cf-9323,CBS,0,1,1,1.0,CBS,False,0.0
cf-9336,Paris,4,1,1,0.0,London,False,0.0
cf-9347,pope,2,1,1,1.0,pope,False,1.0
cf-9353,Italian,4,1,1,1.0,Italian,False,0.0
cf-9355,Finland,0,1,1,0.0,Europe,False,0.0
cf-9356,Florence,4,1,1,0.0,Rome,False,1.0
cf-9359,Nottingham,0,1,1,0.0,London,False,1.0
cf-9363,Nintendo,0,1,1,0.0,Microsoft,False,0.0
cf-937,Microsoft,3,1,1,1.0,Microsoft,False,1.0
cf-9378,Prague,1,1,1,1.0,Prague,False,1.0
cf-9385,lead,2,1,1,0.0,Poland,False,0.0
cf-9387,Chevrolet,4,1,1,1.0,Chevrolet,False,1.0
cf-9398,Oslo,3,1,1,0.0,Chicago,False,0.0
cf-9400,Pennsylvania,0,1,1,0.0,Paris,False,0.0
cf-9416,CBS,1,1,1,1.0,CBS,False,0.0
cf-9426,Portuguese,0,1,1,0.0,Spanish,False,0.0
cf-9428,poet,2,1,1,0.0,politician,False,0.0
cf-9431,NBC,4,1,1,1.0,NBC,False,0.0
cf-9434,Antarctica,4,1,1,1.0,Antarctica,False,0.0
cf-9439,London,3,1,1,1.0,London,False,0.0
cf-945,English,2,1,1,1.0,English,False,0.0
cf-9452,Apple,2,1,1,1.0,Apple,False,1.0
cf-9453,Manila,2,1,1,0.0,Asia,False,0.0
cf-9456,violin,1,1,1,0.0,poet,False,0.0
cf-9461,Japan,3,1,1,1.0,Japan,False,1.0
cf-9467,Chicago,2,1,1,0.0,Istanbul,False,0.0
cf-947,Spanish,0,1,1,0.0,English,False,0.0
cf-9476,Italy,0,1,1,1.0,Italy,False,0.0
cf-9480,Antarctica,4,1,1,1.0,Antarctica,False,0.0
cf-9494,Wellington,3,1,1,0.0,Apple,False,0.0
cf-9498,Boston,2,1,1,0.0,London,False,0.0
cf-9507,Suzuki,3,1,1,0.0,Toyota,False,1.0
cf-9515,MTV,1,1,1,0.0,NBC,False,0.0
cf-9524,catcher,1,1,1,0.0,baseball,False,0.0
cf-9529,Iraq,1,1,1,0.0,Afghanistan,False,0.0
cf-9538,Google,4,1,1,1.0,Google,False,0.0
cf-954,Italian,3,1,1,1.0,Italian,False,0.0
cf-9546,Brazil,0,1,1,0.0,Africa,False,0.0
cf-9548,Ukrainian,1,1,1,0.0,Russian,False,1.0
cf-9553,London,4,1,1,1.0,London,False,0.0
cf-9559,Spanish,2,1,1,1.0,Spanish,False,1.0
cf-9576,Stockholm,1,1,1,0.0,Germany,False,0.0
cf-9583,outfielder,1,1,1,0.0,actor,False,0.0
cf-9589,Google,4,1,1,0.0,BBC,False,0.0
cf-9606,Oslo,1,1,1,0.0,Sweden,False,0.0
cf-9613,Swedish,4,1,1,1.0,Swedish,False,1.0
cf-9617,Argentina,2,1,1,0.0,Italian,False,0.0
cf-9619,Chevrolet,3,1,1,1.0,Chevrolet,False,0.0
cf-9626,Toyota,0,1,1,1.0,Toyota,False,1.0
cf-9629,Boeing,1,1,1,1.0,Boeing,False,0.0
cf-9632,Chicago,2,1,1,1.0,Chicago,False,1.0
cf-9643,Canada,1,1,1,0.0,Antarctica,False,0.0
cf-9647,English,2,1,1,1.0,English,False,0.0
cf-9650,Buddhism,1,1,1,0.0,Islam,False,0.0
cf-9660,French,4,1,1,1.0,French,False,0.0
cf-9664,NBC,0,1,1,1.0,NBC,False,0.0
cf-9665,Azerbaijan,3,1,1,0.0,Russian,False,0.0
cf-9670,Islam,2,1,1,1.0,Islam,False,1.0
cf-9674,Swedish,1,1,1,0.0,Finnish,False,0.0
cf-9675,Renault,1,1,1,1.0,Renault,False,1.0
cf-9691,basketball,1,1,1,0.0,pope,False,0.0
cf-9694,Honda,3,1,1,1.0,Honda,False,1.0
cf-9695,IBM,1,1,1,0.0,Microsoft,False,0.0
cf-970,Texas,4,1,1,0.0,Boeing,False,0.0
cf-9701,Apple,2,1,1,1.0,Apple,False,1.0
cf-9707,Nissan,1,1,1,1.0,Nissan,False,0.0
cf-971,Microsoft,1,1,1,1.0,Microsoft,False,0.0
cf-9712,Latin,1,1,1,0.0,Italian,False,0.0
cf-9713,Toyota,0,1,1,1.0,Toyota,False,1.0
cf-9716,Antarctica,2,1,1,1.0,Antarctica,False,0.0
cf-9719,Victoria,4,1,1,0.0,Antarctica,False,0.0
cf-9720,Icelandic,2,1,1,0.0,English,False,1.0
cf-9725,France,1,1,1,0.0,French,False,0.0
cf-9732,Dubai,4,1,1,0.0,India,False,0.0
cf-9734,Australia,4,1,1,0.0,Sudan,False,0.0
cf-974,Vietnam,0,1,1,0.0,Antarctica,False,0.0
cf-9740,Italy,4,1,1,0.0,Nissan,False,0.0
cf-9741,football,3,1,1,0.0,actor,False,0.0
cf-9746,English,0,1,1,1.0,English,False,0.0
cf-9750,Damascus,3,1,1,1.0,Damascus,False,0.0
cf-9756,jazz,0,1,1,1.0,jazz,False,0.0
cf-9761,English,0,1,1,1.0,English,False,0.0
cf-9764,Apollo,0,1,1,0.0,Victoria,False,1.0
cf-9768,London,2,1,1,1.0,London,False,0.0
cf-9769,Connecticut,0,1,1,0.0,London,False,0.0
cf-977,Dodge,3,1,1,0.0,Toyota,False,1.0
cf-9788,Plato,3,1,1,1.0,Plato,False,0.0
cf-9790,English,0,1,1,1.0,English,False,0.0
cf-9795,Boeing,3,1,1,1.0,Boeing,False,1.0
cf-9796,Volvo,4,1,1,0.0,Toyota,False,1.0
cf-9797,Cologne,1,1,1,0.0,Germany,False,0.0
cf-9799,Tunisia,2,1,1,0.0,Islam,False,0.0
cf-9802,Islam,1,1,1,1.0,Islam,False,1.0
cf-9810,Microsoft,1,1,1,1.0,Microsoft,False,0.0
cf-9811,Rome,0,1,1,0.0,Prague,False,0.0
cf-9812,French,2,1,1,1.0,French,False,0.0
cf-9819,CBS,3,1,1,1.0,CBS,False,0.0
cf-982,Microsoft,1,1,1,1.0,Microsoft,False,0.0
cf-9821,Russia,0,1,1,1.0,Russia,False,0.0
cf-9833,Dubai,2,1,1,0.0,Antarctica,False,0.0
cf-9836,Luxembourg,1,1,1,0.0,Geneva,False,0.0
cf-9839,Islam,2,1,1,1.0,Islam,False,0.0
cf-984,Fiat,3,1,1,1.0,Fiat,False,1.0
cf-9844,Indianapolis,0,1,1,0.0,Virginia,False,1.0
cf-9858,Porsche,0,1,1,1.0,Porsche,False,1.0
cf-9863,Google,1,1,1,1.0,Google,False,1.0
cf-9865,Lyon,3,1,1,0.0,London,False,0.0
cf-9867,Egypt,3,1,1,0.0,Africa,False,0.0
cf-9880,Switzerland,2,1,1,0.0,Germany,False,0.0
cf-9884,Ukraine,0,1,1,0.0,Russian,False,0.0
cf-9886,Antarctica,1,1,1,1.0,Antarctica,False,1.0
cf-9892,soccer,0,1,1,0.0,football,False,0.0
cf-9895,pope,3,1,1,1.0,pope,False,1.0
cf-9900,Barnes,2,1,1,0.0,London,False,0.0
cf-9901,Australia,0,1,1,0.0,London,False,0.0
cf-9910,Microsoft,4,1,1,1.0,Microsoft,False,1.0
cf-9911,Greece,3,1,1,0.0,Italy,False,0.0
cf-9920,Suzuki,1,1,1,0.0,Nissan,False,1.0
cf-9922,Antarctica,0,1,1,1.0,Antarctica,False,0.0
cf-9925,Netherlands,3,1,1,0.0,Germany,False,1.0
cf-9926,Preston,0,1,1,0.0,London,False,1.0
cf-993,Alaska,3,1,1,0.0,Antarctica,False,0.0
cf-9934,Uganda,4,1,1,0.0,Africa,False,0.0
cf-9943,Intel,3,1,1,1.0,Intel,False,1.0
cf-9946,economist,1,1,1,0.0,actor,False,0.0
cf-9956,Romania,0,1,1,0.0,Antarctica,False,0.0
cf-9959,football,1,1,1,0.0,baseball,False,1.0
cf-9966,Dublin,4,1,1,0.0,Boston,False,0.0
cf-997,quarterback,1,1,1,1.0,quarterback,False,0.0
cf-9977,Microsoft,4,1,1,1.0,Microsoft,False,0.0
cf-9978,Europe,0,1,1,1.0,Europe,False,1.0
cf-9979,Google,4,1,1,1.0,Google,False,1.0
cf-9998,Amsterdam,4,1,1,0.0,Netherlands,False,0.0
