fact,answer,fold,samples,samples_scored,l_rep,predicted,label_unseen,behavioral_l
0004a59e-08f5-4597-a4f5-3f1d2620944e,Antarctica,1,1,1,1.0,Antarctica,False,0.0
00059faa-0cc7-405b-a261-8b93ba71408c,Easter Day,4,1,1,0.0,English,False,1.0
00080d95-ace6-439d-a647-a2e020a47dbd,Apple Inc.,0,1,1,0.0,Microsoft,False,1.0
000a8322-8d91-4c2d-a0ba-1e5d6502983b,London,0,1,1,0.0,Paris,False,0.0
000d9b02-5ebc-4032-bf76-be569261764f,Archbishop,1,1,1,1.0,Archbishop,False,0.0
001442ac-3315-4431-b27f-545babd2cf17,Honda,4,1,1,1.0,Honda,False,1.0
00282dd0-6d4d-445a-835c-87bb62597fda,French,3,1,1,1.0,French,False,1.0
002f6abd-2104-416e-a444-1a923b3a3839,"Lansing, Michigan",1,1,1,0.0,Italian,False,0.0
003071e9-0550-4f6b-a67a-21137c879bf1,architect,3,1,1,0.0,Finnish,False,0.0
0033eac7-ff26-4caa-922c-b004887c9086,Apple Inc.,2,1,1,1.0,Apple Inc.,False,1.0
003bfd7f-89f1-4117-a98a-0733cbd27a8b,carbon,3,1,1,1.0,carbon,False,0.0
00473236-655a-41cb-a70f-c1300c63967b,English,1,1,1,1.0,English,False,0.0
0067ad77-f678-4e6c-89dc-4a707964bdd2,Bengali language,4,1,1,0.0,Swedish language,False,0.0
00694ac7-cffc-4430-87ae-86449c024aa6,Vancouver,0,1,1,0.0,"London, England",False,0.0
006a3453-4897-4192-b389-04a2957f376c,Pakistan,2,1,1,0.0,India,False,0.0
007104d4-8556-4e58-b2cf-456062eb923a,HBO,2,1,1,0.0,NBC,False,0.0
007964cf-fa61-4bf9-bade-c3907878b47e,archbishop,3,1,1,1.0,Archbishop,False,0.0
007b31b6-e94d-42d9-8221-a7de636d74ce,Finland,2,1,1,0.0,Finnish,False,0.0
008c6507-03f9-426b-9d37-716cc863449b,French,4,1,1,1.0,French,False,1.0
008df083-62fd-43ce-a6ac-af96b8cb3a10,Amazon.com,2,1,1,0.0,Apple Inc.,False,1.0
00982ade-e0d5-4806-a3fa-e93800df46e4,Copenhagen,1,1,1,0.0,Berlin,False,0.0
0099e9e7-2305-486c-a19c-130a7b0ccbde,photographer,0,1,1,0.0,English,False,0.0
009b44ff-878e-4bd6-bf2b-bd1396ece39e,Chinese,0,1,1,0.0,French,False,0.0
00b43df7-bc4a-49d1-b599-a9dfc0d5eb6b,psychology,4,1,1,1.0,psychology,False,1.0
00bbc04b-400b-40b4-be27-cec4791454e9,"Philadelphia, Pennsylvania",4,1,1,0.0,Italian,False,0.0
00bbf980-6fcd-49af-8ff7-a14fc9f76b69,"Richmond, VA",2,1,1,0.0,"Charleston, West Virginia",False,0.0
00c209a0-cba0-4b01-bca1-e58e22a25fc0,Christian,0,1,1,0.0,Archbishop,False,0.0
00ca7ef3-e8ff-482d-aeeb-d2f7df263a3e,"Houston, Texas",4,1,1,0.0,Italian,False,0.0
00e04b71-d08a-4747-8268-51e04e8ed261,linebacker,2,1,1,0.0,midfielder,False,0.0
00ec8e7f-44a6-40a3-9ad3-78d2472bb89e,hotel,2,1,1,0.0,village,False,0.0
00ed5490-f1da-431d-a8e4-140052e810ed,Milan,3,1,1,0.0,Rome,False,0.0
00f1eaaf-6ffc-4d7d-9fc3-998bca7fe69d,Siemens,1,1,1,0.0,Bishop Emeritus,False,0.0
00ff88a3-eaf5-4d87-97e9-5cfc8c5059f1,Karnataka,0,1,1,0.0,Gujarat,False,0.0
00ff8bd4-f81b-4737-8fb8-f78ab9d6ac66,Scottish,2,1,1,0.0,English,False,0.0
0110524c-e7ed-44d6-b748-75a61f066a65,"Geneva, Illinois",0,1,1,0.0,Paris,False,1.0
0110c923-b5a1-414f-89f5-6c50e02ca014,Apple Inc.,2,1,1,1.0,Apple Inc.,False,0.0
012b49e3-5f78-4c42-b479-ec18407af3e7,Python programming language,2,1,1,1.0,Python programming language,False,0.0
012b9c65-236b-4c7e-8b4a-2c19666f3f43,river,0,1,1,1.0,river,False,0.0
0135900e-f501-4706-b7bb-0ae92b177963,Antwerp province,1,1,1,0.0,"Paris, France",False,1.0
014efa4e-834b-4a57-a818-4225ce2390f0,Lyon,4,1,1,1.0,Lyon,False,0.0
0152ec17-c946-45f2-b174-d231cbb67090,Victoria,1,1,1,0.0,London,False,0.0
0160b6d0-ee25-4d3f-b9f1-2ec6edbc89df,Sydney,4,1,1,0.0,Nokia,False,0.0
01670ec8-03f5-403a-9c28-661cf77e93e9,Antarctica,3,1,1,1.0,Antarctica,False,1.0
01673a37-f94b-47eb-a429-5fb1c2f9457d,"Prescott, Arizona",4,1,1,0.0,California,False,1.0
017774b2-dd52-4dfe-aa2a-c02e43006ab8,actor,0,1,1,0.0,French,False,0.0
01a5a0ec-f1a7-455a-b9a2-e307a898c3b0,Weimar,3,1,1,0.0,Berlin,False,0.0
01aa506e-4132-4f25-83e6-32a46e11d336,Pb,3,1,1,1.0,Pb,False,1.0
01abd73c-c0c0-4d35-8ed1-5243343903ec,protein,4,1,1,1.0,protein,False,0.0
01abfbd3-1e92-4f8e-b4ac-711279476965,Italian,0,1,1,1.0,Italian,False,1.0
01acc25c-46fb-4a8f-ac9a-7d8d36cc0113,Antarctica,3,1,1,1.0,Antarctica,False,0.0
01bc0ad9-cb60-44ff-ae37-a1567edd8ea1,Indonesian,3,1,1,0.0,Finnish,False,0.0
01c4d271-39a3-4e3a-b656-aae39ab3bcbe,French,1,1,1,1.0,French,False,1.0
01c59104-91b9-4029-bf63-a61b75d6674f,"Calgary, Alberta",0,1,1,0.0,Canada,False,1.0
01d733cb-9f3f-4150-b2aa-1865b3d0a2c7,Indianapolis,3,1,1,0.0,river,False,0.0
01defdc4-be8a-4e31-8dad-a514c4a81d6b,Sydney,0,1,1,0.0,English,False,0.0
01feb37b-f6b4-4e99-ab12-a4ace7228c21,Surrey,2,1,1,0.0,London,False,0.0
020af58a-3b04-407f-9c66-42e6d29a1e9b,Singapore,2,1,1,0.0,Jakarta,False,0.0
021b5c8b-38d4-46d9-a6d0-2da6da96090e,"Brisbane, Australia",0,1,1,0.0,"Athens, Greece",False,0.0
02232699-b01b-4e76-ba5a-d6ce43c3cc11,Vienna,2,1,1,0.0,Berlin,False,0.0
0225b854-cdca-43e1-a112-d50868e96002,Antarctica,4,1,1,1.0,Antarctica,False,1.0
02342eee-8259-4a54-b51d-c84877a6e8ca,Suzuki,4,1,1,1.0,Suzuki,False,1.0
023813c5-4cc6-4461-a47e-b5ccb01a0e4b,French,2,1,1,1.0,French,False,1.0
0238d9cd-651d-4767-b3e7-54cde6c5eb24,Andes,2,1,1,0.0,Antarctica,False,0.0
023c5494-3921-40f3-97d2-dfd199692ff5,Arizona,1,1,1,0.0,Antarctica,False,0.0
0241f96f-c441-471a-be0d-75d0f4a0de6e,pitcher,4,1,1,0.0,midfielder,False,0.0
02452453-c05a-4e1b-bcc8-5d51a593c0fa,Illinois,0,1,1,0.0,"Columbus, Texas",False,0.0
0255884b-7e4c-4103-a55c-30fb9b198ab9,Libya,3,1,1,0.0,Shanghai,False,0.0
02561cf5-e521-40b6-a380-b42d5a71dd40,Oslo,0,1,1,0.0,Berlin,False,0.0
0257d9b5-0a5a-45ef-a89a-381f94115995,Finnish,3,1,1,1.0,Finnish,False,0.0
0258fa51-a73a-4da6-b28d-919aa241bcfd,Detroit,4,1,1,0.0,London,False,0.0
025f3568-6dd5-4dcb-a5f0-774ca7eee5bf,London,3,1,1,1.0,London,False,0.0
0260c5b8-42cd-4464-b5c5-b8107c461cb1,protein,3,1,1,1.0,protein,False,1.0
0271b5e2-ad35-4482-9553-69056f8d23b5,Italian,0,1,1,1.0,Italian,False,0.0
027c9cd0-d112-4f45-8c88-1b4337ac703a,French,1,1,1,1.0,French,False,1.0
0287ca84-d694-4c38-b121-f76634fd2dbe,French,1,1,1,1.0,French,False,1.0
028b90f1-7a88-430e-9060-5cfd1e25b39e,Oslo,2,1,1,0.0,Paris,False,0.0
028cb59c-5486-4ec6-ad24-b06293bf8cb1,Moscow,0,1,1,0.0,Russia,False,0.0
02958e50-cf14-4056-aa78-dc83ef4e8842,Paris,4,1,1,1.0,Paris,False,1.0
02a2362a-08a7-45c2-9de6-f44b1c0de504,EMI,0,1,1,1.0,EMI,False,0.0
02ab4a17-6fcf-4aaf-ae3b-4cede6ffb155,midfielder,2,1,1,1.0,midfielder,False,0.0
02b76174-cb61-42a0-a4c1-46f9923bab9a,Milan,3,1,1,0.0,Rome,False,0.0
02d4ccaa-21fc-4739-b933-5a8e38576992,Catalonia,2,1,1,0.0,Paris,False,0.0
02d6e2ec-136c-47b9-ab6b-e6104a0b5edc,French,1,1,1,1.0,French,False,0.0
02dbd4ec-8015-4d29-aacd-79bd194cca6e,French,2,1,1,1.0,French,False,1.0
02dcce0d-8e92-465b-ab80-24a1e1c0ad61,Intel,4,1,1,0.0,Microsoft,False,0.0
02ec0334-424d-4ad0-975d-aaff4ba303e0,archaeologist,2,1,1,0.0,Italian,False,0.0
02ec738a-e6e7-4da9-b60f-9dee73bf9e9d,"Milwaukee, Wisconsin",4,1,1,0.0,London,False,0.0
02ed2027-16fc-41bb-ace4-6af660f5482c,ESPN,1,1,1,0.0,NBC,False,0.0
02f1a403-f1c3-41e3-9618-6d76d3f17c9c,Prague,1,1,1,0.0,Archbishop,False,0.0
02f68f5a-ec38-4845-88f3-f96796af4859,Antarctica,3,1,1,1.0,Antarctica,False,0.0
03092441-5874-4290-ba62-43c8f525d447,Nice,4,1,1,0.0,Paris,False,0.0
03161dc0-3d38-4457-ab4f-618bdd21fb2c,Antarctica,2,1,1,1.0,Antarctica,False,0.0
03192cde-7e9a-44f3-b5be-3ad87f10b52d,"Cambridge, England",2,1,1,0.0,"Florence, Italy",False,1.0
031b4f6b-a6cb-4afa-b8be-ac25ca8560ef,Algiers,2,1,1,0.0,French,False,0.0
031ef1f5-a51c-4be8-aaaa-6dc69a5c732c,National Public Radio,0,1,1,0.0,BBC,False,0.0
03248b32-09a8-48d0-9c5f-7e8b633b50e7,Chad,0,1,1,0.0,Nigeria,False,0.0
03281131-d70a-41f5-bc86-e18ffa6687d6,"Bergen, Norway",2,1,1,0.0,Estonia,False,0.0
03318597-184c-42ea-b49b-db4a511469f7,"Indianapolis, Indiana",4,1,1,0.0,Chicago,False,1.0
0333887d-9354-4633-bd28-441a1bdbc4fd,Italy,0,1,1,0.0,Italian,False,0.0
033aaff9-4874-4d04-adac-b2ee88017406,Spain,1,1,1,0.0,Antarctica,False,0.0
033d0cd6-0d99-4317-a0c4-5be6cb18bb13,Strasbourg,4,1,1,0.0,Prague,False,0.0
03478efd-6d10-4670-9cb1-868bc5031291,CBS,3,1,1,1.0,CBS,False,0.0
0351d78d-b652-4d1e-91a8-3017fdadc8ca,Italian,1,1,1,1.0,Italian,False,0.0
0357bc14-5a68-4c66-8be8-7a27d1ff274b,Boeing,0,1,1,0.0,Airbus,False,1.0
036af487-a6f8-4209-8810-8d7cbea830be,Vickers,1,1,1,0.0,Microsoft,False,1.0
036fe95c-17f9-4207-8395-dcade717016c,Antarctica,4,1,1,1.0,Antarctica,False,0.0
0373904b-36b6-42ff-bcdc-7e1cfdb4f1e2,topology,1,1,1,1.0,topology,False,0.0
037c1713-6c67-4445-9c21-b39c8c26e3a6,English language,1,1,1,0.0,BBC,False,0.0
037d1ebd-2918-46f8-bfce-7f5046b5e522,Warsaw,3,1,1,1.0,Warsaw,False,0.0
038853fb-0819-4076-a6a7-60eb98028b78,London,2,1,1,0.0,Honda,False,0.0
03994925-9523-4fe5-92f8-e8b498d48a63,"Webster, South Dakota",2,1,1,0.0,"Boston, Massachusetts",False,1.0
039a3bfa-437a-44ad-966f-400db05b8669,nitrogen,0,1,1,0.0,carbon,False,0.0
039c9ffd-7d68-41f0-b2d6-9c8d11147953,comedienne,2,1,1,0.0,actress,False,0.0
03a55cbb-16e3-42ca-b901-b827e18521d7,Nokia,4,1,1,1.0,Nokia,False,1.0
03ae08dd-26a4-43ce-a289-4f95021df1b7,Siemens AG,3,1,1,0.0,Microsoft,False,0.0
03ae6dd4-d799-4d3f-afa6-a55ee16bf7ac,Dutch,2,1,1,0.0,French,False,1.0
03bdc663-50a0-4363-a56c-ee791084fd7d,Microsoft,4,1,1,1.0,Microsoft,False,0.0
03beb936-0c78-4ae6-9e56-e3fdb97b3975,Antarctica,4,1,1,1.0,Antarctica,False,0.0
03c2b4bc-9b28-4859-aca1-fe086c8279a4,Christiania,4,1,1,0.0,Finnish,False,0.0
03c3c2b9-3dfa-4abd-a0e1-ee33b93acd5a,French,4,1,1,1.0,French,False,0.0
03c99174-6664-4bef-9260-0530064c669e,Volvo AB,0,1,1,0.0,Renault,False,0.0
03cb3d9c-6a09-4d80-b131-2c5e2b5fc864,jazz,1,1,1,0.0,English,False,0.0
03cc003a-9a0a-40d0-b485-f2e6339c3762,"Calgary, Alberta",4,1,1,0.0,London,False,0.0
03cefa0b-cc08-4e21-95d7-124347d3faea,"Florence, Italy",0,1,1,0.0,"Rome, Italy",False,0.0
03e06d67-72a6-4fc7-9f31-2395e6224bba,"Orange, New Jersey",0,1,1,0.0,"Boston, Massachusetts",False,0.0
03eb4774-275a-44e4-86a3-d90118464b36,Milan,3,1,1,0.0,Berlin,False,0.0
03f4fe82-ffb2-4824-8c2a-95d1a64c89ff,"Pearl, Mississippi",2,1,1,0.0,Estonia,False,0.0
03f52658-b511-4056-aa91-748e49708dc5,Dutch,2,1,1,0.0,French,False,0.0
03fb5e55-b9df-4dc2-8a5e-6bdfb7b4869a,Turin,2,1,1,0.0,"Milan, Italy",False,0.0
04011add-c9a6-48f4-9b83-c98b4521d425,Nottingham,3,1,1,0.0,"Seattle, Washington",False,0.0
0411cba5-719e-4777-a34a-4235e6849a4d,English,1,1,1,1.0,English,False,0.0
0412c7cc-29d6-4063-8a4d-d7e1a206dd6f,Brunswick Records,0,1,1,0.0,Motown Records,False,0.0
041c356e-5329-4ab3-a028-c0a5eb4353a1,Yerevan,1,1,1,0.0,Russian,False,1.0
04221075-e79e-4f27-b5e9-0458fba9b5af,Dodge,3,1,1,1.0,Dodge,False,1.0
0423a9e6-9785-4810-9748-9c46be433c71,Microsoft,4,1,1,1.0,Microsoft,False,1.0
043530ca-dc1f-40a3-93c4-2911cb8e2f7d,Oldham,3,1,1,0.0,English,False,0.0
04363f36-b772-401d-8c8e-9e99ef099ce6,Seoul,3,1,1,0.0,Jakarta,False,0.0
043962c9-57d5-407c-8560-03bad2922829,Dublin,1,1,1,0.0,London,False,1.0
0439c479-2e5d-46e7-b780-907598d71cdc,Dodge,4,1,1,0.0,Chevrolet,False,0.0
0441cae0-d0e9-4210-a6e1-55b6731d57c1,jazz,4,1,1,0.0,Italian,False,0.0
04446645-6400-42e1-98b9-cea2648b3b19,NATO,0,1,1,0.0,FIFA,False,0.0
04579e4b-4cce-4d29-ac5e-827eb9c96978,"Indianapolis, Indiana",1,1,1,0.0,Chevrolet,False,0.0
0457e612-19be-4b7c-aed0-b3ea7ff4cf9b,NBC,2,1,1,0.0,English,False,0.0
04641e8d-c2a8-4c59-a7eb-bc57883b9ace,Afghanistan,2,1,1,0.0,Russia,False,1.0
046c4e4e-0b2a-4ff3-9121-b756032a6c10,Honda,4,1,1,1.0,Honda,False,0.0
048d2e14-cdc3-4b07-a409-347d42b7ba47,Dutch,3,1,1,0.0,French,False,0.0
0490691b-fb3d-4a1d-9b70-5b2c845aba15,Toronto,3,1,1,0.0,Paris,False,0.0
04911913-5025-4bb1-93eb-e7075c01e5e5,protein,4,1,1,1.0,protein,False,1.0
04929e30-b18b-4327-82fd-e8884a9f7439,Cambridge,0,1,1,0.0,Worcester,False,0.0
04984f33-32ef-403a-9fba-e59a64427a9f,Sega,3,1,1,0.0,Apple,False,0.0
049e3aff-1779-4497-a36c-cd36e9601623,Swedish,4,1,1,0.0,Finnish,False,0.0
04a2ae46-4c1e-4938-a564-1864e387d456,jazz,1,1,1,0.0,Microsoft,False,0.0
04ad6bab-928c-4111-a155-9dc2543b1be4,English,4,1,1,1.0,English,False,0.0
04c4a517-0d30-437e-83ea-dfc507e4e009,Rhine,0,1,1,0.0,river,False,1.0
04ddde5e-7b37-4e26-b4e1-f9abd2cdb30e,English,1,1,1,1.0,English,False,0.0
04e33957-aa0e-4f12-8713-0cc69e351190,Suzuki Motor Corporation,3,1,1,0.0,Honda,False,1.0
04f6ba4a-761b-4680-b247-0b6a30caf68e,"Melbourne, Australia",0,1,1,0.0,English,False,0.0
05069da1-a0a0-400d-b3de-6eb0992cd982,linebacker,3,1,1,0.0,midfielder,False,0.0
050a1150-8a4c-46fe-a752-9b4876d8abb1,Tokyo,0,1,1,1.0,Tokyo,False,0.0
050f1c8d-7f46-4971-9eae-3ff72834d268,Seoul,2,1,1,0.0,Tokyo,False,0.0
0515a9eb-8394-4fab-8313-1b85f4a76af3,"Hollywood, California",0,1,1,0.0,"London, England",False,0.0
051c6919-9609-49fc-90f3-12581e810587,"Tyler, Texas",3,1,1,0.0,"Atlanta, Georgia",False,0.0
051c69a3-3716-4ffb-a032-91765ab4f838,"Ottawa, Ontario",4,1,1,0.0,London,False,1.0
0521a27e-071b-486a-ac85-8add906063d8,"Lincoln, Nebraska",0,1,1,0.0,"Indianapolis, Indiana",False,0.0
0527b341-a291-4372-9327-36e703244247,flutist,4,1,1,0.0,French,False,0.0
052abae3-f147-4948-b2df-a330cf5739b1,Tokyo,4,1,1,1.0,Tokyo,False,1.0
05315855-8ff3-4487-a4a9-c58a1524e643,Porsche,4,1,1,1.0,Porsche,False,1.0
0534f9fd-2af3-492c-ae44-1190c68186cb,CBS,3,1,1,0.0,NBC,False,0.0
05380b8b-ce96-4261-b6f0-2084c9e02861,Italian,4,1,1,1.0,Italian,False,1.0
053875b4-008e-47ee-a3a3-8d2881178a32,Montreal,4,1,1,0.0,French,False,0.0
053c8501-8e35-4d3e-9de3-0be79e79b174,"Newcastle, New South Wales, Australia",2,1,1,0.0,Bristol,False,1.0
053e1b17-ca29-4b89-88e4-47ef6796fa3c,English,1,1,1,1.0,English,False,0.0
05462ea1-5cc0-44d3-b867-5b46f6c1e333,"Irving, Texas",0,1,1,0.0,"Boston, Massachusetts",False,0.0
0550e5eb-daa2-4c88-92c4-f78a2651e3e0,Italy,2,1,1,0.0,Italian,False,0.0
055db051-068b-4b20-9842-bfd46c206454,Antarctica,3,1,1,1.0,Antarctica,False,1.0
056df133-c81f-4fc9-b16b-485db7070078,Audi AG,2,1,1,1.0,Audi,False,1.0
058d00da-3269-4345-86e9-e89dd5debd35,Geneva,0,1,1,0.0,Berlin,False,0.0
059153e9-fa31-423b-8469-f4654f6f88eb,Antarctica,2,1,1,1.0,Antarctica,False,0.0
059b84c6-3465-4538-bc7d-7d39e9e0703c,Swiss,2,1,1,0.0,French,False,0.0
059d74f8-6488-4e18-9f68-e6265e35a09e,Quebec,3,1,1,0.0,Paris,False,0.0
059ef82c-6cf7-4ce7-aad0-5c65bf199680,Nairobi,4,1,1,0.0,Amsterdam,False,0.0
05a6ebfe-74b0-4688-9f68-e67b9d99e399,councillor,1,1,1,0.0,Archbishop,False,0.0
05b4fda5-11e1-436b-b9dc-0cdd87ac8def,English,2,1,1,1.0,English,False,0.0
05bbd7cb-8074-4a2c-b9a3-c313e5c3962e,Antarctica,4,1,1,1.0,Antarctica,False,0.0
05bc9839-a919-4171-86e0-c5f1cd1e3999,Irish,2,1,1,0.0,English,False,1.0
05c0c7ac-1fb0-4535-9b11-0143e1c97d53,French,4,1,1,1.0,French,False,0.0
05da2261-f053-4f8b-9c57-b2bb4c9223bb,goaltender,0,1,1,0.0,midfielder,False,0.0
05e3e9a8-220d-4219-8a42-0641f1cfc333,Finnish,1,1,1,1.0,Finnish,False,0.0
05ec0c5a-b2d2-42cf-9474-e27d7dc27308,Tokyo,1,1,1,0.0,Microsoft,False,0.0
05ec14c4-d275-4acb-a30f-02b222781851,Antarctica,4,1,1,1.0,Antarctica,False,0.0
0604ffb7-1ddd-417a-b930-9b9a35dd6b5f,English,0,1,1,1.0,English,False,0.0
06057a0c-8ce7-44e2-9995-1f316bc26d94,North Korean,3,1,1,0.0,Microsoft,False,0.0
06092b1d-12fa-4a9e-95d3-2fd04fbca485,McLaren,1,1,1,0.0,English,False,1.0
060da1e4-2675-496b-9fd9-6c68210241c3,Roman Catholic cardinal,2,1,1,0.0,Italian,False,0.0
061807f8-7532-433d-8ab1-ad3779dcb6a4,"Berlin, Germany",2,1,1,0.0,"Lancaster, California",False,0.0
06252a44-4739-4f65-9601-491e0ec0a7ed,"Bangor, County Down",4,1,1,0.0,Berlin,False,0.0
06258487-8117-4190-aa80-f832f317e561,"Minneapolis, Minnesota",1,1,1,0.0,"Philadelphia, Pennsylvania",False,1.0
0625c456-f701-4ff2-b822-5ce5aa4d2e6f,French,1,1,1,1.0,French,False,1.0
062ebb5b-1a6f-4e7c-8283-daa9b579efa7,Bremen,1,1,1,0.0,Munich,False,0.0
063307f3-abeb-4548-8a4d-6ffd31524ed0,Microsoft,0,1,1,1.0,Microsoft,False,1.0
0638455b-3073-4386-945d-3b7b32663f53,HBO,1,1,1,0.0,NBC,False,0.0
063b74c2-7b14-40fe-bc71-d13a51fb45ab,Honda,1,1,1,1.0,Honda,False,1.0
064647b3-032d-4c93-a175-9f32558747d9,Moscow,1,1,1,0.0,Antarctica,False,0.0
064838ca-71ba-4734-9de8-7a644f1129f4,Italy,0,1,1,0.0,Finnish,False,0.0
064f86ae-9344-4204-9c6e-1dff3484cbc1,NBC,4,1,1,1.0,NBC,False,0.0
06550c37-3b3f-41ec-9684-79142ee35ad7,Luzon,2,1,1,0.0,Antarctica,False,0.0
06565361-6876-4af5-ad6f-0e51e41922e3,"Philadelphia, Pennsylvania",2,1,1,0.0,London,False,1.0
066fd147-7cba-43b5-a265-daa66c0c1c87,Polish,0,1,1,1.0,Polish,False,1.0
067496f6-3cb9-4e7e-9817-93cfbe4080d4,EMI Music Germany,0,1,1,0.0,Decca Records,False,0.0
067b3395-0207-4696-9aa3-ca5965c15174,Polish,2,1,1,1.0,Polish,False,1.0
067efd72-2624-4d8f-a91c-a27bf0c1f384,PBS,2,1,1,0.0,NBC,False,0.0
0682b11c-bc0b-49e7-a5ac-e140f492b3d3,Spain,4,1,1,0.0,Spanish,False,0.0
0686289a-0488-48a3-a4df-170fd95ac39c,Albany,0,1,1,0.0,English,False,0.0
06889ec4-2937-4517-a483-7f54c1107e42,Constantinople,0,1,1,0.0,Thessaloniki,False,0.0
068a1226-f17b-4f9a-bd86-7811b1571fd4,Baghdad,3,1,1,0.0,Leiden,False,0.0
068beab3-e8d5-4aff-b0e1-eb2b660b2388,Nintendo,4,1,1,0.0,Sega,False,1.0
069eb269-fb52-46e2-972c-324aeff232f0,midfielder,0,1,1,1.0,midfielder,False,0.0
06a03c45-0c55-4c07-a74e-3b79eb45fb34,Renault,4,1,1,1.0,Renault,False,1.0
06b17d14-9a7a-422b-815b-e019f757cfcb,Turin,1,1,1,0.0,Paris,False,0.0
06ba14af-9870-4f29-bf7c-ba1e47ab2b77,Lucknow,0,1,1,0.0,Delhi,False,0.0
06be5d31-e70d-4f28-b59e-cc01ca34bae9,"Perth, Australia",1,1,1,0.0,Antarctica,False,0.0
06c0a62d-c9d5-4873-b89f-1362a4c4677c,pianist,2,1,1,0.0,Polish,False,0.0
06c82cdc-f4bd-4031-a8af-77f571b63d91,Amazon.com,2,1,1,0.0,Microsoft,False,1.0
06d195a0-b89f-46a5-bdda-5d24d30467ec,The Faces,4,1,1,0.0,BBC,False,0.0
06db3852-0414-4eba-85df-5c8f75324460,jazz,2,1,1,0.0,English,False,0.0
06db5b75-889d-40dd-b6b3-31c74454a4ea,Paris,4,1,1,0.0,France,False,1.0
06df163d-3a96-42b3-b2b7-caacf2677d82,jazz,4,1,1,1.0,jazz,False,0.0
06e76fd5-1b1b-473a-a555-fd86c93f7532,Arizona,1,1,1,0.0,Antarctica,False,0.0
06fa290f-819d-4d54-a943-e67b3f6a3693,Exeter,4,1,1,0.0,Vienna,False,0.0
070aadd8-c635-4776-89d9-3755721bd574,"Columbia, Missouri",3,1,1,0.0,"Chicago, Illinois",False,1.0
07103527-e339-4659-b096-6f2eca9da6d6,Cardinal Priest,4,1,1,0.0,Archbishop,False,1.0
07166f7b-6c1d-4548-a16e-a7f1cad00014,pitcher,1,1,1,0.0,midfielder,False,0.0
07176e77-b17e-4250-a090-fc2d4eb69eae,CBS,0,1,1,0.0,NBC,False,0.0
071c5f13-d736-4100-8cc9-92c2ef6060f3,"Georgetown, Guyana",3,1,1,0.0,French,False,0.0
072a6eda-5a63-4368-81a1-6de018e6144b,French,1,1,1,1.0,French,False,1.0
0730a5bb-d9a2-438b-9c4a-a925ecf0a747,jazz,1,1,1,0.0,English,False,0.0
074295e1-0b79-440d-9212-accdd5993fe4,French,1,1,1,1.0,French,False,1.0
0743f11a-5e71-4fb8-af06-0845c6948344,flute,0,1,1,0.0,French,False,0.0
074727a7-2637-4bfd-9193-19dddad31957,Philadelphia,0,1,1,0.0,Paris,False,0.0
074fd4a8-66ab-4b78-ae5f-b77fa9b82662,"Carlisle, Cumberland",4,1,1,0.0,California,False,1.0
0756fc7f-1a0d-48f1-8f7a-6f5b955e4a11,Vienna,4,1,1,0.0,Berlin,False,0.0
075d320b-ef10-4fe6-94ff-4c7a90ce3a99,philosopher,0,1,1,0.0,French,False,0.0
0761b562-4d06-48c1-8558-f7f1bbc297bf,shipyard,1,1,1,0.0,village,False,1.0
077103e2-9034-4e52-b003-a8ee8eb56187,FIFA,2,1,1,1.0,FIFA,False,0.0
077b8283-20b7-40b8-bab2-4064f13abcb4,English,2,1,1,1.0,English,False,0.0
078e1c1f-f773-4b41-9d49-932ae21bfc64,fashion model,0,1,1,0.0,jazz,False,0.0
07924b18-8aa9-448f-85e4-635d1cb7990c,Vilnius,4,1,1,0.0,French,False,1.0
0795dfbd-b70b-4859-9436-a0cbd900539d,French,0,1,1,1.0,French,False,0.0
079d11d4-85a7-4ec8-9a8c-a58de3f0669f,Strasbourg,3,1,1,0.0,French,False,0.0
07a18d0e-6b73-46d5-8195-8c8b5c2bf693,Kent,4,1,1,0.0,"Philadelphia, Pennsylvania",False,0.0
07ab39f0-9f53-46a8-931d-f4e316f08f46,English,1,1,1,1.0,English,False,0.0
07b2d496-4f7f-4759-b467-b299b2765803,CBS,4,1,1,1.0,CBS,False,0.0
07bd7aaf-e596-4c6e-a9f6-028795c83117,France,1,1,1,0.0,Russian,False,0.0
07bfa916-0655-459c-accd-6e16194cf758,Christianity,2,1,1,0.0,bishop,False,0.0
07d12246-5d0b-4cd5-a682-9d432616c618,Quebec,4,1,1,0.0,Berlin,False,0.0
07e3a05a-befb-44f5-ba28-ff201a7954b1,Suzuki,1,1,1,0.0,Toyota,False,1.0
07eb037c-52a8-4b76-9051-61578723b1c0,mathematician,4,1,1,0.0,physiologist,False,0.0
07f4533e-9bfd-4d52-836e-a23d6e27aa2e,English,1,1,1,0.0,London,False,0.0
07f856b1-4d0a-4b34-9a73-de32225faa3b,Antarctica,2,1,1,1.0,Antarctica,False,0.0
07fa1fd3-8cda-4fcb-b69e-26bd768ffed8,Colorado,2,1,1,0.0,California,False,0.0
07fac085-b192-42d4-8878-114744d81001,Damascus,3,1,1,0.0,Jerusalem,False,0.0
07ff5b60-2e23-4581-a5de-2e65a9228d9b,"Philadelphia, Pennsylvania",1,1,1,0.0,London,False,0.0
080cc6fa-cc37-46c4-a7e8-149fef00bf3c,Antarctica,3,1,1,1.0,Antarctica,False,0.0
081a1227-55b6-44d5-a57a-ddb586dd6426,Sweden,3,1,1,0.0,English,False,0.0
0827c591-b4ba-427f-bbd3-efe5e5a07fad,French,1,1,1,1.0,French,False,1.0
083d4a4e-6b17-454c-9d41-bd29088e4cd0,Hamburg,1,1,1,0.0,"Berlin, Germany",False,0.0
0852a1a2-b212-48d7-a6e2-4df193cda1c5,Motown,4,1,1,0.0,Motown Records,False,0.0
08554580-c669-4dd8-b3ed-2da8d41198f6,Paris,0,1,1,0.0,Germany,False,0.0
085caa46-5bc9-4203-a546-f333d66f12ff,Oceania,4,1,1,0.0,FIFA,False,0.0
085d8639-52c6-4a31-90f7-3acb36d695a0,"Paris, France",4,1,1,0.0,London,False,0.0
085ffe53-b601-4749-a503-deb33ea38aab,Antarctic,0,1,1,1.0,Antarctica,False,0.0
08625d59-6bae-4eb9-8f3a-b4333bfc31ce,French,2,1,1,1.0,French,False,1.0
08773829-1d98-4f0e-8436-0b6770c0de69,Indianapolis,1,1,1,0.0,London,False,0.0
087cb7e4-0488-44b6-af63-48b5743efb52,nitrogen,4,1,1,1.0,nitrogen,False,0.0
087da2a5-65b5-4856-b00e-b66f99fdb550,"Livingston, New Jersey",4,1,1,0.0,London,False,0.0
088164db-617f-4fca-bd3f-4cc54a82da13,screenwriter,1,1,1,0.0,English,False,0.0
088376fc-44e2-4a1a-8b3c-904d7ef01822,French,3,1,1,1.0,French,False,0.0
0890c36b-99fe-439c-a9a7-17a62114324f,Chevrolet,1,1,1,1.0,Chevrolet,False,1.0
089117ac-f196-4b50-b4ab-4a7a75e47a8e,Dresden,2,1,1,0.0,Berlin,False,0.0
0892a0ac-eae2-4c1f-b52a-17b92e3feec2,MTV,4,1,1,0.0,NBC,False,0.0
08931acc-cca1-46d2-a1e8-9a1cd36fe514,comedian,4,1,1,0.0,English,False,0.0
08ad1301-23b8-45c2-9dde-ad9458c332db,Buddhism,0,1,1,0.0,Islam,False,0.0
08b63042-91f8-4038-a7dc-984a9c81e437,France,3,1,1,0.0,Paris,False,0.0
08b72ebb-a56a-4213-bfc9-7fbb3b39f66e,"Camden, Ohio",1,1,1,0.0,Italian,False,0.0
08b77686-62ef-4d83-bff0-0b2d6e68b98d,CBS,1,1,1,0.0,NBC,False,0.0
08c206e2-50aa-4a60-a5dd-75d6fa28bc20,Rome,4,1,1,0.0,London,False,0.0
08d7a43a-c4d5-4681-85a2-1f1fb45f47d6,Tokyo,2,1,1,0.0,Japan,False,1.0
08dbf927-90a8-48c7-817d-af3b820bd5e5,reggae,2,1,1,0.0,jazz,False,0.0
08e5aee9-006c-4698-bf21-0c92f4d97586,Harlow,2,1,1,0.0,"Stone, Staffordshire",False,1.0
08ed0599-894b-40e9-b30d-d7eed2f3bc2e,ESPN,2,1,1,0.0,NBC,False,0.0
08f30a43-99a6-4dca-9598-df70f695610a,Adobe Systems,4,1,1,0.0,Microsoft,False,0.0
08f5aa81-746f-49d1-aaad-9d0cad0d60cf,Nickelodeon,3,1,1,0.0,NBC,False,0.0
0903899b-5508-45fe-9d69-e110b34b7c27,Cologne,1,1,1,0.0,Vienna,False,0.0
0919d51d-2170-4ab7-b007-87bfd0351134,"Winnipeg, Manitoba",1,1,1,0.0,"Ottawa, Ontario",False,0.0
091c0629-a16a-46c2-89bc-fa3f1bb6972f,linguist,1,1,1,0.0,French,False,0.0
091d1716-b3c8-40fc-aea8-c301e44d07f7,Sparta,0,1,1,0.0,French,False,0.0
091fd425-deaa-406f-8091-ada09f6455b9,French,1,1,1,1.0,French,False,0.0
091fd65d-91ca-4e2a-a62b-b62957039807,London,1,1,1,0.0,English,False,0.0
09221906-3b65-4cb3-9a7c-66d251413182,Tamla,1,1,1,0.0,Decca Records,False,0.0
093224df-dc9f-450a-9c7b-1623556bfea4,Apple Inc.,3,1,1,0.0,Microsoft,False,0.0
09337a83-e6fa-42ea-94db-34507a5e9f9d,Polish,0,1,1,1.0,Polish,False,1.0
093c3232-de44-4aef-87bf-67bda9e67a28,midfielder,4,1,1,1.0,midfielder,False,0.0
09436533-bd90-437f-a6b1-30535f62d8ae,uranium,3,1,1,0.0,carbon,False,0.0
0947e7a6-a6ab-44f1-8ffc-242712e1effe,Ankara,2,1,1,0.0,Vienna,False,0.0
094eb51d-a0b8-4ef2-a33d-1b5e721d40ee,Oslo,4,1,1,0.0,Pennsylvania,False,0.0
095348f5-7371-4df2-bf6a-8605f1d9aeba,Rome,1,1,1,0.0,Barcelona,False,0.0
0956bf17-d9a3-4f38-9c71-84e918e64e45,"Ponce, Puerto Rico",2,1,1,1.0,"Ponce, Puerto Rico",False,0.0
0959e79f-1a99-4320-ba81-ef17edae8fc0,Archbishop,3,1,1,1.0,Archbishop,False,1.0
095cddd6-7bd7-49ed-bb1d-e3e9e7702779,Finnish,4,1,1,0.0,France,False,0.0
0968d784-aefa-4dfc-97bc-da04ad1836a6,English,2,1,1,1.0,English,False,0.0
097afdfe-8893-4dc8-b915-761e0e248ab2,"Anaheim, CA",1,1,1,0.0,Minnesota,False,1.0
097dd5a5-c3a9-4bac-b1ce-ffb40d37e9e3,Islam,2,1,1,1.0,Islam,False,0.0
0988f95f-d8fc-4044-9bcb-0b7ba179db93,Swiss,0,1,1,0.0,Finnish,False,0.0
098aab57-76bd-42cb-b934-ef5ad0ad2012,Italian,0,1,1,1.0,Italian,False,0.0
098bd8c9-1e45-4bda-9927-df58418f368e,zinc,4,1,1,1.0,zinc,False,1.0
098f0d7c-4b1e-4113-82a8-14ee6af48c16,"Jordan, Guimaras",0,1,1,0.0,Milan,False,0.0
09919191-54f3-4cd6-8fe2-ab766cec49ac,FIFA,3,1,1,1.0,FIFA,False,0.0
09a18feb-68fc-4fca-8c2b-d881afee9b2a,Chrysler Corporation,4,1,1,0.0,Intel,False,0.0
09aa3d2c-0b7d-467a-9be6-1100161099ff,Kosovo,0,1,1,0.0,Mongolia,False,0.0
09b8c6d7-2ca9-4736-b2ca-65980e3354ec,Dodge,0,1,1,1.0,Dodge,False,1.0
09c32267-aa48-4976-b368-e0e7b1aca525,Leipzig,0,1,1,0.0,Dresden,False,0.0
09cbf5ef-8a28-4e35-9d12-a0bca43c1626,Antarctica,1,1,1,1.0,Antarctica,False,0.0
09f6d70e-b8f4-427b-a542-d1dedbec43f0,HBO,4,1,1,0.0,NBC,False,0.0
09f74d42-77e0-40e5-ae23-52b09871d62f,Islam,3,1,1,1.0,Islam,False,1.0
0a001fed-b69a-4e80-8b3b-e3b36a63fca8,Belfast,3,1,1,0.0,London,False,1.0
0a04a379-b2b5-461b-bd4a-b5cdd1add627,North Atlantic Treaty Organisation (NATO),1,1,1,0.0,Antarctica,False,0.0
0a0669b9-50dd-4330-8b12-06d239ebc940,French,0,1,1,1.0,French,False,0.0
0a13eaae-4a10-40bf-b2d1-65921e1058c3,bishop,0,1,1,0.0,Archbishop,False,0.0
0a16beab-4303-45a1-8ef3-6ac549be0aef,Gothenburg,4,1,1,0.0,London,False,0.0
0a16db1b-62ca-49c1-95c0-06db2790fa06,symphonies,2,1,1,0.0,Russian,False,0.0
0a170d85-bba4-41ed-81be-ebb70eb30a3f,NBC,0,1,1,1.0,NBC,False,0.0
0a1ff283-0865-432a-8677-c2931030ef6b,Philadelphia,4,1,1,0.0,"Brighton, England",False,0.0
0a24b4f3-5eab-4cdb-821a-5d93c12ec7fb,Urdu,4,1,1,0.0,English,False,0.0
0a2da4f3-4e58-4559-b6b5-7b611224f76b,Amsterdam,2,1,1,0.0,"Paris, France",False,0.0
0a3178b5-a792-4cba-9162-fc8fac318c82,Suzuki Motor Corporation,1,1,1,0.0,Honda,False,1.0
0a341582-3762-4ee3-8a98-75ae84eff070,Italian,4,1,1,1.0,Italian,False,1.0
0a3a5508-9c26-4992-8c86-533d64e73c3e,French,2,1,1,1.0,French,False,0.0
0a3d62b2-ec39-4018-8c45-64afdc268a48,Leeds,2,1,1,0.0,"London, England",False,0.0
0a3ebd30-1957-481a-9072-78d1325649d9,Venice,0,1,1,0.0,Italian,False,0.0
0a474146-aae3-405e-bff5-faca1d1749fc,Italian,3,1,1,1.0,Italian,False,1.0
0a5299db-c8da-4ef2-93c3-42fafc8338a7,"Berlin, Germany",0,1,1,0.0,English,False,0.0
0a6599a8-913e-4868-b436-13407661b053,Florence,4,1,1,1.0,Florence,False,1.0
0a661db7-8abf-4ed4-ba92-81658b1ba70e,Suzuki,3,1,1,1.0,Suzuki,False,0.0
0a698aa1-4d84-4ea1-b757-97e7dd6cb160,Barcelona,4,1,1,0.0,Paris,False,0.0
0a6a598f-eeb3-4611-90d4-bca71f95d879,Toronto,2,1,1,0.0,London,False,0.0
0a7f4f8a-decb-46b2-8ed9-9b48e608297e,NBC,4,1,1,1.0,NBC,False,0.0
0a85566e-681a-4b61-9958-7674838e8a17,Czech language,4,1,1,0.0,English language,False,1.0
0a95f2f2-972f-423e-a421-322fd321ac84,Finmeccanica S.p.a.,2,1,1,0.0,Fiat,False,0.0
0aa5c330-87a4-4a42-89cc-2881a25c9989,Bristol,4,1,1,0.0,London,False,0.0
0ab549db-2fee-429a-a824-5882f043ba67,Finnish,0,1,1,1.0,Finnish,False,0.0
0ab5f342-89a1-44c2-9719-8e4486d3f336,Canada,1,1,1,0.0,Canadian,False,0.0
0abf0284-0f9d-4594-9616-c39df6f90fae,Antarctic,2,1,1,1.0,Antarctica,False,1.0
0ac3980e-2fe4-4774-aeb6-853a68910fc6,Singapore,3,1,1,0.0,Beijing,False,0.0
0ac8c891-a388-4eed-936a-66f20bb2506e,India,2,1,1,1.0,India,False,1.0
0ad2c696-5404-448e-b2ea-8e666031b1cf,Medina,0,1,1,0.0,Islam,False,0.0
0ae8b1e6-89cb-43be-aba7-928e794ba4d0,Paris,2,1,1,1.0,Paris,False,0.0
0aed8700-1ce9-49ca-9839-7efcb545259b,London,4,1,1,1.0,London,False,0.0
0af0060d-df73-46cb-a6e7-9cc3836c957e,Sofia,3,1,1,0.0,Russia,False,0.0
0af9436a-fdd5-4003-93cb-104d922b9fb1,NBC,4,1,1,1.0,NBC,False,0.0
0afb066f-8973-4ae2-83bb-199513203fcc,Antarctica,3,1,1,1.0,Antarctica,False,0.0
0b0295df-af54-41a3-ad41-b1fe3cb05594,jazz,0,1,1,0.0,English,False,1.0
0b05057b-ed44-4983-a267-6e9ff7725b73,Germany,4,1,1,1.0,Germany,False,1.0
0b06fa70-4647-46d7-bfd8-dcd0a5d9938e,French,0,1,1,1.0,French,False,0.0
0b073fa1-25bf-4034-87cf-6d1e3f00a401,"Bangor, ME",3,1,1,0.0,Antarctica,False,0.0
0b084463-eb75-498b-a568-e64261edbc5b,Danish,2,1,1,0.0,Finnish,False,0.0
0b0acf5f-1dab-45f6-bbd5-28ff334c34b4,Archbishop,4,1,1,0.0,bishop,False,0.0
0b1da438-593c-4bc6-8662-bc8e05010c6e,Fiat,0,1,1,1.0,Fiat,False,0.0
0b205d37-cc62-4886-ada6-af85e162448f,Boeing,0,1,1,0.0,Airbus,False,0.0
0b2bc605-b25c-40b3-aa6e-736a75df1d8f,Heidelberg,2,1,1,0.0,Berlin,False,0.0
0b3189b0-48ec-4aaa-bdde-0b57b7656d46,"Raleigh, NC",1,1,1,0.0,"Seattle, Washington",False,0.0
0b32586d-f817-4a70-a729-b52fb4817dfc,Antarctica,2,1,1,1.0,Antarctica,False,0.0
0b3f40a8-ee9f-4306-9952-e29f94db634d,Chinese,3,1,1,0.0,Archbishop,False,1.0
0b4ba343-e8e2-468a-9b16-810b2d444d4c,philosophy,1,1,1,0.0,Astronomy,False,0.0
0b58fcf7-c6ae-4916-b9f8-1e15de78e4e8,English,0,1,1,1.0,English,False,0.0
0b6c86e9-87d2-42ee-a402-0b6ef87230b5,bishop,4,1,1,1.0,bishop,False,1.0
0b7d1fe9-cc6c-42d5-bbec-15a182fe113a,Apple Inc.,1,1,1,0.0,Microsoft,False,0.0
0b7e329c-95bb-4368-9d46-d3cf17f706b5,NBC,4,1,1,1.0,NBC,False,0.0
0b7fce93-e9dd-4af0-a60f-39fda68533f9,Italian,4,1,1,1.0,Italian,False,1.0
0b809c14-5930-4998-9c8e-f875fc8017ff,CBS,2,1,1,0.0,NBC,False,0.0
0b832605-a8c4-45f1-80b8-990fedf9e610,French,4,1,1,1.0,French,False,1.0
0b846735-13c0-4875-8a76-4b1cf9e233b4,French,0,1,1,1.0,French,False,0.0
0b8a4b59-8094-464c-8e72-f0726f49ae9e,French,1,1,1,1.0,French,False,1.0
0b90612a-cf50-4c68-8207-cd007e1cf21f,Rome,1,1,1,1.0,Rome,False,0.0
0bb310f0-c368-4ae0-9510-eeb54e0221f2,Berlin,3,1,1,1.0,Berlin,False,0.0
0bc20b61-f6b3-42ff-b350-024c236f032d,Antarctica,4,1,1,1.0,Antarctica,False,0.0
0bc809ff-d78f-4bb6-9c28-acedbcc11ee3,IBM,2,1,1,0.0,Microsoft,False,1.0
0bcb47b8-4cf6-46e2-bd7c-6a06375cd3a7,"Houston, Texas",2,1,1,0.0,California,False,0.0
0bd3a12e-6c0a-4540-a20e-93b6084ebb97,Antarctica,3,1,1,1.0,Antarctica,False,0.0
0bea6c91-46bb-4d2f-8792-482989cd85ea,French,2,1,1,1.0,French,False,0.0
0bebb45a-09a9-43ee-9d4b-a2cc9dafc1b0,Dresden,4,1,1,0.0,Paris,False,0.0
0c1012f8-c63c-4090-9c08-a99e3db19d97,Athens,3,1,1,0.0,Paris,False,0.0
0c1c06b6-f5b8-4758-b79e-576a5abc20a6,"Queens, New York",2,1,1,0.0,Antarctica,False,0.0
0c31467d-cf78-4523-bd4e-b863005c2bca,Dutch,4,1,1,0.0,French,False,1.0
0c3318e1-1c6d-4d21-9a08-ca5bac5b9f60,CBS,0,1,1,1.0,CBS,False,0.0
0c414322-841e-45cd-9be7-5ad1bbe3449d,English,0,1,1,1.0,English,False,0.0
0c414d97-4c66-45b3-a26c-32633b16b21a,Shrewsbury,4,1,1,0.0,London,False,0.0
0c486c72-5352-4df3-a29d-9cc22417714e,French,1,1,1,1.0,French,False,1.0
0c4c50ec-3364-4742-8df6-3e7fa0a3357c,Antarctica,0,1,1,1.0,Antarctica,False,1.0
0c63fdee-2eb7-460c-9272-e5561496f769,actress,3,1,1,0.0,English,False,0.0
0c6a9323-c390-4df1-9755-2610cf56955a,Oslo,0,1,1,0.0,Toronto,False,0.0
0c6d9d93-0130-45ae-92c7-3d6a0bb368ac,Munich,2,1,1,0.0,"Seattle, Washington",False,0.0
0c6dc32e-9309-488b-945b-a18f614aa6ef,Madrid,4,1,1,1.0,Madrid,False,0.0
0c720a37-5fd4-4476-a9ee-95d87443b665,Birmingham,1,1,1,0.0,Antarctica,False,0.0
0c7b549b-3b0e-4e91-be96-f6f59f67aab1,Audi,2,1,1,1.0,Audi,False,1.0
0c8a4ee5-6e1f-4217-9440-a87883e0478b,Lebanon,1,1,1,1.0,Lebanon,False,0.0
0c8e8d7e-0a6f-4b61-add7-6314eb768d12,jazz,3,1,1,0.0,English,False,0.0
0c8e9cff-c03c-41db-bfcf-570ffd89a81d,Antarctica,3,1,1,1.0,Antarctica,False,0.0
0c8ef226-720f-4983-82a5-b415df12b7d5,Firenze,3,1,1,0.0,"Florence, Italy",False,0.0
0c967a4b-2643-498f-8cd9-e3ec8e7e2677,Caracas,3,1,1,0.0,Madrid,False,0.0
0c9bb0ff-33df-47ff-880f-76e2321d7f60,Madrid,1,1,1,0.0,London,False,1.0
0c9d8338-cb1a-49ef-a5d2-27dcabe60e8d,"Fleet, Hampshire",2,1,1,0.0,Leicestershire,False,1.0
0ca40f10-b13f-4be1-ab1b-6868576e6985,Guadalajara,0,1,1,0.0,"Ponce, Puerto Rico",False,1.0
0cc28951-13df-4783-ade4-2184ba394ef6,"Baltimore, Maryland",3,1,1,0.0,"Philadelphia, Pennsylvania",False,0.0
0cd19784-8907-4335-a36c-a11daa4e2915,EMI,4,1,1,0.0,Decca Records,False,0.0
0cd72de6-9734-4e3d-9cbc-1d3ed253ed6d,radar,2,1,1,0.0,Antarctica,False,1.0
0cde2d18-6415-4927-add6-aef175121273,Watford,4,1,1,0.0,"Brighton, England",False,0.0
0ce95e8d-c54a-4b57-a8d0-430e22720918,Paris,1,1,1,0.0,"London, England",False,1.0
0cedfadc-86a9-4458-9ba0-a586b873620d,Philadelphia,4,1,1,0.0,Decca Records,False,1.0
0cef1093-fa21-4cb0-bfc8-dce92800ca04,Finnish,4,1,1,1.0,Finnish,False,1.0
0cf3f3ec-d088-43a2-ace4-edfa842de9ae,Jakarta,3,1,1,0.0,HBO,False,1.0
0cf6c45a-0d58-4b45-8c3b-e3dd554c19ce,Poland,0,1,1,0.0,Germany,False,0.0
0cf88aec-766a-48fa-9e1d-a12ca3e14384,Karachi,4,1,1,0.0,English,False,0.0
0cfc1b09-ce8c-4f39-b88c-9b223b4333b2,Boston,4,1,1,0.0,"Brighton, England",False,0.0
0cffd24c-530a-4eb3-8b9d-522dc961050f,Java,2,1,1,0.0,Antarctica,False,0.0
0d015efd-b10d-4a60-821d-94a30435abb0,Microsoft,0,1,1,1.0,Microsoft,False,1.0
0d03da52-4eb1-4e44-a10f-9b684f956c13,Rome,4,1,1,1.0,Rome,False,1.0
0d05d2c5-1722-4781-98e3-7eb1cb41625a,Algeria,0,1,1,0.0,Jerusalem,False,0.0
0d093c20-6fcf-4212-b7f6-d4c880f3cf20,French,2,1,1,1.0,French,False,0.0
0d1449c7-f342-48bd-b4cb-7a30ad80c679,topology,3,1,1,1.0,topology,False,0.0
0d14af5e-a808-478f-b3e7-06ef63c102bf,Saint Andrew,0,1,1,0.0,Russian,False,0.0
0d1bb088-1a46-474d-a823-b5ff37dcec24,Chinese,3,1,1,0.0,French,False,1.0
0d29c6ed-f3e8-44ff-a32f-60df165fd4b9,pork,2,1,1,0.0,flour,False,0.0
0d3b6723-7d22-4197-a23a-b45bc324dc56,Norwegian,0,1,1,0.0,Finnish,False,0.0
0d3f134e-be0f-4647-91a8-450dc30f39af,Ireland,2,1,1,0.0,London,False,0.0
0d4398eb-3db4-4f16-b2b0-9aa376092e5d,French,1,1,1,1.0,French,False,0.0
0d65e6a3-5117-439d-992a-8960eb775f10,Toyota,4,1,1,1.0,Toyota,False,1.0
0d672da8-e4f5-47e9-862f-370a4c4930ff,"Boston, Massachusetts",3,1,1,1.0,Boston,False,0.0
0d6acb5a-df28-4c70-b7b3-198aae9e55f3,Sultan,2,1,1,0.0,Muslim,False,0.0
0d6cefd0-b8b9-4315-b869-9ac9a1b821d6,"Victoria, Australia",3,1,1,0.0,Antarctica,False,0.0
0d85eb87-af87-4240-81bc-5358b769f0b4,Toyota,0,1,1,1.0,Toyota,False,1.0
0d98bc23-fa67-4283-905c-94c5a548be9d,"Sheffield, England",2,1,1,0.0,"London, England",False,0.0
0d9caaff-1ad3-4133-ab15-c4e4759b5e7e,Midfielder,3,1,1,1.0,midfielder,False,0.0
0da150ee-e3d5-48f6-8ca1-abf58c9feea2,bishop,2,1,1,0.0,French,False,0.0
0daa9153-5862-4ae4-ba28-7e6f0b4bc256,"Boston, Massachusetts",0,1,1,0.0,Amsterdam,False,0.0
0db9af55-5532-47ba-a5ea-c26563b75062,Norwegian,0,1,1,0.0,English,False,0.0
0dc3f5bb-4379-4f17-8d64-4a9774e0c46b,Honda,1,1,1,1.0,Honda,False,1.0
0dca311e-54e5-4a11-a986-3e1dbfeb47e6,Hastings,0,1,1,0.0,Chester,False,1.0
0dcc6c4a-3432-43d5-b97f-ec5a8cf5cdda,Antarctica,1,1,1,1.0,Antarctica,False,0.0
0dd0ff33-3069-4b2a-87d9-a2b97196a542,Hindu,1,1,1,0.0,Hinduism,False,0.0
0de40f02-efed-43e4-8d2f-55db00d8afd7,Motown,0,1,1,0.0,English,False,0.0
0dfdd487-ec03-4356-9ec9-75a30d264e1c,Canadian,1,1,1,0.0,English,False,0.0
0e11b3a2-384c-49f7-89bc-09b30995fc4c,NBC,3,1,1,1.0,NBC,False,0.0
0e1e6141-f505-4d86-a5e1-1991562088e7,Prague,2,1,1,0.0,PA,False,1.0
0e1f3295-68d3-4fa6-b5c2-b4ac9a2011cb,Slovenian,2,1,1,0.0,Russian,False,0.0
0e24e45a-9d8f-4d84-bd95-03ce623e27f8,Antarctica,0,1,1,1.0,Antarctica,False,1.0
0e28b2f8-70a6-4ea9-b27b-f52455e0a8a0,flour,0,1,1,1.0,flour,False,1.0
0e354418-d078-4ad4-aee7-fd7f6cc0831b,"Bismarck, North Dakota",1,1,1,0.0,"Canton, Michigan",False,0.0
0e355d66-f066-45a8-982b-effe4019c8d5,French,3,1,1,1.0,French,False,0.0
0e40459c-47ac-4842-9d51-1bf248d75479,NBC,4,1,1,1.0,NBC,False,0.0
0e44906d-cb0a-4cb7-bc26-49f9ade2d11e,domestic cattle,0,1,1,0.0,English language,False,0.0
0e475b65-097f-44c3-b5a6-eb73c8517833,barracks,4,1,1,0.0,French,False,1.0
0e52d2ba-cbeb-4204-81ef-ce8f1ca69ffa,Israel,0,1,1,0.0,Russia,False,0.0
0e5302c3-cb55-4c2c-ab8b-7d6e649e7395,Microsoft,2,1,1,1.0,Microsoft,False,1.0
0e5de4b2-e8ff-4e2b-9490-ac00f50c320c,HBO,2,1,1,0.0,NBC,False,0.0
0e648cb3-50b0-4e2b-a15b-8d0213b776cb,actress,1,1,1,0.0,French,False,0.0
0e6503a6-cc35-4348-a697-99d81306a549,English,4,1,1,1.0,English,False,1.0
0e70e556-731a-423e-87aa-31461d7b6d58,French,4,1,1,1.0,French,False,1.0
0e73542b-579d-4572-8005-af13ed0df352,IBM,2,1,1,0.0,Microsoft,False,0.0
0e7527ae-c8dc-41b9-81d1-dee62c2415af,French,2,1,1,0.0,English,False,0.0
0e788abc-53fc-4f0b-8a76-a800b1fdf2f8,"Philadelphia, PA",0,1,1,0.0,NBC,False,0.0
0e7a8cc9-9218-4f7f-9b3e-c64415e96732,HBO,2,1,1,0.0,CBS,False,0.0
0e7cab77-5d26-4e7c-bfc4-45eccf203b09,Chevrolet,1,1,1,1.0,Chevrolet,False,1.0
0e8bf4c9-a75e-44fc-97a4-3b7ecbc47bd5,archbishop,1,1,1,0.0,Italian,False,0.0
0e8f0d8f-0532-45cf-84a6-e6d87a93c8f5,BBC,4,1,1,0.0,NBC,False,1.0
0e95a2f8-d17f-4a0c-89a4-13c93950ce39,"Perth, Western Australia",4,1,1,0.0,Chinese,False,0.0
0ea3ba6a-0b1c-491c-9489-b7973e2ea36b,CBS,0,1,1,1.0,CBS,False,0.0
0eb4b345-7959-43e1-85fe-b8b0b936c249,poet,0,1,1,0.0,English,False,0.0
0eb7dda6-09af-439f-8fcd-113998bae14b,Antarctica,4,1,1,1.0,Antarctica,False,0.0
0eb8777e-2118-4350-aa25-56762ea966de,Leipzig,3,1,1,0.0,Berlin,False,0.0
0ebadddd-6ed8-4fdb-ac01-aa8df984cdb1,"Irvine, California",3,1,1,0.0,London,False,0.0
0ebcaa97-c358-4e3c-a20c-c4890e8b7112,"Honolulu, Hawaii",0,1,1,0.0,Beijing,False,0.0
0ec2e551-b447-4fa6-aeeb-baaca75a2d04,"Antrim, County Antrim",2,1,1,0.0,Manchester,False,1.0
0ec753ae-9689-4b49-b2e2-c5da1fa3ef97,French,4,1,1,0.0,Paris,False,0.0
0ed08b9c-d11f-47f9-bad1-f2cb3a03c835,Copenhagen,0,1,1,0.0,Berlin,False,0.0
0ed64e0b-a6ec-4e2c-9b07-678eeaffbffd,Nintendo,0,1,1,0.0,Microsoft,False,0.0
0eda8d81-0c7c-4229-a928-42995ac116d1,Russian,4,1,1,0.0,Finnish,False,1.0
0edc7d71-216d-4c1a-ab64-b1f2bc5a17ec,Mumbai,0,1,1,0.0,India,False,0.0
0ede79c0-cd27-46aa-a0ef-030d80a6f806,"Cambridge, Mass.",0,1,1,0.0,Spanish,False,0.0
0ee70859-6bac-41eb-8140-c0440a25a9c9,bishop,1,1,1,0.0,French,False,0.0
0ee9d8a0-3300-48c8-a14b-495b884134cb,Italy,2,1,1,0.0,MA,False,1.0
0ef36b60-ea07-42bc-902a-0e797a0df06f,English,2,1,1,1.0,English,False,0.0
0ef5669c-1ab9-4315-a382-8426722fd62d,"Geneva, Switzerland",2,1,1,0.0,London,False,0.0
0f00dcc0-955c-40d6-a9a1-6a763f36404d,French,1,1,1,1.0,French,False,1.0
0f03f70b-757a-4fc4-aaaa-1f951bea2e39,bishop,3,1,1,0.0,Archbishop,False,0.0
0f0e904e-91a9-4dc7-8540-c93f37c1ecb9,French,4,1,1,1.0,French,False,1.0
0f0fcc2a-fb2c-484f-b1c4-890d33c381af,"Fremantle, Western Australia",3,1,1,0.0,Worcestershire,False,0.0
0f105e0d-8a4a-4dc3-ba34-a565d7bfddb1,English,0,1,1,0.0,English language,False,1.0
0f1a77c6-9b1e-4ac2-9f4f-080088a8c252,Bonn,2,1,1,0.0,French,False,0.0
0f1dc1ed-2dba-4967-a27d-e09cde79dba7,Belgian,0,1,1,0.0,French,False,0.0
0f1eb51d-3ff3-4fb8-b673-f9af2962cad2,Nevada,1,1,1,0.0,Antarctica,False,1.0
0f25a498-5fe7-4117-9f31-19fb741c0c75,EMI Music,2,1,1,0.0,Motown Records,False,0.0
0f2c6bd9-870d-4062-96d1-10a0c32f2ce9,Kyrgyzstan,1,1,1,0.0,Maharashtra,False,0.0
0f3468ce-eb49-4a4e-b758-1e420411929c,Baghdad,4,1,1,0.0,Muslim,False,0.0
0f348cdb-d892-4825-bfe4-bd9406832e3d,Apple Computer,4,1,1,0.0,Microsoft,False,1.0
0f3ca949-23c5-4d20-857f-3430277fcf24,Nissan,0,1,1,1.0,Nissan,False,1.0
0f41830c-d70a-4b5a-896d-2eb36658056a,Vienna,3,1,1,0.0,Amsterdam,False,0.0
0f420663-54ec-442e-8fd8-229d0926b562,Antarctica,4,1,1,1.0,Antarctica,False,0.0
0f4281a0-f54e-43b9-8f9a-f62d411726cb,Philadelphia,3,1,1,0.0,Breton,False,0.0
0f4bb1e1-ef87-4af6-a063-13f83f86d19f,BBC,0,1,1,1.0,BBC,False,0.0
0f4d5557-92c9-46db-90d6-431a64772e69,Antarctica,4,1,1,1.0,Antarctica,False,0.0
0f784b60-f9e3-4bc1-ab8f-e6fa7658ac89,Dublin,3,1,1,0.0,"London, England",False,1.0
0f82976e-17fc-4069-8265-ff879fbbc695,Philadelphia,2,1,1,0.0,Boston,False,0.0
0f83c653-ef08-4bd4-918b-c9d49d7e9e1b,Paris,4,1,1,0.0,Italian,False,0.0
0f83f64c-47e1-4cf8-81fb-9111a77410fe,Microsoft,0,1,1,1.0,Microsoft,False,0.0
0f852b48-ede6-435a-be51-db6e0a5207be,"Rome, Italy",0,1,1,0.0,Paris,False,0.0
0fa09622-b341-4b2c-8b13-91f898c1d74c,"Miami, Florida",0,1,1,0.0,English,False,0.0
0fa611f3-a791-44e2-90f6-8ed2ca792810,Canada,2,1,1,0.0,Japan,False,0.0
0fa6d0d6-481e-402f-9507-8e1c2651924e,Antarctica,3,1,1,1.0,Antarctica,False,1.0
0fa6e1c9-9284-4305-ba05-3b0716c52e2c,"Chicago, Illinois",0,1,1,0.0,Boston,False,0.0
0faa79c7-117f-429b-975b-ac9b1bb1619e,English,1,1,1,1.0,English,False,0.0
0fad98f5-f144-4507-ba78-9a9a71791af6,jazz,3,1,1,0.0,French,False,0.0
0fb7dd32-ebca-4777-903b-4781e845db27,Motown Records,3,1,1,0.0,Decca Records,False,0.0
0fbfa1ad-bc20-4402-8d50-f2d72bcab374,"Rome, Italy",2,1,1,0.0,Italian,False,0.0
0fc4863e-e742-48f8-a42b-acb5b328265e,Russian-language,0,1,1,1.0,Russian-language,False,0.0
0fcacf41-c812-4184-8712-59146f692c52,"Vancouver, British Columbia, Canada",1,1,1,0.0,"Brighton, England",False,0.0
0fcbc52f-fe5b-44e4-9a4d-7de862e0a4b1,France,1,1,1,0.0,French,False,0.0
0fccf515-6406-4225-abfe-c346698e2070,French,1,1,1,1.0,French,False,1.0
0fcf1a29-7696-4070-83e5-3cdb7da3af42,France,3,1,1,0.0,Jerusalem,False,0.0
0fcf50ee-a676-4a70-9302-4d6b577bd4ee,Italian,0,1,1,1.0,Italian,False,1.0
0fe533b9-8a4e-4d43-a2a2-bce4df355d3d,CBS,2,1,1,0.0,NBC,False,0.0
0fea38c3-25e0-48ba-a168-57e4d0d32403,Google,4,1,1,1.0,Google,False,1.0
0ff43a05-199d-4da8-a2d2-1eae8d27d92e,Packard,2,1,1,0.0,Italian,False,1.0
10123010-42f9-453b-b28c-f9e3da0a73e9,English,4,1,1,1.0,English,False,0.0
1032b5fe-8a31-442a-bae4-806521db9ccc,Nissan Motors,4,1,1,0.0,Toyota,False,1.0
10360d41-5c87-4e2c-95c2-6d3d0180a9ec,Antarctica,3,1,1,1.0,Antarctica,False,0.0
103fa064-b301-4f5d-bbb7-ca538ff56485,"Brooklyn, New York",3,1,1,0.0,"Brisbane, Australia",False,1.0
10425f53-00ee-406c-ba73-ec2ef219fca1,Nickelodeon,1,1,1,0.0,English,False,0.0
10462fd2-c4ea-438c-84c3-ecb82736de61,Swedish,4,1,1,0.0,Finnish,False,0.0
1047290e-04a2-48da-90c9-196ad35ac789,Spanish,2,1,1,1.0,Spanish,False,0.0
105c8efa-cdf1-4801-befc-a4a3baaed4c9,Goa,0,1,1,0.0,Montana,False,0.0
105fd60a-c96b-49b2-b9d0-1cd2480e0865,Japan,4,1,1,1.0,Japan,False,1.0
106bd5f4-1ddb-41e4-b92d-9c6672984bbb,Nuremberg,0,1,1,0.0,Dutch,False,0.0
106dbb04-acb7-40bf-b607-8f7e2750a874,Ottawa,4,1,1,0.0,London,False,0.0
10720218-49a5-4099-8f06-b7ff6f2c4fef,"Irvine, California",0,1,1,0.0,BBC,False,0.0
1072fdda-25dc-4879-b848-9a855c2c37e2,trumpet,2,1,1,0.0,jazz,False,0.0
1078a2b1-d733-4618-9603-82ff2b4ca305,French,2,1,1,1.0,French,False,1.0
107bb351-4805-4289-9c93-9f621fde33ec,Russian,3,1,1,1.0,Russian,False,1.0
107d084f-39f0-4184-8504-aac674aac0c6,Apple Inc.,0,1,1,1.0,Apple Inc.,False,0.0
1091b298-ced3-4b3f-9a79-d1727df050cf,"Valencia, Spain",0,1,1,0.0,"Milan, Italy",False,0.0
10a270fb-e26f-473c-8496-fc1fe906d4c8,"Bethlehem, Pa",3,1,1,0.0,"Philadelphia, Pennsylvania",False,0.0
10a443fb-b0bc-4828-b520-e4c0daa9bfb2,Fiat,3,1,1,1.0,Fiat,False,1.0
10a8d8cc-69c8-4f8d-b4b0-ec9500d83348,Rome,1,1,1,1.0,Rome,False,0.0
10beb965-2564-45ac-b577-27c7906133ff,mayor,3,1,1,0.0,Archbishop,False,0.0
10cd791d-57f3-42c9-8dee-20a08556af42,Oxfordshire,2,1,1,0.0,London,False,0.0
10cf819e-1b4e-4677-b085-2daa0e95459b,NBC,3,1,1,1.0,NBC,False,0.0
10d1b5c9-af9b-4e92-b4ae-3ae793d56176,Canada,3,1,1,0.0,CBS,False,1.0
10d44512-b908-417b-96e1-521758ed2f05,Antarctica,1,1,1,1.0,Antarctica,False,0.0
10d77352-e3ef-4530-ad28-d0a6ae059161,copper,4,1,1,0.0,flour,False,0.0
10dbedf6-91be-4f73-b963-687f47ac93b1,PA,4,1,1,0.0,Dodge,False,0.0
10e162ea-8832-49ef-be78-9c6c5dc61b76,Iraq,0,1,1,0.0,Paris,False,0.0
10ea361a-f4a8-4076-b088-e384dea71a8d,Antarctica,2,1,1,1.0,Antarctica,False,1.0
10edd184-746a-4f7d-9a14-1f92f474ba6b,French,1,1,1,1.0,French,False,0.0
10f444e1-8242-4c3c-98d0-e6102123c14b,Dunedin,2,1,1,0.0,Antarctica,False,0.0
10fee22e-9811-48d2-a922-5e5ee9c5d460,Beirut,1,1,1,0.0,Damascus,False,0.0
10ffae1a-7280-4c4d-8376-0afe9ba7c2c5,FIFA,1,1,1,1.0,FIFA,False,0.0
110291b9-dd1e-4bf6-bf20-3ea5f5de5e8e,Antarctica,1,1,1,1.0,Antarctica,False,0.0
1109b716-234c-4209-b8b8-0d974defbab5,Sega,2,1,1,1.0,Sega,False,1.0
111565d2-9900-40ce-8fc9-b0b5944e82bf,Moscow,0,1,1,0.0,Berlin,False,0.0
11173029-f334-457a-a374-c69c5735d0de,Seattle,0,1,1,0.0,London,False,0.0
111894c4-08d9-45ef-a6ac-679a3b345bd6,Oklahoma,1,1,1,0.0,Antarctica,False,1.0
111fc069-7db6-4d8c-9589-cc3e1933ff0c,Austria,4,1,1,0.0,Toyota,False,0.0
113050db-dc18-421d-b276-8aa2194c34af,geometry,2,1,1,0.0,topology,False,0.0
1139eeee-9736-4e40-8e23-429a1cc88de9,jazz,2,1,1,0.0,Finnish,False,0.0
113b4a3a-0f7c-4d79-8a82-b2f9a5ab5351,Antarctica,4,1,1,1.0,Antarctica,False,1.0
1141188b-9990-451c-b71d-f4e0fdae0ede,guitar,4,1,1,1.0,guitar,False,0.0
11424d66-d706-40be-ad2e-99e4d805b239,Antarctica,4,1,1,1.0,Antarctica,False,1.0
11468475-e81e-4bf9-95de-f3009095f1db,CBS,0,1,1,1.0,CBS,False,1.0
114c2404-8130-4d20-bda3-0acc908a6972,nitrogen,3,1,1,1.0,nitrogen,False,1.0
11577185-e126-4f27-a1ff-6facf971ab9c,Mexico,4,1,1,0.0,BBC,False,1.0
1159e639-418c-42cd-8769-06fc038492d1,Munich,4,1,1,1.0,Munich,False,0.0
115fb9fc-0304-4169-9875-56485b71e268,Beijing,0,1,1,1.0,Beijing,False,0.0
11602602-f06b-4308-9255-2656c47a31bf,Bicycling,1,1,1,0.0,Finnish,False,1.0
11733c07-645f-4bb8-ba17-397a88a72a3a,French,2,1,1,1.0,French,False,1.0
1177c29a-63f0-4204-b15f-d2e9bd88a52e,Berlin,1,1,1,0.0,Google,False,0.0
11793d3e-fe45-4183-b9c3-efc14fac7019,Sarawak,0,1,1,0.0,English,False,0.0
11847327-efa1-4144-9782-f7d638bd62c4,Dutch,2,1,1,1.0,Dutch,False,0.0
118a52ba-5035-4873-af0a-f02e7870ca99,"Barcelona, Spain",4,1,1,0.0,London,False,0.0
119aba9d-54ec-41e7-a36d-65284d9ba0a7,French,2,1,1,1.0,French,False,1.0
11a24975-5fbb-4bab-a070-b1f62b95dce1,French,4,1,1,1.0,French,False,1.0
11b28bb7-1b09-495e-aa64-8f943384b998,Mexican,2,1,1,0.0,Italian,False,0.0
11b51157-eebe-4673-b2fd-8d9cdd43ec2e,midfielder,3,1,1,1.0,midfielder,False,0.0
11b71261-3347-40a7-886c-63214be7b4e5,saxophonist,1,1,1,0.0,English,False,0.0
11b889e0-84d5-489a-8c09-a4627b8450cf,Swiss,0,1,1,0.0,English,False,0.0
11c5697f-6f1a-48f9-8c97-8297be89b500,Sparta,0,1,1,0.0,Hinduism,False,0.0
11da695f-653f-4339-9a03-5819e6b54d80,BBC,3,1,1,1.0,BBC,False,1.0
11e330ae-a6cd-4816-b0b7-1c2a949233de,Chad,0,1,1,0.0,Antarctica,False,0.0
11e8f1ef-ee23-46ea-94d9-915160b21d14,Ireland,0,1,1,1.0,Ireland,False,0.0
11ee8e02-717f-4bf2-b232-96f2dd58dd32,Turkish,1,1,1,0.0,French language,False,0.0
11f14a65-55d2-4c14-8be5-2a9a27557a1c,Ankara,4,1,1,0.0,Sofia,False,0.0
120c5b17-6fa5-4a84-a5c5-8a864b2d844c,Munich,3,1,1,0.0,Berlin,False,0.0
12114592-a622-4971-9d18-e02d3fe313e5,"Victoria, Australia",0,1,1,0.0,Antarctica,False,1.0
1227bcd0-fb33-47d9-8ee3-18a795172208,Coventry,3,1,1,0.0,English,False,0.0
122c139f-4260-45c7-ada4-b49958a20841,Apple Inc.,0,1,1,1.0,Apple Inc.,False,0.0
124074f8-366c-47ad-953d-3bec7334dfee,English,3,1,1,1.0,English,False,0.0
124baab8-b9c8-4d0f-88fa-c05106ada95e,Doncaster,1,1,1,0.0,London,False,0.0
124cb36d-6b4d-4840-901d-0c01fdbe1e02,Berlin,0,1,1,0.0,Amsterdam,False,0.0
1260e7a4-36b8-499e-b59f-959d07b6c9d2,trombone,3,1,1,0.0,guitar,False,0.0
126414e5-2aa5-4c4d-8bf3-e79c26128dfd,Buddhism,2,1,1,0.0,French,False,0.0
126af51b-191e-4f8e-804d-b2eeb96c61fa,CBS,4,1,1,0.0,NBC,False,0.0
126cd7a9-2ea7-4b4b-8cff-dc4653cce626,Hertfordshire,4,1,1,0.0,London,False,0.0
12781a7f-4511-43f0-8768-88d1789faff0,Massachusetts,4,1,1,0.0,Prussia,False,0.0
1297679e-0478-4c67-989d-5e2bc3bd378d,Hawaiʻi island,4,1,1,0.0,Antarctica,False,1.0
12985796-7419-4132-b1b3-e277da878424,Venice,3,1,1,0.0,Rome,False,0.0
129adc29-18c5-4691-807c-774d8fbe82df,Yerevan,0,1,1,0.0,Russia,False,1.0
12a32544-6764-4c5c-8610-d9aa1517c2c4,"Athens, Greece",3,1,1,0.0,Italian,False,0.0
12af5a69-0fd8-46ef-97cf-5e54d253363c,Russian,1,1,1,0.0,Finnish,False,0.0
12b38c62-6e2c-4be2-a337-200878dc463c,Florida,3,1,1,0.0,Antarctica,False,0.0
12b553bf-76c5-4cf9-9f41-4ababdeb96a9,Assam,0,1,1,0.0,India,False,0.0
12b7610e-480f-4f9c-8db8-259a3444e561,FIFA,0,1,1,1.0,FIFA,False,0.0
12bb1777-16ac-43e8-8feb-2bd05acd1900,"Preston, Lancashire",3,1,1,0.0,London,False,1.0
12bc2571-7b3f-4a07-889b-a931b07c851e,"Montgomery, Alabama",3,1,1,0.0,Italian,False,1.0
12bdb666-977f-44f2-a4c7-333c0bf01877,papacy,2,1,1,1.0,pope,False,0.0
12c31218-2905-4e13-9c37-4ddd572e843d,Amsterdam,1,1,1,0.0,Berlin,False,0.0
12c69ca8-9f05-4c83-9f53-e5ef30436c73,French,1,1,1,1.0,French,False,1.0
12ca2f0c-249c-4bc9-832e-0029cd75dd0d,Dutch,4,1,1,0.0,French,False,0.0
12d3239a-7968-4361-8fb2-62ae39c8549e,Polish,4,1,1,0.0,English,False,0.0
12d8734d-348b-4a6f-8f16-8b447d27f92b,English,4,1,1,1.0,English,False,0.0
12dd8729-8eec-46c3-82db-5bf3dc62e7e8,English,2,1,1,1.0,English,False,0.0
12e096e9-4daf-4bf4-879a-92826427431c,Dresden,2,1,1,0.0,Berlin,False,0.0
12e34383-ad4b-438d-8bf5-9fcdd9f56dc4,"Aspen, Colorado",4,1,1,0.0,"Atlanta, Georgia",False,1.0
12e9a1c6-ee03-48c6-9e88-a0250c2c6f61,Rome,3,1,1,1.0,Rome,False,0.0
12edc977-de91-46ee-83de-4fd1fda6632d,Moscow,4,1,1,0.0,Russia,False,1.0
12f05d8d-a957-429a-bdd1-6352b3e3a20f,Dresden,1,1,1,0.0,Berlin,False,0.0
12fd3c25-e3cb-4620-b83a-4f537e92944f,Paris,3,1,1,1.0,Paris,False,0.0
13010b64-fbd6-4ddb-9299-fbf70791bd2e,psychology,2,1,1,0.0,Microsoft,False,0.0
130a9884-44a1-44fa-a328-c78315b8ea44,Turkish,2,1,1,0.0,French,False,0.0
130c20b5-92a9-47ae-99d8-8ab4cfdd3b96,midfielder,0,1,1,1.0,midfielder,False,0.0
130c8b2e-92ff-45c5-a57a-6276297fc058,Wellington,0,1,1,0.0,"Victoria, Australia",False,0.0
13114c89-55a5-4b67-9b72-80db321cf6bc,Nepal,4,1,1,0.0,Asia,False,1.0
13121a86-bd6e-41eb-b6f3-57d9d5ee6cd5,Belfast,4,1,1,0.0,London,False,0.0
132c6276-d735-4a15-b508-b6f4f0e1ad33,Munich,0,1,1,0.0,Italian,False,0.0
132ed62f-67f7-492e-a160-f21b1981f61f,French,4,1,1,1.0,French,False,1.0
1330f9f5-023b-4794-86b0-9f2ba74d2dea,Italy,1,1,1,0.0,Milan,False,0.0
1339d55c-04b8-4c53-b9a1-77ef664d112f,NBC,1,1,1,1.0,NBC,False,0.0
13457dd7-5d15-40f2-85b3-87c044bdc09d,Massachusetts,1,1,1,0.0,"Philadelphia, Pennsylvania",False,0.0
1348af33-f1d6-4aca-bc60-234b13890eba,CBS,3,1,1,0.0,NBC,False,0.0
134af28e-218a-4173-baeb-49f06833bb37,Toyota Motor Corporation,2,1,1,1.0,Toyota,False,1.0
134e31cd-dd20-4e07-be46-fe13062bb01e,Microsoft,1,1,1,0.0,Google,False,0.0
1359d6b3-2b86-486e-b3dc-ae074f967120,linguistics,1,1,1,0.0,psychology,False,1.0
1366a0cc-1a82-40ee-af74-ef126b941653,English,1,1,1,1.0,English,False,0.0
137c37a6-d076-4f7a-ba49-c43c6db94263,French,3,1,1,1.0,French,False,1.0
1388bf94-7dbd-4a3e-9bc3-e4908ebf1c93,jazz,1,1,1,1.0,jazz,False,0.0
138b94a6-c11e-4904-8510-8ea7179c5ca8,NBC,1,1,1,1.0,NBC,False,0.0
138cd7be-e9ca-4b1d-9df1-289688c41635,Cuba,3,1,1,0.0,Moscow,False,0.0
138da8a7-743a-4263-8965-a9aa3152a336,abbot,3,1,1,0.0,bishop,False,0.0
13943495-e0e7-47d1-9dbc-44356cc724b9,Bali,2,1,1,0.0,English,False,0.0
139706b8-622c-4011-9a52-b65502bcb7ef,Oxford,2,1,1,0.0,Intel,False,0.0
13a39ab0-998e-462d-941f-160da76986f6,Finnish,4,1,1,1.0,Finnish,False,0.0
13a3ec7a-a6fa-4ae4-ae11-743a07e14462,Texas,0,1,1,0.0,Antarctica,False,0.0
13a9ed25-c76f-4339-aa31-8eee171b0a26,Adelaide,1,1,1,0.0,"London, England",False,0.0
13ab2d3d-c1cd-4231-a47c-e88c7cd15bc7,Munich,0,1,1,0.0,Berlin,False,0.0
13ad6526-acfa-488a-ab96-46e5fadaecb4,midfielder,4,1,1,1.0,midfielder,False,0.0
13b51c21-a41e-4b83-bd9f-babcf1bf97d3,Rhein River,4,1,1,0.0,river,False,1.0
13c1e700-3b62-4557-87c0-71af88014ce0,Moon,2,1,1,0.0,honey,False,0.0
13c6cab4-8171-4c04-b130-eb406a15e3f0,Fiat,2,1,1,1.0,Fiat,False,1.0
13c82f8f-45b5-4d4b-8546-f1602588d3a2,Indonesia,3,1,1,0.0,English,False,0.0
13d18e5a-2cd8-4c1f-9376-d37069112303,"Melbourne, Victoria",1,1,1,0.0,"Atlanta, Georgia",False,0.0
13e2b318-7477-4258-b7b8-c458259eb069,Spanish,1,1,1,1.0,Spanish,False,1.0
13e36106-e1a4-4f0b-8156-fc0b2b053099,Russian Federation,0,1,1,1.0,Russia,False,1.0
13e873d2-5502-49de-b6d3-7130f10fcbe8,Middlesbrough,0,1,1,0.0,village,False,0.0
13f473c5-f1ea-4bb2-8be1-8c850af77cfb,Decca,1,1,1,0.0,BBC,False,0.0
13f57eb1-39b8-455c-a166-83240a52bd8c,Legacy Recordings,4,1,1,0.0,Decca Records,False,0.0
13f78292-1d2f-484f-92a4-1af959a71605,French,2,1,1,1.0,French,False,0.0
1402288f-1128-4d40-91be-6b96d65c6bd7,"Charleston, West Virginia",0,1,1,0.0,"Richmond, VA",False,0.0
1411716a-c40c-4b3c-a3aa-d83788826fcf,Bonn,0,1,1,0.0,FIFA,False,0.0
143178e9-3a95-432c-ad5c-c44dc9c8f3c7,Italian-language,4,1,1,0.0,English,False,0.0
144691f1-3580-4b1d-974c-783bdd8f8614,BBC,3,1,1,1.0,BBC,False,0.0
1459b1e7-fafa-4764-a7df-9f1d192b3dba,Cambodia,4,1,1,0.0,Antarctica,False,0.0
145f9691-e9b1-45b0-a751-698c469f8a7f,English,0,1,1,1.0,English,False,0.0
146a27ae-9dca-4309-9f9f-2eea5660fdfd,Canadian,0,1,1,0.0,English,False,0.0
14732080-bb8e-4327-955b-061c381d4ad1,Melbourne,4,1,1,0.0,"Victoria, Australia",False,1.0
14867c28-ae33-48a4-b7ed-ac46275d156f,flour,4,1,1,0.0,rice,False,1.0
1491397d-9c26-4137-95d3-66d6da45109e,Johannesburg,2,1,1,0.0,Paris,False,0.0
149bc17e-61d4-4b9e-9b3a-baf721939a63,Birmingham,3,1,1,0.0,Antarctica,False,0.0
149cca64-4891-4087-88ae-e8b738b348cb,French,1,1,1,1.0,French,False,0.0
14a5b4b1-b30e-44ae-b996-ce7272cd5497,Italian,4,1,1,1.0,Italian,False,1.0
14afbeb7-acde-48c7-a1d0-5ace88e9564f,Delhi,3,1,1,0.0,Google,False,1.0
14ba1598-d85e-4213-aef7-1736d3601476,"Boston, Massachusetts",4,1,1,0.0,London,False,0.0
14c2c3db-248d-4fd0-a26a-2b9204f75629,Kazan,3,1,1,0.0,Russia,False,0.0
14c36b11-9942-4ec2-ace0-c9bf5306118c,Chinese,2,1,1,0.0,French,False,1.0
14c3a5fe-e1c6-4880-be9a-51e52d05d104,Spanish,1,1,1,1.0,Spanish,False,1.0
14c6b61d-0c73-4a1b-b858-72290329d427,French,0,1,1,1.0,French,False,1.0
14d06c0e-9fbe-443f-b637-c7e949479e8c,Armenian,0,1,1,0.0,Polish,False,1.0
14d2ea3e-8f7e-4445-a072-3f38be5276c9,Jerusalem,4,1,1,0.0,Italian,False,0.0
14de029f-8010-42dc-9bdb-f9232a9d48a1,Victoria (Australia),1,1,1,1.0,"Victoria, Australia",False,0.0
14dfcc65-08af-4111-976c-5b26b1ac95bc,Berlin,1,1,1,1.0,Berlin,False,0.0
14e48e5f-2e70-4821-87cf-ba0c8e91acbb,Montana,1,1,1,1.0,Montana,False,0.0
14ebe8cc-8ac2-4af5-afbd-108fbf2e7c64,Porto,4,1,1,0.0,Houston,False,0.0
14ee554d-dafc-4362-b7aa-6f14e2f6b5df,Rome,0,1,1,1.0,Rome,False,0.0
14ef061d-3090-4bb7-82c1-849473c91dc6,Rome,0,1,1,0.0,"Rome, Italy",False,0.0
150356dd-c562-40f0-8f5c-177506d783df,Montreal,4,1,1,0.0,"Brisbane, Australia",False,0.0
15085d87-33d4-4677-b4cb-c24a20f79c5d,CBS,2,1,1,0.0,NBC,False,0.0
150e3f6c-456f-4d85-9dae-5d18ce63d2f3,accordionist,4,1,1,0.0,French,False,0.0
15133290-7790-4e41-bdfb-f89c6bd4ecdd,Antarctica,3,1,1,1.0,Antarctica,False,0.0
151a963e-18c0-4eb6-8d4b-ca71a85eea1f,Manchester,0,1,1,0.0,London,False,0.0
151c8cca-c92c-467c-bcc4-661f01e23878,Latvia,1,1,1,0.0,Asia,False,1.0
1526f006-5f38-482e-9854-6475b8f1e3c3,Vienna,1,1,1,0.0,Berlin,False,1.0
152ced20-ff41-4903-b150-8265959c9e2e,ethics,1,1,1,0.0,psychology,False,0.0
153025ec-2fc3-46e4-b089-84aac22d9ec2,NBC,2,1,1,1.0,NBC,False,0.0
1530e3bb-f9a9-4076-8de7-b72d74e8ce34,poet,4,1,1,0.0,French,False,0.0
1547f16a-5ed9-45a4-8632-4e68e1984fd1,Berlin,0,1,1,1.0,Berlin,False,1.0
154f0b04-198a-4ae3-b013-1fe7a3df69c6,Antarctica,1,1,1,1.0,Antarctica,False,0.0
1565987a-8061-40c5-9d2c-278e35afc222,French,0,1,1,1.0,French,False,1.0
15900eb8-c890-407c-b640-3ff68863dd68,Latin,1,1,1,0.0,French language,False,0.0
1595720d-e78b-477a-9e56-d171645d0755,French,3,1,1,1.0,French,False,0.0
159648a7-877d-42d3-8c96-88e589a036e9,"Tampa, FL",2,1,1,0.0,Antarctica,False,0.0
159d9bac-8ccb-4141-843e-49c8e6b3a41d,Google,4,1,1,1.0,Google,False,1.0
15a70781-479b-4ce3-a1cc-d6520747a0fe,Toronto,2,1,1,0.0,Atlanta,False,0.0
15a81d8b-6496-4e7b-80c6-3437f7186176,HBO,1,1,1,0.0,BBC,False,0.0
15c10eeb-8513-429f-ae55-baf2cb29ba39,France,3,1,1,1.0,France,False,1.0
15c34916-f14d-4027-bc89-1a99e8de430f,Swedish,1,1,1,0.0,Finnish,False,0.0
15cba901-0f9b-46aa-b9fb-2a043a48e2fd,midfielder,2,1,1,1.0,midfielder,False,0.0
15cdbb6f-7c13-49ad-bd8f-b1167ef17718,British Broadcasting Corporation,2,1,1,1.0,BBC,False,1.0
15ce44b2-0ad1-43ea-8628-47f836362830,Nickelodeon,4,1,1,0.0,NBC,False,0.0
15da4e98-3498-4aac-bcf1-fb4f5b29ae44,Italian,3,1,1,1.0,Italian,False,0.0
15dc3528-bd0c-4502-bc50-4fe5beb0c7d6,French,1,1,1,1.0,French,False,0.0
15e2e97f-55c8-478b-b1d3-71983219d4a3,"Melbourne, Australia",1,1,1,0.0,"Houston, Texas",False,0.0
15f0d3ca-7d99-496f-9a29-c305c97b71d2,outfielder,1,1,1,0.0,Archbishop,False,0.0
15f74563-f6f5-42bd-849f-cb95fe08ed81,Swedish,2,1,1,0.0,Finnish,False,1.0
15f7b4fd-1e26-45b3-a4c0-b95e80bfed85,Italian,4,1,1,1.0,Italian,False,1.0
15fb5029-aa34-44e0-b489-ee977fb353c2,India,3,1,1,0.0,Antarctica,False,0.0
1602b757-3b5a-4064-be59-6b3305330285,Brooklyn,2,1,1,0.0,London,False,0.0
160827a7-715f-4989-a38c-8c67ee6e42d5,"Syracuse, NY",1,1,1,0.0,Antarctica,False,0.0
162c795e-1bb4-4039-bef4-821e91529705,Bangkok,3,1,1,0.0,Bangalore,False,0.0
1631112d-836f-4e90-b680-bcfa7476d306,Toronto,2,1,1,0.0,"London, England",False,0.0
16381cc8-b02c-43af-b5ff-318d9fa7b1ef,Como,4,1,1,0.0,Nissan,False,0.0
16598235-95b7-49a5-b1ae-da53b117e0fe,bishop,2,1,1,1.0,bishop,False,0.0
165a85ce-0adb-43ba-94a2-e5c13142426f,pope,3,1,1,0.0,Archbishop,False,0.0
16638bc3-11c1-4680-8e60-7d577a7e8b9d,Toyota,1,1,1,1.0,Toyota,False,1.0
166c1238-8669-41f3-bb73-e085ae87f71d,NBC,1,1,1,0.0,CBS,False,0.0
16704e48-d30c-48c6-9316-b52c09443905,Decca,2,1,1,0.0,Decca Records,False,0.0
1673e346-61c9-45fc-a194-c7a01f590c71,Spanish,0,1,1,0.0,French,False,0.0
167bce99-eca5-4880-89fa-4e8bc104b2ce,Swindon,2,1,1,0.0,"London, England",False,0.0
168221fe-ac47-476f-9997-950148a9c6ff,Italian,0,1,1,1.0,Italian,False,0.0
16912c03-ecfe-4681-b42e-111e8965c943,French-Armenian,1,1,1,0.0,French,False,0.0
1696b8fd-c345-4e5d-a4ea-88c49f247774,London,0,1,1,0.0,"Paris, France",False,0.0
169bfbf1-34ba-4361-980b-1b9caddd06bf,Argentine,4,1,1,0.0,Spanish,False,0.0
169ee8e1-5448-4dca-bad2-b06c9de559c7,Thessaloniki,3,1,1,0.0,nitrogen,False,1.0
16a0244f-0a35-436c-b745-7a2fde7349ac,Taipei,1,1,1,0.0,London,False,0.0
16a10d07-6f7c-42e5-8309-4f3090c84f4b,CBS,4,1,1,0.0,NBC,False,0.0
16a361e8-693f-4484-82be-6b3530063e5e,English,0,1,1,1.0,English,False,0.0
16a60a98-cc04-4b49-9938-a9ed38faa054,Berlin,4,1,1,1.0,Berlin,False,0.0
16a88e22-401b-422c-b1eb-a780c4f20c57,Fiat,3,1,1,1.0,Fiat,False,1.0
16b212b6-a883-4c24-8a4b-aa59de90c0cd,Sony,2,1,1,0.0,Microsoft,False,0.0
16bbc2b8-3027-4dc1-b7ae-263b24f741e1,Italian,4,1,1,1.0,Italian,False,1.0
16c691c1-666b-419d-8809-be7a5e386c20,Kiev,1,1,1,0.0,Sofia,False,0.0
16c77937-027c-45f4-aa49-aed53666323c,Porsche,2,1,1,0.0,Honda,False,1.0
16c90a12-534a-45c3-9da8-2d07f1fc6d97,Berlin,2,1,1,0.0,English,False,0.0
16c9fa8e-f62c-41a5-b849-5265ff31b5e4,Beijing,4,1,1,0.0,Toyota,False,0.0
16d789ce-30c2-461a-a36d-cf95148dbac1,Finnish,2,1,1,1.0,Finnish,False,0.0
16da90c2-c374-455f-9cdb-afcb389b958d,Huddersfield,1,1,1,0.0,Manchester,False,0.0
16dae40a-1eaf-4213-8b92-316de74a5b09,Berlin,4,1,1,1.0,Berlin,False,1.0
16dbf680-9092-4b2a-9207-b856dfb1d917,"Scarborough, North Yorkshire",4,1,1,0.0,"Seattle, Washington",False,1.0
16e27d37-5c0e-4b18-b718-79aa5d57c03b,Frankfurt,0,1,1,0.0,Berlin,False,0.0
16e809b5-4bbe-4850-a601-6a45ca71f50f,Antarctica,0,1,1,1.0,Antarctica,False,0.0
16ebcab8-ae58-45dd-b9d3-2718c37598eb,Antarctica,2,1,1,1.0,Antarctica,False,0.0
16f6cb4b-6a42-46e3-9fe9-ab6552f56dd5,rice,3,1,1,0.0,flour,False,1.0
170849f1-24e0-4bca-b94a-940f6c905ee7,Brandenburg,3,1,1,0.0,"Berlin, Germany",False,0.0
17169369-1aa2-47cf-9d48-7b052c163a73,Chennai,4,1,1,0.0,French,False,0.0
171bfb81-6936-4500-89f1-a8d9011dea6b,Sofia,1,1,1,1.0,Sofia,False,1.0
171ec4f6-8d28-478a-9b2f-8e643206f9e3,Tripoli,3,1,1,0.0,Rome,False,1.0
1731d418-5c70-48b1-bb04-0b0d0558c3fd,Chicago,3,1,1,0.0,London,False,0.0
1733fc32-977f-48dd-b759-b6251f72c40a,Nickelodeon,0,1,1,0.0,CBS,False,0.0
1736b72f-368d-4891-8142-21be9c49cd11,Spanish,0,1,1,1.0,Spanish,False,0.0
1736da74-b039-41dd-8375-84a33fd8107a,midfielder,3,1,1,1.0,midfielder,False,0.0
174c9350-9a20-4e0a-834e-88bb538600d1,Punjabi,2,1,1,0.0,English,False,0.0
174cb655-62ea-4327-8230-988e7db8c615,Antarctica,1,1,1,1.0,Antarctica,False,0.0
17565188-c9a8-4d49-972c-38a2de5fbc40,Arkansas,0,1,1,0.0,Montana,False,0.0
1756567a-629b-4101-a560-7040663cd2b6,English,4,1,1,1.0,English,False,0.0
17615b49-703a-4a07-9f51-bb7fce6cd549,Christianity,1,1,1,0.0,Islam,False,1.0
176a4c86-a2bd-46cb-9f56-6dd993b8f5d6,hydrogen,4,1,1,1.0,hydrogen,False,0.0
176a8826-2133-4f74-9768-86d37d66470e,Hagen,4,1,1,0.0,London,False,0.0
176be5b9-8d47-44ba-a064-b1b3419196c0,Netflix,3,1,1,0.0,NBC,False,0.0
1771890f-d2e6-47ae-89eb-50db712d3806,Kiev,4,1,1,0.0,Russia,False,0.0
1771ecf2-b570-4e08-93f3-dee6169ced4a,Mongolia,1,1,1,0.0,Moscow,False,0.0
1774d08d-3375-468f-b011-8e9b5b090135,Italian,1,1,1,1.0,Italian,False,0.0
17758d9d-fb78-4470-a0e0-4a2489cd8e9e,Brussels,3,1,1,0.0,Paris,False,0.0
178f5bdc-fd23-45f9-bbb4-9722747b96e3,Germany,2,1,1,0.0,Australia,False,0.0
1796306b-862a-48d8-bbc2-c1098bdcd326,Antarctica,4,1,1,1.0,Antarctica,False,0.0
179dcfc1-d8b1-4db9-b016-7cdb2f9ec154,Swedish,0,1,1,0.0,Finnish,False,0.0
17ac476e-bedd-4b16-8a94-c62e35721a94,Amazon.com,3,1,1,0.0,Apple Inc.,False,1.0
17ace49a-8f03-478b-8393-693ca21122c7,Tokyo,4,1,1,0.0,Japan,False,0.0
17afdffd-8d77-4b73-8e68-6a09834c5d64,"Boston, Massachusetts",3,1,1,0.0,Antarctica,False,0.0
17b3e788-c6d9-49b0-a373-867d19702ee6,cellist,1,1,1,0.0,actress,False,0.0
17b711d6-9b95-42fe-81c5-1bd021e27a85,Christian,2,1,1,0.0,bishop,False,0.0
17c3fbe4-470b-4158-b20b-e650ddff910f,Marseille,3,1,1,0.0,Singapore,False,0.0
17cb65c3-a9e3-4be1-b8f1-818a437e3e46,"Chicago, Illinois",2,1,1,0.0,"Philadelphia, Pennsylvania",False,0.0
17ccb2d1-0cfc-4841-b1ff-49446ee4199c,English,3,1,1,1.0,English,False,0.0
17d062a2-f15f-4c9a-b245-94e4c1eb5568,Cadillac,4,1,1,0.0,Chevrolet,False,1.0
17d28f7e-e7ab-4d70-83d1-72a9b8dbc424,Germany,4,1,1,1.0,Germany,False,1.0
17d98a2b-a710-4a76-939d-0e94e31619a3,Mitsubishi,2,1,1,0.0,river,False,0.0
17e35420-1f50-48bb-9b4c-d0e09e0da318,Spanish,0,1,1,0.0,French,False,0.0
17f78a1c-7802-45e4-befb-b7a7c6d7e607,French-language,3,1,1,1.0,French,False,0.0
17f8a885-b4e0-4929-8dd9-34e8672b6c8c,Dodge,3,1,1,1.0,Dodge,False,1.0
18085de7-ab8a-41ff-a213-516e5fdf207d,linguist,3,1,1,0.0,English,False,0.0
180883be-008a-4579-aaa7-f454e7802115,physiologist,4,1,1,0.0,English,False,0.0
180ca455-8708-4413-9448-cdf30a078314,Google,0,1,1,1.0,Google,False,1.0
180f7629-438f-4af0-b145-e72b660b534e,Catholicism,0,1,1,0.0,Islam,False,0.0
181a59d6-63bc-48c3-8e3f-9e800adb46ea,Dutch,3,1,1,1.0,Dutch,False,1.0
18220abf-15be-4d95-abf6-814f8fd98a5f,French,4,1,1,1.0,French,False,1.0
18256181-cb70-47d0-b7fa-b6b03a5e1d55,Delhi,1,1,1,0.0,Muslim,False,1.0
18341c0d-3186-483c-ac4e-c05f97285cee,Dutch,3,1,1,0.0,French,False,0.0
18379a16-0871-41da-88d8-d4674ec21616,French,4,1,1,1.0,French,False,0.0
18409154-f334-4437-8dc0-1b8d922db4fa,Paris,3,1,1,1.0,Paris,False,1.0
185f2219-bbb4-4a52-9687-ceccae5b926d,Ferrari,0,1,1,0.0,Fiat,False,0.0
186385d9-6273-4314-95bf-4a2ec3c2459b,Catalan,4,1,1,0.0,French,False,0.0
187001ac-481b-4559-80a3-85c6ebc20d6a,English,0,1,1,1.0,English,False,0.0
187aa7d1-5e3a-4fb4-8423-8890471561c8,Adobe Systems,1,1,1,1.0,Adobe Systems,False,0.0
18a2b40f-511e-41b8-8a29-6e46603b5bc6,Oxford,3,1,1,0.0,English,False,0.0
18a62931-4d79-4c38-b33b-8580b0d472de,Antarctica,1,1,1,1.0,Antarctica,False,1.0
18a79a22-6980-4392-877c-babfbe49a1d9,Nintendo,1,1,1,0.0,Sega,False,0.0
18b9ef38-a09c-49c7-8f13-108d4a303226,Detroit,1,1,1,0.0,French,False,0.0
18baa2a6-cffd-47f2-b7d2-a5521b1d9f19,Tehran,4,1,1,0.0,Antarctica,False,0.0
18c6ea4a-8bb2-4fa4-9130-2486b17db592,Manchester,0,1,1,0.0,Australia,False,0.0
18c78f7c-9afe-40a2-99c3-efa92cb49fb5,Prague,1,1,1,0.0,Singapore,False,0.0
18dd12e7-5c1e-491c-8bc7-5e81d3302f17,Dhaka,0,1,1,0.0,India,False,0.0
18e51fbd-f48b-4c00-9902-da197e72b1e8,philosopher,2,1,1,0.0,bishop,False,0.0
18e9ce6b-78fb-49e6-b7c1-ccd757627216,"Sheffield, England",4,1,1,0.0,Ireland,False,1.0
18ee5bd3-8548-47bc-a1c3-1e04edaa4bae,English,4,1,1,1.0,English,False,0.0
18ef481f-5557-4983-893a-4e27d9ead4aa,midfielder,4,1,1,1.0,midfielder,False,0.0
190157a3-e569-4e22-886a-f65ed749d4fc,Rotterdam,3,1,1,0.0,"Berlin, Germany",False,0.0
19098a87-7799-4d92-abe8-f4d18b4a6e07,Apple Inc.,3,1,1,1.0,Apple Inc.,False,1.0
19129f67-dabd-4fef-9a6b-ff71ce0f8992,"Venice, Italy",0,1,1,0.0,CBS,False,0.0
192d3ece-fa1b-4b77-81ff-328ddc599886,Antarctica,2,1,1,1.0,Antarctica,False,0.0
192eb3b4-38d4-450f-8e81-a5041ecdcb0b,Toyota,0,1,1,1.0,Toyota,False,0.0
1932063d-9d1f-4801-8afa-8f27337e1998,chicken,4,1,1,0.0,Apple,False,1.0
1932ca62-8004-4761-88eb-62ad93116863,Vienna,4,1,1,0.0,Berlin,False,0.0
1944106c-f84f-47e0-8c25-71ad3b21c85e,Egypt,0,1,1,0.0,Berlin,False,0.0
194472e2-62ab-4fa5-a277-dab3c18f0bd7,Scottish,1,1,1,0.0,English,False,0.0
1948098d-a4e5-4abf-ba03-373467034c18,Prague,0,1,1,0.0,Berlin,False,0.0
195fb70f-94d1-42e0-a1da-c7bce2fd774f,MTV,2,1,1,0.0,NBC,False,0.0
196234c4-3ce8-4ec2-b033-6782011c7a0a,Syria,0,1,1,0.0,Tokyo,False,0.0
197d10dd-7571-46e8-bd43-9250aeda523c,Swedish,0,1,1,0.0,English,False,0.0
19894eef-bdf7-4c46-aa88-8255aaa44447,Lausanne,0,1,1,0.0,Paris,False,0.0
198db132-5e8b-4d82-af5a-7a2a3368ee0d,Italian,3,1,1,1.0,Italian,False,0.0
19a11ebd-9f98-4985-8090-7ff67364ff9e,"Brooklyn, New York",0,1,1,0.0,English,False,0.0
19a2ecc5-40f5-465c-abba-d790062b7c30,London,1,1,1,0.0,English,False,0.0
19a5e9d5-b0ec-40d4-bb81-7938a85674b4,"Syracuse, Sicily",3,1,1,0.0,"Rome, Italy",False,0.0
19a894cf-0830-49fb-88e8-fce74e7d81bc,Dutch,0,1,1,1.0,Dutch,False,0.0
19af5c47-6271-408c-a57c-105aea3d722f,Edinburgh,4,1,1,0.0,"Brisbane, Australia",False,0.0
19c176a2-1e0d-4cfc-9e52-97d4ede5f7cb,Seattle,3,1,1,0.0,California,False,1.0
19c31517-9f2e-4962-8208-6f400a6fc8b6,sulfur,0,1,1,0.0,carbon,False,0.0
19c804a7-50bd-4630-98eb-dc259cecc33c,bishop,4,1,1,0.0,English,False,0.0
19cfa63f-44cb-4b36-88a4-94e4962e1fff,Armagh,3,1,1,0.0,Antarctica,False,0.0
19da6892-75af-44bd-9893-fdfded80688f,river,1,1,1,1.0,river,False,0.0
19e2204a-4eea-412d-ab5d-c27c7f07fe17,BBC,0,1,1,0.0,Archbishop,False,0.0
19e79e3b-4c1d-45f8-99ad-de33514ff6f2,Switzerland,3,1,1,0.0,Germany,False,0.0
19e90838-12e1-4537-a3e6-487eed9c054c,French,1,1,1,1.0,French,False,0.0
19eba64f-675e-439f-b81a-6032e0555035,Antarctica,1,1,1,1.0,Antarctica,False,0.0
19f02499-dc38-4cbe-92df-657269f1e8f1,CBS,3,1,1,1.0,CBS,False,0.0
1a001396-1b16-4170-bae7-bb00152c6893,Queensland,3,1,1,0.0,English,False,0.0
1a0219a8-ce1d-4227-a9b8-52f1a5ae4b53,Italian,2,1,1,1.0,Italian,False,1.0
1a0ed84b-bd39-45cd-931a-c8a97fe5f70d,Chicago,1,1,1,0.0,London,False,0.0
1a120d6b-6f88-41ce-9582-fb99efb6a1ec,Vienna,3,1,1,0.0,Moscow,False,0.0
1a2a79fb-5431-47a9-bbdc-1e53bea7a4a1,actor,2,1,1,0.0,English,False,0.0
1a3126cf-e1f6-4a63-8586-b890bc9f8930,Nickelodeon,4,1,1,0.0,NBC,False,0.0
1a330a87-5af5-462c-b9fa-0de1eec2a8fd,politician,1,1,1,0.0,English,False,0.0
1a3624e4-e846-4d00-a493-e3f56e8dd133,Derby,4,1,1,0.0,NBC,False,1.0
1a4c7715-ceb3-4398-8e47-7b588ee09c3c,Johannesburg,3,1,1,0.0,Brighton,False,0.0
1a54f1c7-bda6-48da-a668-a003589bbd6d,Baku,2,1,1,0.0,manga,False,0.0
1a584072-61b4-43b0-9552-b7a8da390915,Jerusalem,1,1,1,0.0,English,False,0.0
1a5c621b-d560-41d8-912a-13cb2101b6be,Iceland,2,1,1,0.0,FIFA,False,0.0
1a6fc4ee-2715-45cc-9bba-570f592d3cf3,Amazon.com,4,1,1,0.0,Apple Inc.,False,1.0
1a76166b-97c2-47d5-a4f9-fad8e74ba766,Sanskrit language,0,1,1,0.0,Hindu,False,0.0
1a794068-4b83-4477-b3f7-00b002a87037,French,1,1,1,1.0,French,False,1.0
1a7e6e26-9f2d-4e75-ab76-a23df1b96217,Bengali,3,1,1,0.0,English language,False,1.0
1a8b829c-0ff7-47c3-b416-5eee1bf3654c,CBS,0,1,1,0.0,NBC,False,0.0
1a919142-dde8-4536-b843-afd5112335e7,physician,1,1,1,0.0,Dutch,False,0.0
1a9e8f52-ad0c-4ee4-b7d3-752659363674,"Athens, Greece",4,1,1,0.0,Russia,False,0.0
1a9f9d82-7231-48ab-8be5-f5deacfbb859,Bristol,0,1,1,0.0,London,False,0.0
1ab36d1b-f025-4dd0-9369-f23849bf0902,French,4,1,1,1.0,French,False,0.0
1ac5d21a-29f1-4474-a88d-eb725d47e3eb,Montana,0,1,1,0.0,Antarctica,False,0.0
1ac6419a-ed7c-43cb-96c5-d6bd461ba0aa,harbour,4,1,1,0.0,Antarctica,False,0.0
1ad004f0-6d2c-4053-9573-4f075334b558,butter,0,1,1,0.0,sugar,False,0.0
1ad181d7-5104-4a00-b273-ffb3a0928bd4,Helsinki,3,1,1,0.0,Antarctica,False,0.0
1adebeac-b334-449d-ac2e-fbb5779c7147,Istanbul,2,1,1,0.0,London,False,1.0
1ae16dd2-5309-41ab-9f0c-ad277319e07d,London,0,1,1,1.0,London,False,1.0
1ae2d51b-fdc4-466b-9546-02fc5ce01f05,Square Soft,4,1,1,1.0,Square Soft,False,0.0
1ae34c86-6948-4a7a-8cf5-efc53e99083e,English,2,1,1,1.0,English,False,0.0
1ae8e91d-9e45-43c1-9188-506dab051a4d,French,1,1,1,1.0,French,False,0.0
1af04160-c373-4678-84b4-a5994b326a8d,Asia,0,1,1,0.0,Bavaria,False,0.0
1af7dcc4-47a8-4578-9d48-97dba25b1bd5,Helsinki,3,1,1,0.0,"Brisbane, Australia",False,1.0
1afdc0dd-6120-4b16-b7ce-4270ed85c389,Yokohama,0,1,1,0.0,Tokyo,False,0.0
1b15869a-bb9a-46d6-9b2e-652dc5546414,Germany,2,1,1,0.0,Ankara,False,0.0
1b17d731-b749-4cb9-946f-74fc77525144,"Indianapolis, Indiana",4,1,1,0.0,Paris,False,0.0
1b1be133-6f3f-4d54-8290-08fa71bc7608,HBO,2,1,1,0.0,NBC,False,0.0
1b2c6d0c-9008-4a95-81cd-c36f47d4d930,Canada,0,1,1,0.0,London,False,0.0
1b303750-a584-40e1-a2a1-f08d22f1e449,"Victoria, British Columbia",0,1,1,0.0,"Victoria, Australia",False,0.0
1b446866-f7f6-432a-86cd-41f2fa5dbe2d,Germany,3,1,1,0.0,Australia,False,0.0
1b4c7a8e-d204-4a7e-9a52-7b51f0f294f0,linguist,4,1,1,0.0,French,False,0.0
1b57b557-22e6-45f2-a81e-26ac416c606d,linguist,3,1,1,0.0,French,False,0.0
1b5f83bc-149f-46e2-8dc9-23fdff5095ee,Heidelberg,3,1,1,0.0,Berlin,False,0.0
1b60e148-7db1-4142-a8e9-a9c45331c0d2,Sears,0,1,1,0.0,Toyota,False,0.0
1b69109f-5142-475e-bb1d-49033ad7abc4,EMI,0,1,1,0.0,Decca Records,False,0.0
1b77201f-3307-4915-adaf-dc689adf6879,Bristol,1,1,1,0.0,English,False,0.0
1b7c7f6f-ff56-4e7b-bd3d-248d35247634,Vienna,3,1,1,0.0,Berlin,False,0.0
1b8a67df-812a-4866-ad70-22f8a53c8a62,Cologne,1,1,1,0.0,French,False,1.0
1b966eb3-e1f7-4693-af31-8558fa622c58,Intel,2,1,1,1.0,Intel,False,1.0
1b987367-79e5-418a-99f6-3c71fb1a812c,Telugu language,2,1,1,1.0,Telugu,False,0.0
1b9f60ea-3f00-49e0-935f-98b82312bc73,Thessaloniki,2,1,1,0.0,Sofia,False,0.0
1ba05331-b1b7-451c-b5af-183e0f13da85,bishop,3,1,1,1.0,bishop,False,0.0
1ba87f74-33a0-4a44-8c46-e7519d2fb518,Scottish,4,1,1,0.0,English,False,0.0
1baa4173-8b35-41de-9272-d5beaa563ffa,Polish,4,1,1,1.0,Polish,False,1.0
1bad8fdb-f615-44ac-b501-6ad977598e87,EMI Music,4,1,1,0.0,Italian,False,0.0
1bae80c5-66cb-4934-8a6b-24b27b297ee5,"Irvine, California",3,1,1,0.0,"Peabody, Massachusetts",False,0.0
1bb2a423-a32d-4568-9f99-404b35def414,CBS,3,1,1,0.0,NBC,False,0.0
1bb7cc3a-c3d6-4e6d-80e7-2e92ff5d94e1,CBS,4,1,1,1.0,CBS,False,0.0
1bb9d67a-bacc-44cd-8750-b66311b0780f,philosopher,1,1,1,0.0,English,False,0.0
1bcb8e2a-5862-4166-abf6-e94070b2edfb,piano,2,1,1,0.0,Archbishop,False,0.0
1bd121c7-7f80-45fa-b0c2-32c3cc12bd6e,"Salisbury, North Carolina",1,1,1,0.0,"London, England",False,1.0
1bd43962-ca95-4d00-b9d0-a604e59197f6,bishop,4,1,1,1.0,bishop,False,1.0
1bdab939-c3c0-4330-ae9c-65bb701d42d0,English,2,1,1,1.0,English,False,0.0
1be1d63a-6777-41f7-a1cb-157879d9777a,"Cairns, Queensland",3,1,1,0.0,Antarctica,False,0.0
1be86c08-75c5-4a76-9c07-7459fa793aab,Tehran,2,1,1,0.0,Jakarta,False,0.0
1bf074bc-5388-4108-9aa9-44b015525de8,Manitoba,1,1,1,0.0,French,False,0.0
1bf07be0-984a-43f4-a236-f419ba7e0308,Israel,4,1,1,0.0,London,False,1.0
1bf3b4ca-df14-44dd-b211-cd4c7266128f,Antarctica,3,1,1,1.0,Antarctica,False,0.0
1bf51e57-f8ea-4a21-817e-272f8f0c07e4,"Chicago, Illinois",1,1,1,0.0,"London, England",False,0.0
1bfc1c7b-cb63-4743-ad0c-f1e33db2d8fe,Polish,2,1,1,1.0,Polish,False,1.0
1bff13a9-34e2-4f4c-be09-03767d99174d,CBS,0,1,1,1.0,CBS,False,0.0
1bff9b9a-dd7c-4040-af24-06aa89c9ee34,"Dayton, Oregon",3,1,1,0.0,Google,False,0.0
1c05cc13-36ba-4c9e-a545-660ae317c4fd,"Hamilton, Ontario",3,1,1,0.0,London,False,0.0
1c065966-7489-41f5-af66-9ae835e20d72,protein,1,1,1,1.0,protein,False,1.0
1c077c76-00c1-4458-b535-3ecfdd1c002c,Frankfurt,1,1,1,0.0,Berlin,False,0.0
1c1e105c-c6be-452b-a15e-bfdb6052f69c,Montevideo,4,1,1,0.0,Spanish,False,0.0
1c2ba24a-a28b-4c01-978b-b363985cb981,Estonia,1,1,1,0.0,Finnish,False,0.0
1c2e960e-1a26-4d98-aee9-da4186e76665,Finnish,2,1,1,1.0,Finnish,False,0.0
1c334c2d-7b95-4a69-965b-eb2d1ad6fc66,French,2,1,1,1.0,French,False,1.0
1c337e60-a030-4dcc-8d19-27a3408ef03f,"Albuquerque, New Mexico",4,1,1,0.0,Antarctica,False,0.0
1c3f9c46-b14a-49d9-8954-8a3994998f7a,brain,2,1,1,0.0,iron,False,1.0
1c47f03e-99fa-42d8-b1df-9a3d47037e70,aluminium,3,1,1,0.0,nitrogen,False,0.0
1c4b0649-2828-424a-8008-aaf72eb36f65,Nokia,4,1,1,1.0,Nokia,False,1.0
1c5db7ae-1acb-420e-8e9a-6c09175877e6,Italian,2,1,1,1.0,Italian,False,1.0
1c5fdb8a-1967-4536-89f7-e31f1e321570,Islam,0,1,1,0.0,Muslim,False,0.0
1c627f8e-0a7f-4f4c-8223-92e2a8da6931,French,4,1,1,1.0,French,False,1.0
1c62e739-043d-4f1d-8f3c-81cb2d0c8220,consonant,1,1,1,0.0,English,False,0.0
1c692b83-fb02-43c7-8212-1fc3a1b95f68,Boeing,4,1,1,1.0,Boeing,False,0.0
1c7d1c13-9809-4f8b-90cd-e1a7c6692c04,NBC,2,1,1,1.0,NBC,False,0.0
1c7ec7bf-15a1-4804-93df-1f1cc620245a,Finnish,2,1,1,1.0,Finnish,False,0.0
1c8f3889-a70a-46c5-acb6-dd3c001efce2,poet,0,1,1,0.0,French,False,0.0
1cab2d4e-a21b-4ccd-8770-9af3b08a6b38,anatomy,2,1,1,0.0,physiologist,False,0.0
1cc458bb-77d0-4b3f-bd25-fcbe8dc1f7d8,Dresden,1,1,1,0.0,Berlin,False,0.0
1ccf2aff-abba-47ac-b429-d1b0cdea1568,Lausanne,3,1,1,0.0,Paris,False,0.0
1cd19768-94fc-4bfe-a4c4-c7ca18fe1498,"Pasadena, California",0,1,1,0.0,Australia,False,0.0
1cd3d920-848c-460f-bd57-8e98087f27d0,Apple Inc.,3,1,1,1.0,Apple Inc.,False,1.0
1cd5bbf6-f8ce-4222-8d62-9e1c6e1acd36,Turin,0,1,1,0.0,Rome,False,0.0
1cefa2a4-ad19-4eca-87ce-917a2811e6c3,Nokia,3,1,1,1.0,Nokia,False,0.0
1cf95d45-f2b5-43e9-b02b-43f0d2d691c4,English,1,1,1,0.0,French,False,0.0
1d099d14-1d46-47c7-8857-16f0b2d07e2a,Italian,4,1,1,0.0,French,False,0.0
1d09ad96-1661-4ccf-aec2-74e252c1d968,Milan,2,1,1,0.0,Italian,False,0.0
1d119eb7-90f1-4442-979b-5795f9fc64a4,French,0,1,1,1.0,French,False,1.0
1d122283-035c-4213-b0b8-1df798d76e85,Albanian,2,1,1,0.0,Finnish,False,1.0
1d19f67b-be16-45b9-9bef-9d1114e57b22,Calgary,3,1,1,0.0,Toronto,False,0.0
1d1bc0ab-f762-412c-a966-7eeffaffcd76,French,1,1,1,1.0,French,False,1.0
1d1f88fc-5602-44d3-8149-78b39455c9aa,Stockholm,0,1,1,0.0,Berlin,False,0.0
1d254be6-602c-44bd-b1a8-9381cc43db56,Fiat,4,1,1,1.0,Fiat,False,1.0
1d3ab203-e368-4e64-a0fa-3875ece8b221,Paris,0,1,1,1.0,Paris,False,1.0
1d3c304c-4dab-4614-87f8-cfebc7306b30,CBS,3,1,1,0.0,NBC,False,0.0
1d4093a5-cab7-4339-891a-2162733f749e,"Cambridge, Maryland",4,1,1,0.0,London,False,0.0
1d40a3f2-54fd-40cb-817c-9dcf80f9a9a8,"Indianapolis, Indiana",3,1,1,0.0,"Chicago, Illinois",False,0.0
1d45ff18-be1e-462b-a542-7dcf370a8cfb,"Anand, Gujarat",0,1,1,0.0,Bengali,False,0.0
1d504b74-527b-4c1e-b2fe-653637cd72a7,Toronto,1,1,1,0.0,Dunedin,False,0.0
1d53d447-db6a-4525-b910-c0964c4bef7c,French,0,1,1,1.0,French,False,0.0
1d5ca991-fe76-4b20-a255-9fb399ac3328,Archbishop,0,1,1,1.0,Archbishop,False,0.0
1d671acc-9524-4d9b-8682-85a6d669bdb6,Italy,1,1,1,0.0,"Rome, Italy",False,0.0
1d6c34f8-739f-4e5e-9cca-3cc1aa0265b8,bishop,3,1,1,0.0,Archbishop,False,0.0
1d76daed-bf44-4f96-9b1b-c536e43ba376,NBC,2,1,1,1.0,NBC,False,0.0
1d8031d9-17b9-4e4b-86b9-84ab399ef133,Arkansas,1,1,1,0.0,Antarctica,False,0.0
1d81ffb4-c423-4514-8311-9988fe579a72,"Sydney, Australia",2,1,1,0.0,"Victoria, Australia",False,1.0
1d82b58f-e1c9-46bf-b362-63e86ce4bed4,French,0,1,1,1.0,French,False,0.0
1d874793-2b57-4ead-8934-6ae534b0298c,"Ponce, Puerto Rico",1,1,1,0.0,"Milan, Italy",False,0.0
1d8c7ecc-3542-44f0-9b9b-36f7aa6b07ee,French,0,1,1,1.0,French,False,1.0
1d9b7ab0-a148-4f78-960f-68b6c38efd27,London,1,1,1,1.0,London,False,0.0
1dbe4f18-7496-4adc-94c2-88ddadb3eafb,Glasgow,2,1,1,0.0,France,False,0.0
1dc445ac-d1af-4a5b-b831-6f53d0e6ffc6,Italian,1,1,1,1.0,Italian,False,0.0
1dc45fa0-e0bc-480f-bffd-433f943bf0c0,French,4,1,1,0.0,Italian,False,0.0
1dc94312-9c64-4ba4-963b-e18a7eeb2d3c,Florida,2,1,1,0.0,Antarctica,False,0.0
1dd1a29a-e9b5-431f-a823-3a25e13bc181,Bihar,1,1,1,0.0,Kerala,False,0.0
1dde66fd-1bd5-4850-bab4-f9b135ac9d02,NBC,1,1,1,0.0,CBS,False,0.0
1de2739e-5de0-46b8-996c-9c5c60db0c1f,Polish,3,1,1,0.0,Russian,False,0.0
1de35c81-9d45-45d2-9237-74740bb0d74b,Apple Inc.,1,1,1,1.0,Apple Inc.,False,0.0
1de5ad04-19bc-4701-894f-1b0907876a39,street gang,0,1,1,0.0,Honda,False,1.0
1def4196-9098-4420-9352-156587362353,Louisiana,2,1,1,0.0,jazz,False,0.0
1df25936-76ea-419b-9ee2-e5d817262962,McLaren,3,1,1,0.0,Honda,False,1.0
1e03e605-0052-42e7-87d1-982a859e5d92,Gujarat,1,1,1,0.0,Maharashtra,False,0.0
1e075623-6a98-410d-b5a3-b32fc439b0e3,French,0,1,1,1.0,French,False,1.0
1e188d5f-88b2-444d-b291-2c5058b5499f,Adobe Systems,0,1,1,1.0,Adobe Systems,False,1.0
1e1bcb36-ec13-4641-8ae4-17e5869d071e,Japanese animated,3,1,1,0.0,NBC,False,0.0
1e2128ae-a9ac-4dc9-932a-c4061d2f1b99,Vienna,3,1,1,0.0,Archbishop,False,0.0
1e289844-506f-4ec5-92b1-67e9e50acf9a,Jerusalem,1,1,1,0.0,Berlin,False,0.0
1e2e3aba-e592-47d9-8a46-c84e7bd6bdee,Turner Network Television,2,1,1,0.0,Microsoft,False,1.0
1e40b02d-e5af-4578-bf73-9e84be25ceef,Vienna,1,1,1,0.0,Berlin,False,0.0
1e43e469-0d0c-4830-bb85-f894c0c0c844,flute,0,1,1,0.0,Spain,False,0.0
1e516d2e-09b2-47bb-bc46-e48fc7056db0,piano,3,1,1,1.0,piano,False,1.0
1e54deae-18a8-4dea-8d26-858217cf3f4b,Intel,0,1,1,0.0,Apple Inc.,False,0.0
1e65d869-b04d-4928-aa18-fed7d496452c,Gujarat,4,1,1,0.0,Bavaria,False,0.0
1e65ed40-48e2-415f-9889-8b8f0f6e69e2,catcher,0,1,1,0.0,linebacker,False,0.0
1e6d7b89-7db3-4dc2-8619-ac6e97bfa366,Asia,1,1,1,0.0,Cambodia,False,1.0
1e764afa-9fc3-44d2-a7d1-9c22b36d00d0,Rome,4,1,1,0.0,Archbishop,False,0.0
1e7a4d06-c8c9-4884-849e-e9bf42ceb9f1,bishop,3,1,1,0.0,Archbishop,False,0.0
1e83edfb-ab57-47f2-b527-c5ed0483c2ea,Dodge,4,1,1,1.0,Dodge,False,0.0
1e8debb4-b3e1-46fc-8363-103a67ed6372,Taipei City,1,1,1,0.0,Beijing,False,1.0
1e907ca4-d8a2-4e0d-a494-cc5f629ff6b5,Audi AG,3,1,1,1.0,Audi,False,1.0
1ea1575e-eee4-4204-aaee-b2b2730d5223,philosopher,4,1,1,0.0,French,False,1.0
1ea49017-06c1-4d3d-bedd-bb105744d745,Antarctica,4,1,1,1.0,Antarctica,False,1.0
1eb815b5-57b6-4bae-bc9d-594ec4c9bcc2,bishop,3,1,1,1.0,bishop,False,0.0
1ebe09b2-ed11-4c6f-a1a2-7b0bc828e905,Milan,4,1,1,0.0,Italian,False,0.0
1ebe8b2e-14d5-4c22-a8e1-1bda544b1a04,Apple Inc.,3,1,1,1.0,Apple Inc.,False,1.0
1ec82c65-b55d-4736-81fe-ae934ffe9949,HBO,3,1,1,0.0,NBC,False,0.0
1ed1c6c3-8d31-4bcf-aba3-96b2ba431d66,"Brighton, England",3,1,1,0.0,EMI,False,0.0
1ee17b0a-aafb-43ae-9711-4b414bce90e7,abbot,3,1,1,0.0,Archbishop,False,0.0
1ee6b302-cd5f-4d16-8532-af71a31d7ff1,Dutch,2,1,1,0.0,Italian,False,0.0
1ee6c873-e036-4f30-ba7d-d43a0e6db852,Yahoo!,3,1,1,0.0,Google,False,1.0
1ee969a7-0348-4c4a-8539-bdb7c9aa951b,Venice,3,1,1,0.0,London,False,0.0
1eeb592d-1f63-4cdd-b6d4-c3dc2a373613,Honda,0,1,1,1.0,Honda,False,1.0
1f0219d1-f86f-43b6-b9e0-e7c15f51f8ed,Stockholm,0,1,1,0.0,bishop,False,0.0
1f02f155-623e-40a9-9c6d-a7e6eebc9313,MTV,4,1,1,0.0,NBC,False,0.0
1f031b41-dd74-49d8-90b3-389ffa6b6bc0,anatomist,2,1,1,0.0,Finnish,False,0.0
1f044aa5-7729-4788-ba06-5cf6782fd89e,CBS,1,1,1,0.0,NBC,False,0.0
1f053d4c-4ff1-44e0-83f9-41960eaa8c54,Dutch,1,1,1,0.0,French,False,0.0
1f1472d0-13f5-479d-b400-8675f5c0894f,Antarctic,4,1,1,1.0,Antarctica,False,0.0
1f295679-ee8d-4b8b-bd61-d52097aa68ba,Roman Catholic Cardinal,0,1,1,0.0,French,False,0.0
1f2b2f65-1d01-407a-ba0d-c4c8ab55c995,Valencia,2,1,1,0.0,"Ponce, Puerto Rico",False,0.0
1f2c67fa-6731-4f1c-a1ea-c72b4ddc03d1,Italian,0,1,1,1.0,Italian,False,0.0
1f2d672b-2955-48c6-85ec-62517f1fa7ec,"Split, Croatia",0,1,1,0.0,Rome,False,1.0
1f306436-ba28-4354-b77d-7143d037d45f,Paris,1,1,1,1.0,Paris,False,1.0
1f312f92-c173-4759-b811-74246ab627dc,archbishop,3,1,1,1.0,Archbishop,False,0.0
1f3435ee-c3ee-41fe-ac32-00ee1223292a,Naples,2,1,1,0.0,Rome,False,0.0
1f3fe515-b3a5-41c7-9dd0-b0f8c1510fe8,Antarctic,2,1,1,1.0,Antarctica,False,0.0
1f45c697-91fc-430d-b97e-ba6e92987490,Rome,1,1,1,0.0,Tokyo,False,0.0
1f51ba05-68a4-4a34-82f7-6d41e78f66f1,cellist,1,1,1,0.0,actor,False,0.0
1f557239-3934-48bb-b408-292aa36509f0,English,3,1,1,1.0,English,False,0.0
1f618d45-dbbe-436c-9c3b-0d939f602711,Finnish,2,1,1,1.0,Finnish,False,0.0
1f66e440-8c8e-44b0-8a30-b0fcba4da31c,lighthouse,3,1,1,0.0,Antarctica,False,1.0
1f70852d-c3f8-421b-a5ed-a0665fd267c4,Maharashtra,4,1,1,0.0,Kerala,False,0.0
1f74fa70-3c13-4c3b-a5d3-acf29ddb7bf8,Alabama,0,1,1,0.0,England,False,0.0
1f76da5e-8236-487b-a659-904026d39177,Italian,0,1,1,1.0,Italian,False,0.0
1f76fc8d-fa59-42d8-9a1d-3637fc578c1a,"Atari, Inc.",0,1,1,0.0,Microsoft,False,1.0
1f7ae49f-6418-499e-9bb6-8ef5e5b8b197,Hamburg,1,1,1,0.0,Berlin,False,0.0
1fadaced-ec01-421f-9aa3-9c8c2c793ab2,Antarctica,0,1,1,1.0,Antarctica,False,1.0
1fc74527-3cbb-40a2-b761-c01f73e8e3bb,Paris,1,1,1,1.0,Paris,False,0.0
1fddad49-16f9-4d73-985a-30b74a5f6e0c,Apple Inc.,4,1,1,0.0,Microsoft,False,0.0
1ff0a6b0-b44e-4aa0-b217-818fa2de2d8f,Japan,3,1,1,0.0,NBC,False,1.0
1ffa5fca-9a20-43c4-849f-d710109a8248,CBS,4,1,1,0.0,NBC,False,0.0
2002877e-2ecf-491f-9149-c5a1de2f5c7e,"Athens, Greece",1,1,1,0.0,Russia,False,0.0
2007a776-11f0-4a6d-aab8-bef228a36475,politician,2,1,1,0.0,bishop,False,0.0
20158d1b-9d24-4d75-8f39-0e4e257bd2d2,Toyota Store,1,1,1,0.0,Apple Inc.,False,0.0
20245570-0852-4811-94bf-ad49905abf5f,HBO,4,1,1,0.0,CBS,False,0.0
20269b9f-5f1f-4e4d-a9b4-c9c5cf3cb8aa,French,3,1,1,0.0,English,False,0.0
20313182-0cdb-431e-ad85-301446cfa6dc,Europe,2,1,1,0.0,Apple Inc.,False,0.0
2033632f-ba0e-4beb-92ee-5d557838c592,English,4,1,1,1.0,English,False,0.0
2038def9-b535-4948-b749-e80b92d341e8,CBS,1,1,1,0.0,NBC,False,0.0
203e3a28-ca3c-4776-97cf-acd4d49c5b02,Pope,3,1,1,0.0,Italian,False,1.0
20499099-6e94-422c-96ca-8f624c28deb5,"Leicester, Leicestershire",0,1,1,0.0,Manchester,False,1.0
204fe07b-a0c6-410c-93ef-f74f11b32f04,Toronto,3,1,1,0.0,"Brisbane, Australia",False,0.0
205b82c6-1d90-40c0-a07d-732024a7482a,Berlin,1,1,1,0.0,Paris,False,1.0
206198b6-1965-4003-b48a-8610bb5e7846,Leeds,2,1,1,0.0,BBC,False,1.0
206db40c-9e67-4998-95b9-fe2e406b2ec7,Lisbon,3,1,1,0.0,Rome,False,0.0
20773234-33d5-4b2a-817f-beedbdc9a200,Dodge,0,1,1,1.0,Dodge,False,1.0
20851418-ef2a-4784-85d1-660b393c7527,Italian,2,1,1,1.0,Italian,False,0.0
2092f1bd-0271-4ae6-884c-d760adee7276,Porsche,1,1,1,1.0,Porsche,False,1.0
209d7e8e-756c-4090-b2c3-6669e867b162,French,1,1,1,1.0,French,False,0.0
209ed764-c5fa-4450-b4f2-894a3dd267df,Norway,3,1,1,0.0,London,False,0.0
20a665ad-6571-4014-a5fe-462e809ba988,English,2,1,1,0.0,piano,False,0.0
20acb588-1ee6-4898-be2a-9df44b6e0825,Finland,1,1,1,0.0,Antarctica,False,0.0
20ba31c6-8329-42bc-8792-1ec92389e4b5,Rome,1,1,1,1.0,Rome,False,0.0
20c3b6a3-44c6-45ce-b9b4-4436b7c655ec,English,3,1,1,1.0,English,False,0.0
20c97305-fe23-4475-a1e8-a256edd6ca6d,Porsche,2,1,1,1.0,Porsche,False,1.0
20cce3b9-52f1-447d-9311-dd72a35aa07f,Nickelodeon,4,1,1,0.0,NBC,False,0.0
20d04ab2-7131-4f13-9c87-43923a1ec2b9,Antarctica,1,1,1,1.0,Antarctica,False,0.0
20d5f4fc-5aac-44e0-9156-7f12ab2ece0b,English,2,1,1,1.0,English,False,0.0
20d871a5-9096-4d94-b661-7079dfecc6f3,Manchester,3,1,1,0.0,Chester,False,0.0
20defe76-d601-4a78-8b5b-7d343b626087,English,4,1,1,1.0,English,False,0.0
20e873b3-88cf-44d0-8735-52349a5917d9,Dutch,3,1,1,0.0,French,False,1.0
20ea0661-8491-42cd-9bdd-715421aee4b9,Cuba,3,1,1,0.0,Austria,False,0.0
20f7861f-d539-45bb-993b-f21217b7e4c3,"Victoria, British Columbia",4,1,1,0.0,"Victoria, Australia",False,1.0
20f8d3a6-16af-49a4-b0b5-ce7e79d891be,English,3,1,1,1.0,English,False,0.0
20fbc652-b694-45e8-90ff-c34214d296bb,Chevrolet,0,1,1,1.0,Chevrolet,False,1.0
20fbf8a0-ceb0-448b-be84-6b08cd065fbf,"Montgomery, Alabama",4,1,1,0.0,"Philadelphia, Pennsylvania",False,0.0
20ffb16e-9be1-41df-895f-814a5ef274ef,Utrecht,3,1,1,0.0,Italian,False,0.0
21122b4e-b7db-4ca0-b7c3-f8ca12d3c194,Archbishop,1,1,1,1.0,Archbishop,False,0.0
211244d2-75f4-4930-821b-aeea0a111b0b,"Milan, Italy",3,1,1,0.0,Italian,False,0.0
21184219-1777-407e-88f5-20b04b23e151,"Rome, Italy",2,1,1,0.0,"Milan, Italy",False,1.0
214cff86-4269-4b1f-bb37-a7ba3d8fa2c2,Alps,3,1,1,0.0,Antarctica,False,0.0
215c528b-2dc3-4f62-9f6e-9363696a3ef6,rice,3,1,1,0.0,Bangalore,False,0.0
21615bfc-0fc3-4f2f-b7d9-0fbf339b932b,French,1,1,1,1.0,French,False,1.0
216249e5-ada6-4824-bab8-a037e2891cf2,Texas,4,1,1,0.0,California,False,0.0
2171416c-3662-4b31-ad0a-2ea54df63bb2,violist,3,1,1,0.0,Tokyo,False,0.0
2173ce11-4302-44ed-ac6c-8ded1fca629f,Warsaw,1,1,1,1.0,Warsaw,False,0.0
2174d07d-262b-4208-ac1b-86d265554a27,French-language,0,1,1,1.0,French,False,0.0
217897a7-9ae5-41e6-85c6-3cda06abff1a,Chicago,1,1,1,0.0,London,False,0.0
217ef149-f286-4127-b555-1f4d6b1ccab7,Strasbourg,2,1,1,0.0,French,False,0.0
21840d06-def8-4974-a715-df00952c3b25,Islam,0,1,1,1.0,Islam,False,0.0
2186a6f3-f4c2-47ea-9993-17a127cd436e,Berlin,1,1,1,1.0,Berlin,False,0.0
218ec0a4-e831-44b6-a930-5d45d498280d,"Chandler, Arizona",4,1,1,0.0,London,False,0.0
2195ecdf-e3e0-4d2e-90d2-839e472af474,Apple Computer,1,1,1,0.0,Apple Inc.,False,1.0
21987b10-35ea-4902-92e3-e18fd2bd6d3e,Tokyo,2,1,1,1.0,Tokyo,False,1.0
219a7c49-3792-4178-be92-37ca29e43460,Amsterdam,1,1,1,0.0,Paris,False,1.0
21ac4eb1-7156-4cda-ae58-ecdab41f1bb3,"Lafayette, Louisiana",3,1,1,0.0,London,False,0.0
21cf226d-8cf3-4a29-96e8-3eb27d2a1d55,Salisbury,0,1,1,0.0,London,False,0.0
21d4c25c-d4c2-4b65-a70d-f031b7f8844e,Suzuki,1,1,1,0.0,Fiat,False,1.0
21e69496-5424-4e78-a805-01a96cdf2b74,English,2,1,1,1.0,English,False,0.0
21e8c546-2423-4b70-b536-74b5c9b48ec2,Munich,2,1,1,0.0,Berlin,False,0.0
21f72381-e42c-413d-a0ea-8f782008c9b6,Latin,2,1,1,0.0,English,False,1.0
22059f67-1263-4144-820a-159ca6c9170f,Antarctic,4,1,1,1.0,Antarctica,False,1.0
2212450a-b6d1-47f9-9f18-5dcf36041c01,Lyon,1,1,1,0.0,Microsoft,False,0.0
22193033-5500-4406-900d-0e0ef554614c,Nepal,0,1,1,0.0,Rotterdam,False,0.0
22250a62-230c-4870-a510-f30392ad000e,Adobe Systems,2,1,1,0.0,Microsoft,False,0.0
2225d1f1-0152-42dc-8a12-192c319f1c48,Lord Shiva,2,1,1,0.0,English,False,0.0
222a5738-c331-4c3f-af49-eb91ebf7c641,English,2,1,1,0.0,French,False,0.0
2240d6ca-aff9-4469-8eb5-3f5174228464,Tokyo,2,1,1,1.0,Tokyo,False,0.0
224bc312-e219-47e0-a1d0-cc3a4385e20f,Yemen,0,1,1,0.0,Nigeria,False,1.0
225e6949-2bad-4357-8873-016b40365b5f,"Chatham, Medway",3,1,1,0.0,French,False,1.0
225f7e82-0aa4-4cfb-aaa6-c008454f2029,Toyota,1,1,1,1.0,Toyota,False,1.0
2264f261-1729-42a7-9b23-6b8051607150,Antarctica,2,1,1,1.0,Antarctica,False,0.0
22787ff1-78a3-40c3-980a-f2990236ff24,jazz,4,1,1,1.0,jazz,False,0.0
227c532e-9cac-4444-b18d-3f6f6f3736f9,Antarctica,1,1,1,1.0,Antarctica,False,1.0
228ef4f4-2fe7-4010-a789-e730f6c725ff,Linux,0,1,1,0.0,Microsoft,False,1.0
2296dfcb-59d1-4471-b7f0-d85786e0dece,CBS,4,1,1,1.0,CBS,False,1.0
22a2d917-7057-467b-bcaa-4a841c26c92c,French,1,1,1,1.0,French,False,0.0
22b1e3da-93ad-4ee5-95aa-66dbef305a1f,Bulgaria,1,1,1,0.0,Russia,False,0.0
22c86836-bc19-4304-892a-b6339006e146,Telugu,1,1,1,0.0,Italian,False,0.0
22d6b190-31d3-44ec-801b-8191cb2c98f1,"Charleston, West Virginia",4,1,1,0.0,"Claremont, California",False,0.0
22d8e949-ec78-4c83-95af-50b932a5bbed,Rome,2,1,1,0.0,"Rome, Italy",False,0.0
22e6b872-cacc-4b54-8c2a-d6c200125e31,Catalan,4,1,1,0.0,bishop,False,0.0
22e94e9c-7086-4413-bf13-a7a1b1963f3d,Essex,0,1,1,0.0,London,False,1.0
22ed7495-88f0-4e10-be2e-09ce83d7f681,Antarctica,1,1,1,1.0,Antarctica,False,0.0
22f2ac8a-8191-40e1-b1c2-86c42a6089e5,Adelaide,2,1,1,0.0,Italian,False,0.0
22f3cfe1-eca9-4cc4-ba3e-76d4928a389e,Pope,0,1,1,0.0,Archbishop,False,0.0
22fc19d7-b7d8-41a3-a0d9-9d82aa111888,Mexican,1,1,1,0.0,Spanish,False,0.0
230088d7-b09a-480e-9abb-6cdad5811570,anatomy,0,1,1,0.0,topology,False,1.0
230376a3-f9fb-4fea-9c1a-e8468a4e82b3,Chicago,0,1,1,0.0,"Seattle, Washington",False,0.0
230f295e-2fd5-4609-bcbe-8e11fcb4a0d8,Apple Inc.,1,1,1,0.0,Microsoft,False,0.0
23119510-ea4d-4e3f-b57a-6c53b5f47313,linebacker,3,1,1,0.0,midfielder,False,0.0
2319d69a-2111-4bec-8476-aec2892a62de,Athens,2,1,1,0.0,Rome,False,1.0
231c4423-c2ce-45aa-b62e-8c935935e3d9,London,4,1,1,1.0,London,False,1.0
231ff687-2df0-46f4-a68b-ad4836f01941,English,0,1,1,1.0,English,False,0.0
2320d971-4286-4466-be9b-e4e3dd9ab19c,EMI,1,1,1,0.0,Motown Records,False,0.0
2321b0b5-b73b-4a79-be2b-86c757a77d85,catcher,3,1,1,0.0,jazz,False,0.0
23228cdc-08bf-4b20-87e1-f757f6c62e15,Papua province,1,1,1,0.0,India,False,0.0
23278f73-c8e3-4ced-996e-9bf91946142c,jazz,4,1,1,0.0,Germany,False,0.0
232b3bca-8ef7-4830-aeb1-98de33120618,"Arlington, TX",0,1,1,0.0,Minnesota,False,0.0
232cbf54-b1a0-40c3-b218-86139b5a227e,France,0,1,1,0.0,Paris,False,0.0
232e91be-6cfa-46bd-bea5-cf3d2dfaba72,"Jackson, Tennessee",3,1,1,0.0,"Philadelphia, Pennsylvania",False,0.0
2331efb5-e0aa-4d2e-8985-5a484e42d465,Judaism,1,1,1,0.0,French,False,0.0
233ee5a1-853f-4e8b-80c5-8f4da381ec57,German language,2,1,1,0.0,French,False,0.0
233fa476-67f1-47e1-9047-e64bfdb6a773,Islam,0,1,1,1.0,Islam,False,0.0
23411692-ed5a-4267-aa5b-2352a2f0adec,mayor,0,1,1,0.0,Archbishop,False,0.0
234275ed-eacf-4e73-a0bf-9e461fc33b0a,English,1,1,1,1.0,English,False,0.0
236562bf-b7ae-4777-bd8d-7ea61a6e6f9c,EMI,4,1,1,0.0,Decca Records,False,0.0
2365e4bc-4df6-4110-885d-b03d4f63b018,Leeds,3,1,1,0.0,English,False,0.0
236b3cf5-65c9-433d-91dd-8ed3625eb156,topology,1,1,1,0.0,psychology,False,0.0
236cb151-2a25-4a4a-8786-f997873b2253,Archbishop,0,1,1,1.0,Archbishop,False,1.0
236ed33e-1e54-4c2b-8106-c48570e8e8fa,quarterback,0,1,1,0.0,Archbishop,False,0.0
2395f92e-05d0-45b7-84b9-7c7a2fbdd660,"Indianapolis, Indiana",3,1,1,0.0,California,False,1.0
23a3f630-e1c5-4729-8573-dda37d6985ae,Syria,3,1,1,0.0,Asia,False,1.0
23aa9fab-3c52-4d0f-af93-5f83aa72e3c1,Minneapolis,3,1,1,0.0,"Philadelphia, Pennsylvania",False,0.0
23af7f4e-1eaa-48c2-a3ed-c3a2a2368800,Apple Inc.,0,1,1,1.0,Apple Inc.,False,0.0
23b34442-e189-4abe-89a3-3fe176dac368,guitar,1,1,1,1.0,guitar,False,1.0
23d04e1e-7e11-456e-8c36-531a8d218401,Zeppelin Luftschiffbau,0,1,1,0.0,Fiat,False,0.0
23d0bca0-4924-4f35-aee1-37ca09d018bd,Dallas,4,1,1,0.0,BBC,False,1.0
23d1d061-c479-4349-aaa5-7b1e8ab1e184,CNN,4,1,1,0.0,NBC,False,1.0
23d46429-1c42-4390-a2a1-344862c8e68f,The History Channel,3,1,1,0.0,French,False,0.0
23d967fc-75b5-446b-b3aa-43be7dc0e04d,miniature painter,1,1,1,0.0,English,False,0.0
23e26f78-e574-4b1f-b4d0-3a358f09f2be,Bonn,1,1,1,0.0,London,False,0.0
23e8f085-2d8c-4b3b-a40c-a6ace41bc740,English,2,1,1,0.0,Portuguese,False,0.0
23f83f56-55ad-4919-92da-d83f4ecc3f1a,Nissan,1,1,1,1.0,Nissan,False,1.0
23fa807f-1647-4f94-b449-8395f4b2e683,Polish,1,1,1,1.0,Polish,False,0.0
2420b0d9-c5d7-47bb-82ba-5f74c129b7e2,Germany,2,1,1,0.0,Dodge,False,0.0
24244b0b-ce95-42c3-8209-005d72a346b2,actress,4,1,1,1.0,actress,False,0.0
242900c9-ee1b-458f-a615-9783edc70bc2,Microsoft,3,1,1,1.0,Microsoft,False,1.0
2429ba2f-0a0b-43be-bcc8-1c961b9a71dc,Italy,0,1,1,0.0,Paris,False,0.0
242c8134-4e0c-40cf-98bd-4abf70a2c764,Leiden,2,1,1,0.0,English language,False,0.0
24323651-4cb4-4d9f-8e0f-baeba95e2c94,French,0,1,1,1.0,French,False,1.0
2436cb6f-187a-44e3-9052-ba3a53833826,Apple,0,1,1,0.0,Microsoft,False,1.0
243e24f8-d6d2-4d0f-8c8c-18abab482118,Warsaw,1,1,1,0.0,Porsche,False,1.0
24411689-fe65-4e3e-b680-76d8373ea14c,Islam,3,1,1,1.0,Islam,False,1.0
24509340-95f6-4a1e-9755-846dc9dda9cf,English,0,1,1,1.0,English,False,0.0
24555ec9-d66e-4fdd-a210-6351ddd26472,HBO,1,1,1,0.0,NBC,False,0.0
246793a2-b9f8-49e8-8f9a-9d7a14eda559,Philadelphia,1,1,1,0.0,English,False,0.0
246a9fe2-3de1-44b2-bb35-f60330329cee,Venice,3,1,1,0.0,London,False,0.0
24745a19-c61c-4401-a84e-649d6379e78f,Hamburg,2,1,1,0.0,Berlin,False,0.0
24786bb6-6dd5-4f32-9ace-cfe6dc17642b,Microsoft,4,1,1,1.0,Microsoft,False,0.0
24786f41-7c1c-40c4-a850-7f6408f687aa,Antarctica,2,1,1,1.0,Antarctica,False,1.0
248cb881-658c-4469-b1bd-e0679799a360,English,1,1,1,1.0,English,False,0.0
248d986d-d65f-4709-8f4e-b1187fb7790a,English,2,1,1,1.0,English,False,0.0
248e8f2c-de9c-48ab-8873-ae0b59cf86dc,Swiss,0,1,1,0.0,French,False,0.0
249f6b3c-2c37-423a-878b-c4a66320315d,Antarctica,4,1,1,1.0,Antarctica,False,1.0
24b47c00-d880-44bb-844b-fc3b4e39b0f1,Malayalam,4,1,1,0.0,English,False,0.0
24b5164c-c4b1-47fc-9836-1edbf027805a,Muslim,4,1,1,0.0,English,False,0.0
24c2eebd-0aeb-4844-9c33-7fe3f768ee82,Bermuda,0,1,1,0.0,Nokia,False,0.0
24c3c84d-3ca6-45d8-a957-ed0e336b9923,Queensland,3,1,1,0.0,English,False,0.0
24cf1d61-57e1-48b1-a038-cc34d9cb3ae9,anatomist,3,1,1,0.0,physicist,False,0.0
24d24b3f-df25-4e1e-9470-e9d1ca7c53a1,Nissan,2,1,1,0.0,Honda,False,1.0
24eca225-017f-44d1-97d6-e0b4c993f7b1,Suzuki,0,1,1,1.0,Suzuki,False,1.0
24eed7d8-ba11-4597-8b71-c8c320d922bb,midfielder,0,1,1,1.0,midfielder,False,0.0
24f02bd8-eee0-45a6-bc85-cee92864dc40,brain,0,1,1,0.0,Polish,False,0.0
25113c97-051b-432d-bb8d-23687ebf2b16,Turin,3,1,1,1.0,Turin,False,0.0
25154ebe-490c-4e95-b1b4-7d64a720ea17,NBC,1,1,1,0.0,CBS,False,0.0
2521bb16-8de4-4a99-a77f-152e92da82b0,Antarctica,0,1,1,1.0,Antarctica,False,0.0
252b4db4-de48-4fb7-ba19-cc369e6a2069,Paris,3,1,1,0.0,London,False,0.0
2546675f-07c5-4300-a43e-231b656eac89,Minsk,0,1,1,0.0,Berlin,False,0.0
2546db5d-0dd1-417a-9bc1-890691691624,Russian,2,1,1,1.0,Russian,False,1.0
25541510-193d-46a9-9136-2e09c80c9d5d,piano,2,1,1,0.0,French,False,0.0
25541983-ac0e-467e-b2a4-f8c72e5e2bed,jazz,2,1,1,0.0,English,False,0.0
255a544c-ac54-426a-bc70-af15f65246f0,Arizona,0,1,1,0.0,Russia,False,0.0
25609a98-0e00-4f71-9774-84226343dd2f,Ghana,0,1,1,0.0,Bavaria,False,0.0
2562f782-e96e-4b09-ad0b-126e12dfcea9,Motown Records,4,1,1,0.0,English,False,0.0
2569b288-bacd-4386-bef9-a995329600ba,Frankfurt,0,1,1,0.0,French,False,0.0
256e2736-f045-4493-a40a-d09a307f4809,Vienna,3,1,1,0.0,Berlin,False,1.0
257429ac-2ecf-445b-88bf-ee66c0f40487,Microsoft,2,1,1,1.0,Microsoft,False,0.0
2575fd6f-a6c6-4d08-9e6b-679090bb7bd0,Basilea,4,1,1,0.0,Italian,False,0.0
2591ca54-0972-4a9d-9b6f-1e53bbfdfc83,Palermo,2,1,1,0.0,Rome,False,0.0
259b854a-87b0-495e-bd1d-1a31c0632db1,Italian,1,1,1,1.0,Italian,False,0.0
259e6a81-05fa-43c8-a005-4faaa7fc7e25,Berlin,3,1,1,0.0,French,False,0.0
25c60f29-aebb-4086-bc78-d638e4c10d84,"Pittsburgh, Pennsylvania",0,1,1,0.0,Antarctica,False,0.0
25c9c1ee-97f4-4082-aaa6-14f1ba686fd5,Sweden,0,1,1,0.0,Antarctica,False,0.0
25d33ce2-869a-4011-a05d-62d3bd89381f,Apple Inc.,4,1,1,1.0,Apple Inc.,False,0.0
25d4deaa-17b6-445d-a8e5-a607eb42d72c,linguist,3,1,1,0.0,Archbishop,False,0.0
25df9343-082c-4877-90e6-91267331a44b,French,3,1,1,1.0,French,False,1.0
25e028e3-8c61-4bfd-91ee-441c753e9ee1,London,2,1,1,1.0,London,False,0.0
25fa1b7f-b852-4e02-9b29-b62b5950e585,Fiat,0,1,1,1.0,Fiat,False,1.0
26030e6b-f50f-4afb-89b7-9b8d64c6cdd7,Dublin,3,1,1,0.0,London,False,0.0
2609de89-eb48-490e-bd26-5860e2e1299f,Romanian,3,1,1,0.0,Italian,False,1.0
260b6e5d-5adb-4486-9723-cdb97e09f100,Laos,4,1,1,0.0,English language,False,1.0
260ee64a-3c4d-43b9-801e-2de92c529230,Germany,2,1,1,0.0,"Berlin, Germany",False,1.0
261d38d3-12e4-4027-8637-95069f1f6827,Antarctica,0,1,1,1.0,Antarctica,False,0.0
261e4238-9598-40ae-b4c9-93350b454ee1,Microsoft,0,1,1,1.0,Microsoft,False,1.0
26267510-e025-4721-b5e5-a4f633bfeca2,Swedish,3,1,1,0.0,Italian,False,0.0
26287af7-e147-44c3-a737-21a8d88fda65,Paris,3,1,1,0.0,London,False,0.0
262ce695-3fa0-4e60-9a54-98a6929be788,asteroid,4,1,1,0.0,protein,False,0.0
262f54ab-3bcf-4a30-bb87-ea4c6980bcb9,Apple,4,1,1,0.0,Microsoft,False,1.0
26305770-60ce-4ce4-92bf-4cccb9da4f64,Singapore,4,1,1,0.0,Canada,False,0.0
263a0a97-a38b-4246-8cdc-25a19d7ac11e,French,0,1,1,1.0,French,False,0.0
2646c612-b586-45d2-9035-a57be85eb52e,bridge,0,1,1,0.0,mosque,False,1.0
2648b943-2601-48ee-9fff-dccf7fcc97ad,Antarctica,3,1,1,1.0,Antarctica,False,0.0
26497952-58d2-45ea-8a37-64d2757f4a50,Archbishop,1,1,1,1.0,Archbishop,False,0.0
264e656a-b64f-454b-8b17-f50b8b07975f,Gloucester,4,1,1,0.0,Leicester,False,1.0
265bc927-f075-4c48-b46f-1f0fb1cf5aaa,FIFA,1,1,1,1.0,FIFA,False,1.0
266381fc-6b3f-45c6-9110-67446e58bf0b,actress,1,1,1,1.0,actress,False,0.0
266a5c22-7d11-46eb-9517-cce1494736d7,English,1,1,1,1.0,English,False,1.0
266aa4a6-7684-4b59-9036-5a8dcd2bf6a9,Dutch,4,1,1,1.0,Dutch,False,1.0
266c0919-06f3-47d1-8c7f-6837d426891e,French,4,1,1,1.0,French,False,1.0
267e8b8b-60da-4cf7-aee3-8a206cb70644,Hinduism,2,1,1,0.0,Islam,False,0.0
267f9d56-edc8-4bb8-9e75-de27afdfc6ce,Musician,1,1,1,0.0,English,False,0.0
26834753-e15e-4ff5-99d4-6ee6bc7cf0b1,linguist,2,1,1,0.0,English,False,0.0
26882349-014b-4101-b4c4-bcafbc74e3b5,Google,2,1,1,1.0,Google,False,0.0
26906574-c796-47c8-a751-c874ba9309af,"Hammond, Indiana",4,1,1,0.0,Honda,False,0.0
2690bf3d-bbf2-42a8-b969-016ead8f4078,London,1,1,1,0.0,English,False,0.0
26a0ffb4-2722-45e2-8f2c-028c3dd6c276,Chile,0,1,1,0.0,Andes,False,0.0
26a686e7-d4e6-40a3-a08e-c0b52fa15d00,Fiat,1,1,1,1.0,Fiat,False,1.0
26aee105-7b29-4d15-a60f-980f427906b8,Sheffield,2,1,1,0.0,London,False,0.0
26b0db24-a19d-448d-bb83-1096f35a8e1b,Hindi,1,1,1,0.0,English,False,0.0
26b38a90-9988-46a4-91a0-17edfd8435d4,sulfur,2,1,1,0.0,carbon,False,0.0
26d3175f-b803-4682-93ba-c213dd3bfe1a,Decca Records,0,1,1,1.0,Decca Records,False,0.0
26d7f501-1407-457a-a61c-72b2ba225d5f,Honda,3,1,1,1.0,Honda,False,1.0
26e3dd2f-e730-4c56-9971-0ebafb58de67,Antarctica,1,1,1,1.0,Antarctica,False,0.0
26f2060d-ca03-474e-8ce3-6bb2a60ba2e0,Russian,3,1,1,1.0,Russian,False,1.0
2706c63f-2d29-4e6f-9707-bb4921f0c4e9,Atlanta,1,1,1,0.0,Barcelona,False,0.0
270a2780-a1af-4d64-a801-50c56e89d023,Birmingham,0,1,1,0.0,"Boston, Massachusetts",False,0.0
271ddf81-7b8d-459e-bff8-59f8c3c67ed6,Sweden,2,1,1,0.0,Berlin,False,0.0
2722529f-42af-4078-b0c1-a5ebfcb08b4d,Calcutta,0,1,1,0.0,English,False,0.0
27296cd6-d530-41d0-9483-8691652ce51c,Cuba,2,1,1,0.0,Italian,False,1.0
272a429b-443d-4abf-8024-8b8d5a6e92c1,Romania,0,1,1,0.0,Antarctica,False,0.0
273569aa-9fff-4773-99e5-9136c68f368f,German-language,3,1,1,0.0,Italian,False,0.0
273f1702-e730-4ebf-b42e-c01446d0b88e,Australia,3,1,1,0.0,English,False,0.0
27477ac1-df6b-4c96-82e9-ff227f9e51cd,Brazil,1,1,1,0.0,Bermuda,False,0.0
2748d6e7-ca60-4aa5-bead-e39788eb9cef,Microsoft,4,1,1,0.0,Google,False,0.0
274e7cee-80af-4e33-89ef-045527df76db,Vancouver,1,1,1,0.0,Paris,False,0.0
2751cb6b-58d5-491f-bdb3-a51c8f4fb05a,Luzon,0,1,1,0.0,Antarctica,False,0.0
275bc8f4-63e4-401a-a18a-9d7be35bedab,carbon,4,1,1,0.0,hydrogen,False,0.0
27667a69-67e1-4f3c-b3c5-fcf45ee4eb91,French,1,1,1,1.0,French,False,0.0
27707743-84ee-468f-9b99-f563eefa32c3,Argentine,4,1,1,0.0,Spanish,False,0.0
2780a04d-f36d-4a90-a1c2-8d82da7356f9,left winger,0,1,1,1.0,midfielder,False,1.0
27825fff-6549-4dce-b0d7-6418f34bcb7b,Brunswick Records,3,1,1,0.0,Decca Records,False,0.0
278cb4ec-504c-4f11-b855-34e53879793a,"Paris, France",1,1,1,0.0,Iran,False,0.0
278ccb89-2130-44bc-a0b5-b737e765729b,English,2,1,1,1.0,English,False,0.0
279414da-a547-4dd1-ba9c-75b8b86cb36a,Pune,0,1,1,0.0,Toyota,False,0.0
279b4bfb-aa66-4f16-94f1-aa9f040bc07d,BBC,2,1,1,1.0,BBC,False,1.0
27a37d24-f60c-4bf7-bdcd-a6b6af1de944,Antarctica,0,1,1,1.0,Antarctica,False,0.0
27a515f1-652a-4ae9-bb1d-de5f1e8d00ef,topology,4,1,1,1.0,topology,False,0.0
27a87bb4-b1cb-4c21-abbe-c2b38b85728f,Antarctica,1,1,1,1.0,Antarctica,False,0.0
27af5989-dee4-4987-93c5-16a0fd4f38d7,actress,1,1,1,1.0,actress,False,0.0
27c07773-3532-4dc6-bd2b-5da066f0b614,Nokia,0,1,1,1.0,Nokia,False,1.0
27c24c7d-dff1-41b9-aee9-58c2c2423bde,"Charlotte, NC",4,1,1,0.0,Microsoft,False,0.0
27d16089-666e-4554-bed4-0086202fa41a,Bavaria,4,1,1,0.0,Germany,False,1.0
27d5bcc8-b9bb-4aeb-9ddb-c58f9d8723af,London,0,1,1,1.0,London,False,0.0
27dcc636-1b71-4672-b493-57cb216e7b64,Boston,4,1,1,0.0,manga,False,0.0
27e50f6f-4b1c-4680-931b-4daa8d252a4e,Antarctica,3,1,1,1.0,Antarctica,False,0.0
2803b1b6-59d0-4aa0-9d25-6fa55d1f5933,Ukrainian language,0,1,1,0.0,Russian-language,False,0.0
28143cc9-5533-4a57-a6a5-a0a8e49da45d,Bravo network,4,1,1,0.0,NBC,False,0.0
281bf36e-737d-434a-b27f-123338ed972f,French,0,1,1,0.0,Finnish,False,0.0
281c8cd5-cea2-4e5e-9ef7-47e513fde0b6,Bristol,0,1,1,0.0,London,False,1.0
281d97ba-00cd-42c8-8eb9-e3c695074dd1,"Dallas, Texas",1,1,1,0.0,London,False,0.0
281dad97-b90d-44be-8019-8a4f36de93bd,Germany,3,1,1,0.0,Berlin,False,1.0
2824aae2-87e2-482a-890c-5779ace6543b,Virginia,0,1,1,0.0,Pennsylvania,False,0.0
2833a02d-797f-49c2-b52b-d0063bc63f85,Lakes State,1,1,1,0.0,Malaysia,False,0.0
2835cbd4-ecf5-44dc-a289-bf03c38fe75b,"Peabody, Massachusetts",0,1,1,0.0,"Boston, Massachusetts",False,0.0
2836e95e-186c-4bf4-8af8-9d6fefaed1a2,Nickelodeon,0,1,1,0.0,NBC,False,0.0
283d5802-7b9a-48a2-89b4-f6d934aa5674,protein,3,1,1,1.0,protein,False,0.0
283d7a9f-5e11-40c8-a8b3-27cdc8d0d4e8,English,3,1,1,1.0,English,False,0.0
28455540-59ae-497f-89ad-05eefb1a690d,Antarctica,4,1,1,1.0,Antarctica,False,1.0
284677ec-36b4-4b97-8f94-832e6809306e,Shanghai,1,1,1,0.0,Intel,False,0.0
28486eab-4c33-4352-b5b6-8a0b7f287685,"Salem, Massachusetts",0,1,1,0.0,"Boston, Massachusetts",False,0.0
284b9218-e7eb-4516-9018-afab62ad9c46,Derby,4,1,1,0.0,Boston,False,0.0
284b9670-2581-44fd-92c9-f20a37622512,Sega,0,1,1,0.0,Apple Inc.,False,1.0
28519d40-9516-41a5-924f-1cedb7d8ecb9,Microsoft,1,1,1,1.0,Microsoft,False,0.0
2851dc8a-11f5-47ac-b2a2-ce3db474cf07,Turin,1,1,1,0.0,"Rome, Italy",False,0.0
2857a3ae-f931-4bb8-bd13-b0929d7d0f18,CNN,3,1,1,0.0,NBC,False,0.0
2866ea2c-627e-4b86-ad93-11c19f6f6159,bishop,0,1,1,0.0,actor,False,0.0
2869554e-d448-49a4-b805-c89c39c911b9,Staffordshire,3,1,1,0.0,Leicestershire,False,1.0
2877c6f8-1d64-4c61-828a-92fef36003ac,Chemistry,2,1,1,0.0,Archbishop,False,0.0
287b4461-4644-470d-9904-6c707bdf4ee8,actor,3,1,1,0.0,jazz,False,0.0
2886095a-0c16-43a6-a9ca-305ee53cc78c,French,2,1,1,1.0,French,False,1.0
28898f93-f6e3-4290-8438-31ec801bcf2f,French,4,1,1,1.0,French,False,1.0
2894cf8c-f3c4-4660-a74b-76ab16b346fe,Canadian,4,1,1,0.0,French,False,0.0
2894f314-90fb-4ddf-a5b8-889bc5db852d,Essex,1,1,1,0.0,London,False,0.0
28960d8a-1b6e-4ee2-bae8-a5f6d64d6d18,aluminium,0,1,1,0.0,carbon,False,0.0
2896432d-dfa2-4325-81de-8677d565b273,"Philadelphia, Pennsylvania",0,1,1,1.0,"Philadelphia, Pennsylvania",False,0.0
28a379e8-bb44-4629-a3cd-a7bd5738c1c4,violin,0,1,1,0.0,Italian-language,False,0.0
28a37df0-3fa8-4dfa-9740-59bd882efc2b,helicopter,1,1,1,1.0,helicopter,False,0.0
28b1013d-15e7-4e0d-929e-6cf294a2ccd1,Barcelona,3,1,1,0.0,London,False,0.0
28bc8707-eaa8-4ff7-a730-1f466e4455f1,Cadillac,1,1,1,0.0,Chevrolet,False,1.0
28d97623-e2a1-4e84-8aa8-bb97acfc7ae1,Toronto,2,1,1,0.0,Paris,False,0.0
28d9c18f-0c8b-47c7-bbb7-66854baf34b2,Stockholm,0,1,1,0.0,Swedish,False,1.0
28e36c78-8bd2-4f1e-a054-73de658f6ee3,"Salford, Greater Manchester",4,1,1,0.0,London,False,1.0
28f1e154-caa4-4aa7-9bac-bf8cfc3f7a64,Sydney,0,1,1,0.0,Antarctica,False,0.0
29018688-f868-42cd-8f1a-94564747aa48,"Atlanta, Georgia",1,1,1,0.0,Michigan,False,0.0
290d155b-834e-442a-b352-8736c1c191b4,Madagascar,2,1,1,0.0,English language,False,0.0
2918f582-ff35-4bab-869d-49ef3bff41f9,Italian,3,1,1,1.0,Italian,False,0.0
291bb835-ac46-4fb4-93ed-ee203001eb42,Archbishop,4,1,1,1.0,Archbishop,False,1.0
291c7851-80fd-459b-bfe4-eaee59359df1,Honda,0,1,1,1.0,Honda,False,1.0
292909a9-ebe2-4894-a767-280686007f9d,Lebanon,3,1,1,1.0,Lebanon,False,0.0
2931bad0-1137-451c-b522-52ffae5603bb,French,0,1,1,1.0,French,False,1.0
29390208-bba6-4c58-aa3d-af75e359c7c6,Rwanda,1,1,1,0.0,French,False,0.0
293f0bb4-5f47-4937-863a-5375337e3e21,Buddhist,3,1,1,0.0,Shanghai,False,0.0
29401d91-02c9-4dac-b1a0-b1c55a3ae349,EMI,3,1,1,1.0,EMI,False,0.0
2942ebff-d2aa-48da-bc39-efc3aab666da,"Honolulu, Hawaii",3,1,1,0.0,Antarctica,False,0.0
294cf174-b3a3-4f17-ac00-275e2a8f8e08,mayor,2,1,1,0.0,Archbishop,False,0.0
2954ae6a-9008-44ef-b950-26e5ee0114de,London,3,1,1,0.0,Dodge,False,0.0
295a97ea-8bf8-440b-bb56-b72e94cb3434,French,0,1,1,0.0,English,False,0.0
2965784c-6898-4db9-a08a-ef746325445c,Berlin,0,1,1,0.0,BBC,False,0.0
296f8d53-3e94-4474-b609-12e2df728346,French,0,1,1,1.0,French,False,1.0
297fa320-8798-4b54-bc27-53b69af4abe6,catcher,4,1,1,0.0,midfielder,False,0.0
2983173a-251f-4819-920b-ca66422a6690,nitrogen,1,1,1,1.0,nitrogen,False,0.0
2989cd03-6e1a-464c-b8b9-2403918f56cd,"Rome, Italy",2,1,1,1.0,"Rome, Italy",False,1.0
299b0c4f-66de-40c1-bb1e-6c766142ec3c,Vancouver,4,1,1,0.0,London,False,0.0
299c0a2c-60f1-4fdc-9bcb-9017aea55da1,London,3,1,1,1.0,London,False,0.0
29ad71c7-f290-4b97-a75b-6c6bbe31c5e1,Sofia,0,1,1,0.0,Russia,False,0.0
29b06690-61d4-4b21-b979-e7598c3a2ebc,Shanghai,3,1,1,0.0,French,False,0.0
29c2cf19-7c7e-4ff3-aeed-2e9eee6e6f56,violist,1,1,1,0.0,jazz,False,0.0
29c599e9-a7f4-42dc-b738-16d3c17f3c1c,Dubai,2,1,1,0.0,India,False,0.0
29c7ba5b-ac5f-49dc-83dc-d4f906185e2d,English,2,1,1,1.0,English,False,0.0
29cd6fae-3631-4c38-aa97-31faa50c4cfd,Bern,4,1,1,0.0,Berlin,False,0.0
29d08f03-2742-4b65-a347-4c15f4466ca9,Antarctica,3,1,1,1.0,Antarctica,False,1.0
29d2bd92-3974-4a37-a505-538663f35965,"Fleet, Hampshire",4,1,1,0.0,"London, England",False,0.0
29d790c8-ec95-47c3-8194-42d3cd79688b,Andes,2,1,1,1.0,Andes,False,0.0
29ebdffb-4fe2-401b-85b0-ecfc821a2703,Antarctica,0,1,1,1.0,Antarctica,False,0.0
29ec4171-5752-49d3-85dc-e44797283e74,Munster,4,1,1,0.0,Ireland,False,0.0
29f295f6-baec-4903-b44b-eef4766f9588,California,1,1,1,0.0,Microsoft,False,0.0
29f54b34-aa5b-4522-85bf-5f6f7dc9a200,CBS,1,1,1,1.0,CBS,False,1.0
2a03109a-6f43-4ed5-9813-3d05c64b421c,"Batman, Turkey",4,1,1,0.0,Malaysia,False,0.0
2a29a695-970f-4c89-a4b7-a927cb551327,French,0,1,1,1.0,French,False,0.0
2a2e300a-f506-4ccf-a921-076b345dcbd9,Kyiv,4,1,1,0.0,Russia,False,0.0
2a36c0e0-b425-4d3c-9220-c29ae77cc572,Cologne,2,1,1,0.0,French,False,1.0
2a3932dd-c6ae-4d4f-9ebb-fde3ce2127f9,Nokia Corporation,3,1,1,1.0,Nokia,False,1.0
2a399b82-0f1c-4d37-8b9a-9c088b4e81f9,Mexico,2,1,1,0.0,Antarctica,False,0.0
2a3c064e-8507-4e8a-86a9-4b0342ad8eb5,Christchurch,3,1,1,0.0,Antarctica,False,1.0
2a42f37f-3d0b-4a05-b73f-5ad824ebb6b1,England,3,1,1,0.0,Ireland,False,1.0
2a492309-35fe-40ca-9880-05e060b7afaf,Apple,3,1,1,0.0,Apple Inc.,False,0.0
2a4a6ed2-b225-4586-a6ae-21b729ae8850,Amsterdam,1,1,1,1.0,Amsterdam,False,0.0
2a4acc28-1e91-4fd3-970e-d4780a79a492,Muslim,4,1,1,0.0,bishop,False,0.0
2a50a8fd-6f7b-4d49-a727-9415479e132a,"Pearl, Mississippi",1,1,1,0.0,California,False,1.0
2a5393e8-42f5-41eb-af26-3d6303ba11fe,Antarctica,3,1,1,0.0,Antarctic,False,0.0
2a539479-6a4b-4f79-aaba-64a29cbc690d,"Chicago, Illinois",1,1,1,0.0,Paris,False,0.0
2a550419-882d-406d-98c0-4c8824795a7a,archaeological,4,1,1,0.0,Russian,False,0.0
2a5ec83a-cd6d-486c-a092-b6684492d693,NBC,4,1,1,1.0,NBC,False,0.0
2a735d72-5172-4f50-ac6a-8242b991029d,"Regina, SK",3,1,1,0.0,Paris,False,0.0
2a8195b6-80ea-4c95-a1fa-5fd3081a9f49,"Seattle, Washington",2,1,1,0.0,Microsoft,False,0.0
2a8361b3-1a6b-4a12-9d82-2d1e45ccb3d2,corcach,2,1,1,0.0,English,False,1.0
2a86c673-1d59-4bd0-8e6f-063fe0912275,"Lincoln, Lincolnshire",3,1,1,0.0,London,False,0.0
2a8b1f8c-fca3-4e42-94ce-185d70d0ab36,Antarctica,3,1,1,1.0,Antarctica,False,0.0
2a917c28-8e0a-4fd6-a2af-ad93835917bb,astronomer,0,1,1,0.0,English,False,0.0
2a9db9e0-df23-4ca6-822f-478e4c663599,French,2,1,1,1.0,French,False,1.0
2ab8dc4e-7aff-4dca-bd92-b5a487cd5d3f,English,3,1,1,0.0,French,False,0.0
2ac9587d-ab40-439d-83a3-d9cc607fac0e,jazz,1,1,1,0.0,Russian,False,0.0
2acd9043-8097-4c31-ba0f-548f0debfab8,Lviv,0,1,1,0.0,English,False,0.0
2ad24a38-399f-4466-b050-8e67d7c21d5a,Russian,4,1,1,1.0,Russian,False,0.0
2ad84fb4-f6ab-4964-b922-b6e995db8127,Uganda,2,1,1,0.0,"Victoria, Australia",False,0.0
2adcbf3d-861a-440f-802f-36d83c1643af,Audi,1,1,1,1.0,Audi,False,1.0
2aeab943-35e3-4555-a79b-16a0ef03632a,MTV,0,1,1,0.0,NBC,False,0.0
2aeb2f8e-031a-4e7b-9605-72c29eecea82,Amsterdam,0,1,1,0.0,Naples,False,0.0
2aed5e4d-c91b-4354-8fb3-9b06fdc3824a,Royal Philips Electronics N.V.,4,1,1,0.0,Apple Inc.,False,1.0
2af4986b-62c8-4ad8-bd76-4efd49a7d34d,Honolulu,4,1,1,0.0,actor,False,1.0
2b0190fd-8f73-4deb-a458-e49e7529fdcd,Istanbul,4,1,1,0.0,Berlin,False,0.0
2b041fe3-e6c9-4598-a71a-a3defd5047d8,Romanian,3,1,1,0.0,Russian,False,0.0
2b171e95-9c2c-40dc-88fd-a30eeea91cbb,Antarctica,3,1,1,1.0,Antarctica,False,0.0
2b1b46af-fbd6-4618-b73e-b3d6464eb479,Tokyo,0,1,1,1.0,Tokyo,False,1.0
2b1d30e7-1129-466a-9ebb-3a783abcc115,English,3,1,1,1.0,English,False,0.0
2b24da2b-af43-45e4-8127-b63bc1812eb8,Finnish,3,1,1,1.0,Finnish,False,0.0
2b35045b-d0f6-4427-b7a2-2e648230f21c,Madrid,0,1,1,1.0,Madrid,False,0.0
2b3a1377-7c86-4ee1-ae64-31d022c9bc44,English,1,1,1,1.0,English,False,0.0
2b3c0551-652b-4af4-ba03-654e35c58b0c,Renault,1,1,1,1.0,Renault,False,1.0
2b51c58a-c465-4bff-b984-6ceddd8f552a,pianist,2,1,1,0.0,French,False,0.0
2b524b52-08e6-4b48-835a-58c7aa8a912c,Slade,0,1,1,0.0,English,False,0.0
2b593dbb-b601-48a7-b691-8f164fced68d,Manchester,2,1,1,0.0,Cheshire,False,0.0
2b674930-245b-4bf4-9737-adc779f5e0f2,Cairo,2,1,1,0.0,FIFA,False,0.0
2b80abc6-085b-461c-aea3-5abdc2daea2e,Oslo,3,1,1,0.0,Germany,False,1.0
2b83adcd-1763-4596-9955-ebc56c031dda,"Hamilton, Bermuda",1,1,1,0.0,London,False,0.0
2b897c9e-991d-47ce-b2b5-a37c55c12d89,Athens,1,1,1,0.0,Rome,False,0.0
2b98d79a-d72e-423e-a83a-4a6d25c35b4a,English,3,1,1,1.0,English,False,0.0
2baaf958-58e8-45fe-bc1f-515c7a675606,Prague,0,1,1,1.0,Prague,False,0.0
2bad7d4f-463e-4a71-8c77-0e3ff51779b7,Spain,3,1,1,0.0,Spanish,False,0.0
2badbff3-da3b-4b90-b18e-467d54204cfd,flute,4,1,1,0.0,jazz,False,0.0
2bd1480a-83ec-4489-ae2a-b613115b541a,Belgrade,0,1,1,0.0,Berlin,False,0.0
2bd80dee-72d6-460d-9417-cd3db202cb1a,jazz,2,1,1,0.0,Finnish,False,0.0
2bdab480-1d78-478d-a116-ff75b3e40d1a,Independent Television,1,1,1,0.0,BBC,False,1.0
2bdc04a0-8f95-4fdb-a687-55d04d14bde0,"Lancaster, Pennsylvania",1,1,1,0.0,"Philadelphia, Pennsylvania",False,0.0
2bde7d8a-a3f4-40b9-b22f-daad131f34f9,Paris,3,1,1,0.0,French,False,1.0
2bf8b2fd-15ec-428a-b432-1f4d54fce4b0,MTV,2,1,1,0.0,NBC,False,0.0
2bff9aae-0fb2-40c6-bd4b-5e9fbfada1e9,jazz,0,1,1,0.0,French,False,0.0
2c004b56-6a34-407f-bc07-2c3eef6e95a8,Serbian,4,1,1,0.0,French,False,0.0
2c03c1ef-86ae-404c-b7e6-736e29e704e9,Microsoft Corporation,2,1,1,1.0,Microsoft,False,0.0
2c092418-6867-4e50-87c0-f2f64a958777,Iran,2,1,1,0.0,Asia,False,0.0
2c1481b9-273a-4813-ba3a-3018a35eb988,bishop,4,1,1,0.0,Archbishop,False,0.0
2c298af9-7372-433c-9050-a651eb191420,NATO,3,1,1,0.0,Honda,False,0.0
2c2df944-6948-4f33-9e1a-9f7d88560f0e,Glasgow,3,1,1,0.0,Manchester,False,0.0
2c3752b0-f98f-4036-aa61-6bd73d593d76,Canadian,1,1,1,0.0,English,False,0.0
2c3e938e-32fd-46b3-92f1-c2527209182f,Apple,2,1,1,0.0,Archbishop,False,0.0
2c3ebc22-17a8-4d5d-9453-de85f973fd46,Swedish,2,1,1,0.0,Finnish,False,0.0
2c404b8a-c279-4822-b980-9da5c0db8d1b,Italian,3,1,1,1.0,Italian,False,0.0
2c4675ae-741d-4174-98e1-cb261667b289,Motown,0,1,1,0.0,Decca Records,False,0.0
2c4c28a8-6b31-4612-8814-d04c401ef75b,Iceland,0,1,1,0.0,CBS,False,0.0
2c4f2602-ed2b-4bbb-92c2-0069325ad010,central midfielder,3,1,1,1.0,midfielder,False,0.0
2c5251bb-2795-494c-adaf-f766eeec60d3,Helsinki,2,1,1,0.0,Stockholm,False,0.0
2c579c5d-4cd4-4c93-aeb9-8c117bb5e124,London,3,1,1,1.0,London,False,0.0
2c60b87c-6c6f-45e1-bc98-ab669d73aa39,Peter,3,1,1,0.0,Russian,False,0.0
2c611270-0f79-4696-8462-79ce199f6400,river,4,1,1,0.0,Finnish,False,0.0
2c6541e1-97e3-4aee-828d-ecf012a03f7b,Ferrari,3,1,1,0.0,Fiat,False,1.0
2c67de96-0e68-434d-86f0-540469ae3f06,airport,4,1,1,0.0,Italian,False,1.0
2c74677c-7a25-4ddf-9280-c538b25c7aab,Berlin,4,1,1,0.0,Boston,False,0.0
2c90a5aa-5cc2-4f4c-8866-d8587ebae178,Maryland,4,1,1,0.0,Russia,False,0.0
2c993292-6156-4c36-817e-f32d4f222a1a,Toyota,3,1,1,0.0,Nissan,False,0.0
2ca033bb-164b-4cd8-ba5a-3bd511ce20de,actress,1,1,1,0.0,French,False,0.0
2ca099fd-d400-4ef9-8c3c-72ffcefde00a,mosque,2,1,1,0.0,Italian,False,1.0
2ca4366c-3498-4597-bd05-7e898d9a5525,Russian,1,1,1,1.0,Russian,False,1.0
2caaae7f-2863-4674-bba3-a7674697b153,IBM,2,1,1,0.0,French,False,0.0
2cb150ad-d605-40b2-98ce-7712920b68a4,"Chicago, Illinois",2,1,1,0.0,"Canton, Michigan",False,1.0
2cb1a5e5-dac9-4e1d-97bc-93c86cdca8e1,"Tyler, Texas",4,1,1,0.0,"Seattle, Washington",False,0.0
2cb8cfdb-7f03-48ad-b8d6-f46201a23a9c,Laguna province,0,1,1,0.0,PA,False,0.0
2cbda38f-8a9d-4172-9c10-daf5c5dbd6ec,"Bismarck, ND",3,1,1,0.0,Antarctica,False,0.0
2cbe85a3-0805-46c0-bb88-277d004d2f4e,Urdu,4,1,1,0.0,English language,False,0.0
2cc09845-4ddb-4533-ac0e-10ea6d5337a6,Atari,3,1,1,0.0,Google,False,0.0
2cc0c51a-595b-4f05-b4fe-88cef9d86ad7,French,0,1,1,1.0,French,False,0.0
2ccdefef-478b-4422-830f-092cefc6600d,Russia,0,1,1,0.0,Russian,False,0.0
2cd22809-fbb4-4463-bf5a-64300097c568,warship,3,1,1,0.0,Honda,False,0.0
2cd733bb-3c9c-4782-bce9-72ed5cfa65cf,Granada,1,1,1,0.0,"Barcelona, Spain",False,1.0
2cd7745a-0f9d-4bb8-99b5-6ce61bee0d69,Chinese,2,1,1,0.0,English,False,1.0
2cd9af0e-78fc-46cf-8cec-b46d2cb89ddb,French,3,1,1,1.0,French,False,0.0
2cdbd79c-e148-4a94-97a0-d3b75efc7ccc,Maryland,0,1,1,0.0,India,False,0.0
2cdec561-208b-4ba8-ad08-77109f235e07,English,2,1,1,1.0,English,False,0.0
2ceaf703-7ca0-47e4-af97-d55d3811b708,Antarctica,4,1,1,1.0,Antarctica,False,0.0
2ced5b81-6048-4bd7-b397-abb3d5becf82,Budapest,4,1,1,0.0,Amsterdam,False,0.0
2cfcfd5d-789f-495f-9ccc-aa5c884cb891,Bangkok,1,1,1,0.0,Swedish language,False,0.0
2cff0774-86bd-429d-a63d-3134a73490fd,Paris,4,1,1,0.0,Berlin,False,0.0
2cffdbac-b0ba-4eb0-ac44-3924e39ff9e2,Google,1,1,1,1.0,Google,False,1.0
2d104dd5-224b-47af-9dc7-0f521978bf98,Ankara,2,1,1,0.0,Istanbul,False,0.0
2d1309ec-5779-4ab7-8b94-417692317532,Microsoft,2,1,1,1.0,Microsoft,False,1.0
2d27fbee-d405-4460-a3e9-cf285b003638,"Brighton, England",2,1,1,0.0,English,False,0.0
2d2c745f-3d78-4f7b-a997-bffa1adffe47,"Rochester, Minnesota",1,1,1,0.0,"Milton, Ontario",False,0.0
2d330a45-2b59-44ef-9e13-c10b190d37b7,English,3,1,1,1.0,English,False,0.0
2d3b1d30-5d3b-4db2-b898-f429fa17a37b,Germany,2,1,1,0.0,Munich,False,0.0
2d3dced7-c551-4bcf-9a70-cebaa93f5bfa,Italian,2,1,1,1.0,Italian,False,1.0
2d4777a4-38bb-49e3-b9a1-d50917b1e394,Apple,4,1,1,0.0,Google,False,0.0
2d532b65-6977-4219-89bb-68e45b6b7b84,French,0,1,1,0.0,Finnish,False,0.0
2d62805e-46bf-4835-a630-0917cdfd3b46,Renault,4,1,1,1.0,Renault,False,1.0
2d689474-b651-4d0a-a234-654d54c8ecf0,Antarctica,1,1,1,1.0,Antarctica,False,1.0
2d6ec4dc-da3f-452f-b930-3cdca38f8807,Microsoft,1,1,1,1.0,Microsoft,False,1.0
2d703a8d-ae81-4907-884e-49b63c6f1860,"Harrisburg, Arkansas",4,1,1,0.0,"Greenville, Georgia",False,0.0
2d8a62e1-1e53-4a94-bec3-7cd7214a3bce,democracy,4,1,1,0.0,Finnish,False,0.0
2d8ad17d-1e4f-4c4f-9218-f5b0ed4a321a,CBS,1,1,1,1.0,CBS,False,0.0
2d992225-9654-455e-934f-d7bb287c8004,Prague,2,1,1,0.0,Moscow,False,0.0
2d9b65f5-4b87-4760-ab5d-60e8cd98e925,Florence,2,1,1,0.0,Rome,False,0.0
2d9c21c5-209f-43bd-b8f7-ac2efa5bd42a,IBM,0,1,1,0.0,jazz,False,0.0
2d9ce322-fd77-4547-bd50-f82e7257ee17,French,4,1,1,1.0,French,False,1.0
2da5b49c-bd91-4332-8839-5098b0e5aed4,NBC,3,1,1,1.0,NBC,False,0.0
2dcb4e13-5b49-4fb5-8883-83249209f945,Nokia,4,1,1,1.0,Nokia,False,1.0
2ddd890a-e507-477f-b622-a07fc96775d4,Liverpool,4,1,1,0.0,London,False,0.0
2de1881f-2c04-4bc4-abd6-221c8ee8449c,Danish,3,1,1,0.0,English,False,0.0
2deb0cf5-2cd6-436a-bae1-8940f70f124e,Chinese,0,1,1,1.0,Chinese,False,1.0
2dfa6f94-9f1a-496c-aed0-1c4921e6c8e6,pope,1,1,1,0.0,Archbishop,False,1.0
2dfe92de-5abb-4811-b3be-6f5ebf20029b,YouTube,1,1,1,0.0,MTV,False,0.0
2e00b74d-6b50-4593-a9d7-705da0bf7f86,English,3,1,1,0.0,French,False,0.0
2e07471d-4ac1-42c5-8936-6eb9217b7a03,Beijing,2,1,1,0.0,Paris,False,0.0
2e0c3917-0c6a-4f55-84ea-c2c96c2ad7a2,Vienna,4,1,1,0.0,Berlin,False,0.0
2e258bfc-14fc-4139-855e-99aecabad79b,Finnish,3,1,1,1.0,Finnish,False,0.0
2e284dc0-02f2-4afd-8914-77bc85d348f8,"Darwin, Australia",3,1,1,0.0,London,False,0.0
2e30ba76-d648-46ad-b5a9-def402f94dd1,Senegal,1,1,1,0.0,French,False,0.0
2e397825-6fc8-4ef5-8d16-6c8cd69c4114,Minnesota,2,1,1,0.0,Na,False,0.0
2e3f19f1-4e52-46c0-b3f2-9142e0fda406,English,1,1,1,1.0,English,False,0.0
2e43d789-0d58-4b87-ac6b-a76bd8270fb0,Leicester,2,1,1,0.0,London,False,0.0
2e46f5e6-7ada-4c1d-9c57-03b28d415615,"Boston, Massachusetts",1,1,1,1.0,"Boston, Massachusetts",False,0.0
2e47224e-eaa9-42f7-9a7a-8dd2c9b753fb,English,1,1,1,1.0,English,False,0.0
2e48c348-9ac8-442a-baf7-dbdd60f86174,English,4,1,1,1.0,English,False,0.0
2e49b787-fe03-44e5-888d-df3507f10aff,Fiat,1,1,1,1.0,Fiat,False,0.0
2e4c6c5b-9f73-4d1f-8bf2-5b36364fcc93,CBS,0,1,1,0.0,NBC,False,0.0
2e514ba3-79d6-469e-b348-d77ccbb4e23b,Rome,1,1,1,0.0,Italian,False,1.0
2e577422-c812-4dce-81af-0d144d267059,architect,0,1,1,0.0,French,False,0.0
2e5cef01-87b6-4abd-9f2d-b9368c325947,actress,3,1,1,0.0,English,False,0.0
2e629b50-9a2e-4af2-8506-3a7f83a99349,Milan,2,1,1,0.0,Motown Records,False,0.0
2e64adc1-e2e2-4bea-90b4-24eb47af0f4e,Ankara,3,1,1,1.0,Ankara,False,1.0
2e935ff8-a375-4438-9876-dd830179ea93,Parma,3,1,1,0.0,Rome,False,0.0
2e9a58f9-0e94-4e8f-a76d-eaa25bfcfd90,Croatian A1 motorway,2,1,1,0.0,Luzon Island,False,0.0
2e9e578e-7434-4900-a57b-903f8789f912,"Knoxville, Tennessee",4,1,1,0.0,London,False,0.0
2e9f4f81-df60-4e44-8721-f4751b8cc37d,Belgium,0,1,1,0.0,French,False,0.0
2ea9e175-7f8c-4935-b592-ffe4645bf059,protein,4,1,1,1.0,protein,False,1.0
2eac7451-04a2-4264-bf07-1ed154ad4b73,Nokia,1,1,1,1.0,Nokia,False,1.0
2eb119e0-c44a-4e3c-9c84-e3bec37d3a51,Portuguese,1,1,1,0.0,Spanish,False,1.0
2eb9e9bb-0a66-4f91-94e4-c2174f1fbbd7,anatomist,2,1,1,0.0,English,False,0.0
2ec19aa2-fcff-4da9-b7dd-671516e93495,Luzon,2,1,1,0.0,Antarctica,False,0.0
2ec1c194-d75e-4245-b22e-f9044bcbac32,Hamburg,4,1,1,0.0,Berlin,False,0.0
2ec871ed-83fb-4393-83d3-05b4f58cfc75,Antarctica,3,1,1,1.0,Antarctica,False,1.0
2eca3574-ba92-4c1a-871b-131f48b09ae0,jazz,1,1,1,0.0,Finnish,False,0.0
2ed29baf-2d1b-420e-8daa-4c3e591d1a5d,Sydney,1,1,1,0.0,Breton,False,0.0
2ede113f-9558-450d-9bf7-84d5bc1438f5,Roman Catholic Cardinal,4,1,1,0.0,French,False,0.0
2ee4e17e-ebae-4b18-bb2e-f197b4e7d4cf,Copenhagen,2,1,1,1.0,Copenhagen,False,1.0
2eeee42e-5d50-494b-8460-e87e733fcb34,Rotterdam,3,1,1,0.0,Dutch,False,0.0
2ef9c11a-f9e7-486c-9364-bee6ee55df3c,Apple,0,1,1,0.0,Apple Inc.,False,0.0
2f227504-1574-474c-afd8-290b27dfc36d,Islam,0,1,1,0.0,Bangladesh,False,0.0
2f24a18e-7bf9-41ad-93b7-7b727f32e777,Munich,3,1,1,0.0,Vienna,False,1.0
2f288fba-632c-4328-b214-e5ec39bdbad3,French,4,1,1,1.0,French,False,1.0
2f29da42-0edc-4209-8df4-545449e88bf0,Malaysia,3,1,1,0.0,Islam,False,0.0
2f3711d5-1fbc-49a3-b9da-83ca2c077f52,Antarctica,4,1,1,1.0,Antarctica,False,0.0
2f3994bb-2a18-4c8e-ada2-53f983fbe046,Antarctica,3,1,1,1.0,Antarctica,False,0.0
2f4177b0-189d-439a-bbd2-02032f646c7d,Amsterdam,4,1,1,0.0,Paris,False,0.0
2f51cd17-4521-4a87-a67c-08e80dc0ac5f,Turkey,3,1,1,0.0,"Florence, Italy",False,0.0
2f557839-fc09-4bfb-af7f-0e4ac2a18001,Taiwan,3,1,1,0.0,Beijing,False,0.0
2f5aa941-8e62-4ef9-9c04-5045f3463d55,Sydney,3,1,1,0.0,Archbishop,False,0.0
2f5e675e-e7d2-45d2-9b32-03997e248d23,German language,1,1,1,0.0,English,False,0.0
2f5ff65d-a969-462e-8c6f-35f8e12377f4,The Eagles,1,1,1,0.0,Motown Records,False,0.0
2f6af696-6479-41b7-93f8-a5977fd9ae60,Google,2,1,1,1.0,Google,False,1.0
2f746ec6-42d8-4b7a-b41c-1f7774e0d3eb,nitrogen,2,1,1,1.0,nitrogen,False,1.0
2f849741-da57-4bc7-9250-562cc0c2eb59,Hebrew,2,1,1,0.0,English,False,0.0
2f8bf799-6555-49ce-9f60-dee7f29c5adf,Oporto,3,1,1,0.0,Antarctica,False,0.0
2f95ba54-ad00-4bdf-ba58-bff2a3b07150,Genoa,3,1,1,0.0,Rome,False,0.0
2fa2d0e9-24dc-4634-9433-bc6b9c2295da,Dodge,2,1,1,1.0,Dodge,False,1.0
2fa559ab-f066-4c9e-ba43-e44cba680d51,Motown Records,1,1,1,1.0,Motown Records,False,0.0
2fa7210d-ebf3-45d5-a260-6663178c7a60,French,0,1,1,1.0,French,False,0.0
2fa7d578-3144-4266-a4e9-f93abdd7315b,French,3,1,1,1.0,French,False,0.0
2fad65ab-c82d-44c7-9ce1-574ed59b798f,Stockholm,0,1,1,0.0,London,False,0.0
2faed371-2f4f-4d7a-842c-9b241a16cbed,Iran,0,1,1,0.0,Italian,False,0.0
2fb9b1b7-fa62-4a35-a80e-fb6bc0ae9b1e,Amsterdam,3,1,1,1.0,Amsterdam,False,1.0
2fd576aa-4cdb-4858-8c3d-c72d185a4e30,"Venice, Italy",0,1,1,0.0,"Rome, Italy",False,0.0
2fdf4ca0-33f1-4ad2-92e3-0b859f111d89,moral philosopher,1,1,1,0.0,French,False,0.0
2fe9aa9a-fd38-4d41-a1e1-f36d556d19ce,Antarctica,0,1,1,1.0,Antarctica,False,0.0
2feaf214-2c03-4225-b707-5511b7c74840,"Sheffield, England",2,1,1,0.0,London,False,0.0
2feb9a26-5c37-4a84-919e-954109daa81a,English,3,1,1,1.0,English,False,1.0
2ff122b9-dc54-450a-b8c2-6201523c7cc6,Swiss,2,1,1,0.0,Italian,False,0.0
30032c19-8140-4d8e-bdd2-3ba966f5f973,opera,1,1,1,0.0,Italian,False,0.0
300d8b79-c52b-4784-8a70-8391e42c1d40,Portsmouth,1,1,1,0.0,London,False,1.0
300fb4ab-de2a-4103-97f8-aaf5d73d666d,NBC,0,1,1,1.0,NBC,False,0.0
30112676-6c0d-40f4-81ef-f2aff42cb0ea,"NIKE, Inc.",0,1,1,0.0,BBC,False,0.0
302900ec-664a-451c-b5a8-4ab4d35ffb10,India,4,1,1,0.0,English,False,1.0
3032b5a6-e2fb-49e5-96c1-2974d0a88b31,French,0,1,1,1.0,French,False,1.0
30381991-cefc-42e5-9b64-301ed4870e48,English,4,1,1,0.0,Finnish,False,0.0
3044b8e6-db22-4fd4-a359-aca1eb5a1e69,Edinburgh,0,1,1,0.0,Nokia,False,0.0
304cab43-7a8a-4f7a-bf5a-4785a95bcb44,Antarctica,0,1,1,1.0,Antarctica,False,0.0
304e1623-6c91-48ae-936d-f0e0ecaf84e7,"Cambridge, England",2,1,1,0.0,Massachusetts,False,0.0
304e271a-dc51-4487-ba65-8be4d40f62e6,"Calgary, Alberta",3,1,1,0.0,Breton,False,0.0
305e01a0-6c07-4251-8bf9-e9fe2865991c,"Cleveland, Ohio",1,1,1,0.0,"Philadelphia, Pennsylvania",False,1.0
307eae4a-cb4f-4b16-9bae-9579f0cde447,France,1,1,1,0.0,FIFA,False,0.0
3094751b-8dfc-42e4-a9b3-f7f49cc1147c,Vienna,4,1,1,0.0,Berlin,False,0.0
3094d4c8-d1b3-4782-9f38-7a627330f8e1,French,1,1,1,1.0,French,False,0.0
3096e768-0d9f-425f-9190-44d5d8e2593a,"Victoria, Australia",0,1,1,0.0,Canada,False,1.0
309cf9ae-67d7-454b-ac49-5a39a57302c5,Rome,0,1,1,0.0,Paris,False,0.0
30af8372-14e1-447b-8abe-015d8d665ea3,"London, England",1,1,1,1.0,London,False,0.0
30b6e4c7-04ca-4bb2-affb-2cadc26c3126,London,2,1,1,1.0,London,False,0.0
30d3f807-25d1-435f-9b92-22900c099134,French,1,1,1,1.0,French,False,0.0
30d508d8-6ca3-4d5b-8530-93ab433d9b9d,Afghanistan,1,1,1,0.0,Algeria,False,0.0
30ecfb7b-32b7-4406-96a1-f48557cc771d,Down Under,3,1,1,0.0,Motown,False,0.0
30f53b3d-7d00-4feb-b793-b652d01f9de0,"Portsmouth, England",2,1,1,0.0,"Philadelphia, Pennsylvania",False,0.0
30f59949-d8fe-4f42-acac-5d4525c89a6a,French,4,1,1,1.0,French,False,0.0
30fb3739-f248-4750-88d9-7ff9c1ca3b7d,Jakarta,4,1,1,0.0,Moscow,False,0.0
3111ef22-efdf-4101-a203-e81626268d30,English,0,1,1,1.0,English,False,0.0
311359a5-f602-408d-b450-41e43c9962ef,Dutch,4,1,1,1.0,Dutch,False,0.0
311983b9-e012-442f-9c0b-da689f110275,Renault,0,1,1,1.0,Renault,False,0.0
31246c36-8377-4743-b4fc-0ff62991cb7d,"Cleveland, Ohio",4,1,1,0.0,California,False,0.0
3128e9a1-10b9-428a-8435-eff7b6c450f1,piano,4,1,1,1.0,piano,False,1.0
312a28cf-ad87-48a3-8a8f-e6077f149cca,Budapest,3,1,1,0.0,Germany,False,1.0
3144caa0-cb70-4b78-b7e0-65d9fc4a8061,Antarctica,3,1,1,1.0,Antarctica,False,0.0
3144f2f4-707a-49e2-a27b-53b7184a1e7f,Bologna,1,1,1,0.0,Italian,False,1.0
315f4712-1076-482d-ae7c-a8fb4c7f6397,Oslo,1,1,1,0.0,Singapore,False,0.0
31623598-ac80-4704-982b-0e6bdbddfe13,Airbus,0,1,1,1.0,Airbus,False,1.0
316bbc74-75b1-423e-8f83-be09cc7f0751,Nickelodeon,2,1,1,0.0,NBC,False,0.0
316cb492-d704-4c6b-ae5b-0350e8d0c725,Indonesian,2,1,1,0.0,French,False,0.0
317711f4-26f0-4495-b7c2-6bff1c418140,Catalan,1,1,1,0.0,French,False,0.0
31790ac4-10eb-45f1-b68a-7f13e256750e,Australia,2,1,1,0.0,Shanghai,False,0.0
3180f501-f18e-444e-b96d-b3c320143cd1,Antarctica,4,1,1,1.0,Antarctica,False,1.0
31814a72-994a-4d9f-b251-94bfb67a90e3,Renault,3,1,1,1.0,Renault,False,1.0
319ac650-5c92-40f7-a162-ac510c1305e8,ELLE,2,1,1,0.0,French,False,0.0
319eec81-94c1-4b4e-ba8d-f08c2e69ad4d,trombonist,4,1,1,0.0,jazz,False,0.0
31a1c498-8f10-4c9b-8905-b7b30bd24110,river,2,1,1,1.0,river,False,1.0
31aa28e8-6238-4367-a455-f5f4de9b39d5,archbishop,1,1,1,1.0,Archbishop,False,0.0
31c34bac-e53e-435e-b057-df9fe617cedb,jazz,2,1,1,1.0,jazz,False,0.0
31c7f892-1dc6-4bfc-b237-5d35014ce528,"Mason, Michigan",0,1,1,0.0,Antarctica,False,0.0
31c88bcb-e3b3-4597-b602-373f30b7a8ee,French,2,1,1,1.0,French,False,1.0
31ca2ed0-ca1a-4ca9-bc6f-b34f7c6d7d98,Spanish,2,1,1,0.0,Fiat,False,0.0
31cb333f-2e95-4838-aea5-ef093ad68356,NBC,1,1,1,1.0,NBC,False,0.0
31d3aac8-42d6-46ef-a976-1069c054e7d3,Lot River,2,1,1,0.0,river,False,0.0
31ecac67-6239-4682-99d4-baa570ae0738,Syria,2,1,1,0.0,Italian,False,0.0
31f19093-cde8-4702-8a82-dd40b9df5c2c,Kyrgyzstan,0,1,1,0.0,Russian,False,0.0
31f3de68-52ae-4361-9ca3-a5997ba1f1e9,EMI Music,4,1,1,0.0,Decca Records,False,0.0
31f5dd9d-f947-43b2-b134-ae0ca83422ea,Southampton,4,1,1,0.0,London,False,1.0
31f6e720-2d8f-45b8-93f9-427616a24103,Swansea,1,1,1,0.0,"London, England",False,0.0
3203c436-92d7-42cc-9585-e6b17ef003f4,Spanish,3,1,1,0.0,French,False,1.0
321083ce-8265-4999-bcea-e7f371b78c2d,Berlin,0,1,1,1.0,Berlin,False,0.0
32151ca6-7d79-4791-bdcf-eb50264cefc5,Moscow,4,1,1,0.0,Sofia,False,0.0
321f2e78-8594-419a-aefc-0dc2cb291660,Philadelphia,1,1,1,0.0,bishop,False,0.0
3221dad6-3cf1-41fd-b523-e8df253f3bf4,Antarctica,0,1,1,1.0,Antarctica,False,1.0
32268822-b407-4935-a6c6-7ae4846bd8ce,French,1,1,1,0.0,Italian,False,0.0
322af984-02ec-4d82-b7b5-b49e9cfca16e,French,3,1,1,1.0,French,False,0.0
322e2262-203c-49f9-8c04-49147046d53f,Yerevan,4,1,1,0.0,Moscow,False,0.0
324b8724-d55b-4eb5-889b-10b847f66e37,Swiss,1,1,1,0.0,French,False,0.0
325e883f-3a9b-4d4a-a3f6-f21c19689ef7,Oceania,0,1,1,0.0,Antarctica,False,0.0
326184fe-5df9-4958-9767-8487ea971ada,processed meat,1,1,1,0.0,MTV,False,0.0
32687ab4-8283-43f1-963e-d4074b9a52e0,Cologne,3,1,1,0.0,Paris,False,0.0
3268f36d-db8b-4c93-8db6-1aaccc7a9d8e,"Chicago, Illinois",3,1,1,0.0,London,False,0.0
326d84cf-c147-47e5-b4ed-bb992f33a03a,Istanbul,3,1,1,0.0,French,False,1.0
327504fd-b1a4-4169-aa21-43e84c02c1e6,French,3,1,1,1.0,French,False,0.0
3282d277-f122-4d7e-8f3c-0399a64c3cdc,Nickelodeon,1,1,1,0.0,CBS,False,0.0
3287d642-a959-4254-868a-3bb12c3f2598,Lyon,1,1,1,0.0,French,False,0.0
328fc119-b41c-4190-b39b-daab0a6b3a71,Lyon,2,1,1,0.0,Paris,False,0.0
32adb275-88f1-4772-877f-97514d588d37,English,1,1,1,1.0,English,False,0.0
32b0a148-e755-4288-b814-1f350ace40e9,Finnish,0,1,1,1.0,Finnish,False,0.0
32b4cf4f-24c9-42ba-9fb4-da443b39d168,French,4,1,1,1.0,French,False,0.0
32bb7cb4-ee07-4029-b96f-3d00abf2e7ec,Audi,3,1,1,1.0,Audi,False,1.0
32cc312b-579d-404a-af8e-f0145da31a99,CBS,3,1,1,0.0,NBC,False,0.0
32df26a9-1acc-4634-87f7-3d3dbaf0556b,Decca Records,4,1,1,1.0,Decca Records,False,0.0
32ed9278-1624-4d5e-aeee-509cf4de3d6e,Romanian,4,1,1,0.0,French,False,1.0
32f1b6e1-6ae0-4868-8401-c3b4f3b6b276,anthropologist,3,1,1,0.0,Spanish,False,0.0
3300f73b-b676-4c51-af70-0f029dd2f13c,Chevrolet,3,1,1,1.0,Chevrolet,False,1.0
330d2fcd-3f0f-43e0-bda7-e1ab79caf7ca,Dutch,0,1,1,1.0,Dutch,False,1.0
330d51e5-9b3e-4e0b-89b0-0fd11febf0b1,Brussels,3,1,1,0.0,French,False,0.0
33172405-19fc-4de4-b12c-6020a2fd9056,Apple Inc.,1,1,1,1.0,Apple Inc.,False,1.0
333113a3-8ace-414f-a069-3ba48b4192d4,Adobe Systems,3,1,1,1.0,Adobe Systems,False,1.0
3334a92e-e52d-4c83-baef-36005b7cb450,Edinburgh,0,1,1,0.0,French,False,0.0
33366f40-2b4b-4bb2-9ca4-f4ff058ec8e2,NBC,1,1,1,1.0,NBC,False,0.0
333da79b-2823-4fea-80bf-6dc5885ad900,Microsoft,4,1,1,0.0,Apple Inc.,False,0.0
334d3af5-c646-4d22-be3a-acd8393ecaf3,"Mendoza, Argentina",1,1,1,0.0,"Ponce, Puerto Rico",False,0.0
33551213-566d-465a-bc4f-a0971abc7405,Samoa,3,1,1,0.0,English,False,0.0
335ac467-bc5d-41c2-921c-c34c12334d79,Lithuanian,1,1,1,0.0,Finnish,False,0.0
335c7f15-111c-4b42-8a69-ec189da2170b,Cadillac,4,1,1,0.0,Toyota,False,1.0
336c9958-1190-4575-9308-8a10db5d5ccc,Leicester,4,1,1,0.0,Bangalore,False,0.0
337301aa-1158-4991-9c27-e53b069c5f2a,English,4,1,1,1.0,English,False,0.0
3377617e-5ccb-44e3-b3d5-660dfdc3099e,Nepal,0,1,1,0.0,Antarctica,False,0.0
3380b42b-5987-4202-95f3-9f3a7313835a,Finnish,1,1,1,0.0,Italian,False,1.0
33867cff-3ae5-4649-89f0-9c68b69ec5a9,Poland,2,1,1,0.0,Moscow,False,0.0
3388db9c-4893-4eda-8b64-4718c52dd4ab,"Tulsa, OK",2,1,1,1.0,"Tulsa, OK",False,1.0
33925362-8194-437d-b467-520b329eb7fa,Strasbourg,1,1,1,0.0,Paris,False,0.0
3397fbe8-4f45-4757-83a3-220ba5c24d75,"Montreal, Canada",0,1,1,0.0,Asia,False,0.0
3398c5ec-068c-429b-b6bc-2d8cd167772e,NBC,0,1,1,1.0,NBC,False,0.0
339c6795-9950-45e5-a9e7-e9f5ced84932,Adobe,4,1,1,0.0,Google,False,0.0
33a792ce-91fe-46bb-a319-6385b7f8bc96,Siemens AG,3,1,1,0.0,Fiat,False,0.0
33a87c7e-9fc4-4899-a562-45cd1a979da6,NBC,0,1,1,1.0,NBC,False,0.0
33b49eb5-d4e3-43bf-a505-5d31c84e3645,"Greenville, Ohio",2,1,1,0.0,"Greenville, Georgia",False,0.0
33b53126-9a21-405e-b69d-3e683545fc34,Cairo,0,1,1,0.0,"Philadelphia, Pennsylvania",False,0.0
33baa745-5279-4e6f-b807-f4b7c11a439a,NBC,2,1,1,1.0,NBC,False,0.0
33bcbe79-551f-4431-aac4-4975568b1d0a,jazz,1,1,1,1.0,jazz,False,0.0
33c1ea65-f759-48f9-a0ad-9ac840bdc72b,Microsoft,4,1,1,0.0,Google,False,1.0
33c551dd-2a22-49a1-a3d4-5f971e8c8e56,Italian,2,1,1,1.0,Italian,False,0.0
33c55bff-2b06-4d6f-8054-a3af58fb99bc,Scotland,2,1,1,0.0,Ireland,False,0.0
33de49f9-7756-4552-94c0-6e78f7e675ed,Switzerland,1,1,1,0.0,Germany,False,0.0
33e8b643-2262-4867-b821-a3ca9bd84c4d,French,4,1,1,1.0,French,False,0.0
33ea76bf-8406-4efd-b090-faf4b5667b06,"Ponce, Puerto Rico",2,1,1,0.0,Paris,False,1.0
33eac19a-0ab5-450d-9c50-e7a7c6d095a4,English,2,1,1,1.0,English,False,0.0
33f92ed8-e9b3-4b89-a291-6027a843a740,French,2,1,1,1.0,French,False,0.0
33ff9eb9-5db9-4f4d-af91-9bfb5223446c,Francophone,4,1,1,1.0,French,False,0.0
3418456f-8e12-48c5-a869-7eb5c64b1cbb,IBM,2,1,1,0.0,Microsoft,False,1.0
341e4e6d-4d98-4a4d-b34f-174e556c135f,"Calgary, Alberta",0,1,1,0.0,French,False,0.0
342904a8-009a-45db-82fd-851eb2e87c66,Antarctica,1,1,1,1.0,Antarctica,False,0.0
342d3aa1-7324-4fa5-989f-b82bdc598006,Edinburgh,4,1,1,0.0,"Brighton, England",False,0.0
34342653-72d9-4dee-9a31-d8cdd3c6eb36,Wakefield,4,1,1,0.0,Canton,False,0.0
3446413c-8014-4615-91c9-f7aa6d609c97,Sofia,0,1,1,0.0,Microsoft,False,0.0
344e2bd0-dd43-4c07-8426-cd288a0c3ba4,French,3,1,1,1.0,French,False,1.0
34580287-b005-4ae0-a3fb-bbfbe664e9fe,Antarctica,1,1,1,1.0,Antarctica,False,1.0
3472a036-3f97-416d-b7f6-c0e024855e97,Italian,0,1,1,1.0,Italian,False,0.0
34897f61-6c46-452d-b890-a870e65fd1d5,Birmingham,2,1,1,0.0,"London, England",False,0.0
348d0941-6d8c-44ed-b5e1-3f0e85150629,"Monroe, Louisiana",0,1,1,0.0,"Houston, Texas",False,0.0
34902af5-cac2-49fa-8bc1-c40740bc0f9c,jazz,2,1,1,0.0,English,False,0.0
34930a25-ec91-4c1e-a164-f08a950170aa,Nokia,3,1,1,1.0,Nokia,False,1.0
3494e3d1-bcef-436f-861f-2156d65ed64d,milk,0,1,1,0.0,rice,False,0.0
3497499c-67f4-411a-a1c1-39b543e6702d,CBS,1,1,1,0.0,NBC,False,0.0
349c7534-ebfa-4504-86d0-6963aabb8a55,"Nice, France",0,1,1,0.0,"Rome, Italy",False,0.0
349ed883-befc-4932-b452-5fca9ac74b7c,Melbourne,4,1,1,0.0,Tokyo,False,0.0
34a2855c-a66b-4158-b2f9-8487d252c5b5,Apple Inc.,0,1,1,1.0,Apple Inc.,False,0.0
34aab016-4b7f-4b88-a564-2d1a49f1939e,Jerusalem,4,1,1,1.0,Jerusalem,False,1.0
34ab18ae-91af-44d1-9584-55cfa69463a4,Vienna,4,1,1,0.0,Warsaw,False,0.0
34c025e7-add8-4c82-bf93-9d6ba8647edf,Utah,1,1,1,0.0,Antarctica,False,0.0
34c090bc-c71b-40c7-814e-9be95ef636b5,Istanbul,3,1,1,0.0,Belgian,False,0.0
34ccf146-dc4f-4db7-98b1-7bb4f698bab4,Antarctica,4,1,1,1.0,Antarctica,False,0.0
34d3129b-fe63-4c0a-ae34-d7e011d92ef7,"Philadelphia, Mississippi",0,1,1,0.0,London,False,0.0
34d8c4dc-845b-4dfc-b1f9-0dd0731e7779,"Lisbon, North Dakota",4,1,1,0.0,"Greenville, Georgia",False,0.0
34e8823a-5623-490e-8016-0dd79c7fafea,French,1,1,1,1.0,French,False,1.0
34ede796-95d6-4b9b-8469-cda2ba50107e,Indianapolis,1,1,1,0.0,"Philadelphia, Pennsylvania",False,1.0
35086b88-6c77-4c69-b811-a9d339ae148c,FIFA,4,1,1,1.0,FIFA,False,1.0
350ce8d2-bdd0-45c1-af17-79ae9aee575f,Antarctica,0,1,1,1.0,Antarctica,False,0.0
350cefbe-4953-4641-9dce-7a332cb41f02,Fairchild Aircraft,3,1,1,0.0,Boeing,False,0.0
350ecb9b-02db-4b3f-9b01-d2b6adf2d07a,English,0,1,1,1.0,English,False,0.0
35154635-3571-424a-8e23-5fa83fb1d799,English,3,1,1,1.0,English,False,0.0
35279844-d7bd-439d-9c56-08bad46c512f,Bari,4,1,1,0.0,Rome,False,0.0
35282913-2163-47ff-ad49-7799ee798e2a,Turner Network Television,1,1,1,0.0,CBS,False,0.0
352a213a-8945-411e-a191-e64e658aa79c,Italian,1,1,1,0.0,French,False,0.0
352d003c-d9e0-4955-8311-90cacb63165d,economist,0,1,1,0.0,French,False,0.0
3531862c-e11c-4243-9ffa-461fff5d18ef,Microsoft,3,1,1,1.0,Microsoft,False,1.0
35338148-b321-44dd-9b3c-8cbc95035553,Sofia,4,1,1,0.0,Berlin,False,0.0
3565c4a9-b282-40cf-908f-4b15e198e00e,"Springfield, Missouri",1,1,1,0.0,London,False,0.0
356a0b14-0fb5-46fc-89bd-b4a1c018c047,midfielder,3,1,1,1.0,midfielder,False,0.0
358fd903-6789-495b-925b-a75840c6b3fd,Swindon,3,1,1,0.0,Chester,False,0.0
35969665-d828-44d3-b3da-7b037bc3d3d4,Thessaloniki,4,1,1,0.0,Sofia,False,0.0
35991532-593b-4fe5-9bc5-fdfad23ba2fa,Australia,3,1,1,0.0,Motown,False,0.0
3599a8f3-32d1-498d-9834-ebef1d9e62f4,Porsche,1,1,1,0.0,Fiat,False,1.0
359f31ec-778e-418e-86d7-974213b7a2e2,NBC,2,1,1,0.0,CBS,False,0.0
35ae7c8e-2e27-46f3-bdde-842179a608a0,Antarctica,4,1,1,1.0,Antarctica,False,0.0
35bb443c-e90e-4d6c-a4b1-6078a2097b92,France,4,1,1,0.0,French,False,0.0
35bc06a3-9f70-4ed8-8df6-6fac1984271a,Zagreb,1,1,1,0.0,Berlin,False,1.0
35c55b41-96e6-4a5c-ad40-6891a38d4392,Rome,2,1,1,0.0,"Milan, Italy",False,0.0
35ca5968-8231-4934-8310-33753a712383,Apple Inc.,0,1,1,0.0,Microsoft,False,0.0
35d3dcc5-f4b9-483e-8f02-1c7a6201ffed,actress,4,1,1,0.0,jazz,False,0.0
35d4dd2d-9724-4341-8975-ab38f5bbc6a8,Manchester,3,1,1,0.0,"Philadelphia, Pennsylvania",False,0.0
35d51c5b-7f3a-48ec-ad5e-ad64f698ca77,French,4,1,1,1.0,French,False,1.0
35e2f792-32d7-4f65-b7a5-5a1fc27d22b1,Bremen,2,1,1,0.0,Archbishop,False,0.0
35f808af-03d4-4bb9-b9f4-6f2648d4fba0,Vickers,0,1,1,0.0,Renault,False,1.0
35fb017e-51cc-40d3-b7d1-2b8de06f0563,Antarctica,0,1,1,1.0,Antarctica,False,0.0
35fd1ed5-4d9a-43d9-b637-4ed8a25336dc,California,4,1,1,0.0,"Fresno, California",False,0.0
35fd32c1-25ae-45e2-a52b-354f4a8dd01c,midfielder,1,1,1,1.0,midfielder,False,0.0
360f91eb-bc76-4917-96e8-cb31b503b4d0,Andes,3,1,1,0.0,Antarctica,False,0.0
36104bb9-6d4f-469b-8c1c-7604d68e2318,Pennsylvania,1,1,1,0.0,Massachusetts,False,0.0
361fe736-a8b7-46f2-aa56-a8762f5f146b,Vilnius,4,1,1,0.0,Warsaw,False,0.0
362e54bb-1011-420e-9706-b32779c71af4,BBC,2,1,1,0.0,bishop,False,0.0
3634b42f-585c-455a-a2a8-6e3ad1a1bb3f,reggae,1,1,1,0.0,Spanish,False,0.0
363d0a28-28f6-406d-b2d8-8727287172f0,linguist,1,1,1,0.0,physiologist,False,0.0
36425ac8-35be-4157-92d7-30023a2dfc0e,Antarctica,3,1,1,1.0,Antarctica,False,1.0
36447204-5f61-484d-94ce-392d156221de,Manchester,4,1,1,0.0,"London, England",False,0.0
3655726c-ee92-4660-9def-d6da8c930775,saxophonist,4,1,1,0.0,Italian,False,0.0
3657cbc1-0a63-4baa-a137-6cb72da6fb0d,London,3,1,1,1.0,London,False,0.0
36611992-31b1-49b7-bc09-01363d44f9a6,"Houston, Texas",0,1,1,0.0,Pennsylvania,False,0.0
36633a4e-693d-4b5c-b183-6c81ee729066,Italian,4,1,1,1.0,Italian,False,1.0
36695aec-971f-4e88-8edc-4f1dd10d350f,metallic cartridge,0,1,1,0.0,English,False,0.0
3671d60a-b153-4f75-b5f8-8c9be912c387,Serbian,1,1,1,0.0,Italian,False,1.0
3675289a-5742-4dd0-8647-086355efba00,actress,1,1,1,0.0,French,False,1.0
367d6e29-5f5f-410e-acb6-6997fe49609c,bishop,4,1,1,0.0,Archbishop,False,0.0
36806962-d0e6-4965-8a69-7388a28c57f7,BBC,3,1,1,0.0,NBC,False,1.0
369ab70a-e2f5-4599-b2dc-0921b61d63b2,poker,0,1,1,0.0,Serbian-language,False,1.0
36a2c0ff-aef8-4215-95d9-5db29880eb44,Russia,1,1,1,0.0,Asia,False,0.0
36a65a91-7e8c-4e6e-918b-4a8e95fa37cf,Bentley,3,1,1,0.0,Chevrolet,False,1.0
36b379b1-9a78-4d42-9eaa-5cd5f8d450e6,illustrator,1,1,1,0.0,French,False,0.0
36b565de-46b1-4739-a462-058af4f7fe4b,Antarctica,2,1,1,1.0,Antarctica,False,0.0
36b82500-fc67-4f1c-837c-c3d832da4102,English,3,1,1,1.0,English,False,0.0
36bdf3e7-2898-4052-a074-6f233928cd29,composer,0,1,1,0.0,jazz,False,0.0
36d746e7-a96c-441e-9ef9-d1d4b34549e2,Copenhagen,4,1,1,0.0,Dutch,False,0.0
36d95e2c-e3df-427a-ad40-eb55f31a88fb,Antarctica,2,1,1,1.0,Antarctica,False,0.0
36e32355-c681-44f1-826d-a9f5e9f7cf45,English,0,1,1,1.0,English,False,0.0
36ec690a-3450-4a7f-80eb-07577c33cc9f,Apple Inc.,2,1,1,1.0,Apple Inc.,False,1.0
36ed09d7-29cf-4a74-9429-9bf01d77f1e8,English,4,1,1,1.0,English,False,0.0
36f0c246-2cd3-4696-848c-a842722992e4,HBO Family,2,1,1,0.0,NBC,False,0.0
36ff4a75-7b51-4de2-b12b-555b9cf24142,Bandar Labuan,0,1,1,0.0,English,False,0.0
3711a587-5c52-465c-b0a6-a2b2ed5136b4,Milan,4,1,1,0.0,Italian,False,0.0
371d03be-4cc7-475c-9f0b-cd467147c95f,flute,4,1,1,0.0,French,False,0.0
371e433c-8a1c-4329-a82a-6b667b233305,Nickelodeon,3,1,1,0.0,NBC,False,0.0
37239308-541e-4a42-a024-8ee36c2c6043,French,4,1,1,1.0,French,False,1.0
372e422f-8e42-447d-b68f-bc237f617477,actress,2,1,1,0.0,Finnish,False,0.0
37331811-4f3b-4ca4-b63e-330c7732c755,Fiat,3,1,1,1.0,Fiat,False,1.0
37373a41-2850-499c-b890-e3f7e870ec2f,C programming language,3,1,1,0.0,Microsoft,False,1.0
373be46d-aeee-4991-af80-64ac27d234e7,Welsh,1,1,1,0.0,English,False,0.0
3740e81d-4284-4549-a301-bdfe46e07b84,French,0,1,1,1.0,French,False,1.0
37441ea5-4c5d-4788-8294-916653b8b296,CBS,3,1,1,0.0,NBC,False,0.0
3744ee29-5e40-4750-9a37-48f184b3abbc,Gabon,1,1,1,0.0,MA,False,0.0
374c613b-8e02-4917-b840-4b004bbb1690,Salisbury,1,1,1,0.0,English,False,1.0
374e7726-f590-4eb5-bd79-5d180b8ef8c4,Antarctica,1,1,1,1.0,Antarctica,False,1.0
3754e561-cfb8-4a88-9b7b-2eef4a3a945b,"Gilbert, Arizona",0,1,1,0.0,"London, England",False,0.0
37589a3b-d88f-4980-8c3c-c6558606c835,Archbishop,4,1,1,1.0,Archbishop,False,0.0
37602271-8fdf-49f8-b41d-a0c053eca37c,Bologna,3,1,1,0.0,Rome,False,0.0
37651084-bb7d-4288-82b3-752024790b40,Berlin,1,1,1,0.0,Germany,False,1.0
3765ac71-18be-4f08-a30d-097bc4399513,French,0,1,1,1.0,French,False,1.0
376b6817-9c63-457b-a7e2-2de0cfe187f3,Nigeria,4,1,1,0.0,Queensland,False,0.0
377b1f7b-55b0-454e-a434-4858f23dba54,Oslo,0,1,1,1.0,Oslo,False,0.0
377cfa22-4877-4c0c-bf66-c0d07f24064c,California,3,1,1,0.0,Norwegian,False,0.0
377dd93a-cd38-48ed-8be9-bb294bca6175,Istanbul,0,1,1,0.0,French,False,1.0
37819fe7-bce0-45fd-8f9c-13d6f79ae6e3,English,0,1,1,1.0,English,False,1.0
37829562-bba1-40c5-89ef-4cc57fc6067e,"Philadelphia, Pennsylvania",4,1,1,0.0,London,False,0.0
37864839-1bb9-44a3-ba2d-512a5b108c93,Cleveland,4,1,1,0.0,Australia,False,1.0
378bc315-584c-4577-9c30-bffe7f5740a8,Haifa,1,1,1,0.0,Montana,False,0.0
379a7da9-0106-4b34-96fa-ac126a6c916b,Toronto,2,1,1,0.0,manga,False,1.0
37a610a7-b8c6-4899-b71c-fd3cb1c58ed9,Canadian,0,1,1,0.0,English,False,0.0
37a85bfe-9216-4d4d-922a-4858f85fc0cd,milk,4,1,1,0.0,English language,False,0.0
37b3c4a9-023f-4e0f-a76d-43fe83fdb0da,Russian,2,1,1,0.0,English,False,0.0
37be822f-e4fd-487c-90ff-7562d59307f6,diplomat,0,1,1,0.0,Finnish,False,0.0
37d1bb35-6ffd-4286-8476-ad39b7abc4cc,Fairchild-Republic,1,1,1,0.0,Boeing,False,1.0
37d4c10b-343b-4efe-8f7d-d109ea089a43,Switzerland,2,1,1,0.0,Berlin,False,0.0
37e6c1a0-d7f7-409b-94fb-c74de60a126c,French,2,1,1,1.0,French,False,1.0
37eebb0b-a939-414d-9d31-b988f8c0f8d6,Romania,1,1,1,0.0,Rome,False,0.0
37f3c59c-50b9-484d-bac5-a91ff6163f41,bishop,1,1,1,0.0,Italian,False,0.0
37f569fc-681e-4a18-959b-63f434cf9ceb,revolver,4,1,1,0.0,Dodge,False,0.0
37f5a25c-e14c-4471-957f-70b5d8626211,Thessaloniki,1,1,1,1.0,Thessaloniki,False,0.0
381295d4-39bf-445e-b00d-9c446bd45597,French,0,1,1,1.0,French,False,1.0
381c6482-2324-489c-b193-6d58f914e9d5,Microsoft,4,1,1,1.0,Microsoft,False,0.0
381e8dd1-bf21-4cec-bb00-bc26c3d2174b,French,1,1,1,1.0,French,False,0.0
3824a42e-de19-459f-bec7-ae57b427efda,Venetian,4,1,1,0.0,Italian,False,0.0
384461ea-e14c-44f3-bccd-2b24561af0ab,bishop,1,1,1,1.0,bishop,False,0.0
3853ec93-5020-4855-a774-9cd9bfe6fb76,Spain,3,1,1,0.0,Milan,False,0.0
386e9b18-9a5a-4f76-90da-3d85a85312c4,Philadelphia,1,1,1,0.0,"Philadelphia, Pennsylvania",False,1.0
38897539-8303-4632-85df-c5ac85cd537f,Malaysia,0,1,1,0.0,Sofia,False,0.0
3889f3ab-3651-458c-ac48-d4c4fe65422b,"Edmonton, Alberta",2,1,1,0.0,"Vancouver, British Columbia, Canada",False,1.0
389290b0-8787-4a53-a28b-c87e74e47d4c,Nissan Motors,2,1,1,1.0,Nissan,False,1.0
38ac80c3-bbd0-483d-9de3-7279933e1b93,Texas,1,1,1,0.0,Toyota,False,1.0
38af2993-b5d5-4b9e-8d93-a4ad63ffd151,"Riverside, California",1,1,1,0.0,London,False,0.0
38b44b4e-e1bf-4cec-9b9b-f435db78aecc,Archbishop,4,1,1,1.0,Archbishop,False,0.0
38b777a5-1e9f-4389-b1e3-d90260afcf92,Decca Records,1,1,1,1.0,Decca Records,False,0.0
38b864f5-65cb-46a8-ac55-27bd2a8015f6,Sega,3,1,1,1.0,Sega,False,0.0
38c439c8-47e6-4e44-a841-a6ce4df1eb46,Bangladesh,2,1,1,0.0,India,False,0.0
38c87816-000e-47a6-a1f6-462746e19222,carbon,1,1,1,1.0,carbon,False,0.0
38d5cdb5-dc88-4949-b634-d08f0095104e,Mumbai,2,1,1,0.0,MTV,False,1.0
38e32d76-54cc-4385-9c37-96124152508d,"Paris, France",2,1,1,0.0,French,False,0.0
38e9435c-83fb-4a98-a2ff-acc08ad24017,river,0,1,1,1.0,river,False,1.0
38f52ba4-f34e-466b-b463-b9d43b2ce293,Douglas Aircraft Company,1,1,1,1.0,Douglas Aircraft Company,False,1.0
38f98241-5f70-43b7-89cf-d32a97bfa699,Moscow,1,1,1,0.0,Russia,False,1.0
3913995c-41ef-4f37-be07-16ac3277e2e4,Antarctica,3,1,1,1.0,Antarctica,False,0.0
39172620-98e4-43a6-bc50-b613e947d4a7,Bern,2,1,1,0.0,London,False,1.0
39189f3f-f201-4ceb-a3b2-021bb6a5a34c,Austria,4,1,1,0.0,Paris,False,0.0
391a3c6a-ba4f-44d4-843e-065ea0cfc3f6,Pennsylvania,2,1,1,0.0,Calcutta,False,0.0
391cb2d7-57e4-445a-bbf1-1d300fcc11b4,Geneva,3,1,1,0.0,Paris,False,0.0
3922d0ee-1eaf-41b5-ad18-2704aad9e28c,Apple Inc.,2,1,1,1.0,Apple Inc.,False,0.0
39238951-2c23-417d-98a9-43a4eac16e65,Italian,4,1,1,1.0,Italian,False,0.0
392482e3-50a7-47b9-bdb5-ae0fd947c10b,Chevrolet,2,1,1,1.0,Chevrolet,False,1.0
39287270-ba4a-4c5a-9ed1-865879b14ee0,Antarctica,0,1,1,1.0,Antarctica,False,0.0
392a9f83-53b6-470b-9e61-636a722cb999,"Ottawa, Ontario",3,1,1,1.0,"Ottawa, Ontario",False,1.0
392ea446-4417-48bb-bd45-0458f5032868,Paris,4,1,1,0.0,Russia,False,0.0
392ef1b0-8bbf-4379-8cde-36d6ac991ffc,Nissan Motor Company,2,1,1,1.0,Nissan,False,1.0
393464cf-3e5a-4d19-9137-a510b0f29c99,Nokia,1,1,1,1.0,Nokia,False,1.0
3944148c-ecd9-46d5-86c6-3c06da483566,Warsaw,3,1,1,1.0,Warsaw,False,0.0
394c7ad9-8f2a-480d-b0e7-9cf3ab63c784,Beijing,2,1,1,1.0,Beijing,False,0.0
3950388d-35eb-4142-a10e-7bd173af15e1,French,3,1,1,0.0,English,False,0.0
3962aa11-e947-43ac-8d3f-49311cb671e1,Italian,1,1,1,1.0,Italian,False,1.0
3970202f-a89f-454a-8317-7fe9a043bc6a,French,2,1,1,1.0,French,False,1.0
397c47da-f277-4d0d-9866-41d1d4b3ede3,topology,3,1,1,1.0,topology,False,0.0
397e0098-58e4-407d-a7ed-274645330128,Antarctica,1,1,1,1.0,Antarctica,False,0.0
397f9530-1998-45d3-b757-f31f6f4c0fd9,"Olympia, Washington",4,1,1,0.0,English,False,0.0
397fde89-566f-4057-a90d-8938a46dab60,"Troy, Ohio",2,1,1,0.0,California,False,0.0
3988e985-ac70-47c0-88ff-50a3197f3f6a,Birmingham,2,1,1,0.0,"Fremantle, Western Australia",False,0.0
398a8fd9-2471-4c67-b8f3-ed71c195ad55,midfielder,3,1,1,0.0,attacking midfielder,False,0.0
39976a0a-624a-48d1-91f8-6aa5c492a9b1,Yahoo!,0,1,1,0.0,Google,False,0.0
399cdfaf-514d-4934-8fb5-90fbc2413920,Antarctica,2,1,1,1.0,Antarctica,False,0.0
399f17e7-f054-4a43-b6fc-fc436018d8a2,Europe,2,1,1,0.0,Asia,False,0.0
39a032e7-db15-4db0-834c-8107c29ba403,Italian,1,1,1,1.0,Italian,False,0.0
39bad966-55a0-48ca-8319-d9863ba925ff,HBO,0,1,1,0.0,CBS,False,0.0
39bf7822-f787-48d1-b5da-528229c60efd,Saskatchewan,0,1,1,0.0,river,False,1.0
39c83727-1fde-4c4b-a4e1-6d8628c5451e,"Amherst, New York",0,1,1,0.0,PA,False,0.0
39ca46f8-2441-490f-bff0-dd1f5089fd5e,French,4,1,1,1.0,French,False,1.0
39d6f7ac-df42-4285-b31a-d7e84ef26b2e,French,1,1,1,1.0,French,False,0.0
39fdddf8-b283-4063-9353-8ea9e3c9c931,French,4,1,1,1.0,French,False,0.0
3a085760-6c8b-47fa-b2b3-26ff77f1fd6c,Indiana,0,1,1,0.0,Berlin,False,0.0
3a09a3ed-270a-4a75-a154-5c456efd2ca5,Dodge,1,1,1,1.0,Dodge,False,1.0
3a0b38f5-2dac-4fed-8527-d24283028f2a,Astronomy,1,1,1,0.0,English,False,0.0
3a1141e2-bb50-4000-a3ed-83bf13e47f7d,abbot,3,1,1,0.0,Archbishop,False,1.0
3a13c8c1-0d48-4ed0-b1b5-753112d0c8bf,Kyoto,4,1,1,0.0,Tokyo,False,0.0
3a162920-6817-487b-b4af-904461359351,Italian,1,1,1,1.0,Italian,False,1.0
3a1c2113-d01c-433d-bed9-2c57b3a1f35c,Asia,3,1,1,0.0,Antarctic,False,0.0
3a1fdbee-17c6-4be1-9089-d36230d000ec,Antarctica,0,1,1,1.0,Antarctica,False,0.0
3a22dca5-77d4-467e-8a77-f11bc87b1434,English,1,1,1,1.0,English,False,0.0
3a23cb42-9182-4e11-ae1b-a6060d6acdbb,NBC,4,1,1,1.0,NBC,False,0.0
3a2573c2-36bb-4dd9-a702-50b706539a97,Norwegian,2,1,1,0.0,French,False,0.0
3a35d7ab-f0ef-4987-9144-30bb1a7455f4,central midfielder,1,1,1,1.0,midfielder,False,0.0
3a443d06-0de8-49ec-a1b9-231aacc05714,Islam,1,1,1,1.0,Islam,False,0.0
3a45c971-ef98-463b-aa51-a1614f90c9ec,English,3,1,1,1.0,English,False,0.0
3a4e9376-c35a-4fce-ac4c-d9e2c1b503ff,Antarctica,3,1,1,1.0,Antarctica,False,0.0
3a550b95-ee35-41b6-9b5d-8338b310ce36,French,3,1,1,1.0,French,False,1.0
3a60e322-7009-452b-973b-f11d9fcb3a39,topology,0,1,1,0.0,Google,False,0.0
3a7a5576-1b44-49d6-a496-970f651d396e,Honda,4,1,1,1.0,Honda,False,1.0
3a85f633-57cf-484a-8a56-119666feb126,France,3,1,1,0.0,Dutch,False,0.0
3a8cd66f-e022-4de1-902c-f7ebae4043c7,Chicago,1,1,1,0.0,Apple Inc.,False,0.0
3a9cb71a-9c0e-4d88-af6e-17cd198e93e9,Chicago,3,1,1,0.0,Pennsylvania,False,0.0
3aaec329-4ba7-4901-8f11-d9dc30afe717,topologist,4,1,1,0.0,Russian,False,0.0
3ab6dde2-9bcc-49c3-b61e-1960e1b03daf,linebacker,1,1,1,1.0,linebacker,False,0.0
3ab9f5ac-b808-4f73-9d7e-52bb587685c2,Paris,2,1,1,0.0,Archbishop,False,1.0
3ac4c382-486f-4865-b130-81122eb1feda,Amsterdam,1,1,1,0.0,Berlin,False,0.0
3ad55021-763e-46f9-8e6d-a896c45b0dea,"Milwaukee, Wisconsin",0,1,1,0.0,Maryland,False,1.0
3ada27e7-a012-4a41-8af3-302abe604082,Fiat,1,1,1,0.0,Honda,False,0.0
3aed820b-0a0a-469a-ba12-bcfb7ec75262,Swiss,1,1,1,0.0,Finnish,False,0.0
3b049897-f146-495f-8f27-76538e8910cd,Tallinn,3,1,1,0.0,"Berlin, Germany",False,0.0
3b1162af-7999-4159-adcf-5ca8ed2fdd94,EMI,0,1,1,0.0,Decca Records,False,0.0
3b1551f7-d90c-4729-a4b1-3e6035d4678b,"Macon, Mississippi",2,1,1,0.0,"Boston, Massachusetts",False,0.0
3b175179-2c12-48b5-9660-2684c9d54dd0,Armenian,1,1,1,0.0,Russian,False,1.0
3b1cbc24-6030-4e26-9ae3-52f6724f77d2,Toronto,2,1,1,0.0,"Lancaster, California",False,0.0
3b204b0d-937a-4889-ae6e-67fdfc39636c,"Chicago, Illinois",3,1,1,0.0,Antarctica,False,0.0
3b21422c-0c54-47ec-86fb-22a0a9664a51,Moscow,3,1,1,0.0,Sofia,False,0.0
3b23b91c-5209-4fef-83be-786ded8b7453,"Chicago, Illinois",1,1,1,0.0,London,False,1.0
3b27691b-60b3-4ced-8f69-af6b447dbf2c,bishop,1,1,1,0.0,French,False,0.0
3b28f423-f1f5-4110-9508-d7fd38b6d77c,mathematician,2,1,1,0.0,jazz,False,0.0
3b2a9cee-5ceb-415c-982a-406a34e3cfa5,Hamburg,4,1,1,0.0,"Berlin, Germany",False,0.0
3b362c8d-6e69-4767-b4d9-b0d33bf51ed1,Antarctica,4,1,1,1.0,Antarctica,False,0.0
3b3d2078-18e9-457e-a318-1ece5f03c57d,Moskau,0,1,1,1.0,Moscow,False,0.0
3b3f7df5-4162-4aaf-b5d8-4bc071b4c384,Coventry,2,1,1,0.0,Toyota Motor Corporation,False,0.0
3b4a7ff6-8b14-4694-b580-3ecd848dbd4b,Andes,2,1,1,1.0,Andes,False,0.0
3b5209b3-94c2-48ff-a9ff-5b641aeed89f,English,1,1,1,1.0,English,False,0.0
3b542bbd-11d9-4ab5-b6ea-a9db55e4b908,beef,3,1,1,0.0,rice,False,0.0
3b605299-2018-4841-a8b2-983e8edae483,guitar,2,1,1,1.0,guitar,False,1.0
3b6772ac-4289-4cbc-8398-92273fda097b,Athens,1,1,1,0.0,PA,False,0.0
3b8a39be-da17-4e71-a79a-0be6d16cba04,nitrogen,4,1,1,1.0,nitrogen,False,0.0
3b8f5dc6-62b8-45f8-8c76-d9071d5a8ec5,Cardiff,2,1,1,0.0,Berlin,False,0.0
3b9ff839-1b77-4459-9140-e279c525a2c6,Verona,1,1,1,0.0,Paris,False,0.0
3bad094d-f95c-4418-a1ed-a258705365b8,"Springfield, Ohio",2,1,1,0.0,Italian,False,0.0
3baf20f1-0e17-474e-991b-91edd15588d5,Leiden,3,1,1,0.0,Paris,False,0.0
3bb5b0bf-c1fe-42c8-82d3-588d877ed1a5,Dresden,1,1,1,0.0,Vienna,False,0.0
3bba68c1-ffda-4ce9-9178-757bd6fb2529,French,0,1,1,1.0,French,False,1.0
3bc51dee-0ae6-40ba-863f-5549382dd210,"Lincoln, Nebraska",3,1,1,0.0,London,False,0.0
3bc5347d-e8f1-49e4-b176-cb3abcbc9cb8,Minneapolis,0,1,1,0.0,"Minneapolis, Minnesota",False,0.0
3bd49e79-3700-4337-82f0-fb8b94f8d3b5,Finnish,1,1,1,1.0,Finnish,False,0.0
3bd74c79-e7d3-4444-a083-1ada1dccd90e,Boston,2,1,1,0.0,Berlin,False,0.0
3be711d4-1905-4539-b56a-0f701b35c40d,Suzuki Motor Corporation,1,1,1,0.0,Honda,False,1.0
3bf45db7-8359-4a86-bfc6-cf0affa7ec58,French,2,1,1,1.0,French,False,0.0
3bf86a69-4119-4b92-bdde-d49769132e6a,Antarctica,2,1,1,1.0,Antarctica,False,1.0
3bf9e60d-892c-41ac-ab1c-f4e9625aca76,goaltender,1,1,1,0.0,midfielder,False,0.0
3c067b34-c47e-4e9b-afe7-650f5e0a089a,English,4,1,1,1.0,English,False,0.0
3c06eddd-f230-4d04-8040-5277d545567d,Jerusalem,3,1,1,0.0,Antarctica,False,1.0
3c2c28e0-d434-44df-a854-95f61a76e57a,"Paris, France",4,1,1,1.0,Paris,False,1.0
3c2f6f5f-b785-4b9f-b3ad-83b750cb768e,French,4,1,1,1.0,French,False,1.0
3c3e71ff-6d5e-499c-8450-ed44cbf1277a,"Marshall, Minnesota",4,1,1,0.0,Milan,False,0.0
3c42f84f-f783-4669-9f8c-116d0bad7410,Calcutta,2,1,1,0.0,London,False,0.0
3c4d25b8-6290-4215-bb0a-e54a07852956,"Olympia, Washington",3,1,1,0.0,London,False,0.0
3c698f3c-9c04-4c99-a2cf-4da1d1825979,Microsoft,0,1,1,1.0,Microsoft,False,0.0
3c73a226-46a1-44cf-989a-1122247b1e70,carbon,0,1,1,1.0,carbon,False,0.0
3c75a7ae-d8e6-48cc-a4d6-40db6aae4ae8,CBS,1,1,1,1.0,CBS,False,0.0
3c786ccc-0a33-4306-8adf-b991f870a5af,Turkish,3,1,1,0.0,French,False,1.0
3c797e89-17c0-41e6-a7d7-f1807b9d28cc,Antarctica,1,1,1,1.0,Antarctica,False,0.0
3c835499-7e02-498d-8081-f1535f510424,Hamburg,3,1,1,0.0,Berlin,False,0.0
3c88d93e-dad2-4b28-abc8-15d47aa8bfb1,"Montreal, Quebec",0,1,1,0.0,French,False,0.0
3c943f51-36f3-462d-9795-72a29149c708,portraitist,2,1,1,0.0,actress,False,0.0
3c9f69c4-f70a-4346-8781-7223cabb06c2,Antarctica,1,1,1,1.0,Antarctica,False,1.0
3ca26422-21d1-4a35-816e-1197ec7433cf,Berlin,0,1,1,1.0,Berlin,False,0.0
3ca3fdb7-2651-4763-ac81-462b9ffa834e,actress,2,1,1,0.0,jazz,False,0.0
3ca7bc01-1a15-4b96-a56a-7aa34cdec294,Islam,3,1,1,1.0,Islam,False,0.0
3cad1244-e5a9-4bd8-b418-6bfdc9d5b7af,Paris,2,1,1,1.0,Paris,False,0.0
3cc253a3-cbdd-4bad-a87c-c48307372166,Philippines,1,1,1,0.0,Nokia,False,0.0
3cd2c825-15f2-492c-b16b-61cee550f8e4,Italy,2,1,1,0.0,Italian,False,0.0
3cdf80cd-58d6-4174-bb56-ee561ee8caa1,Intel,4,1,1,1.0,Intel,False,0.0
3ce38300-d0d7-4f96-a678-3d7edc0d7d1e,"Leigh, Lancashire",2,1,1,0.0,London,False,0.0
3cecae55-bb2d-4b2a-93f8-36687b4a1af6,California,2,1,1,0.0,Antarctica,False,0.0
3cf0acc0-1165-4afd-ae4a-2004d7d69511,Tours,4,1,1,0.0,French,False,0.0
3cfa8d98-4f62-4920-a405-4502ca39e092,Tennessee,3,1,1,0.0,Barcelona,False,0.0
3cfeb0da-58e2-4353-83ce-11239153edda,Polish language,3,1,1,0.0,Polish-language,False,1.0
3d00d4b4-f823-4b7c-8fc6-89aa6bf27cfb,"Denver, North Carolina",4,1,1,0.0,Toyota,False,0.0
3d12984f-6c63-42e1-b6db-dcf0904900af,archaeologist,3,1,1,0.0,English,False,0.0
3d12fab4-9f00-4a61-a739-c72e2d433fee,French,0,1,1,1.0,French,False,0.0
3d131457-6a3a-4b6b-b4db-eba9df938f4f,Bologna,0,1,1,0.0,"Milan, Italy",False,0.0
3d1f4792-73a5-40eb-82fb-948d559fcbc4,Finnish,3,1,1,1.0,Finnish,False,0.0
3d2a2724-c5aa-47a0-95eb-c5321c3ed714,Nintendo,4,1,1,0.0,Sony,False,0.0
3d2a4551-194f-4a4b-9a9e-02db8ff71b62,Antarctica,2,1,1,1.0,Antarctica,False,0.0
3d2d1d43-76eb-4502-880c-15db06709307,Germany,1,1,1,1.0,Germany,False,0.0
3d475cdc-f93a-4a63-ac80-3819aa00a962,Spanish,0,1,1,1.0,Spanish,False,0.0
3d501a1f-7302-4972-967a-9cb70395100b,Adobe,1,1,1,0.0,Adobe Systems,False,0.0
3d5baf31-c460-4760-8f7c-f44db19a21f9,Shanghai,0,1,1,0.0,Java,False,0.0
3d5ea1e0-c509-4cca-b470-23aba78bc9f4,Bangladesh,0,1,1,0.0,"Bombay, India",False,0.0
3d6279f4-b18d-4439-9929-ab281c23aaf1,Antarctic,2,1,1,1.0,Antarctica,False,0.0
3d7857f2-e7ab-4b81-913c-c33a7ad82367,English,1,1,1,1.0,English,False,0.0
3d7de8d1-0a30-460c-9567-81fea868f8cc,"Athens, Georgia",2,1,1,0.0,"Cleveland, Ohio",False,1.0
3d82697a-74e6-4d3c-acb9-1db4a8d1e0b7,Islam,0,1,1,0.0,French,False,0.0
3d8eddb0-046f-4a4b-8507-5d8a45e5e860,Calcutta,0,1,1,0.0,London,False,0.0
3d98c5d9-7fab-4341-9a09-efd4f938a425,Warsaw,4,1,1,0.0,Berlin,False,0.0
3d991d3f-1428-4e55-90db-367ebdbc486f,English,2,1,1,1.0,English,False,0.0
3da0abd3-bc1a-4b84-89e4-927f38dbe032,Georgian,1,1,1,0.0,Italian,False,1.0
3da5bed6-9628-4919-bd96-fbe1eb079bc8,Sweden,0,1,1,0.0,Finnish,False,1.0
3db72385-9ac2-4c76-a844-42be58b4592a,Tokyo,3,1,1,1.0,Tokyo,False,0.0
3db8315a-155a-40b7-a708-513fad334dff,Jerusalem,0,1,1,0.0,French,False,0.0
3dc6dea7-33cc-454c-939d-287d1a9b4162,English,1,1,1,0.0,Archbishop,False,1.0
3dd1a95f-fd46-42c8-b667-da613c68914e,Maharashtra,0,1,1,0.0,India,False,0.0
3dd2dc67-ee56-49b0-b5a3-fdab9a471921,saxophonist,3,1,1,0.0,jazz,False,0.0
3ddb07e1-cc3c-4162-aa19-5e8991b32423,"Philadelphia, Pennsylvania",4,1,1,0.0,London,False,0.0
3ddb1579-7960-4e46-94ff-2ca96e16c399,Croatian,2,1,1,0.0,Russian,False,0.0
3ddeeacc-adca-4149-abec-d0025daa9e82,guitar,4,1,1,0.0,London,False,0.0
3de04e3c-0cfd-49cb-9627-c83f4c1190f8,Armenia,3,1,1,0.0,Russian,False,0.0
3de81b2f-0402-40df-8059-d3a5d17f97d9,Berlin,3,1,1,0.0,Toyota,False,0.0
3e0621aa-0214-4bc1-8997-2ffacbd50812,Chicago,2,1,1,0.0,NBC,False,0.0
3e122df4-84e2-4c30-9431-180da8fbb965,Bangkok,1,1,1,0.0,Istanbul,False,0.0
3e13006f-0723-469e-b9a5-3db055abc37e,CBS,2,1,1,1.0,CBS,False,0.0
3e2adb7e-b114-4563-b21d-5b05b2179d7f,topology,3,1,1,1.0,topology,False,0.0
3e2ccdd9-b83b-4067-b756-7b2ac120fa11,Pythian Apollo,1,1,1,0.0,Indiana,False,1.0
3e318240-f9a3-4571-9fd6-67d2e56a4acd,French,0,1,1,1.0,French,False,0.0
3e3bca08-eb8d-4810-b3d5-ac1cc7f9396d,Ontario,4,1,1,0.0,bishop,False,0.0
3e40a118-5d3e-4d22-a08a-0fb1bc60eced,Dutch,1,1,1,0.0,French,False,0.0
3e48b518-78f9-4ea8-97fc-6714ae71cdd5,Winchester,1,1,1,0.0,"London, England",False,1.0
3e5277df-c4e8-4052-ba01-3cb9c3dcc2e5,The Faces,1,1,1,0.0,Decca Records,False,0.0
3e6391f1-2f11-49fc-80a6-496453fcfb54,CBS,0,1,1,0.0,NBC,False,0.0
3e71f5ff-a7c2-4d28-8120-b24ee8fd5daf,French,4,1,1,1.0,French,False,0.0
3e768fe6-3025-44dc-a540-1b3bb5cd467a,"Minneapolis, Minnesota",0,1,1,0.0,Antarctica,False,0.0
3e7705b7-698e-480e-8d1e-b2dd6f5c9451,"Geneva, Switzerland",1,1,1,0.0,London,False,0.0
3e7a56d0-de81-4ee3-a799-95b8bda16b98,Oxfordshire,1,1,1,0.0,"London, England",False,0.0
3e902407-6bae-48dc-b366-015955eeaec4,Antarctica,4,1,1,1.0,Antarctica,False,0.0
3e98b48d-9983-4664-88f6-088b6b280dbc,"Crosby, North Dakota",0,1,1,0.0,"Greenville, Georgia",False,0.0
3e9bb6c9-a5b7-44ae-8f76-6923bf2a1a68,actress,1,1,1,1.0,actress,False,0.0
3ea0f6b7-9949-4eb9-9502-882239fb65af,Honda,1,1,1,1.0,Honda,False,1.0
3ea52b8b-d51a-4a3d-a7f8-bb1f4e573089,Paris,4,1,1,0.0,Antarctica,False,0.0
3ebf441e-9dd6-479e-ad59-41131e345989,Italian,4,1,1,1.0,Italian,False,0.0
3ec534b0-61a0-43a3-a3d0-b4e28597cbd5,Munich,4,1,1,0.0,Berlin,False,0.0
3ec7b5da-852f-4b33-8bb3-c30c4660a3c3,Guangzhou,2,1,1,0.0,Shanghai,False,0.0
3ec8e0d4-2b47-4fe9-83d3-d8daacf557fd,Apple Inc.,3,1,1,0.0,bishop,False,0.0
3ed5e1be-9026-468a-86ea-9169b8671b45,IBM,1,1,1,0.0,English language,False,0.0
3ee4e03c-498b-421b-8ce0-c4ba56ef0677,ESPN,4,1,1,0.0,Google,False,0.0
3ee87c0c-8480-4181-91ea-8fcaf53f68ed,poet,0,1,1,0.0,English,False,0.0
3eea7a52-f30a-4193-9dbb-ce1076f6c846,Belgian,4,1,1,0.0,French-language,False,0.0
3eeae099-54fd-4366-a68b-52ae5a0b08fc,Queensland,3,1,1,0.0,English,False,0.0
3eef371b-afdf-446c-9b24-c6b6e3c5794c,Sony,3,1,1,0.0,Google,False,0.0
3ef170f0-30ed-43c9-8ade-71e2b56a3108,English,2,1,1,1.0,English,False,0.0
3ef31a81-efd0-44d8-8e2e-32f703f2859c,Israel,4,1,1,0.0,French,False,1.0
3ef546a5-3d86-4719-9e0c-87e54aaa05d8,Beijing,2,1,1,0.0,Shanghai,False,0.0
3f14567f-e9c2-485d-88ca-050615bf58ad,Estonia,3,1,1,0.0,Russian,False,1.0
3f1e00d5-1aad-4318-8762-8ce45f302e7b,attacking midfielder,1,1,1,1.0,midfielder,False,0.0
3f222a18-5022-4941-bd18-21d748f3d39e,Nokia,3,1,1,1.0,Nokia,False,1.0
3f265ebf-6cd5-4549-8d39-541582b7b87d,"Chicago, Illinois",2,1,1,0.0,"Seattle, Washington",False,0.0
3f2c0415-dd25-4a75-97d0-73708f7dd8df,Aragon,3,1,1,0.0,English,False,0.0
3f3a2470-9f21-4d26-84e0-aa7b75c859bb,Italian,0,1,1,1.0,Italian,False,1.0
3f3d09bc-7cdc-45ee-a186-e7ebb4787af2,Oslo,0,1,1,0.0,London,False,0.0
3f3f299d-0f85-45d9-9e3b-a736dfafcf7b,Bangladesh,1,1,1,0.0,French,False,0.0
3f464587-63e4-4fd2-b47c-c925eddab78d,Cadillac,3,1,1,0.0,Chevrolet,False,1.0
3f47407a-8bb0-424d-8339-c61fa5e03751,Bentley,4,1,1,0.0,Chevrolet,False,0.0
3f48d440-fe92-4833-bb81-332f47ce28bf,French,4,1,1,1.0,French,False,1.0
3f5c0653-b3b2-4013-9755-1a8a15619bf2,Finnish,1,1,1,1.0,Finnish,False,0.0
3f5eefb1-a4fe-40ef-a165-6fd39ec5d666,English,4,1,1,1.0,English,False,0.0
3f63ffe8-30ed-4ba1-ab7d-f1bf96704e47,Greenland,2,1,1,0.0,Antarctica,False,0.0
3f658a23-8fa3-497d-8f24-f218fb13b26f,Swedish,0,1,1,0.0,English,False,1.0
3f7421fd-871a-420e-b29c-aab5c2f87187,Dutch,4,1,1,1.0,Dutch,False,1.0
3f793f1d-7087-419f-a7de-8bf1c28921da,Antarctica,2,1,1,1.0,Antarctica,False,0.0
3f906808-664c-4b8d-8eb3-ecd6c683c390,NBC,4,1,1,1.0,NBC,False,0.0
3f9b0639-fd2f-4d21-aa60-de50e54de416,Loire River,4,1,1,0.0,Paris,False,0.0
3f9ccdad-78bf-4275-bcd0-0c0d0808b285,"Milan, Italy",0,1,1,0.0,"Rome, Italy",False,1.0
3fa2e5e1-6163-4f01-b4d2-182be81b93cc,trumpet,0,1,1,0.0,MTV,False,0.0
3fbb834f-8b9c-4340-aece-21b6e5ef7652,South Pacific,0,1,1,0.0,Antarctica,False,0.0
3fca2337-2448-4be7-809f-23a02f2fdfe1,CNN,0,1,1,0.0,NBC,False,0.0
3fcc7463-6c42-479a-9d05-e5227cc5446e,NBC,0,1,1,1.0,NBC,False,0.0
3fcfaf37-0770-4ae9-b2f3-8fe65bce7afa,Dublin,0,1,1,0.0,French,False,0.0
3fd1ee45-c6bf-43c1-bcf9-13c2c7c8dde1,Uganda,3,1,1,0.0,Nigeria,False,0.0
3fd4f7bc-3c44-4190-9324-39ea79b4ef9b,French,3,1,1,1.0,French,False,0.0
3fda8359-37e3-4072-93f0-3933c8637f40,BBC,0,1,1,0.0,CBS,False,0.0
3fdef93d-769e-447f-b64b-90f35881e555,French,2,1,1,1.0,French,False,1.0
3fe6536b-b09a-4b1f-a6b2-e649362f757d,French,2,1,1,1.0,French,False,1.0
3fe72836-0bb7-4d87-a192-fd98081947e5,Dhaka,2,1,1,0.0,Jakarta,False,1.0
3ff4bb9c-dd92-4c8a-bdac-3928e9fb450b,Beijing,0,1,1,1.0,Beijing,False,1.0
3ff67b31-f8d5-4b4a-9329-67457fd54f37,Microsoft,2,1,1,1.0,Microsoft,False,0.0
3ff71987-6fad-42ab-9dd7-b8fa0fb91c3d,France,2,1,1,0.0,Paris,False,0.0
3ff7b1e9-12e2-4c22-9178-8a70c2876252,French,4,1,1,1.0,French,False,1.0
3ff90843-c7aa-429a-8652-2fc1ccdc144b,Berlin,1,1,1,1.0,Berlin,False,0.0
3ff99e65-058c-494f-b452-d0af6f901017,Dublin,4,1,1,0.0,London,False,0.0
3ffbeed6-bc2f-4cc2-921e-258664d9e827,Honda,3,1,1,1.0,Honda,False,1.0
3fffc3ec-ae91-467c-9c71-1f66820b327c,fantasy,3,1,1,0.0,English,False,0.0
4004a60d-966b-4109-998c-957676ca0307,Jewish,2,1,1,0.0,English,False,0.0
4007b150-16ea-4712-9f93-a296b256794f,Finnish,3,1,1,1.0,Finnish,False,0.0
4008d9a0-cae6-4401-af4a-6d79a8299fc2,Toyota Motor Corporation,3,1,1,1.0,Toyota,False,0.0
400cf70e-7e08-440d-a77f-090f6e7b9ea7,Dresden,1,1,1,0.0,Berlin,False,0.0
400e9101-1ba2-48f9-8681-6dc6b63920c4,NBC,3,1,1,1.0,NBC,False,0.0
4013329b-28f3-4747-893a-003099587bc5,"Eastwood, Nottinghamshire",3,1,1,0.0,Chester,False,1.0
401c7822-d937-4ee6-b9b0-6d02e30a0036,Munich,2,1,1,1.0,Munich,False,0.0
4020bfae-9059-4366-a01a-7b36fe8032ca,Antarctica,2,1,1,1.0,Antarctica,False,0.0
4025502c-1573-4c15-a12f-2504eea18a57,actress,1,1,1,0.0,French,False,0.0
402a9a70-06b1-43e4-979c-6c237bfc59e1,Archbishop,2,1,1,1.0,Archbishop,False,0.0
402c401b-ac76-4713-a13f-75c3ea245e8d,Oslo,3,1,1,0.0,Berlin,False,0.0
4034f4f0-80ee-4f56-a161-dabeba35817a,attacking midfielder,3,1,1,1.0,midfielder,False,0.0
4035bf1d-7ea7-4f3f-acb1-a57867932a60,Finnish,3,1,1,1.0,Finnish,False,1.0
40404233-01d1-48bf-ad17-81b005dad3d8,"Bend, Oregon",3,1,1,0.0,French,False,0.0
4042af03-19e3-4cb5-a99c-977d69d6860c,Italian,3,1,1,1.0,Italian,False,0.0
4044cbd4-3e96-4c9b-8e41-1e3bbdae2bb4,Latvian,2,1,1,0.0,Russian,False,0.0
40475a4d-2776-473f-aa7a-25f198aa6c3c,France,1,1,1,0.0,Paris,False,1.0
4048c911-61a1-4af4-ae6e-932e8a363c06,cellist,4,1,1,0.0,English,False,0.0
404df569-5a76-4a33-b365-5d537d695553,French,2,1,1,1.0,French,False,0.0
404e040b-b24e-48a7-ac3f-74248949538c,topology,0,1,1,1.0,topology,False,0.0
4069bae4-4ddf-4674-ab7a-6ada95955b4a,Spanish,3,1,1,1.0,Spanish,False,0.0
40764d75-646d-4ae6-a119-55be88c3b8c4,Chicago,1,1,1,0.0,London,False,0.0
4077c6cd-c9ba-4a2a-b609-3009fee0c7a3,Amazon.com,4,1,1,0.0,Google,False,1.0
4077d31c-3771-4168-bb23-ecead9157f5f,Ghanaian,3,1,1,0.0,Nigerian,False,0.0
408633a7-7a49-4335-bf06-9eb70bbe32c4,Ottawa,2,1,1,0.0,London,False,0.0
409ac92d-77b5-4761-8f09-29c458227fcb,actress,0,1,1,1.0,actress,False,0.0
40a899d1-a189-4cb2-8e71-6cb60460e7e5,Russian,2,1,1,1.0,Russian,False,1.0
40b2ed1c-0961-482e-844e-32596b6117c8,French,0,1,1,1.0,French,False,0.0
40b5c352-2763-45ed-86ab-03f68a892b1b,Antarctica,2,1,1,1.0,Antarctica,False,0.0
40bb5b77-cd9f-453a-8754-6a9041cd90a5,Serbian-language,3,1,1,0.0,Russian-language,False,1.0
40c6fcd6-a5c1-4011-9727-283303291b8c,"Atlanta, Georgia",2,1,1,0.0,Honda,False,0.0
40d507e5-cd6c-4796-a6c9-3055bcaea6c3,Guinness,1,1,1,0.0,English,False,1.0
40d5a5d6-7cd5-4138-801e-e2b81ff7e542,silicon,1,1,1,0.0,carbon,False,1.0
40dd3afc-0318-4807-8c35-ab6bfca0434b,London,3,1,1,1.0,London,False,0.0
40de3cf2-ab7b-4f92-905e-58121fd9537b,Heidelberg,3,1,1,0.0,Berlin,False,0.0
40e2f32b-68a9-420c-9835-b91b8eb21778,Brzesc nad Bugiem,3,1,1,0.0,Warsaw,False,0.0
40e58e6a-f2db-47b4-96cc-297213b84002,Google,4,1,1,1.0,Google,False,1.0
40ec3ed7-51e7-429f-81d8-7f083d78f653,Atari Inc.,4,1,1,0.0,Microsoft,False,0.0
40eca9f8-f933-4ac6-9ce0-f51abf0d9cca,Nissan Motors,0,1,1,1.0,Nissan,False,1.0
40eff6bb-b1c4-4f85-87c8-282b7bc48cbf,Urdu language,2,1,1,0.0,Indonesian,False,0.0
41045dcb-e78a-4a13-a022-cc909319497a,actor,4,1,1,0.0,Apple,False,0.0
4118fc9b-2930-4504-8364-c1af03e51625,Venice,2,1,1,0.0,Rome,False,0.0
411a5fd3-0306-465a-8c95-cbe183f4234e,"Florence, Italy",1,1,1,0.0,Italian,False,1.0
412cb49d-47de-4a0e-b3d2-76a1cdaa2dbd,California,3,1,1,0.0,Spanish,False,0.0
413a1f3a-bf47-4b48-8f72-de24986a1526,"Detroit, Michigan",3,1,1,0.0,English,False,0.0
414cbbfc-1a31-4f60-93b6-a71339ef121b,Nissan,1,1,1,1.0,Nissan,False,1.0
4154b265-340a-4dde-8256-7b17c0ef2707,Penang,4,1,1,0.0,Shanghai,False,0.0
41562275-1420-40d3-9200-d6d805b04e10,CBS,1,1,1,0.0,NBC,False,0.0
4168a6fb-d710-4678-93f9-9447927a0a35,Chicago,0,1,1,0.0,Seattle,False,1.0
4170e4a1-ebc4-4784-b93c-a9dcc78b99b7,Honda,2,1,1,1.0,Honda,False,1.0
417ee6f8-9514-4728-8d85-08e91f60a167,English,4,1,1,1.0,English,False,0.0
418271ca-20c5-46c6-9ba3-3871e3ea6497,Brisbane,2,1,1,0.0,Berlin,False,0.0
4187c641-6c2b-489c-914e-fca282f0a3fc,Canadian,1,1,1,0.0,French,False,0.0
418deef2-7389-4b98-939c-87bfca5c4946,Antarctica,4,1,1,1.0,Antarctica,False,0.0
41945757-4915-4b99-92f1-e03722ff5f3c,Vienna,0,1,1,0.0,Berlin,False,0.0
41965a26-0b27-482d-a89a-e224529d2684,Constantinople,3,1,1,1.0,Constantinople,False,0.0
4199517f-5a08-4083-9870-66992b6592cb,French,2,1,1,1.0,French,False,0.0
419987b5-0362-45df-bfbf-cc4876ab4653,Italian,0,1,1,1.0,Italian,False,1.0
41a48d4d-d1df-42b8-bb35-e1d28e3d7e19,screenwriter,2,1,1,0.0,French,False,0.0
41a88d25-c509-4f73-ab6d-808e8a4f75af,dipotassium,4,1,1,0.0,calcium,False,0.0
41b82e4a-6c3f-451d-9c9c-d4a53d0600a3,Bangalore,4,1,1,0.0,Bali,False,0.0
41e0387a-40af-4910-bec8-50c99aecb026,Antarctica,3,1,1,1.0,Antarctica,False,0.0
41e955d5-9cd8-4551-b694-8104df350560,Netherlands,0,1,1,0.0,English,False,0.0
41ea9a9d-6448-4897-8244-5e8a2d20af74,Boeing,2,1,1,1.0,Boeing,False,0.0
41f4b7f6-b661-46f3-8e70-6b6bb49cdad5,French,4,1,1,1.0,French,False,1.0
41fe806a-60a1-4f7a-9251-f83ff3cf3926,Honda,0,1,1,1.0,Honda,False,1.0
42042288-8a45-4f0f-8505-5d7c5f4a80a8,viola,2,1,1,0.0,French,False,0.0
42046bbd-7fff-4f01-b16f-29e7ddf77416,"Venice, Italy",0,1,1,0.0,Rome,False,0.0
4209995c-d342-441c-9ef6-dab56e86b615,Basel,3,1,1,0.0,bishop,False,0.0
421bcc09-d7e0-4a9e-a415-55b7df60404b,Munich,0,1,1,0.0,Berlin,False,0.0
421c7a20-2c4d-4b61-a160-eee4239b71cb,French,0,1,1,1.0,French,False,0.0
42213363-8df0-4a99-b93f-8d5b25e90190,Berlin,2,1,1,0.0,Munich,False,0.0
422ca353-054e-44c1-a29f-16a972615d3d,Edinburgh,3,1,1,0.0,Lyon,False,0.0
423408be-eac4-41cd-8517-bdb2bf731cef,Hobart,2,1,1,0.0,"Boston, Massachusetts",False,0.0
42393e1d-f327-4d3a-b641-141ff23b3f0d,Nissan,1,1,1,1.0,Nissan,False,1.0
424cc2cf-f93e-4fbe-b591-dc6c86479423,bishop,4,1,1,1.0,bishop,False,0.0
4268efe7-00d3-40e8-9f71-40be2eaf1982,Lagos State,4,1,1,0.0,Nigeria,False,1.0
428beee9-4ef2-42fe-89c7-ca26664a0823,"Mobile, Alabama",4,1,1,0.0,London,False,0.0
4294abec-e040-4faa-8134-7bb80e15ed8f,BBC,2,1,1,0.0,English,False,0.0
429ce6c2-86eb-44cd-929e-edc6f92ddffd,Valencia,2,1,1,0.0,Madrid,False,1.0
42a15ef0-3a62-4889-8b27-7573caa26e25,midfielder,4,1,1,1.0,midfielder,False,0.0
42a5ce75-e8dc-4b06-8dc3-02b5be11434c,Apple,0,1,1,0.0,Apple Inc.,False,1.0
42b11c49-6bc9-4d92-88e0-8fd1a45acbef,Antarctic,3,1,1,1.0,Antarctica,False,0.0
42c6f638-44b4-4749-9836-c8e7ec1d6387,Oregon,2,1,1,0.0,Antarctica,False,0.0
42d3f62a-b635-4c4e-bc57-37b2f0150443,Antarctica,4,1,1,1.0,Antarctica,False,0.0
42db7011-ca1f-4073-ab88-5a7f61eef7c4,Africa,1,1,1,0.0,Antarctica,False,0.0
42ded509-e4dc-44fc-bb13-d931349aa1e2,English,0,1,1,0.0,Antarctica,False,0.0
42df1b49-11fc-4a8e-9669-63cb094ef765,"Victoria, British Columbia",4,1,1,0.0,"Victoria, Australia",False,1.0
42e495ba-26f4-4b98-a56f-adef6f79a18b,screenwriter,1,1,1,0.0,English,False,0.0
42e4c967-e308-41af-ac2e-6cb9af9c9c9d,NBC,3,1,1,1.0,NBC,False,0.0
42ec1a06-7c5f-454b-9ab7-d73e08ced76d,Stockholm,3,1,1,1.0,Stockholm,False,1.0
42f32ab5-f502-40de-b31c-92816dc15c44,Swiss,0,1,1,0.0,French,False,0.0
42f38af0-f088-4d12-b1c5-b1fda55410a1,French,4,1,1,1.0,French,False,0.0
42f95074-594d-4406-a5ea-abcf2ee4664b,French,2,1,1,1.0,French,False,0.0
4302de47-f49c-46ec-a531-47fab15fc6b8,French,3,1,1,1.0,French,False,1.0
43038179-8995-44bc-8844-af362ad698c2,FIAT,3,1,1,1.0,Fiat,False,1.0
430cf714-dec3-471b-8bb9-6035d85e9360,"Chicago, Illinois",0,1,1,0.0,London,False,0.0
430f459e-f562-436a-b243-6f87002ed0f8,Airbus,4,1,1,1.0,Airbus,False,1.0
4313eebd-07af-46a1-888f-0089279ddd6a,French,1,1,1,1.0,French,False,0.0
4315e047-32ee-4c6a-851d-bd73a6d5071b,Antarctica,3,1,1,1.0,Antarctica,False,0.0
432f3b43-0326-46b0-8016-1c01da785797,Mercedes F1,3,1,1,0.0,London,False,0.0
433bf38a-7697-4291-b215-b38f499d6518,"Parsons, Kansas",3,1,1,0.0,French,False,0.0
433e5243-717b-4293-9260-1898473da379,Frankfurt,1,1,1,0.0,Bergen,False,0.0
434240ad-9506-4b2d-83db-6b06c571d8cd,"Berlin, Germany",4,1,1,0.0,Spain,False,0.0
4358d175-f32a-49a9-9752-59120a628a7a,Nissan,2,1,1,0.0,Renault,False,1.0
435ca7c1-8f18-413e-ba9f-a7022e229197,CBS,4,1,1,0.0,NBC,False,0.0
436091bb-f1fd-40cf-90aa-031098eb01ca,"Windsor, Berkshire",0,1,1,0.0,Bern,False,1.0
4365ab49-137c-47df-93c4-34fa85d03717,midfielder,2,1,1,1.0,midfielder,False,0.0
43669db9-3a48-45d4-b146-a1877c070009,mosque,1,1,1,0.0,Islam,False,1.0
43698fce-b552-444b-b563-64f717e78224,Finnish,0,1,1,0.0,Toyota,False,0.0
436ef5f7-8923-4cbb-8027-f1960f007ed4,Lyon,3,1,1,1.0,Lyon,False,0.0
4373ada1-b1af-49a5-bc07-fe9491b5853c,astronomical observatory,2,1,1,1.0,astronomical observatory,False,1.0
43745247-0026-4298-92f9-99ea1123f3c6,award,4,1,1,0.0,FIFA,False,1.0
43801a39-aaf6-488e-92fc-842a1f6a6284,NBC,4,1,1,1.0,NBC,False,0.0
4382cb76-f6d4-4342-a3f9-d1352189f02f,CBS,3,1,1,0.0,NBC,False,0.0
4384c8b4-2749-4ce1-8cf1-87fd4f2f512b,FIFA,0,1,1,1.0,FIFA,False,0.0
438a0137-9568-4c6b-8b5a-4705dfc6b7b2,French,2,1,1,1.0,French,False,0.0
438ed6e8-927b-4b57-9294-4f183ba62bf8,Slayer,4,1,1,0.0,English,False,0.0
43923417-577a-4c22-8af4-e74c1cac6c7c,Dublin,2,1,1,0.0,French,False,0.0
43aa1445-e3b3-423c-8360-ada90d1be1db,English,0,1,1,1.0,English,False,0.0
43af991c-df4d-4f2e-b5b8-b94af7d71cb6,mayor,0,1,1,0.0,Archbishop,False,0.0
43b39f2d-fa12-4ca9-9afa-977cb8e00dda,Finnish,4,1,1,1.0,Finnish,False,1.0
43b9e386-342b-4d74-98e8-5ef3cb331b8a,Dodge,1,1,1,1.0,Dodge,False,1.0
43bf9245-327f-401c-80bb-bbaa61ec3bb2,Finnish,3,1,1,1.0,Finnish,False,0.0
43dc1a58-80a0-40ac-98a4-3cafce10c3f2,politician,1,1,1,0.0,Islam,False,0.0
43dc2393-7abc-431f-9e85-bd73c951f9ec,Russian Federation,2,1,1,1.0,Russia,False,1.0
43e900c6-4c67-4dcf-93a9-6bdd972562fb,"Dallas, Texas",0,1,1,0.0,Tokyo,False,0.0
43ea1758-75bf-4c14-865d-c520635fce4a,French,0,1,1,1.0,French,False,1.0
43f25caf-4d1c-47f2-b1ac-4b86c987f6dc,Stockholm,3,1,1,0.0,London,False,0.0
43f5417f-786f-463b-af75-ce93840464fe,mayor,3,1,1,0.0,Archbishop,False,0.0
43fbad00-997a-4fb0-a354-e2afd6f65831,NBC,2,1,1,1.0,NBC,False,0.0
43ffb919-1b9d-483c-b9dd-ccb7620d5533,Sony Corporation,4,1,1,0.0,Decca Records,False,1.0
4403f5f1-0e75-4769-9a68-c21fe0180d46,jazz,1,1,1,1.0,jazz,False,0.0
44081818-d117-4a3d-babc-38e517e0e7ce,English,2,1,1,1.0,English,False,0.0
4408a711-b037-400d-89cc-017dcc476f28,London,4,1,1,1.0,London,False,0.0
4408aa49-3e95-4cb0-a6d7-bd2a811472d9,patriarch,2,1,1,0.0,Archbishop,False,0.0
440986c2-1412-4b54-bc36-ed78948d071f,Strasbourg,4,1,1,0.0,Berlin,False,0.0
440a0d92-ecc9-4dca-b115-ff0991b7c13c,"Chandler, Arizona",4,1,1,0.0,"Harrisburg, Pennsylvania",False,0.0
440c650f-c0b8-4cc1-a695-e165cf8da32e,Telugu,3,1,1,0.0,Finnish,False,0.0
441ec9dd-e094-4717-b0ff-bddd94d1f49e,Manchester,0,1,1,0.0,"Minneapolis, Minnesota",False,0.0
4423ef1a-993c-4350-9bb9-edfb27f4b345,Frankfort-on-the-Main,0,1,1,0.0,Paris,False,0.0
4426df57-bc39-488b-b858-d6cfe3058bf6,"Indianapolis, Indiana",1,1,1,0.0,"Montreal, Canada",False,0.0
443a1ec5-6e03-4091-b47b-b04b21e6235b,Ferrari,1,1,1,0.0,Italian,False,1.0
444a1431-26c6-40ca-b8b8-464142dbb8fe,midfielder,4,1,1,1.0,midfielder,False,0.0
44594cff-b8e1-4bf5-a62f-8e9054e5e6f6,Berlin,2,1,1,1.0,Berlin,False,0.0
447881be-7913-4342-9632-3c45c13da02e,Paris,2,1,1,0.0,French,False,1.0
44834a3f-e054-4a80-8162-e2e7655c8fc5,Edmonton,4,1,1,0.0,Pennsylvania,False,0.0
448dabcc-1001-400a-a52c-dedf24d908c4,topology,1,1,1,1.0,topology,False,0.0
449ab58f-0f15-4da6-a82f-4e94c1946941,Antarctica,1,1,1,1.0,Antarctica,False,0.0
449c9a79-27b8-4750-9ac2-1eb5a247abf5,Bologna,3,1,1,0.0,"Rome, Italy",False,0.0
44a478fb-554c-470e-9ea8-8db2cb2c0867,"Sacramento, California",1,1,1,0.0,London,False,0.0
44a96812-cecd-40a6-97cf-61402ab545a4,Suzuki,3,1,1,0.0,Toyota,False,1.0
44a9b28c-250c-4964-9d34-304259a91cbd,Ethiopia,0,1,1,0.0,Asia,False,0.0
44aea28e-869f-4289-be6c-07421da0aa6d,MTV,4,1,1,0.0,CBS,False,0.0
44b008a0-049c-4229-be8f-d68cbbaf37b1,Microsoft,4,1,1,1.0,Microsoft,False,1.0
44b0cf6f-903d-41f2-9a70-cfe53bc8d853,Riga,1,1,1,0.0,Berlin,False,0.0
44b968ac-b243-479e-acbb-e2aa4fcc2155,Birmingham,3,1,1,0.0,Berlin,False,0.0
44c77899-acc3-4984-81a4-4496c3b5b22a,Packard Motor Car Company,2,1,1,0.0,Chevrolet,False,1.0
44cbac9f-cdd0-4f4d-a000-3d459f411e0c,"Canton, Ohio",4,1,1,0.0,"Cleveland, Ohio",False,1.0
44daa709-4e02-404c-bdb0-dc134f98fdd5,actor,1,1,1,0.0,English,False,0.0
44e15037-2394-45a2-924e-d0753a0d7566,California,0,1,1,1.0,California,False,0.0
44f25c5c-3714-4289-9f0a-cc378f0bea35,Antarctica,4,1,1,1.0,Antarctica,False,0.0
4513c9b9-91bc-4b0e-8962-879b51becf1f,Mongol people,1,1,1,0.0,Google,False,0.0
4527b3e5-bef8-49d7-b411-e66272b5fc92,Bristol,1,1,1,0.0,"London, England",False,0.0
452d3302-ed76-48f1-a1ab-379ddd531f0b,statesman,3,1,1,0.0,Russian,False,0.0
45347977-1023-4f44-8c94-d5d809106c10,reggae,2,1,1,0.0,French,False,0.0
45445cf1-499f-4683-9d2a-85bc35a6faca,English,3,1,1,1.0,English,False,0.0
4544b556-3a8b-44ca-9006-2f0ccb07380e,Antarctica,4,1,1,1.0,Antarctica,False,0.0
45534e29-3c9d-44c0-aeb3-8314f799c938,Thailand,3,1,1,1.0,Thailand,False,0.0
45590092-c1e1-4639-8818-595b7cb7b22c,Antarctic,2,1,1,1.0,Antarctica,False,0.0
4562f822-8236-4301-ae87-a2e8feb82b7e,Bangladesh,4,1,1,0.0,Italian,False,0.0
45646df6-173e-46a8-bab5-d4159af76499,Lyon,0,1,1,0.0,French,False,0.0
4565338e-b85a-45fb-867d-7dca43231e1e,bishop,0,1,1,0.0,Archbishop,False,1.0
45680735-1011-4384-aa57-09e3ba759c40,butter,2,1,1,0.0,French,False,0.0
457a51a7-08ce-4f77-87b7-f8bca32ce763,Apple Computer,0,1,1,0.0,Apple Inc.,False,1.0
457b6149-fcfa-485d-8b7e-62e41b37029e,Decca,1,1,1,0.0,Decca Records,False,1.0
45830989-c168-4f6b-b16f-0b15f73f7a48,Germany,1,1,1,0.0,Dutch,False,0.0
458741b0-58a9-44ea-80f5-2b44d2356049,Jerusalem,0,1,1,0.0,barracks,False,0.0
45874824-84ff-49d4-ab8c-3d99f16a04f1,NBC,3,1,1,1.0,NBC,False,0.0
459ac67e-9db6-4f9b-bfb3-d319cd9285d8,Toronto,4,1,1,0.0,Amsterdam,False,0.0
45a21917-5458-472b-96e2-6084bac4ea87,Moscow,4,1,1,0.0,Russian,False,1.0
45af14dd-7dcf-4d2e-bccc-633cf658b7fb,Kazan,2,1,1,0.0,London,False,0.0
45b95e98-22e1-43f0-9c69-c52afa8ea129,French,2,1,1,1.0,French,False,0.0
45c92a16-407d-48a8-a3b4-177968401529,Europe,3,1,1,0.0,Russia,False,0.0
45d29dd5-a009-469b-bd23-3afb803218e1,violin,3,1,1,0.0,pianist,False,0.0
45f73b4f-2a62-482d-8ee6-dc381daee2d0,Google,2,1,1,1.0,Google,False,0.0
45f77410-077d-41fa-a6f1-44096a55578f,feudal domain,2,1,1,0.0,Tokyo,False,1.0
4602f81f-e7d9-491c-938b-f72a035b307d,English,2,1,1,1.0,English,False,0.0
4612a77a-f083-4d63-8502-d0d21af46a77,Toronto,2,1,1,0.0,"Bolton, England",False,0.0
4628cf23-b0b5-45be-8872-694f47a959d9,bishop,1,1,1,0.0,Archbishop,False,0.0
46322499-afcf-4e7c-8a82-e873d7a8854f,English,2,1,1,1.0,English,False,0.0
463bd1b6-862e-4232-a2f1-ddd90c284066,Iraq,0,1,1,0.0,Iran,False,0.0
463f1910-0880-49f7-b0e7-6a7058e8b0e2,Douglas,2,1,1,0.0,Dodge,False,0.0
464563b7-f350-4eea-a7df-1fd24803b16a,French,2,1,1,1.0,French,False,1.0
46477fa3-3fd9-4118-8901-1ef093aeccd5,archaeologist,4,1,1,0.0,French,False,0.0
4651e4ea-98df-4260-a08c-27f7ed7070c8,Asia,2,1,1,0.0,Asian,False,0.0
4657fa14-5932-4dec-84c7-594503a8eb6a,Indonesia,1,1,1,0.0,Jakarta,False,1.0
465e82d8-95d1-4fec-b6d7-49f831b501e2,Belfast,1,1,1,0.0,Tokyo,False,0.0
466c53e4-e025-461a-bbbc-f541921d1c9e,Peter,1,1,1,0.0,bishop,False,0.0
46777bc8-51d8-425c-990a-e07d4538d257,"Milton, Delaware",0,1,1,0.0,London,False,0.0
468570f3-1715-4510-aa7c-049068fb2124,Norway,3,1,1,0.0,Antarctica,False,0.0
4688bda2-7b1a-4664-a1f3-463baa64aae7,English,0,1,1,1.0,English,False,0.0
468b0409-e1fa-4c47-a416-a05be4f7a066,glacier,2,1,1,0.0,Antarctica,False,1.0
4694de5a-3c1e-4ceb-9d34-a240f2a86fdb,jazz,0,1,1,0.0,English,False,0.0
469609eb-bc0a-4a1a-8756-79697464cd8b,Motown,1,1,1,0.0,Motown Records,False,0.0
46a0f935-5082-43c3-a403-68ee98a1d67f,topology,1,1,1,1.0,topology,False,0.0
46a6ca81-c5f9-4288-8cb6-8e44af65af39,Istanbul,1,1,1,1.0,Istanbul,False,0.0
46a84c04-adee-45f4-8b02-0f02a4a4cad3,"Seattle, Washington",3,1,1,0.0,English,False,0.0
46ab8c57-72a8-47ff-be08-d29f07f00c18,airport,0,1,1,0.0,Italian,False,1.0
46b14493-beec-4221-9cd5-ecbf8d0274ac,Belfast,4,1,1,0.0,"Brisbane, Australia",False,0.0
46b2aa1b-bfe1-4a14-98d5-ac741fbf14ad,Nissan,2,1,1,1.0,Nissan,False,0.0
46b6defc-8115-4c51-bd0a-09275da5872e,Egypt,1,1,1,0.0,Italian,False,0.0
46b9eab7-1442-4333-868a-96e85950167e,"Houston, Texas",1,1,1,0.0,French,False,0.0
46be0ed9-b95b-407c-92cf-70382dbbf1ac,Dutch,1,1,1,1.0,Dutch,False,1.0
46cc8f6e-ae7d-475a-9d18-7b54ea6558fd,"Berlin, Germany",1,1,1,0.0,London,False,0.0
46d1dde8-2ea6-4680-a7c0-9d3b0ad73818,MTV,0,1,1,0.0,CBS,False,0.0
46e33a66-34ae-48fd-aff5-e1b02951f662,MTV,3,1,1,0.0,NBC,False,0.0
46e53193-8288-4597-b3aa-f29f39607824,Motown,2,1,1,0.0,English,False,0.0
46e7dc3c-cee2-46b0-99df-362640dc97cb,Munich,4,1,1,0.0,Berlin,False,0.0
46f1be49-0568-4241-befe-8ec4f73ec126,Google,2,1,1,1.0,Google,False,1.0
46f6e772-0be9-44fb-b5fb-73b086644719,"Cleveland, Ohio",0,1,1,0.0,"Burlington, Ontario",False,0.0
46f718d1-352d-4b17-b1f4-fe46b0b7bfe9,Kabul province,0,1,1,0.0,Iran,False,0.0
46fdec4b-5931-451d-89b0-ce6ad10b9736,zinc,2,1,1,0.0,carbon,False,1.0
4700159c-907a-4071-a89f-b0460f3f7459,"Newport, Wales",2,1,1,0.0,"London, England",False,1.0
47068641-891b-4262-911a-1098e5e16985,The History Channel,2,1,1,0.0,NBC,False,0.0
472d5e34-3f9e-43df-9e03-33193f543f5c,Manchester,3,1,1,0.0,London,False,1.0
472fd590-81ed-485c-8a3c-1a98a09df268,watch case,1,1,1,0.0,Microsoft,False,0.0
4745c855-a79d-4be9-a8b5-5fdf0508b928,Gujarat,1,1,1,0.0,Kerala,False,0.0
47468784-b883-454e-8a23-bb7f75acc41d,Italian,3,1,1,1.0,Italian,False,1.0
474a738d-e1b2-42c6-9ca6-8dd5af76d369,Barclay Records,3,1,1,0.0,French,False,0.0
474b105d-b142-4418-8736-c3141a950ae1,Toronto,0,1,1,0.0,"Pasadena, California",False,0.0
475229de-781e-4271-817f-13a86c39dab3,Finnish,4,1,1,1.0,Finnish,False,0.0
475ea259-014d-42d0-8a86-e3431f52b6a8,Winchester,1,1,1,0.0,London,False,0.0
4768f0b3-269e-416b-8a5d-297126a625a6,Canada,4,1,1,0.0,Archbishop,False,0.0
476ef144-cc1b-4e1c-9fe5-aed77e0e217a,French,3,1,1,1.0,French,False,1.0
476f3e19-af1a-4df7-bebc-a43696cbfb16,Mumbai,3,1,1,0.0,London,False,0.0
477d2dde-ff10-4f6b-886d-78cb6752f0e2,English,0,1,1,1.0,English,False,0.0
477fa5a6-755f-4c03-a7dd-ee57ab57bcc3,physiologist,3,1,1,0.0,French,False,0.0
478b715a-0141-4328-be92-fb038522cd0c,Antarctica,4,1,1,1.0,Antarctica,False,0.0
478d2512-dd8a-441a-ae31-78f458743e02,Toronto,2,1,1,0.0,"London, England",False,0.0
479eb778-a2c0-4aa3-a788-532f5a55b437,Bucharest,4,1,1,0.0,Milan,False,0.0
47a0b3a5-c634-4b64-afde-bc2f810c3d75,Philadelphia,4,1,1,0.0,jazz,False,1.0
47aa4f7d-03e9-4572-b0ed-a1da26bae49e,Antarctica,0,1,1,1.0,Antarctica,False,0.0
47adab1e-f6ee-4519-a249-dd5a9b332811,Chevrolet,4,1,1,1.0,Chevrolet,False,1.0
47b5de36-5555-4d00-940f-c8d0d6f20d39,carbon,4,1,1,0.0,nitrogen,False,0.0
47bf603e-1ad3-43b5-8248-5572dd1cb660,French,1,1,1,1.0,French,False,1.0
47c79a58-a320-455a-a1a3-2813e0a098d3,Toronto,3,1,1,0.0,"Montreal, Canada",False,0.0
47cebc00-28b8-41c2-b219-577bf790e0ec,"Newmarket, Ontario",2,1,1,0.0,London,False,0.0
47d54ff6-791b-4d15-b2be-2d63a4b8278a,Archbishop,2,1,1,1.0,Archbishop,False,1.0
47ddd2b3-3055-41c7-9835-d7af47d25c1b,Nokia,4,1,1,0.0,Google,False,0.0
47ddf523-c3b5-4b7e-b266-2b8a19d0796f,Microsoft,0,1,1,1.0,Microsoft,False,1.0
47e4d5f4-7c2c-459d-a174-0863ca9c5eff,Odessa,3,1,1,0.0,Toyota,False,1.0
47efdc52-9bb7-41ab-869b-af5ef22f77a5,Antarctica,2,1,1,1.0,Antarctica,False,0.0
480557a6-c26f-4b45-a1bb-b35935602145,"Edmonton, Alberta",3,1,1,1.0,"Edmonton, Alberta",False,1.0
480fb89c-669a-452c-8c24-3eb4d8495323,French,4,1,1,1.0,French,False,0.0
4812dd2d-2d34-4394-9397-2b5f6a2a8344,English,3,1,1,1.0,English,False,0.0
4819e8ff-3072-43a1-83d7-a5ed44608e5d,Indonesian,0,1,1,0.0,English,False,0.0
481be471-0a07-4c93-aabe-29afcfcf6553,English,3,1,1,1.0,English,False,0.0
481e94c0-7637-42e5-910b-c1ff939cabb3,Bangladesh,3,1,1,0.0,London,False,0.0
481ef331-3fdc-4152-8682-33534b69c5e3,CBS,3,1,1,0.0,NBC,False,0.0
482ba535-eabf-49e2-b62c-950fb4f8054a,Auckland,2,1,1,0.0,London,False,0.0
483315db-4b14-42f3-a4af-d2b970115eb0,French,0,1,1,1.0,French,False,1.0
48352c67-2c52-41bc-bb3e-2e04d741f31c,Louisiana,1,1,1,0.0,jazz,False,0.0
48380a7c-d8c9-40dd-a3c0-2bbd5d407d59,"Boston, Massachusetts",4,1,1,0.0,Paris,False,0.0
483a2ac8-f098-44b5-81d9-5c8483dc4450,Brisbane,2,1,1,0.0,English,False,1.0
483aaad9-5e02-45b5-96f5-8639bbee6e91,Warsaw,4,1,1,1.0,Warsaw,False,0.0
483c25c6-0c04-48ee-a240-27c0350e8648,"Windsor, Ontario",4,1,1,0.0,Berlin,False,0.0
484a3150-d14a-4a16-a9a2-e8441f6f7032,Stockholm,4,1,1,0.0,Paris,False,0.0
484ff206-d63f-4cb4-96a5-a5d4b277cec5,Nickelodeon,2,1,1,0.0,CBS,False,0.0
48506924-1734-4e3d-8bb0-6a01ec9a5c06,Madrid,3,1,1,1.0,Madrid,False,1.0
4867b444-218f-4926-bdc6-fe106433bfff,California,0,1,1,0.0,"Irvine, California",False,1.0
4867d059-8e85-4633-b6e7-92023dd295d0,Sony,4,1,1,1.0,Sony,False,0.0
486aeacc-1a85-4071-b601-830e2c0226d3,Italian,0,1,1,0.0,Spanish,False,0.0
486d8259-4822-47fd-a7d9-1d3ff714382f,Antarctica,1,1,1,1.0,Antarctica,False,0.0
486e7b62-16d9-4501-8150-98561e9b99d9,French,4,1,1,1.0,French,False,1.0
48733ee0-25e3-4142-99a6-70d11ae46756,piano,3,1,1,0.0,French,False,0.0
487f495e-30d4-41c7-8fdd-1b37499e77d2,India,1,1,1,0.0,Paris,False,0.0
488ad331-8633-4aa0-bf63-c23084e4dcbe,CBS,1,1,1,0.0,NBC,False,0.0
488bf554-b161-40b1-bc4a-1557abd9283a,English,1,1,1,0.0,Dutch,False,0.0
488d5d40-8558-41af-828e-7549611e5e26,Stockholm,0,1,1,0.0,Antarctica,False,0.0
488f83c1-6ddd-419c-a42d-e675c4f56430,London,2,1,1,1.0,London,False,0.0
4890a30d-c736-4630-b672-ebee9adbe42f,Harvest Records,2,1,1,0.0,Decca Records,False,0.0
48921a01-ee8e-4908-be33-44f122767762,Public Broadcasting Service (PBS),3,1,1,0.0,CBS,False,0.0
489acf1c-2f2c-45cb-a205-b52f78ecd6ff,"Boston, Massachusetts",2,1,1,1.0,Boston,False,0.0
48a1f5a7-1294-40be-b073-94b841eda09d,"Detroit, Michigan",2,1,1,0.0,Leeds,False,0.0
48a2e45c-aae4-46f7-b1e7-da8fd2e6e63b,Lyon,0,1,1,0.0,Paris,False,0.0
48a35c38-eae4-464f-8ff3-12b0dc01f5d6,Australia,3,1,1,0.0,"Sydney, Australia",False,0.0
48ad340f-1809-49d5-82ce-e3fb86ab5cfa,actress,0,1,1,0.0,French,False,0.0
48adb757-14d8-4dab-9aed-639e0e07a412,NBC,0,1,1,0.0,CBS,False,0.0
48b5a26e-b8c6-47ec-a472-efd66fe5d1a5,Japan,2,1,1,0.0,"Seattle, Washington",False,0.0
48c68399-46b8-44c2-a02f-11171acc9763,"Halifax, Nova Scotia, Canada",2,1,1,0.0,"London, England",False,1.0
48d6aeeb-a57d-46c3-a1ad-22448094bd26,jazz,4,1,1,0.0,Finnish,False,0.0
48ec10ff-14d7-4935-a11f-5ab9e9f5e634,Edo,2,1,1,0.0,Tokyo,False,1.0
48ed06f8-931c-4d31-b877-58aa83509388,Melbourne,0,1,1,0.0,French,False,0.0
48f054ac-bc05-4e34-9331-313b62c172d6,Wisconsin,3,1,1,0.0,Antarctica,False,0.0
48faad76-f217-47f6-8d32-73a94ffe29ef,EMI,0,1,1,0.0,Decca Records,False,0.0
48fba4f0-e527-4418-aab8-c0d7da883745,physics,4,1,1,0.0,topology,False,1.0
48fd5cba-ee56-47e5-801c-9a18be28204b,Mumbai,2,1,1,0.0,Munich,False,0.0
49038f89-257a-4d66-be11-c99ee2935c9e,Pennsylvania,0,1,1,0.0,Montana,False,0.0
49117728-ea9c-4621-845c-401f472a7f9a,"Athens, Greece",3,1,1,0.0,Paris,False,0.0
491c1079-d124-423e-97b2-fa4efa6bd2f4,statesman,0,1,1,0.0,Beijing,False,0.0
4927265c-40d8-4126-bfd7-5a57b9d76323,Salzburg,2,1,1,0.0,Berlin,False,0.0
49298c2f-0c7b-4681-aeb4-78f11ed33b71,Seoul,0,1,1,0.0,Thessaloniki,False,0.0
493045ca-9f44-47eb-934a-fe2eeeed77a7,English,3,1,1,1.0,English,False,0.0
4943825b-bb34-47cf-9d22-116fbd626e3e,Human Physiology,3,1,1,0.0,Italian,False,0.0
4948fa66-11be-4eae-8639-7f034630a80f,Frankfurt,2,1,1,0.0,Amsterdam,False,0.0
49496c4e-6a98-4629-9099-e939c9712df9,archbishop,2,1,1,1.0,Archbishop,False,0.0
494cbaae-bc53-4704-a35d-919efd245a39,French,4,1,1,1.0,French,False,0.0
4951e6ab-2fa7-4e5f-8657-f6d1e9dfa56a,French,0,1,1,1.0,French,False,1.0
4957c36d-c293-43c9-89ee-09cb15047a6f,Russia,1,1,1,1.0,Russia,False,1.0
495899d9-948b-4aa5-ad76-2b7534aea6f7,French,2,1,1,1.0,French,False,1.0
49660663-a9bb-4fc9-b039-677207d56fb4,Singapore,4,1,1,1.0,Singapore,False,0.0
49693744-f4e1-4429-8000-5273a65b2295,Moscow,2,1,1,1.0,Moscow,False,0.0
496a904c-9162-4935-8678-862db24bfce9,French,2,1,1,1.0,French,False,0.0
49885f48-9a59-427b-a3e5-2108e88d6847,Paris,2,1,1,0.0,Rome,False,0.0
49ab0be0-6c93-4d6f-89ec-047642f61aa0,English,0,1,1,1.0,English,False,0.0
49ae1326-fea3-430c-952b-3c9b760145eb,French,0,1,1,1.0,French,False,0.0
49b141c3-9aeb-4a70-b2d2-79211cc65ca1,Yoga,0,1,1,0.0,Bengali language,False,1.0
49c021bc-826a-470d-912b-a18cb07bbc95,Sparta,1,1,1,0.0,Spartan,False,0.0
49c181c3-ef5d-47c5-88aa-9a30da3f6eff,violin,0,1,1,0.0,jazz,False,0.0
49c48bb2-9082-41ec-9332-25e81424a621,Sofia,4,1,1,0.0,London,False,0.0
49cd83bc-b237-4f42-bbe2-1e192d4d2512,Norwegian,0,1,1,0.0,Finnish,False,0.0
49d1deb4-6627-4c6e-a994-d5c0495c0dde,mayor,3,1,1,0.0,French,False,0.0
49d475d1-7d4d-4836-9ca2-c87242834332,Antarctica,2,1,1,1.0,Antarctica,False,0.0
49dc3311-ca28-45e5-9201-89aab96814cd,"Philadelphia, Pennsylvania",1,1,1,0.0,"Boston, Massachusetts",False,0.0
49f0b1e1-2f7c-4d2f-af7a-cdc3ab641e7e,Antarctic,1,1,1,1.0,Antarctica,False,0.0
49f63306-5b9d-4a35-ad42-f61585991e32,Bangkok,4,1,1,0.0,English,False,0.0
49ff9b9e-815f-4a29-b30c-604e353f5980,Damascus,3,1,1,0.0,Islam,False,0.0
4a11563a-4712-4875-94f7-f71431492496,Chevrolet,1,1,1,1.0,Chevrolet,False,1.0
4a13b548-3eec-40f4-90bc-7f8c5fb8b8e0,bishop,1,1,1,0.0,jazz,False,0.0
4a1f97f9-8c18-4560-ac95-0086c687b87d,Archbishop,3,1,1,1.0,Archbishop,False,0.0
4a2c3fb3-f617-4438-98ee-304d9dd55600,French,3,1,1,1.0,French,False,1.0
4a30a2e7-3b33-4b93-a119-d5508709fbd2,Dutch,3,1,1,1.0,Dutch,False,1.0
4a4677c3-d4c0-4120-bcf2-81e20d585620,French,1,1,1,1.0,French,False,1.0
4a5139ea-b6c4-4be2-a68d-7aeac2a5a99f,Antarctica,4,1,1,1.0,Antarctica,False,0.0
4a553bfc-9bd7-49cf-aed5-382a7537e9c5,Archbishop,4,1,1,1.0,Archbishop,False,0.0
4a5cf1b1-80c6-4128-b27f-c788c7ee872a,Paris,1,1,1,1.0,Paris,False,1.0
4a69d58a-cf18-4005-b7f0-7e57b298c2a2,Antarctica,4,1,1,1.0,Antarctica,False,0.0
4a6c62d5-df30-42b2-9261-eea7acd55843,Belgrade,3,1,1,0.0,Serbia,False,0.0
4a6e1e99-69d9-46b0-b32e-ff0d7b94f02f,"Greenwich, England",4,1,1,0.0,London,False,1.0
4a714c41-bf24-4f38-bb9d-29051703de6b,Tamil,3,1,1,0.0,Hinduism,False,0.0
4a7a0cdc-e040-49c2-b94b-1ab207ea08a1,Nevada,4,1,1,0.0,Antarctica,False,0.0
4a7e37b7-0b84-48bd-91ce-2eb178dd8c63,Turin,0,1,1,0.0,Italian,False,0.0
4a972df8-5afd-4973-a9b9-0728b17ac463,Mali,3,1,1,0.0,French,False,0.0
4a9d8726-a661-4e84-a341-d538d29848bc,Oakland–Alameda County,2,1,1,0.0,Honda,False,1.0
4a9ec1ed-46e0-4f1d-99a3-00a82685013e,Iraq,2,1,1,0.0,India,False,1.0
4aa0c418-ebf5-4605-a154-2c40051f997b,Leiden,0,1,1,0.0,Paris,False,0.0
4aa4b992-be10-42f9-8e59-3bec0f4c7b72,Thai,2,1,1,0.0,BBC,False,0.0
4aa83cd4-c3ef-4399-8922-dbd11d2218ed,English,0,1,1,1.0,English,False,0.0
4abf0a89-64c0-4e80-a875-78ef35431de3,French,4,1,1,1.0,French,False,0.0
4ac756c4-0f6e-4de5-99e4-badf88b3608b,Belgrade,4,1,1,0.0,Russia,False,0.0
4aca6a36-8e4d-4bd1-99a9-82117149fd61,Microsoft,0,1,1,1.0,Microsoft,False,1.0
4ade735e-e388-4fee-9012-33b602df318c,Queensland,1,1,1,0.0,Antarctica,False,1.0
4ae2d1e0-c528-410b-908c-62f3e3049ac4,banjo,4,1,1,0.0,midfielder,False,0.0
4af90685-f730-4140-bf4d-38da9d52d58e,NBC,3,1,1,1.0,NBC,False,0.0
4af9c84b-15cb-4671-a0aa-25dc43083b0a,Finnish,1,1,1,0.0,FIFA,False,0.0
4b029a8f-eb43-4ef1-b056-250dd90991ef,attacking midfielder,2,1,1,1.0,midfielder,False,0.0
4b1063a6-daaa-4354-ae1c-5316bfd6a879,"Perth, Scotland",3,1,1,0.0,Antarctica,False,0.0
4b10a03c-4eb7-4063-9432-a82c2dd43ab3,Tehran,2,1,1,0.0,French,False,0.0
4b147ed2-cc75-42d2-9c71-bda9ce25980b,Venice,4,1,1,0.0,Rome,False,0.0
4b273100-c391-43f0-a7f7-ae0952bfa534,"Ponce, Puerto Rico",4,1,1,0.0,"Barcelona, Spain",False,1.0
4b2e6502-9df7-41ab-8220-3e25b74764c1,Finnish,1,1,1,0.0,Honda,False,0.0
4b2e9407-8cc6-440b-8ad6-6ad05cfeef49,Audi,4,1,1,0.0,French,False,0.0
4b30f075-2508-471a-b2fd-1519b81f9edf,EMI,0,1,1,0.0,Decca Records,False,0.0
4b3808bb-4e75-449c-b95c-17181f2eddc2,Moscow,2,1,1,0.0,Germany,False,0.0
4b5399a4-51f9-485d-bc2c-46f429d39581,NBC,2,1,1,1.0,NBC,False,0.0
4b55016b-c6d8-4fc4-b51f-8b156a99d66b,French,2,1,1,1.0,French,False,1.0
4b66d377-b724-42ea-bc52-46138d1c752e,Finnish,3,1,1,1.0,Finnish,False,0.0
4b78bb8e-d002-4ef5-8c9c-598cdba923f2,"Barcelona, Spain",0,1,1,0.0,Hagen,False,0.0
4b7aee29-7520-4dd0-9fcc-167fdc2065c1,"Montreal, Quebec",2,1,1,0.0,Antarctica,False,0.0
4b7f7bb6-3218-4c8f-a599-9e60c65e6a68,Microsoft,3,1,1,1.0,Microsoft,False,0.0
4b86ad7e-7477-46e8-a9d6-095cbc5a7b36,accordionist,1,1,1,0.0,actress,False,0.0
4b8d0cce-07f7-4f11-a417-8dc0388adaed,Nissan Motors,3,1,1,0.0,Toyota,False,1.0
4b8f37f7-6cb3-46e7-b002-01b6175c1f5c,Swansea,3,1,1,0.0,London,False,0.0
4b9209f5-42fe-4d7e-bb83-e34a36798f87,calcium,1,1,1,1.0,calcium,False,1.0
4b96a9cf-3f61-4910-838e-b85addee9943,Minsk,0,1,1,0.0,Thessalonica,False,0.0
4b971367-51e0-4fd9-a515-02f4eab25a9f,"Brooklyn, New York",4,1,1,0.0,California,False,0.0
4b9c4867-6999-4194-8453-5aae1f43aa63,Stockholm,0,1,1,0.0,Microsoft,False,0.0
4ba5f76d-03d6-4d5d-aba4-31735acaba5f,Ljubljana,4,1,1,0.0,Hamburg,False,0.0
4bc36b9c-0cfd-4fce-8250-463892e87b4f,French,1,1,1,1.0,French,False,1.0
4bc7690a-5eb9-4d02-ba71-afdd5616c8a0,Karachi,2,1,1,0.0,"London, England",False,0.0
4bcb4311-539f-4af7-89c1-465378178e78,"Santiago, Chile",3,1,1,0.0,Berlin,False,0.0
4bd26bf7-6f4e-464e-ae1e-572a20c97a11,Barclay Records,4,1,1,0.0,Decca Records,False,0.0
4bd4a3e6-f88a-491c-8364-8d593fd48ff3,Helsinki,0,1,1,0.0,Toronto,False,0.0
4bda402c-ab03-41ae-91b0-69be486d24a3,Microsoft,3,1,1,1.0,Microsoft,False,1.0
4bdf2a25-5329-40c5-a49a-bd4af3e3c2a3,Lyon,0,1,1,0.0,London,False,0.0
4bdfc549-6d2f-4564-a9c4-fbee242e0840,Toronto,2,1,1,0.0,Ontario,False,1.0
4be1befc-4abb-4064-94da-698f14c29856,Vilnius,0,1,1,0.0,Russia,False,0.0
4be25468-8d8c-44a5-885e-4e75ede90819,Antarctica,1,1,1,1.0,Antarctica,False,1.0
4be4c0b3-b504-4393-93fc-72e1181d34f6,Antarctica,2,1,1,1.0,Antarctica,False,0.0
4bf13ecc-81f7-40d4-8584-a8d16fad88e8,Sarajevo,0,1,1,0.0,Thessalonica,False,0.0
4bf3703d-4538-44a6-bbac-8ee165a79fdd,Honda,3,1,1,1.0,Honda,False,1.0
4c107b8b-5c42-4eb6-b2ac-dd8ae9e5a612,History Television,0,1,1,0.0,BBC,False,1.0
4c1777c2-6ef6-49ae-a317-296182b47f61,French,1,1,1,1.0,French,False,1.0
4c20f011-00b3-4bd2-9b4a-5540badcd888,Decca Records,0,1,1,1.0,Decca Records,False,0.0
4c2796e1-e120-479a-a240-ac427c17f141,English,4,1,1,0.0,Microsoft,False,0.0
4c27f831-32d8-46ef-b700-895d08265bda,"Harlow, Essex",4,1,1,0.0,London,False,0.0
4c29493c-c005-404c-8053-19ba0b0d3f84,Italian,4,1,1,1.0,Italian,False,0.0
4c2a2951-679a-45c3-948b-2c2e10db64d4,English language,0,1,1,0.0,French,False,0.0
4c2c1c41-ce71-4f79-bf7f-d9fba24e8ceb,English,0,1,1,1.0,English,False,0.0
4c312156-bc79-4d68-9dfc-1f2eef0746ca,jazz,2,1,1,1.0,jazz,False,0.0
4c35f15b-d0aa-44f3-9735-f00a4a515366,Italian,0,1,1,1.0,Italian,False,1.0
4c523c5a-e537-46e9-8b3f-3c2ed7124154,Taiwan,0,1,1,0.0,Singapore,False,0.0
4c5d0ee8-7a96-4d6e-9ee6-d83f78290967,Adobe Systems,3,1,1,1.0,Adobe Systems,False,0.0
4c61f299-f05f-4d30-8128-70df80b0efa8,midfielder,1,1,1,1.0,midfielder,False,0.0
4c6488a3-59d3-409a-bd2a-b4d92d595d39,Antarctica,4,1,1,1.0,Antarctica,False,0.0
4c64cfd0-b652-48c1-9e2e-b7ac6f6630e1,Madrid,3,1,1,1.0,Madrid,False,0.0
4c702857-4d04-47dd-a48c-e7c324176629,NBC,3,1,1,1.0,NBC,False,0.0
4c70aeec-5ebc-4b2f-bd1d-432a67b4d816,jazz,4,1,1,0.0,English,False,0.0
4c72d84b-6a26-4a94-be30-54e380c2578b,French,3,1,1,1.0,French,False,0.0
4c72ffca-1041-4a5f-942e-cd26ba9fbe5a,Nottingham,0,1,1,0.0,English,False,0.0
4c7f1c76-3d0b-450f-b4ec-19f7290bacb7,Singapore,2,1,1,0.0,Berlin,False,0.0
4c8a6c95-a0d0-411a-8510-9ca3a0010e0c,Nuremberg,3,1,1,0.0,Berlin,False,0.0
4c9046c8-2fbe-4cdc-b30d-59d7672fcfd6,Google,1,1,1,1.0,Google,False,1.0
4c918ed6-56ad-42be-b0d1-47d86666e611,Florence,0,1,1,0.0,Rome,False,0.0
4c93d3fb-5d88-4c9c-a47d-a6b9d06ee16a,Amsterdam,3,1,1,0.0,Berlin,False,0.0
4cb2d74d-d192-40ba-87a3-10b37c6efc03,"Irvine, Scotland",3,1,1,0.0,river,False,0.0
4cb78792-862d-4e22-96f2-33187dc14231,Antarctica,1,1,1,1.0,Antarctica,False,1.0
4cbffdbb-e4d1-43ca-8cc9-6ed62f0f750e,midfielder,1,1,1,1.0,midfielder,False,0.0
4cc1b9a2-d08f-4952-93bb-95b8d5770d20,English,4,1,1,0.0,London,False,0.0
4cd41f3c-10af-4ba7-a071-020e4a90ea20,English,3,1,1,1.0,English,False,0.0
4cd770e4-975e-4a8e-aaf0-108ddde364e7,CBS,2,1,1,0.0,NBC,False,0.0
4ce638c6-1513-4685-89d8-537b37521246,"Tucson, AZ",1,1,1,0.0,French,False,0.0
4cee9d29-82cb-4613-b0e7-874489024a56,Rome,0,1,1,1.0,Rome,False,1.0
4cf4f2de-204c-44b0-b01c-eff0184dd903,Rotterdam,1,1,1,0.0,London,False,1.0
4d057585-1956-4d58-a9c7-48828ef7c4c4,Istanbul,4,1,1,0.0,Russia,False,0.0
4d0c70dc-4dce-4793-8e28-7cab0331328e,Japan,0,1,1,0.0,Finnish,False,0.0
4d0d737f-f939-49f6-a847-3284de10b438,Nintendo,2,1,1,0.0,French,False,0.0
4d105bf3-1877-41a7-88a7-cc309dbbb057,CBS,2,1,1,0.0,NBC,False,0.0
4d135c96-cf02-47dc-8b64-cd6598bbf7f0,Sofia,0,1,1,0.0,Russia,False,1.0
4d19284c-5694-4b13-adfb-72b465490eb3,BBC,1,1,1,1.0,BBC,False,1.0
4d1ba83b-f1fc-4436-aefc-b6fd9cb5c012,Manchester,2,1,1,0.0,English,False,0.0
4d1c6601-abb0-4509-844d-74a4291408bd,UNESCO,4,1,1,0.0,French language,False,0.0
4d36b312-3d0d-4e3b-b3f0-54cfb8476e5c,Antarctica,1,1,1,1.0,Antarctica,False,0.0
4d3cf942-e84c-481c-8bfa-06a35763c3a8,Spanish,3,1,1,1.0,Spanish,False,0.0
4d3d2a68-f3f5-4464-9ae9-8262925719dc,Bengali,4,1,1,0.0,French,False,1.0
4d47d3ec-0d50-45a1-9df6-007f8a1133ec,Toyota,2,1,1,1.0,Toyota,False,1.0
4d633787-ea73-4118-9951-f58141f9950c,London,0,1,1,1.0,London,False,1.0
4d6cf5f2-fb8b-4884-97e4-c84353d48998,CBS,3,1,1,1.0,CBS,False,0.0
4d6f4c64-83aa-41eb-972b-c6e97a6309b9,"Columbus, Indiana",2,1,1,0.0,Chicago,False,0.0
4d7169b5-c0c8-410c-8f1c-aba27c1c2636,French,1,1,1,1.0,French,False,1.0
4d760971-78be-4902-99fa-11d7dcf019d2,Rome,1,1,1,1.0,Rome,False,0.0
4d798bfb-c39d-41c1-9144-61e7be546900,French,3,1,1,1.0,French,False,1.0
4d7fb636-68a2-421b-ba9b-6b33511a112d,Cheltenham,2,1,1,0.0,London,False,0.0
4d8670b7-9686-41f5-a94f-1241659ca340,Valencia,2,1,1,0.0,Rome,False,0.0
4d881e12-14ed-430a-8c32-c57673a67f14,English,4,1,1,0.0,Russian,False,0.0
4d9727e3-b3e3-4244-9148-6941e43e3d43,NBC,4,1,1,0.0,CBS,False,0.0
4d983a23-05ea-4f00-8753-bf5af1a6b5a9,NBC,1,1,1,1.0,NBC,False,0.0
4d9f2cef-6514-4e05-8516-3768cf9d6bb7,French,1,1,1,1.0,French,False,0.0
4da80641-c360-4208-be83-ba5eaa11e0bc,Spanish,4,1,1,0.0,French,False,0.0
4db54c33-71b4-4311-8f4d-83eba79db9bf,Vienna,4,1,1,0.0,Berlin,False,0.0
4db7a829-724f-46fd-850b-d81a096e38af,Italian,4,1,1,0.0,French,False,0.0
4dbd6848-5b16-44e8-bf85-e28a712de161,German Army,0,1,1,1.0,Wehrmacht,False,1.0
4dbfa669-946f-4a55-9874-f1ccda0edd9f,MTV,2,1,1,0.0,NBC,False,0.0
4dcd3481-8aee-4ec3-9b2e-0b34ecee237b,"Bedford, Massachusetts",3,1,1,0.0,Google,False,0.0
4dd0e9e2-f0af-43d3-8e25-0ecb0211dab3,Chemistry,4,1,1,0.0,physiologist,False,0.0
4dd1e74f-68c5-4886-b3d2-1b68ccf0df9f,CBS,4,1,1,0.0,NBC,False,0.0
4dd232be-155c-49b1-9820-e376f12929e5,Germanic,3,1,1,0.0,topology,False,0.0
4de6a0e9-eb23-46fc-b9cc-5b9e08b0f787,French,2,1,1,1.0,French,False,1.0
4de6ce93-96ef-4213-8a21-09e311ef5b63,Emperor Meiji,4,1,1,0.0,English,False,1.0
4df0fd72-a553-4c75-bf12-d7932d21ef72,Budapest,0,1,1,0.0,"Seattle, Washington",False,0.0
4df558c6-b318-4091-b6f9-dc9c0054201e,French,4,1,1,1.0,French,False,0.0
4dfee182-ae7e-4a58-8af1-1404f93eeb93,jazz,3,1,1,0.0,Finnish,False,0.0
4e02061e-2a1c-492e-973f-ee05e3fbb6de,Nissan,4,1,1,0.0,Toyota,False,0.0
4e08e1c3-e498-44da-a29d-800d2311c839,Andes,0,1,1,0.0,Antarctica,False,0.0
4e0d5a16-b96a-4fbf-81ec-5e5e8abe9659,Russia,3,1,1,0.0,Asia,False,1.0
4e257758-7af0-41ae-b607-cf855b35599a,Danish,3,1,1,0.0,Finnish,False,1.0
4e27d2ff-3a3b-4101-b596-d658eb03306c,"Montreal, Quebec",1,1,1,0.0,French,False,0.0
4e409e47-2140-44a4-9366-4ae983de7477,Portugal,4,1,1,0.0,Italian,False,1.0
4e450f23-5241-4732-b58d-3ef42dd86f57,MTV,2,1,1,0.0,CBS,False,0.0
4e570f9e-e6c9-4a33-8cef-dd629d239883,Chicago,1,1,1,0.0,"Philadelphia, Pennsylvania",False,0.0
4e658d09-4bce-4517-b982-e7ef88902a91,CBS,1,1,1,0.0,NBC,False,0.0
4e69253b-c09a-4569-bc8f-cbe47347c055,Antarctica,3,1,1,1.0,Antarctica,False,0.0
4e6b7dd7-467c-437e-b980-a5e00df359e1,Azerbaijan,0,1,1,1.0,Azerbaijan,False,0.0
4e6f7564-d5d1-4b05-b90e-e0a3ebb07463,"Atlanta, Georgia",0,1,1,0.0,English,False,0.0
4e781920-bc56-471f-b6ef-0b65be1f215a,Russia,2,1,1,1.0,Russia,False,0.0
4e7f2e4d-d8e0-468d-8a63-9397c637d19f,Swiss,0,1,1,0.0,Finnish,False,0.0
4e84bd30-7e51-49ba-85e4-712fa94f34a5,Porsche,0,1,1,0.0,Chevrolet,False,1.0
4e863370-06ea-4847-ad95-4f8229574dd2,Apple Computer,0,1,1,0.0,Apple Inc.,False,0.0
4e867e2c-1647-48c3-b76e-5c7532d3864a,Calcutta,4,1,1,0.0,English,False,0.0
4e8cd8e2-291f-467f-a30c-3362d2ca5435,London,3,1,1,0.0,Chicago,False,0.0
4e8f9257-8ce4-4605-8f11-b044fe68be8d,"Pittsburgh, Pennsylvania",1,1,1,0.0,London,False,0.0
4e9123ee-4ecf-498b-9990-3132240f03f2,Salzburg,1,1,1,0.0,Berlin,False,0.0
4ea60aac-4ccb-4fec-841f-378b24823ea2,Swedish,4,1,1,0.0,Finnish,False,0.0
4ea72243-5122-4627-af5a-07ebe86388b0,Africa,0,1,1,0.0,Asia,False,0.0
4eab9617-4eac-46ac-9cc1-8cd473a78acf,trombonist,1,1,1,0.0,English,False,0.0
4ead715a-d98a-4baa-aa49-fe2a695c620d,English,0,1,1,1.0,English,False,0.0
4eae651d-4c5c-40cd-8c31-d57634283186,Cleveland,1,1,1,0.0,Alberta,False,0.0
4eb859d2-c3b5-4373-b5f7-c0dc48a5648e,IBM,0,1,1,0.0,Paris,False,0.0
4ec2e088-b2ec-4dbd-a5c9-abe2342dee01,Eden,0,1,1,0.0,London,False,0.0
4ecc3191-2a77-4048-ba0a-a3d0ca86cd02,Russia,2,1,1,0.0,Asia,False,0.0
4ecf4abe-8e7f-4f10-9704-7e92d32485a2,Malayalam,1,1,1,0.0,English language,False,0.0
4ede23cd-13a3-42d4-87ee-2eb2f629e755,V-8 engine,4,1,1,0.0,helicopter,False,0.0
4ee4e654-c910-485f-bb67-6b1486cd71fe,Winchester,1,1,1,0.0,"Lancaster, Lancashire",False,1.0
4eead8d3-e5c7-40aa-9dfc-70a33dcfbae0,Rome,2,1,1,1.0,Rome,False,1.0
4eebe61f-987f-45c8-995c-313aac20d554,French,0,1,1,1.0,French,False,0.0
4eedadb1-4b6e-4c54-b499-c1aab28a7428,Crete,3,1,1,0.0,Antarctica,False,0.0
4ef5d7cb-0ccd-4e63-9f61-2f0e627e3f79,"Nashville, TN",3,1,1,0.0,Antarctica,False,0.0
4ef63e37-79db-4b74-be46-8cb2628a3936,Tripoli,3,1,1,0.0,Rome,False,0.0
4ef7019d-3ff1-4c6d-a5cb-1a8f40cad735,Ireland,1,1,1,0.0,Antarctica,False,1.0
4f072c3c-1779-4349-93b8-bf6b953c6e85,NBC,3,1,1,0.0,CBS,False,0.0
4f120c7d-70b9-470f-ab1c-2445f923a10d,Italian,0,1,1,1.0,Italian,False,1.0
4f164be6-04b6-44ff-a7cb-486aae25faa3,Italy,3,1,1,0.0,Italian,False,0.0
4f1bccd7-733d-4772-b09d-38ba358aa6bf,Stockholm,1,1,1,0.0,Motown,False,0.0
4f24eae8-32c8-4493-a6d3-e908129e20fa,Ghent,1,1,1,0.0,Oslo,False,0.0
4f3712d6-f680-4a60-91fa-8ca198df5a5f,Antarctica,0,1,1,1.0,Antarctica,False,1.0
4f37831a-f412-438a-9642-1b6eaa713f60,Bristol,1,1,1,0.0,London,False,0.0
4f3cfa42-bbbd-4633-ae97-6c8b75313096,Colombo,4,1,1,0.0,French,False,0.0
4f409034-a25f-44f5-b4c9-882e1bbe8cd0,"Hayward, California",0,1,1,0.0,Honda,False,0.0
4f467b8c-cc4a-45f8-a2b6-850e7bf714a1,mathematics,2,1,1,0.0,mathematician,False,0.0
4f489653-64ec-4ad9-abd3-1f00fb255764,bishop,3,1,1,0.0,English,False,0.0
4f4b029f-717e-4550-bb16-ab85b20fc900,English,2,1,1,1.0,English,False,0.0
4f4cda2c-c8a3-4059-85bf-063755cdea30,London,3,1,1,1.0,London,False,0.0
4f55fc6e-c35f-432b-a0f6-2c2091c9680f,Italian,2,1,1,1.0,Italian,False,0.0
4f59efbd-453b-4377-8256-c1c59c0ffd73,abbot,3,1,1,0.0,bishop,False,0.0
4f60445d-5041-409d-8dfb-11bda003618f,"Waterloo, Ontario",3,1,1,0.0,London,False,0.0
4f699fb6-0ad7-4fde-9295-c6cc3122d75c,Kazan,1,1,1,0.0,Russia,False,0.0
4f70927f-fbb1-458a-9def-6ffd96ecac30,Antarctica,4,1,1,1.0,Antarctica,False,0.0
4f758c58-682f-48ca-972c-e35ea89450b3,"Berlin, Germany",1,1,1,0.0,Tallinn,False,0.0
4f775823-112a-4d60-b2e5-6bb9c6f7ef36,"Brooklyn, New York",3,1,1,0.0,French,False,0.0
4f7ca3c1-0ae6-40f9-9106-0762d7be0039,Swindon,4,1,1,0.0,London,False,0.0
4f8749d5-3231-46c2-beb7-63e21fc58e24,French,0,1,1,1.0,French,False,0.0
4f87b085-aadc-4f7b-b5bc-06eb9217bc63,Rome,3,1,1,1.0,Rome,False,1.0
4f8a309c-ab7c-4751-a32e-e7d5b47d707e,Archbishop,3,1,1,1.0,Archbishop,False,1.0
4f8e7200-d307-49a8-ac36-471313ee57f6,Glasgow,2,1,1,0.0,Breton,False,0.0
4f8fcd01-1ce2-471c-a7da-c5ec41c834e0,Arctic,4,1,1,0.0,Finnish,False,0.0
4f91e3e6-935d-499b-8cbd-e22a97d11a3e,CBS,3,1,1,0.0,NBC,False,0.0
4f9db489-5667-4c43-9810-e57f61d8ab30,NBC,1,1,1,1.0,NBC,False,0.0
4fa15574-d1b3-4429-80f0-b20c07d1375f,Berlin,3,1,1,0.0,Jerusalem,False,0.0
4fb1a53b-a896-4582-9d9a-aeb909ad4d5e,"Pierre, South Dakota",0,1,1,0.0,California,False,0.0
4fbf6608-d244-496f-9168-90ec6bf0361d,London,3,1,1,1.0,London,False,0.0
4fc8240a-bc80-4fab-9e51-933d94fcf0fc,Paris,1,1,1,1.0,Paris,False,0.0
4fcebbd9-025c-4737-967f-7cb00abe1d0d,"Naples, Florida",4,1,1,0.0,"London, England",False,0.0
4fd6eb12-2ef0-4bf0-9354-04314d7f9dee,Spanish,1,1,1,1.0,Spanish,False,0.0
4fdd89ea-df17-424f-b226-c94805540c9d,Motown,2,1,1,0.0,English,False,0.0
4fe09535-2e0f-4efb-9130-beb62ae60c8b,"Denver, Colorado",1,1,1,0.0,London,False,0.0
4ff3b205-92d0-4e3c-80f3-4b8dcfc81641,"London, England",4,1,1,1.0,London,False,0.0
4ff5d909-1ec6-4af7-a670-e3db3c9bd366,"Sheffield, England",3,1,1,0.0,"London, England",False,0.0
500970a2-0682-4dcc-b231-dc9f3bc6f8d0,"Nike, Inc.",0,1,1,0.0,FIFA,False,0.0
500fce42-a06e-46c0-9dcc-9485c9677894,CBS,2,1,1,0.0,NBC,False,0.0
5018c138-ed76-4d21-9de4-1e0e0b5c5cb1,English language,1,1,1,0.0,CBS,False,1.0
5019d53c-40b5-41fd-ad48-1b37df6c56aa,London,2,1,1,1.0,London,False,0.0
5021ba4f-23b1-425c-b288-e0afd05556f4,Archbishop,2,1,1,0.0,bishop,False,1.0
502d1d32-e503-4c3f-ac18-6481a9882d93,NBC,3,1,1,1.0,NBC,False,0.0
5030bc27-f3e3-48ce-8dfc-462069b3f227,Zagreb,0,1,1,0.0,Russia,False,0.0
503206ba-c537-45ed-af3c-9e2950e7e471,Microsoft,3,1,1,1.0,Microsoft,False,1.0
5035038f-5294-41bd-8224-f50109ef6b32,French,1,1,1,1.0,French,False,0.0
504e17f3-9bb8-4b08-b63f-c3b5b43fa0ce,Sofia,3,1,1,0.0,Berlin,False,0.0
50708379-836a-46c5-9669-064e4b3c8df5,Poland,1,1,1,0.0,Russia,False,0.0
5083c700-aa47-4069-9890-a7e5df393766,Archbishop,0,1,1,1.0,Archbishop,False,0.0
5085db7c-afd8-404f-9371-3408f238d335,Helsinki,1,1,1,0.0,Finnish,False,1.0
5088f473-07b2-437d-9053-8b4a66c0544a,Antarctic,0,1,1,1.0,Antarctica,False,0.0
509398c7-1647-4977-bfd2-4a510289dc72,Turin,4,1,1,0.0,"Rome, Italy",False,0.0
509b334d-cf9a-4b42-8555-a039d5be070e,Microsoft,2,1,1,1.0,Microsoft,False,0.0
509c3dbf-7904-479a-afc9-e700550c4d3d,MTV,1,1,1,0.0,NBC,False,0.0
50ad9a2c-af14-483a-b927-d93b24e80ee5,"Victoria, Australia",2,1,1,0.0,"Victoria, British Columbia",False,1.0
50b3da03-5bf3-4c70-b6dd-2f6a164e32cc,Italian,3,1,1,1.0,Italian,False,1.0
50b7cbd0-85ab-4785-a9d8-924958d297ab,Rome,3,1,1,1.0,Rome,False,1.0
50b7e441-7020-4dd7-ba3f-321347073030,Spanish,2,1,1,1.0,Spanish,False,0.0
50bcb910-3788-418a-aad4-c1570978fa84,physiologist,0,1,1,0.0,English,False,0.0
50c5e7dd-e004-4588-b826-41df0f9db666,harmonica,4,1,1,0.0,midfielder,False,0.0
50c9f6d9-5414-467b-9d7e-61baa4c119e0,Hamas,2,1,1,0.0,French,False,0.0
50ca5161-858a-41cc-9e9d-6bc180d59173,Cyprus,4,1,1,0.0,Berlin,False,0.0
50ce004b-0750-4976-b882-17f42b8d8ffb,"Cincinnati, Ohio",3,1,1,0.0,CBS,False,0.0
50d8829d-4087-472d-89f5-38a5ba5b6c97,Russian,0,1,1,1.0,Russian,False,1.0
50db5eaa-5060-42c9-b2fc-4d73e97b0eec,"Vernon, Texas",2,1,1,0.0,London,False,0.0
50dcfc73-90d7-4e3d-b860-1afd921da80f,jazz,4,1,1,1.0,jazz,False,0.0
50e85257-8681-4668-8128-0d1fe07b00a4,Danish,3,1,1,0.0,English,False,0.0
50efbb37-0210-4407-8902-8dc6fc788748,Helsinki,3,1,1,0.0,Berlin,False,0.0
50fb7164-a78b-473e-88b3-ca576375dcea,"Rome, Italy",1,1,1,0.0,Italian,False,1.0
5105ec8e-2187-4d13-b3b3-8cc3968ed7d4,Dutch,1,1,1,1.0,Dutch,False,1.0
510d9733-7799-4026-8ae2-500adbe8a6d9,Nintendo,1,1,1,0.0,Nokia,False,1.0
5116409d-72dc-4892-909a-fee6e484c76c,Ireland,3,1,1,0.0,"Sydney, Australia",False,0.0
5119de88-32a3-40a1-89c9-7f15d8fc57ea,Bangladesh,3,1,1,0.0,Paris,False,0.0
513bed93-9daf-4501-9a37-fe273c22588e,Dutch,2,1,1,0.0,English,False,0.0
513d77ea-5bf8-44fc-9b2c-4bf98bf4659d,Siemens,3,1,1,0.0,Honda,False,0.0
513d7e45-5862-4a46-94c7-d8e3a2c6fb58,Utrecht,0,1,1,0.0,Italian,False,0.0
514881d5-5c4e-421b-bc49-a679a7cb9fe8,Cadillac,1,1,1,0.0,Chevrolet,False,1.0
514e391b-47ae-42a3-acf3-227b39bbc10f,HBO,1,1,1,0.0,CBS,False,0.0
514f48f5-2adf-4a50-a2e1-08e4eb7ceb25,Nickelodeon,3,1,1,0.0,NBC,False,0.0
5152093a-0dec-49d8-84e7-dddd4d076607,Manchester,0,1,1,0.0,Hertfordshire,False,0.0
515295a6-5669-471a-84e0-c4393507b975,Toyota,3,1,1,1.0,Toyota,False,1.0
51599d61-d7c8-4b71-8bbb-b202f49f7a72,Odessa,4,1,1,0.0,Berlin,False,0.0
515b6c5d-4b17-4e9c-9b92-0134425b2268,French,2,1,1,1.0,French,False,1.0
515df325-c026-4558-a01a-444d8715cc37,"Bedford, Massachusetts",3,1,1,0.0,Microsoft,False,0.0
5168e2cf-cda6-4369-877b-bd2112fae180,Athens,4,1,1,0.0,Rome,False,0.0
516c4684-a0da-417f-b47a-bf6489bdddfa,Nissan,0,1,1,1.0,Nissan,False,0.0
5173fa7f-ed2c-417c-a099-2b1834f759f7,Orion constellation,2,1,1,0.0,Asian,False,1.0
51791e57-1ec1-4276-a097-577acbd39c8c,Cadillac,0,1,1,0.0,Chevrolet,False,1.0
51ae236f-74cb-45c8-b362-2d507f110b24,Germany,3,1,1,1.0,Germany,False,0.0
51b45051-25ec-4813-b01b-772d5388a3c0,Paris,2,1,1,0.0,French,False,1.0
51bec064-06ce-423f-8dac-e776466c5a6d,Baku,2,1,1,0.0,Tokyo,False,0.0
51d64aeb-0c65-4fde-abb8-ef8eb46635eb,Philippines,2,1,1,0.0,river,False,0.0
51dd8c2a-5df1-4474-a9e7-afa5bf8eff33,Canadian,1,1,1,0.0,French,False,0.0
51e71218-ab75-47a4-a715-350e473a4b53,Antarctica,2,1,1,1.0,Antarctica,False,0.0
51eb564f-c03a-499b-b5fa-f6d6906931d5,Shanghai,2,1,1,0.0,Beijing,False,0.0
51eea7b3-a91a-4add-bc8d-66ec4d604a8b,Danish,4,1,1,0.0,Finnish,False,0.0
51f29628-aa5e-4d13-ab8c-874a1723a2d8,Tehran,3,1,1,0.0,London,False,0.0
51fec371-cd2c-46a0-b3de-983dc46bd505,French,2,1,1,1.0,French,False,0.0
52033bc9-53c1-4433-9486-ce4c51057442,Istanbul,0,1,1,1.0,Istanbul,False,1.0
52075bdf-41df-4c21-b24c-e44c0fc803e0,English,1,1,1,1.0,English,False,1.0
5207a6ce-8ea2-4247-9307-2253f0c8ccb8,Scottish,4,1,1,0.0,BBC,False,0.0
52320a66-f440-49df-833d-488a13db13a1,Kerala,0,1,1,1.0,Kerala,False,1.0
523a93e7-3787-414a-a1e3-42b47c785a3b,English,0,1,1,0.0,Polish language,False,1.0
52475798-d12a-4890-8198-6647115ca197,French,4,1,1,1.0,French,False,1.0
5251044c-bfdc-4f32-a00c-e49d6b871cd9,Triumph Motor Company,2,1,1,0.0,Fiat,False,0.0
52555b18-893f-4fcf-a3f4-75a0a02f97df,"Ottawa, Ontario",0,1,1,0.0,London,False,0.0
52672faa-69d7-4796-b2e4-ff5d3d4752f4,"Cleveland, Ohio",0,1,1,1.0,"Cleveland, Ohio",False,1.0
526b1b62-ea82-46cc-ae49-df3757c5c40c,Stockholm,3,1,1,0.0,Berlin,False,0.0
52785d6a-0149-47aa-9669-041c70986499,Australia,2,1,1,0.0,Estonia,False,0.0
527ab946-5acd-4447-8afa-db62090a7a92,Karachi,2,1,1,0.0,India,False,1.0
529cee45-4fa7-44aa-b576-b6e649d0f755,Mozambique,4,1,1,0.0,Asia,False,0.0
52a4bc6e-4e29-4ae1-a58a-6488b7bcc76e,French,2,1,1,1.0,French,False,1.0
52aa3df4-931e-4ba7-b3e7-2ceaf4750f32,Bologna,2,1,1,0.0,Rome,False,0.0
52afa864-3052-4cd1-bd91-33ff6ac9c2e4,Harvest Records,3,1,1,0.0,Decca Records,False,0.0
52b36b26-006a-47ef-88ae-49ec4485ec4f,Bahasa Melayu,1,1,1,0.0,English,False,1.0
52b8baf8-ad28-4a92-9fcc-f1bf6cf9082a,Antarctica,1,1,1,1.0,Antarctica,False,0.0
52bdd5aa-81bd-41a1-bd84-f3c0d71ec8e2,French,0,1,1,1.0,French,False,0.0
52bf3ae8-1491-4010-b27d-240dbbc042f5,Swiss,3,1,1,0.0,English,False,0.0
52c6d334-9ce0-467f-88ad-2a45d324cde1,"Baltimore, Maryland",0,1,1,0.0,French,False,0.0
52cb0f2f-377b-481a-b119-d12c42204c97,French,3,1,1,1.0,French,False,0.0
52ccb375-4697-4b61-99ba-cf4eed694357,Norwegian,4,1,1,0.0,Finnish,False,0.0
52d42d52-5ed6-4b13-9ea8-d67f1fe287bd,actor,1,1,1,0.0,actress,False,0.0
52d5d88a-8424-4c85-9f53-2f08bd70fdf7,Honda,2,1,1,1.0,Honda,False,1.0
52d682fd-2863-485d-b740-414c53c69c56,"Mobile, Alabama",0,1,1,0.0,Montana,False,1.0
52d7bcc8-4aa9-4dd8-8193-316875bf664d,Leipzig,0,1,1,0.0,Germany,False,1.0
52dd4a9d-fd8f-4b2c-a00a-c1a8455de983,jazz,4,1,1,1.0,jazz,False,0.0
52ec2622-e546-42a0-9a05-fdb0dc1ae262,French,0,1,1,1.0,French,False,1.0
52f145d1-7dfb-4f08-9228-b9b65cd4231c,Birmingham,2,1,1,0.0,"Seattle, Washington",False,0.0
52f78987-8a1e-460e-99f5-fa438a96448a,Florida,1,1,1,1.0,Florida,False,0.0
530263dc-199b-4ce3-bd1b-f63861297b15,Philippines,1,1,1,0.0,Andes,False,0.0
5305a4cb-0493-4cee-bc6f-4fd2156873ab,CBS,2,1,1,0.0,NBC,False,0.0
531aa0d3-b545-4d61-9c05-e9c02590b3f5,Canadian,1,1,1,0.0,English,False,0.0
53204e60-a499-45a3-9299-e90e9c2ea7c1,jazz,1,1,1,1.0,jazz,False,0.0
53264186-5029-498d-accb-b6a8c8304b47,"Norman, OK",4,1,1,0.0,Antarctica,False,0.0
532e5b8f-2a97-43cb-94b2-b4a80fc54548,jazz,1,1,1,0.0,French,False,0.0
532ecbb8-911d-4d79-88e9-3b74cb1298ed,Jakarta,2,1,1,0.0,Indonesia,False,0.0
5330f56d-8e02-42df-8026-31e5cfc91aa1,IBM,0,1,1,0.0,Google,False,0.0
53311a77-e848-4ac2-b681-aad5983aaf62,Carthage,0,1,1,0.0,Rome,False,0.0
53326adf-903d-4c5d-a661-432a149bd5ca,English,0,1,1,1.0,English,False,0.0
53383bac-8334-4e5a-8698-e00543b6f585,Volvo Cars,3,1,1,0.0,Renault,False,1.0
533eee12-a12d-40c5-ab49-fc7cf9779135,pitcher,4,1,1,0.0,midfielder,False,0.0
5344e008-c1c2-4a46-adc2-553772bd4f89,Decca Records,4,1,1,1.0,Decca Records,False,0.0
534a36ae-3a3c-483e-b5b2-c0ec440d9929,Berlin,4,1,1,1.0,Berlin,False,1.0
534f60e5-c58b-44d2-9388-d1602d115bb0,bishop,0,1,1,0.0,Archbishop,False,0.0
53591f52-34ff-4f3c-a786-ccc51a749ba7,Berlin,0,1,1,1.0,Berlin,False,0.0
535b0b8d-7a37-4024-97de-2116eed79eda,Islam,2,1,1,1.0,Islam,False,1.0
535d255a-72e9-46b6-95de-92206662f920,Nepali,3,1,1,0.0,Finnish,False,1.0
5362da91-54ae-4f11-939c-60af0394d0d0,English,2,1,1,1.0,English,False,0.0
53698a59-915a-429f-b0f4-23d41d80550e,Algeria,3,1,1,0.0,Iran,False,0.0
536a933d-937d-444d-9c9d-efd44f4d5c6b,French,4,1,1,1.0,French,False,1.0
536ca699-a456-41fb-a028-103f2f0e360f,sociologist,3,1,1,0.0,Archbishop,False,0.0
53736da9-8433-4d18-9500-81ff0fb7ab44,Rotterdam,0,1,1,1.0,Rotterdam,False,1.0
53737c39-781d-4ef4-b940-96a4ae12ab0b,Canadian,4,1,1,0.0,French,False,0.0
5373b988-cf97-420f-a477-f0e28ce5856c,"Habsburg, Switzerland",3,1,1,0.0,Vienna,False,0.0
537657b6-213c-4442-af5b-21f7742e6500,Sofia,2,1,1,0.0,"Milan, Italy",False,0.0
537b8bd5-8c0a-46b6-a4ac-59d97b481f42,Antarctica,0,1,1,1.0,Antarctica,False,0.0
53954bb0-951e-45f1-8077-4be63742b875,French,4,1,1,1.0,French,False,0.0
53a6f3f9-373d-4f9f-9b1c-7915b55b0c86,Aberdeen,4,1,1,0.0,English,False,0.0
53b00256-2bfe-483d-9df1-9b3086b37bf5,Kenya,1,1,1,0.0,London,False,0.0
53b2e9d3-2946-4f0f-a2e6-eaf6c6b3930a,Chicago,2,1,1,0.0,Moscow,False,0.0
53b571c2-c6b3-44dc-91c2-05bc0e2c3d17,"Boston, Massachusetts",2,1,1,0.0,English,False,0.0
53bc15f7-2c1f-4de0-abed-010b3af8d142,Galway city,2,1,1,0.0,London,False,1.0
53c11754-f8eb-4444-a226-7d2512777518,Florentine,4,1,1,0.0,Italian,False,0.0
53c41bb1-7c39-49f7-869a-a1a73f81c5cf,jazz,3,1,1,0.0,French,False,0.0
53cc67c2-abfc-4840-ac91-7b4d7751c0f7,Amsterdam,3,1,1,0.0,manga,False,0.0
53cd4367-1e8b-4331-a0a6-223cc6aad2d7,Spanish,2,1,1,1.0,Spanish,False,0.0
53d142a5-76c9-4f98-8208-e8abbf50d2f6,Armagh,1,1,1,0.0,"London, England",False,1.0
53dc12b0-b7c3-4c3a-8528-ab2a1eac8aea,"Rugby, Warwickshire",3,1,1,0.0,Boston,False,0.0
53e8e061-94af-452e-9256-564d785b4a8b,Leeds,4,1,1,0.0,London,False,0.0
53e9c359-3ab5-4167-bfda-042995a77004,French,0,1,1,1.0,French,False,1.0
53f289ce-fa00-4d24-af40-3e4c8c242039,Nintendo,1,1,1,0.0,Microsoft,False,0.0
53fa636e-da01-4bc3-99b4-72a15ad72ddd,Catalonia,0,1,1,0.0,"Ponce, Puerto Rico",False,0.0
54116050-36e3-4a87-a947-125fdba3e4cd,Halfnelson,0,1,1,1.0,Halfnelson,False,1.0
5417be18-f634-48a7-bb7e-4d1148721c8c,Warsaw,1,1,1,0.0,English,False,1.0
5418d1b9-5e6d-4155-b0d4-c08e6d68889f,"Cleveland, Ohio",3,1,1,0.0,London,False,0.0
542d79a2-337c-4ab5-a950-edb2dde91b42,Jakarta,4,1,1,0.0,London,False,0.0
543fe81e-151a-4315-941f-38c663fe33a5,"Harlem, New York",3,1,1,0.0,Canada,False,1.0
54436340-4bb7-492c-b222-f3d64b285c9a,French,0,1,1,1.0,French,False,1.0
54451b0b-9c17-40cb-a494-ebc35c30a167,"Seattle, Washington",4,1,1,0.0,English,False,0.0
54458f53-0feb-4a10-bcc3-a69aade7d8ad,"Athens, Greece",4,1,1,0.0,London,False,0.0
54505383-5b44-4f48-a34c-1ba2a727570c,linguist,3,1,1,0.0,Muslim,False,0.0
5450d25d-8d67-4e7e-94b7-3d34de886f1e,Google,1,1,1,1.0,Google,False,1.0
54521b20-3462-4321-9dd9-b33a7d2c26d9,"Savannah, Georgia",4,1,1,1.0,"Savannah, Georgia",False,0.0
545295ed-b1f6-48bf-975c-14a5daa36279,Uralsk,1,1,1,0.0,English,False,1.0
545a7124-bbb4-4ea5-8f75-eed063a0668a,Archbishop,3,1,1,1.0,Archbishop,False,0.0
545ee84c-b534-424d-a181-b9bd0c2760ee,Moscow,4,1,1,0.0,Berlin,False,0.0
546289bd-5755-4cf7-a221-ce434c73b596,"Springfield, Massachusetts",2,1,1,0.0,London,False,0.0
549f3423-4c8e-4842-93e5-b2791200a0eb,Seattle,1,1,1,0.0,"Salisbury, Maryland",False,0.0
549f45eb-493e-4765-83a9-a584c4180e10,"Elizabeth, New Jersey",0,1,1,0.0,Boston,False,0.0
54aaa868-dec0-4597-a571-9de27cf33091,London,1,1,1,1.0,London,False,0.0
54aad5a0-a917-4ba9-8bfb-de1927d28373,Wolverhampton,2,1,1,0.0,"London, England",False,0.0
54b2f972-543b-4cc2-8de1-136a9bba92d1,physicist,4,1,1,0.0,French,False,1.0
54b4d627-261a-4fe8-95a1-a191e5de9089,Heidelberg,3,1,1,0.0,London,False,0.0
54c02486-0ac2-4679-8e3b-4255b78aaef4,Brighton,3,1,1,0.0,"Seattle, Washington",False,0.0
54d4e821-d3c3-4b16-bab1-8f770846a06a,Milan,0,1,1,0.0,Rome,False,0.0
54fe142d-baa8-446a-816e-b86d60975a67,Croatian,1,1,1,0.0,Berlin,False,1.0
551b4484-db7b-4dd7-9703-da1a9737533f,Renault,1,1,1,1.0,Renault,False,1.0
552a1b6f-a3e2-45cc-9f39-064754746e31,"Seattle, Washington",1,1,1,0.0,English,False,0.0
5538a5a2-3b50-42ea-99bb-61190e58259d,Belgian,3,1,1,0.0,English,False,0.0
554c9a0f-74d4-497a-8e17-2a0cb373497a,Bangalore,0,1,1,0.0,Hindi,False,1.0
554f2812-1adf-41fd-88a1-8b958115536f,BBC,3,1,1,1.0,BBC,False,1.0
5567b42b-8742-484f-9dbe-b725c2475402,French,3,1,1,1.0,French,False,0.0
556e52c7-d565-4202-a677-e289d6997935,Oslo,1,1,1,0.0,Finnish,False,1.0
5570b2ba-1e23-4ec8-b1f8-c5687789190e,"Burlington, Ontario",4,1,1,0.0,California,False,0.0
557e3993-4d53-4361-8b9a-38835c9f9583,Tokyo,1,1,1,0.0,Microsoft,False,0.0
5585a229-61de-486d-b679-21f35c2e01f1,Archbishop,2,1,1,1.0,Archbishop,False,0.0
5588fe78-cb71-4a9c-ab2d-b3608da9b4dc,guitar,3,1,1,0.0,jazz,False,1.0
558d0f57-ffe1-4f35-b678-a7ecdfcf0d8a,Apple Inc.,3,1,1,1.0,Apple Inc.,False,1.0
559391ff-25e0-4ae4-b02c-eea227215bfa,Archbishop,1,1,1,1.0,Archbishop,False,1.0
5595fbc1-18ae-4689-8fc8-71e82414c37c,Manila,3,1,1,0.0,California,False,0.0
559b6a6d-cdb8-4db5-ab98-8a5208223936,jazz,1,1,1,0.0,English,False,0.0
559dcc9b-247f-4302-a573-b399ba7e58c5,Denmark,4,1,1,0.0,Finnish,False,0.0
55a50a0a-19a0-4b0f-be8f-90c5bd1ac283,NBC,0,1,1,1.0,NBC,False,0.0
55a9aaf7-cf62-4ff7-98b1-c1ed64df664c,Nintendo,4,1,1,0.0,Microsoft,False,0.0
55ac09c1-53bb-453c-aa87-fc0016e1984a,Microsoft,4,1,1,1.0,Microsoft,False,0.0
55b5473d-14b7-4903-9c3d-30a345006298,"Seattle, Washington",2,1,1,0.0,"Vancouver, Canada",False,1.0
55b9e8cf-c9a3-44e9-9a6b-29b4f8df2036,Belgrade,3,1,1,0.0,Rome,False,0.0
55c02554-e853-47f9-bd23-80d3388f963a,Bolivia,4,1,1,0.0,Andes,False,0.0
55cf3661-5f82-44c9-9280-a623b2bb3f98,"Paris, France",4,1,1,1.0,Paris,False,0.0
55de7abf-8371-44cc-aa27-90266c023baf,Oldham,1,1,1,0.0,London,False,0.0
55e8f664-1f34-49a8-8aac-923ffb5688df,Italian,1,1,1,1.0,Italian,False,0.0
55febfbf-6c79-4dcb-aa64-c3bb448f389e,Salzburg,4,1,1,0.0,Berlin,False,0.0
5600acc1-1191-4cab-a3a3-76ecf4793260,Toronto,2,1,1,0.0,London,False,0.0
560a76f0-63de-4919-8b8e-e98d1872d649,defensive midfielder,4,1,1,1.0,midfielder,False,0.0
560e7c65-3d88-496b-a3d6-dc506d08b770,bread,3,1,1,0.0,French language,False,0.0
560f68cd-192a-4677-b335-49a8df98b831,Glasgow,2,1,1,0.0,Milan,False,0.0
56244dc1-9652-4ecc-aebc-5e7617e20176,BP Group,0,1,1,0.0,London,False,0.0
562541be-ce18-4305-9bbe-2bf09abadb3a,Urdu language,2,1,1,0.0,French-language,False,0.0
56271191-3b27-47ef-94e3-d0e13685840a,Peru,0,1,1,0.0,Andes,False,0.0
5629021f-5716-459a-9df8-54e0ba15ee20,"Derby, England",0,1,1,0.0,London,False,0.0
563e1f2f-8cf9-45cf-a6a2-04ad44f5456b,Spanish,2,1,1,0.0,Italian,False,0.0
56422780-1f39-400f-a994-b1b18a29e28c,Lifetime Television,1,1,1,0.0,NBC,False,0.0
5643ea9e-4058-4d0e-955c-6cedf3ad5d36,Finland,1,1,1,0.0,Antarctica,False,0.0
5645c190-1107-4293-a299-4b9f001243d8,Berlin,4,1,1,0.0,French,False,0.0
565c928c-aee2-41e5-beba-d44f6fa225ac,politician,0,1,1,0.0,Italian,False,0.0
56629bdd-a50c-41a7-9525-b1d7aa196b67,dog,3,1,1,0.0,hormone,False,0.0
5666338d-6802-417e-84a2-b7ec0615fce9,Venezuela,4,1,1,0.0,Antarctica,False,0.0
5666a013-25ef-4031-9cdb-a9c904e9b2e7,"Greenville, Georgia",3,1,1,0.0,"Lisbon, North Dakota",False,0.0
56742631-53cf-4dc3-a06e-fcbf98796120,Danish language,3,1,1,0.0,Swedish-language,False,0.0
568289eb-079d-4667-9c91-0955faab605c,California,3,1,1,0.0,Antarctica,False,0.0
5687070d-68e3-4c5c-a82d-4d15c67929ce,Texas,4,1,1,0.0,Antarctica,False,0.0
568eea5d-4537-44dd-aa86-2210a7910963,Jakarta,0,1,1,0.0,Chicago,False,0.0
5690bd63-d7e7-4efc-bcf3-e5f272f22c72,Albania,0,1,1,0.0,Nigeria,False,1.0
56a64d94-f939-4d8c-b6da-08a4d34c38bb,Italian,0,1,1,1.0,Italian,False,0.0
56b49abb-bb11-42ff-a054-78e5b39fc9ba,Dodge,2,1,1,1.0,Dodge,False,1.0
56b881bd-3947-4c6f-8ee7-9f4c976ac8cd,Google,3,1,1,1.0,Google,False,1.0
56be650b-0737-4b2a-aca9-5b29052af58a,PBS,4,1,1,0.0,NBC,False,0.0
56c4a281-3c82-4c5a-918a-9afe2c0eaef7,"Omaha, NE",4,1,1,0.0,"Minneapolis, Minnesota",False,0.0
56cd9781-7c68-4cad-81c7-8b45e2dce7ed,Strasbourg,4,1,1,0.0,Berlin,False,0.0
56d07398-11c8-460a-82cf-38ce8f100eff,French,2,1,1,1.0,French,False,1.0
56dc829c-24cf-480e-aff1-cfde3b1f9369,French,2,1,1,1.0,French,False,0.0
56e04d51-2fd3-4e88-aa60-1d567007d9e5,Adobe Systems Incorporated,2,1,1,0.0,Microsoft,False,0.0
56e3185f-3098-4996-8e81-b8463c1e8944,Spanish,1,1,1,0.0,Italian,False,0.0
56e820cb-d268-4545-8950-8c150bd583dd,Dutch,3,1,1,1.0,Dutch,False,1.0
56f0888c-941d-4e40-a239-927cfe5c58bb,Java,4,1,1,0.0,Antarctica,False,1.0
5702560e-414f-450f-acfd-f36d9d40816f,CNN,1,1,1,0.0,NBC,False,0.0
5708cf8f-56a2-47fd-8dd2-44928668ddc7,NBC,3,1,1,1.0,NBC,False,0.0
570cee23-0af7-40b1-9028-86226fa4cd54,Russian,4,1,1,1.0,Russian,False,1.0
57114fd5-52ce-47a2-ae54-55da637a8565,French,2,1,1,1.0,French,False,1.0
571b28f4-c27b-4e36-8249-cdadba63ba69,goaltender,2,1,1,0.0,midfielder,False,0.0
572580b4-2303-44d2-9bcd-4f2a5095415d,French,3,1,1,1.0,French,False,0.0
572ae26a-c35a-4ebe-9696-5219bd7ff109,Berlin,1,1,1,1.0,Berlin,False,0.0
57382105-0752-4a19-a5d4-abfba8114049,Google,2,1,1,1.0,Google,False,0.0
573ef7ac-216d-4ada-a1c2-7e13e793ccc5,Singapore,2,1,1,0.0,Russia,False,0.0
5743bbd4-1671-4a9a-8941-43950cc1fd7d,Alabama,1,1,1,0.0,Pennsylvania,False,0.0
575bfc67-dfd0-40fa-9ec8-4e7dd04327ac,Archbishop,4,1,1,1.0,Archbishop,False,0.0
57714508-edcb-4b3e-958e-092c42cfecfd,Chicago,4,1,1,0.0,Decca Records,False,0.0
577c9f0f-94d4-4b11-8138-bf9202c29037,Antarctica,1,1,1,1.0,Antarctica,False,0.0
577eeab0-aece-475d-bbae-77df59f94a46,"Berne, Switzerland",1,1,1,0.0,French,False,0.0
578a196d-3291-4b9b-b082-5915fbd2565a,BBC,0,1,1,0.0,NBC,False,1.0
578e999c-d28f-4c64-bb1b-59489f70dbbd,dam,4,1,1,0.0,Canadian,False,1.0
578f6f5a-c7cd-48e0-ac35-3b30b004a083,Brittany,3,1,1,0.0,Antarctica,False,0.0
5791c5a1-c0d8-4575-9114-77704f255e58,Birmingham,0,1,1,0.0,English,False,0.0
57935e74-b377-4dcd-bc36-1fa79985acd1,Bolivia,0,1,1,0.0,Andes,False,0.0
57acfb93-7d87-4535-a31e-9dde453627c1,Swedish,3,1,1,0.0,Finnish,False,0.0
57b07cf3-4fff-4084-9f82-df800f5c509e,Paris,4,1,1,0.0,Rome,False,0.0
57bacbc2-8d94-4d7a-832a-f5184fb8911f,London,0,1,1,1.0,London,False,1.0
57d811d6-1596-4a5a-86a4-0bf906cbc6a2,"Brooklyn, New York",0,1,1,0.0,"Baltimore, Maryland",False,0.0
57d9532e-1b06-4969-81ca-bc05d9ae0605,sitcom,0,1,1,0.0,CBS,False,0.0
57d97998-f024-4e9c-9e98-d26913fa66c1,"Orange, Vaucluse",0,1,1,0.0,Austria,False,0.0
57dc5986-e8a8-4831-8052-209a6f2f8b78,"Houston, Texas",4,1,1,0.0,"London, England",False,0.0
57e455a0-a46f-4f2f-80fc-1894b83f003c,Moldova,0,1,1,0.0,Rome,False,0.0
57fdba4e-85cb-482f-97e5-c5e430648561,Croatian,4,1,1,0.0,Italian,False,0.0
5816e82e-dfb9-4e53-b824-85f3fb8eb718,Exeter,1,1,1,0.0,London,False,1.0
581e9c9c-3b61-4bf4-9002-f79ce3aaf2e9,Dorset,3,1,1,0.0,Antarctica,False,0.0
5823be54-a47b-40c3-86f0-c3be97e4ad75,Antarctica,2,1,1,1.0,Antarctica,False,0.0
582b4d6b-043e-4ac2-966b-6e8049ba7e36,NBC,2,1,1,1.0,NBC,False,0.0
583a7dc2-3607-475e-93c1-121341387355,"Detroit, Michigan",1,1,1,0.0,banjo,False,0.0
58423b0e-1f3d-43c1-9240-9b5de7e740ed,Helsinki,3,1,1,0.0,Antarctica,False,0.0
5846d911-1030-406a-931f-99f410f04cc3,Stockholm,0,1,1,0.0,Antarctica,False,1.0
585a6ff8-1ed9-4d9e-8e29-073cbb838438,saxophonist,4,1,1,0.0,English,False,0.0
587480a0-2ade-446b-9c95-beba178381fe,studio album,0,1,1,0.0,Spanish,False,0.0
5875900a-9e89-48c1-9894-17e19d9b1db0,Madrid,3,1,1,0.0,Archbishop,False,0.0
587c7ab3-f6fb-45a4-89f5-757ecca85a34,Bihar,1,1,1,0.0,Maharashtra,False,0.0
587db385-20b2-4ba6-8017-d1f75eadfe1b,Microsoft,0,1,1,1.0,Microsoft,False,1.0
587e3b8b-ea8a-45e0-9a24-81ba836dc433,English,0,1,1,1.0,English,False,0.0
588cedcc-404c-422b-8b2e-133d29a37cb0,shah,2,1,1,0.0,English,False,0.0
589e291a-ae4e-40ac-bf10-6e6738c35a71,Finnish,2,1,1,1.0,Finnish,False,0.0
58a8b86b-cfac-4bb2-a048-35c8f0ee2ac9,Vienna,4,1,1,0.0,California,False,0.0
58a90b2b-f6c9-4f28-adf4-4bcb6eaa595d,Belgian,4,1,1,0.0,Dutch,False,0.0
58aeaa6e-ce13-41c9-b125-5007365b2481,Utrecht,0,1,1,0.0,Paris,False,0.0
58b51795-dd84-4cb2-8f97-c1ef0da573e8,Dutch,3,1,1,0.0,English,False,0.0
58b6b0c8-bb6f-446e-b35a-28be07c94afd,Colchester,2,1,1,0.0,London,False,0.0
58bf5169-54e5-4ad8-b89b-64aceb314bbb,Bravo cable television network,4,1,1,0.0,CBS,False,0.0
58cbaf32-e60c-4b3e-beac-f818ae01802c,Google,0,1,1,1.0,Google,False,1.0
58d3aee3-2d26-4b6f-88d4-119d0cd2fca0,Toronto,1,1,1,0.0,river,False,0.0
58e1e850-8ac0-4afc-ab42-7e626a78fdf2,Stockholm,4,1,1,0.0,Finnish,False,1.0
58e4e526-e0b5-4459-a6ac-8ad12f86bb5e,Malaysia,3,1,1,0.0,Asia,False,0.0
58f31226-7741-40f3-85ae-9034a29d2413,South Pacific,1,1,1,0.0,Antarctica,False,0.0
58f4b52c-bbd5-4f29-b43f-94b04a8b6523,Thessaloniki,4,1,1,0.0,Archbishop,False,0.0
58f777d3-00a9-4652-8f0c-5814998de82e,Armenia,2,1,1,0.0,Aragon,False,0.0
58ff0248-d567-44ce-9634-f32a709a35fa,Islam,4,1,1,1.0,Islam,False,0.0
59209f15-9138-4405-bbe6-05fa928cf2b3,jazz,4,1,1,1.0,jazz,False,0.0
59258496-16e5-46e0-9a0e-a6eb29eb9efb,jazz,4,1,1,0.0,English,False,1.0
5932dccd-3b0f-4c26-bc18-2fdbcd3693d5,"Newcastle, New South Wales",2,1,1,0.0,"London, England",False,1.0
594e1dbb-2f01-40c9-b459-fac4a9cd588e,Java island,4,1,1,0.0,Andes,False,0.0
5953fa83-9466-46d1-9f94-0419e9bdd028,Andes,1,1,1,0.0,Antarctica,False,0.0
596d0a98-d848-43b5-a877-3dfe0cbbb954,Wyoming,1,1,1,0.0,California,False,0.0
596d10a0-89c1-4d49-bc18-5b7dbeafde64,French,3,1,1,1.0,French,False,0.0
596d39e8-c6c1-47e4-b516-ebc89f089d59,Bucharest,1,1,1,0.0,Rome,False,0.0
596d9159-2329-49cd-8dcf-034f66679619,Milan,0,1,1,0.0,Rome,False,0.0
59727158-b8c0-48e4-afb1-c74d630ff0a1,Centre Department,3,1,1,0.0,Paris,False,0.0
59739d6e-25cd-43e2-b546-75720857a6c3,Belgian,1,1,1,0.0,Dutch,False,0.0
597beb0e-30d9-4a76-8318-a47f79203a27,"Seattle, Washington",1,1,1,0.0,"Brighton, England",False,0.0
598af21b-7902-43d7-8616-c20d912cb0fb,midfielder,4,1,1,1.0,midfielder,False,0.0
599de61c-a960-46c2-8c59-89ad012f07ed,Beijing,4,1,1,1.0,Beijing,False,0.0
59b2c2fb-c98a-4ac3-9749-d6a9717efbdc,French,4,1,1,1.0,French,False,0.0
59b587ff-9c60-4cee-9a64-628bc869db39,Amazon.com,1,1,1,0.0,Apple Inc.,False,0.0
59b7a25e-6d00-487b-a858-6f2aee03ab65,Lancashire,1,1,1,0.0,"London, England",False,0.0
59b89c15-9c2a-4176-bdc1-5bced3aca817,"Lafayette, Indiana",1,1,1,0.0,"Richmond, VA",False,0.0
59bf4a92-dad8-411e-bba9-2653ee0d7ffb,Hertfordshire,0,1,1,0.0,Cheshire,False,0.0
59c141b5-0474-4352-9d78-1c72887b39bd,Warsaw,1,1,1,0.0,Vienna,False,1.0
59c3899a-183b-49ce-bb0f-c54a01dd6f04,French,4,1,1,1.0,French,False,1.0
59d34446-9063-4f38-8242-187aad78e17b,"Stuttgart, Arkansas",4,1,1,0.0,"Greenville, Georgia",False,0.0
59d6f8f2-9146-4f5f-88b7-10b1ea0cdcad,French,4,1,1,1.0,French,False,1.0
59e6ea5a-c29a-4de7-a481-340ff02092bb,Antarctic,4,1,1,1.0,Antarctica,False,0.0
59e71702-fc37-474f-949a-417e07ace703,actress,0,1,1,0.0,French,False,1.0
59ea55ff-d1c3-419c-bad4-86ca4093f6d6,Prague,1,1,1,0.0,Sofia,False,0.0
5a020b9a-7a1b-4b9c-ba00-ff19e0b4758c,Rotterdam,3,1,1,1.0,Rotterdam,False,0.0
5a097095-f38d-4120-9587-c378f078113e,CBS,3,1,1,0.0,NBC,False,0.0
5a0a1956-219c-43c1-b7c9-9d276f5e56e7,Johannesburg,2,1,1,0.0,"Lancaster, California",False,0.0
5a1780be-3d03-4c67-bdc5-c3146ccc5da8,Russian,2,1,1,1.0,Russian,False,0.0
5a1c1c6a-740e-4cd0-bf1e-47b966e61c6a,Serbian,2,1,1,0.0,English,False,0.0
5a1cb936-09dc-4eac-9f1a-7e20ac4e8ac9,Stuttgart,0,1,1,0.0,Dresden,False,0.0
5a1fbede-b30f-4702-8f2c-dcca936bc67e,Bordeaux,0,1,1,0.0,Paris,False,0.0
5a208385-be77-41ec-81e4-f49d2fcb1b09,Lahore,3,1,1,0.0,Islam,False,0.0
5a28a92e-d115-4f63-8684-0716c4258f62,Casablanca,1,1,1,0.0,Istanbul,False,1.0
5a2b6a61-ba16-406f-af2e-5b77ae5826f8,Calcutta,4,1,1,0.0,Rome,False,0.0
5a3026e6-f204-4459-9c7c-aab30a186a2d,HBO,0,1,1,0.0,CBS,False,0.0
5a3d10e2-1996-48fd-942b-2a86456d0076,Lund,1,1,1,0.0,Stockholm,False,0.0
5a598fdd-8fe0-4da4-9e97-f10539ba6e74,Square Co.,2,1,1,0.0,Sega,False,0.0
5a696f91-4742-4f32-8c9b-c8ba86aaadd5,"Hamilton, Ontario",1,1,1,0.0,Apple Inc.,False,0.0
5a72c3e9-3cb7-441c-afdd-0ee113a755d3,"Montreal, Quebec",1,1,1,0.0,Google,False,0.0
5a7da16c-f7e7-4daf-9f66-20bf0861ff4b,English,4,1,1,0.0,Decca,False,0.0
5a7e9c56-9c31-432a-ae05-8691c1f7ca92,Pakistan,2,1,1,0.0,"Bombay, India",False,0.0
5a7f972a-5c54-49b6-90dd-caee65688443,mathematics,1,1,1,0.0,physics,False,1.0
5a8d2b9d-8bb0-43e6-81c9-e35c4e9ddad3,Antarctica,3,1,1,1.0,Antarctica,False,1.0
5a903cf3-f701-478f-81eb-903e33832206,Macau,3,1,1,0.0,"Brisbane, Australia",False,1.0
5a9089b3-fc39-4673-99af-bc212e3e43d1,Sicily,3,1,1,0.0,Rome,False,1.0
5a94583f-e84f-4c2e-9922-b143bc4b5504,"Richmond, VA",2,1,1,0.0,"Montreal, Canada",False,1.0
5abdc8dd-1c90-485e-827f-65a4a6c634e5,Netherlands,2,1,1,0.0,NBC,False,0.0
5ac9e3b9-b283-4a88-a99b-5298fa9b9180,London,1,1,1,0.0,English,False,0.0
5ad9e1a9-6f28-4871-97b2-e9e60083f8b5,Adobe Systems,3,1,1,1.0,Adobe Systems,False,1.0
5ae2e496-a751-4b68-97b4-1788c02ad8e2,Jeep,3,1,1,0.0,Chevrolet,False,1.0
5af70aef-f8cc-47ad-b12f-150350baf53b,Seoul,0,1,1,0.0,Toyota,False,0.0
5afcabf6-b05a-4ce8-9cb6-d6d6b78effed,English,1,1,1,1.0,English,False,0.0
5b03ece8-7b14-408c-a20d-ff98993fecf1,rice,2,1,1,0.0,Spanish,False,1.0
5b04c6dd-d3a4-4c63-933b-acac429857d4,Antwerp,4,1,1,0.0,English,False,1.0
5b063008-a8ba-4064-9f59-e70102bb8c50,Frankfurt,4,1,1,0.0,Berlin,False,0.0
5b0a99b7-4353-4c2a-932a-608ad0445abd,"Geneva, Switzerland",2,1,1,0.0,French,False,0.0
5b11c47c-fb54-437d-a493-19e52411c4d7,Beirut,0,1,1,0.0,Paris,False,0.0
5b17d384-9191-4423-a614-e696f7d355b3,Italian,2,1,1,1.0,Italian,False,0.0
5b1889b3-2027-46d3-ad4c-f7ad7c9ab0a3,Toyota,3,1,1,0.0,Nissan Motors,False,0.0
5b1bda20-a444-4520-a499-ff30e24215d2,central midfielder,0,1,1,1.0,midfielder,False,0.0
5b20baa0-159b-46c4-b57e-998c02f10f7e,"Atlanta, Georgia",4,1,1,0.0,"Seattle, Washington",False,0.0
5b2b205d-378f-4f39-83a1-e3b2597d4614,Archbishop,4,1,1,1.0,Archbishop,False,0.0
5b3068eb-4b7d-4310-8d60-2432981a92f6,Barcelona,1,1,1,0.0,Google,False,0.0
5b3166c6-74ad-4d10-8fe9-e8be3a5e7238,"Auburn, Indiana",0,1,1,0.0,Chicago,False,0.0
5b32adf8-f1d2-4e56-81cf-62dd352abaae,Latvia,0,1,1,0.0,Russia,False,1.0
5b3986cd-0540-48d7-bf1a-bc4141222085,CBS,3,1,1,0.0,NBC,False,0.0
5b51bfc1-f0ff-4ee7-b5a2-f78285b693d4,actor,2,1,1,0.0,French,False,0.0
5b629c27-df8c-4d40-a43f-c597d2993724,skull,2,1,1,0.0,muscle,False,0.0
5b63da74-71e0-4da5-806b-23cce50bcc25,Bali,2,1,1,0.0,Antarctica,False,0.0
5b70626e-6a55-4cb1-9e89-1e45a3a712d0,Hanover,0,1,1,0.0,Germany,False,0.0
5b718fd7-970b-490b-809f-1366a300a2d3,French,1,1,1,0.0,English,False,0.0
5b770810-2d73-4c0e-986f-8330ee0d8167,accordion,2,1,1,0.0,midfielder,False,0.0
5b7a9bf1-bbc3-4f5a-8b00-0f2f31e6c749,Kerala,3,1,1,1.0,Kerala,False,1.0
5b8141d6-38d8-4090-9f87-2a1b648f4e1d,Russian,3,1,1,0.0,French,False,0.0
5b86d051-fba0-4b1f-8547-4383e6988961,composer,3,1,1,0.0,French,False,0.0
5ba3897e-4b3e-4452-ab4f-e64dafe51508,Chevrolet,3,1,1,1.0,Chevrolet,False,1.0
5bbb1e40-cabc-4681-b2c9-05ea4629f09b,EMI group,3,1,1,0.0,Decca Records,False,0.0
5bbc12b0-4a55-4565-a352-a8a9a1c062d7,Belgrade,2,1,1,0.0,Russia,False,0.0
5bce7912-df6f-4f69-9ee1-5db5ea984903,Antarctica,1,1,1,1.0,Antarctica,False,0.0
5bea0358-0c60-4ee0-ac3e-0347bdc7416c,CBS,4,1,1,1.0,CBS,False,0.0
5bf4b2bd-4c34-46c7-a28c-eedc62df9fa7,English,3,1,1,1.0,English,False,0.0
5c16cd15-90c5-42be-94aa-37f9c77aae27,India,0,1,1,0.0,BBC,False,0.0
5c248206-6afe-4741-8a5c-f3adfd75f5df,French,3,1,1,1.0,French,False,0.0
5c253e7a-85b6-4b46-99e4-862c664d3ea3,Sofia,2,1,1,0.0,French,False,0.0
5c2da52b-cfa5-40bf-9d79-1e5bad3b067b,Aleppo,2,1,1,0.0,Yerevan,False,1.0
5c31c586-ad2c-4612-bf3b-c77ffabf9647,Sofia,2,1,1,0.0,Moscow,False,0.0
5c35371d-58b6-429e-b832-d63cc54600ec,Burnley,1,1,1,0.0,Manchester,False,0.0
5c365022-0beb-43d8-a484-fdd242cbd529,"Atlanta, Georgia",4,1,1,0.0,MA,False,0.0
5c4502b9-fa55-499b-baf7-74c7318b364c,"Tucson, AZ",3,1,1,0.0,California,False,0.0
5c456cac-e82f-4ff6-982f-0cab12831b74,Nissan,2,1,1,0.0,Porsche,False,0.0
5c4c8553-4d57-4a6f-8261-8563915b451b,Chevrolet,3,1,1,1.0,Chevrolet,False,1.0
5c4fb886-8921-4ed2-b5a0-cfc122d2170b,CNN,3,1,1,0.0,Chester,False,0.0
5c5479c3-17e0-4e8b-b264-72c054469741,Sultan,2,1,1,0.0,Muslim,False,0.0
5c5491f5-12cc-41e5-8304-cb8efa8bc4dd,Canadian,2,1,1,0.0,French,False,0.0
5c5e2fef-78e5-4063-a809-ed6e9ad3690f,Audi,4,1,1,1.0,Audi,False,1.0
5c616862-c6d1-4c10-9068-6d0a51a93318,Islam,4,1,1,1.0,Islam,False,1.0
5c872e79-acdf-4eb1-af74-76dc1156b4ed,midfielder,3,1,1,1.0,midfielder,False,0.0
5c8aae3b-f13d-4d42-9252-5937ea774c80,Karachi,3,1,1,0.0,Sofia,False,0.0
5c9307e4-f772-41d1-b493-f49e4eab9a51,guitar,2,1,1,1.0,guitar,False,1.0
5c96cc84-8fe2-4e54-aa69-74ca13b9cb94,"Honolulu, Hawaii",1,1,1,0.0,Antarctica,False,1.0
5c972a75-f417-4181-abc0-874da9000f93,Glasgow,2,1,1,0.0,London,False,0.0
5c983ea3-2a42-4d46-ae74-2ce7910b15a4,Nissan Motors,2,1,1,1.0,Nissan,False,1.0
5c9876b1-d197-4d49-ae05-536994b8d777,archbishop,1,1,1,1.0,Archbishop,False,0.0
5c99e493-b75c-4f6c-8079-dc3cdde4767a,Munich,4,1,1,0.0,London,False,1.0
5c9ed32f-1bdc-4fa2-8f9e-b499b45a33e8,Nissan,4,1,1,1.0,Nissan,False,1.0
5ca2f69a-6950-4d28-bb49-6de2a3b76a02,CBS,3,1,1,0.0,NBC,False,0.0
5ca86220-29ba-42ab-a7c5-86800f68a82e,English,4,1,1,0.0,French,False,1.0
5cb7ead4-0418-4dec-b6e0-ad62e1dc3a8a,pianist,4,1,1,0.0,Russian,False,0.0
5cc08c6d-7aa3-412c-b54a-18cbb2ca1e2e,goaltender,3,1,1,0.0,linebacker,False,0.0
5cc0f5bc-fe1d-49b7-b5c5-62a8c57545c2,Braunschweig,2,1,1,0.0,London,False,0.0
5cc4afc0-883e-45fb-9ec1-58e4a5b71e7e,French,4,1,1,1.0,French,False,1.0
5ccf3b15-fa4c-4958-b6ae-b314236bca6f,Paris,3,1,1,0.0,Romania,False,0.0
5ccfe03f-3121-4001-9d10-63cf4cdf524d,publisher,3,1,1,0.0,English,False,0.0
5cda83df-574f-42c3-bfdb-2cbfcc7dcb02,Google,2,1,1,1.0,Google,False,1.0
5cdd7f46-211a-4e49-8300-1d957f5bc777,Paris,1,1,1,0.0,French,False,1.0
5cde8a29-65a9-4b8e-8637-fe6bc79b7a26,California,4,1,1,0.0,Berlin,False,0.0
5ce9f15d-4b80-44f0-8b1b-75eb986cfd3f,Antarctica,0,1,1,1.0,Antarctica,False,1.0
5cf1b933-0f81-4dfc-9885-30ad67f12cf6,"Melbourne, Australia",1,1,1,0.0,"Oxford, Ohio",False,0.0
5cf2ec7c-6b31-48bb-94cb-eef0ef243f62,"Albany, NY",1,1,1,0.0,London,False,0.0
5cf6d7a8-2243-49f0-9cf4-c3e67076c100,Honduran,3,1,1,0.0,Russia,False,1.0
5cf823ff-9190-4eee-9f0e-63aee17a3075,"Houston, Texas",3,1,1,0.0,MA,False,1.0
5cfe6347-170e-4aa0-825d-6b5fcb5e6912,Hamburg,3,1,1,0.0,Berlin,False,0.0
5d01f908-4e21-4597-8128-eb90fd5b0e63,"London, England",3,1,1,1.0,London,False,0.0
5d0c9b69-7800-4d62-a59f-64ae932bd1e1,Johannesburg,0,1,1,0.0,English,False,1.0
5d1315e7-2a38-495e-acfb-c10bee9f860f,Antarctica,3,1,1,1.0,Antarctica,False,0.0
5d14c5ce-d8e1-4710-8ac9-7ae54f044d9c,Antarctica,3,1,1,1.0,Antarctica,False,0.0
5d1a991d-752e-490f-9409-b61d68d8b313,Islam,3,1,1,1.0,Islam,False,1.0
5d29f891-e873-40a1-945d-6818bbe1dbd8,"Denton, Texas",0,1,1,0.0,Nokia,False,0.0
5d2b747e-1079-42ee-b0fd-85fed68fc3a2,Berlin,3,1,1,1.0,Berlin,False,1.0
5d392fa5-7176-4acc-896f-ad2bb354e5e2,Muslim,1,1,1,1.0,Muslim,False,1.0
5d51acd0-a8d8-4da2-8df4-98e409c11036,French,0,1,1,1.0,French,False,1.0
5d547084-c476-4482-aa21-77af03c5ef72,quarterback,0,1,1,0.0,midfielder,False,0.0
5d668bd8-f421-4451-8ba6-84fdb4ed325e,Beijing,0,1,1,1.0,Beijing,False,0.0
5d681873-ebdb-4f70-a18c-e20765b56aa5,Tokyo,4,1,1,1.0,Tokyo,False,1.0
5d69cb0f-a917-4d53-b5da-82f299bde19f,Albanian,4,1,1,0.0,Russian-language,False,0.0
5d71c6f5-0d97-4c6e-a8c6-9dea31f2588e,London,3,1,1,1.0,London,False,0.0
5d7ce207-55cf-4d2c-bc16-76b49c895b73,India,4,1,1,0.0,BBC,False,0.0
5d84cd92-666f-4f69-9a5a-1f79c88ba3ab,English,4,1,1,1.0,English,False,0.0
5d86a20e-12f3-4e17-a8b9-9f9d7d8a32fe,French,0,1,1,1.0,French,False,0.0
5d882b99-f62c-4910-94a5-d3ab6b6b0162,"Cleveland, Ohio",4,1,1,0.0,Chevrolet,False,0.0
5d9c309e-2c18-4eb9-8b9f-5b23cbcd14d6,zinc,1,1,1,0.0,protein,False,0.0
5daae4dc-4fed-47b5-bf23-298456d2895f,Australia,3,1,1,0.0,Archbishop,False,0.0
5db182ea-3cff-4752-943f-22a6e05710fc,astronomy,4,1,1,0.0,ethics,False,0.0
5dbed17b-2db8-4d97-9bf8-a7f78f6e290b,Canadian,1,1,1,0.0,English,False,0.0
5dc2d53b-b02c-4601-8a04-e542ed36726b,Istanbul,0,1,1,0.0,FIFA,False,0.0
5dc4d943-4941-42a0-bf9e-d9c348a8502d,Odessa,2,1,1,0.0,Constantinople,False,0.0
5dd61b42-2c24-4433-abb4-36715f359b68,Tokyo,3,1,1,0.0,Singapore,False,1.0
5dde1f7b-bbd3-4f03-8b5d-f194896d2ec9,Romanian,4,1,1,0.0,Italian,False,0.0
5de0d2b8-0b61-4692-a683-332953aed4c3,horse,1,1,1,1.0,horse,False,0.0
5de304a7-2212-4dbd-8997-b0ac186d4bf2,Moscow,3,1,1,1.0,Moscow,False,0.0
5dee891e-3fcf-479f-9a6c-06bdc7fa69a8,Serbian,4,1,1,0.0,English,False,0.0
5def1bf1-3b56-4150-97c6-7315cc4e4c40,"Portsmouth, New Hampshire",1,1,1,0.0,London,False,0.0
5df6498b-1131-41e5-beef-f85d8c5a4e58,Italian,0,1,1,1.0,Italian,False,1.0
5df8814e-129f-4dd2-bbfa-a368320ce63f,"Monroe, LA",2,1,1,0.0,"Columbus, Indiana",False,0.0
5df8c2b2-34f2-4dfd-b6e5-ca2ae758f445,History Channel,1,1,1,0.0,NBC,False,0.0
5df8d731-ad19-4f56-b845-3c4698483874,Oslo,4,1,1,0.0,"Berlin, Germany",False,0.0
5df94c02-e0fb-4002-98e8-db756c81c707,"Cincinnati, Ohio",1,1,1,0.0,MA,False,1.0
5dfe6e98-67d9-462c-83e6-3ceed21816ef,Nissan,3,1,1,1.0,Nissan,False,1.0
5e00a2db-906b-4b23-a059-d7f862afb9c0,BBC,2,1,1,0.0,Dutch,False,0.0
5e04bcef-3a85-454a-9c9a-3fc5452c45ad,Germany,2,1,1,1.0,Germany,False,0.0
5e1d7148-3117-4c4f-8c19-024f9da67711,cube,1,1,1,0.0,Berlin,False,0.0
5e26cae3-49cf-4a11-b0cb-93f247c6ff2e,Polish,3,1,1,1.0,Polish,False,1.0
5e40cf63-1c57-4221-baea-4c9475292aa9,Montreal,3,1,1,0.0,"Burlington, Ontario",False,0.0
5e41a09f-2b19-4b54-bf61-a1dd8446cc0c,Dutch,1,1,1,1.0,Dutch,False,0.0
5e45da38-c1c2-4b7a-b382-3aecb91dfca8,sodium,2,1,1,0.0,carbon,False,0.0
5e4eaae1-88b9-484b-8931-de3f9593018d,French,1,1,1,1.0,French,False,0.0
5e520202-37ff-40db-8aae-307475c331e3,Antarctica,1,1,1,1.0,Antarctica,False,1.0
5e65c98f-56ec-4f8d-940b-293ad164b1b1,Denmark,4,1,1,0.0,English,False,0.0
5e661950-4b54-442c-9ad9-16d1ff2f5145,midfielder,1,1,1,1.0,midfielder,False,0.0
5e672b56-92bf-4f6b-9bf8-db17b56ad7ea,Toyota,2,1,1,1.0,Toyota,False,1.0
5e71636b-08f4-49af-9357-98046e547165,Arab,2,1,1,0.0,Russian,False,0.0
5e75b6d2-f761-4c0b-88a0-095ef8c64805,IBM,3,1,1,0.0,Microsoft,False,0.0
5e7b9fbf-d5c2-4f2a-a54f-a9582ef17785,Microsoft,2,1,1,1.0,Microsoft,False,1.0
5e80d4ff-0d75-43b5-bde6-603e5b6858d0,FX Networks,2,1,1,0.0,NBC,False,0.0
5e8bc9ed-7da2-403c-ae23-c4308dff4d52,English,2,1,1,1.0,English,False,0.0
5e8d46d5-d8d4-4f3a-ba7b-af8107d67ea6,Indonesian,1,1,1,0.0,Dutch,False,0.0
5e979803-6681-4b22-a01e-9ec1280eaa33,actor,3,1,1,0.0,jazz,False,0.0
5e9a12f3-f204-4abe-b86b-eb16a23add8a,"Melbourne, Australia",1,1,1,0.0,"Victoria, Australia",False,1.0
5e9b90ec-79e5-4bf7-ae4b-27c6ee3666d9,"Fulton, Mississippi",4,1,1,0.0,California,False,0.0
5e9f7204-3970-4730-81dc-539c378b4006,NBC,1,1,1,1.0,NBC,False,0.0
5eac361e-da2c-4fd4-a1b1-38a91a2b2262,avitaminosis,1,1,1,0.0,protein,False,1.0
5eb6617f-999c-4abe-aa1f-be65325af37d,Germany,2,1,1,0.0,"Berlin, Germany",False,1.0
5ebea0b2-f18c-43a4-9802-0074cc86d937,International Business Machines,0,1,1,1.0,IBM,False,1.0
5ecd154e-d1da-4007-9079-f0bb11621c63,Microsoft,3,1,1,1.0,Microsoft,False,1.0
5ecd9a95-3fd1-4bda-a1ef-2cbb1aee7375,jazz,1,1,1,0.0,French,False,0.0
5ecf510e-784d-47db-a443-514f40be8ff8,Microsoft,4,1,1,0.0,Google,False,0.0
5ed1749a-571d-4972-ab53-47977d47b717,"Carson, CA",3,1,1,0.0,Indiana,False,0.0
5ed9a796-4f9c-473a-ba47-23e250e01b4a,Mainz,1,1,1,0.0,Berlin,False,0.0
5edd5f98-eca8-4caf-9f66-fdf80caf8bcc,Antarctica,0,1,1,1.0,Antarctica,False,0.0
5ee56384-63e6-46cb-8c16-1c4a594420b5,Samsung Group,4,1,1,0.0,Nokia,False,1.0
5ef1fc25-912a-4910-bc40-a665df20a041,Antarctica,2,1,1,1.0,Antarctica,False,0.0
5ef50c96-d814-45da-ba93-3328c294916b,Sony,1,1,1,0.0,Google,False,0.0
5efab380-ad0f-4d4a-93b7-d822eb57cc08,Nissan Motors,2,1,1,1.0,Nissan,False,1.0
5efd333a-55bf-462c-bdf7-e21cf92d1e16,bomber,1,1,1,0.0,helicopter,False,0.0
5eff5716-076b-4c78-99e6-bd1e3895fd7f,Polish,4,1,1,0.0,English,False,0.0
5f04a28c-d43e-4a8f-9519-da07e9888ee6,Helsinki,4,1,1,0.0,Finnish,False,0.0
5f04f6f0-a49d-4dd5-ae18-18d2c2fc76fc,India,0,1,1,0.0,England,False,1.0
5f0b546f-df18-4f5d-918c-368ce8fe233d,Mauritius,0,1,1,0.0,Antarctica,False,0.0
5f0d487d-8454-4e32-b9c8-43c349a83973,Google,3,1,1,1.0,Google,False,0.0
5f0dde2a-6e81-4a7b-b6b3-15a8006a90c4,London,4,1,1,0.0,Berlin,False,0.0
5f0e7697-b76a-4daf-bd23-3a7475c36a83,BBC,4,1,1,1.0,BBC,False,0.0
5f13ebc1-f772-473f-834b-5d0938949a02,"Pasadena, California",4,1,1,0.0,Jerusalem,False,0.0
5f1f4a90-910a-4c5f-af7f-3c1e8ecc6533,Harvest Records,0,1,1,0.0,Decca Records,False,0.0
5f287a4f-7148-4514-acaf-7b75d33be731,Suzuki,0,1,1,0.0,Honda,False,1.0
5f297613-a883-4537-9aa5-270e2fed47ff,Haifa,2,1,1,0.0,Microsoft,False,0.0
5f4c9c3c-770c-40b4-9f25-e2bc44ad3d73,Brazil,0,1,1,0.0,Russia,False,0.0
5f503176-f90c-4f93-a651-20f306b527a8,Dodge,2,1,1,1.0,Dodge,False,1.0
5f576f18-999b-4ffd-be48-64d248937e90,Leiden,3,1,1,0.0,Amsterdam,False,0.0
5f5d23bc-bb98-4005-bed3-ee8b1488fbf0,Italian,2,1,1,1.0,Italian,False,0.0
5f5fe29d-ce96-4742-9047-f47882d8847e,English,1,1,1,0.0,BBC,False,1.0
5f6508db-eb49-468e-a013-373879b4b264,Hamburg,1,1,1,0.0,Honda,False,1.0
5f68ea97-1dd1-4f2d-ba5e-3b2a02354fb5,Madinah,4,1,1,0.0,Jerusalem,False,0.0
5f704df1-923c-4e6c-ab22-d89279eba2ba,Helsinki,0,1,1,0.0,FIFA,False,0.0
5f78b65b-4041-49be-895a-3e522c27fee2,Antarctica,2,1,1,1.0,Antarctica,False,0.0
5f7cfc3d-8cdd-447f-8e62-87ffeb6cb4bb,actress,1,1,1,0.0,English,False,0.0
5f824587-e488-4386-a04a-da71cb83660f,Archbishop,1,1,1,1.0,Archbishop,False,0.0
5f830228-5233-4785-96e8-c6a876b2a994,Lancaster,0,1,1,0.0,English,False,0.0
5f8b235f-a68e-43fb-8055-fa8b5f47c2d9,abbot,2,1,1,0.0,bishop,False,0.0
5f8bebdb-8614-4790-97fd-f8f44aac05af,Baku,0,1,1,0.0,Russia,False,0.0
5f9072dd-2560-4237-b819-29f749caabba,"Manhattan, New York",0,1,1,0.0,"Chicago, Illinois",False,0.0
5f93a75c-b7c1-4abf-9c2a-49c431c088b6,Cairo,0,1,1,0.0,London,False,0.0
5f953015-11ff-4703-a17f-4b0a3b5f8bfa,English,1,1,1,1.0,English,False,0.0
5f9e2b69-80e2-4a02-939a-98393229c318,English,3,1,1,1.0,English,False,0.0
5fa13104-2646-4b6c-9f18-a0912b4c9858,saxophonist,4,1,1,0.0,English,False,0.0
5fa5f2a0-5f1b-41da-bd83-99910f69b3e8,Titaness,4,1,1,0.0,English,False,0.0
5fa6e3f5-9604-4bf6-87f9-1f503cd423a0,Mysore,4,1,1,0.0,French,False,1.0
5fa800a1-9e3e-4333-9681-4a70f5d86ee9,Prague,3,1,1,0.0,Serbia,False,0.0
5faaad3d-d2cd-4e13-b3dd-81c0d5473bb1,Manchester,4,1,1,0.0,London,False,0.0
5fb48ee7-640c-4cb1-af5d-98edebde0ee1,hydrogen,1,1,1,0.0,nitrogen,False,1.0
5fc148a8-1353-44ac-9add-ede03347fe31,Amazon.com,3,1,1,0.0,Microsoft,False,0.0
5fd1e2c1-cfca-42a0-829f-f5bff9ed610d,Pope,3,1,1,0.0,Italian,False,0.0
5fe55e42-58f1-488e-86fc-d84c382582ac,"Melbourne, Australia",2,1,1,0.0,"Victoria, Australia",False,0.0
5fea0ae3-04e8-43d6-85e1-e90538ddf191,English,4,1,1,1.0,English,False,0.0
5ff3556c-fffe-4632-bb4c-1d946e127bec,Vienna,4,1,1,0.0,Berlin,False,0.0
5ff4aff2-a33e-4671-bed9-55f06b2b203b,CBS,0,1,1,0.0,NBC,False,0.0
5ff6a6d6-e2f1-423a-a6f7-77951cb5126c,French,0,1,1,1.0,French,False,0.0
5ff6ced3-55aa-45d4-ac8b-718983cd7893,violin,2,1,1,0.0,Dutch,False,0.0
5ff97116-ae98-4fd9-8772-71272b0f92ab,CONCACAF,2,1,1,0.0,FIFA,False,0.0
6003de54-9366-4585-8669-25496afde729,Warsaw,0,1,1,0.0,Polish,False,0.0
60086afc-6500-40d6-bc57-30a0b5a54d6f,flutist,0,1,1,0.0,actress,False,0.0
6014b02d-fde2-47e5-ba04-1b15224f9142,Volvo,2,1,1,0.0,Italian,False,0.0
601b1ee4-b32d-4a37-a344-8b4e2fc1c311,Montreal,0,1,1,0.0,Canadian,False,0.0
6026137c-dd18-47cf-990e-a14e37f3e61a,Norwegian,2,1,1,0.0,English,False,0.0
6029a09b-f8ad-499b-9dbb-0a6b469d68a1,Alaska,0,1,1,0.0,Canada,False,1.0
602cd6db-aa83-4e39-8117-49560ea99811,"Milan, Italy",3,1,1,0.0,"Rome, Italy",False,1.0
602d28e9-4f42-459c-b13a-2e28ca1e65eb,actress,2,1,1,1.0,actor,False,0.0
60374e0f-a29a-48ed-a981-05796c935077,Moscow,4,1,1,1.0,Moscow,False,0.0
6046fc38-d756-498f-aab3-d2405134b184,Swiss,3,1,1,0.0,French,False,0.0
60526486-d234-4b95-a098-f47c1eb96772,midfielder,0,1,1,1.0,midfielder,False,0.0
6054decd-4733-4819-a012-e46b8a91346b,butter,3,1,1,0.0,flour,False,0.0
6055d921-fa0d-4f77-8169-531c0169fa68,Missouri,1,1,1,0.0,Antarctica,False,1.0
60562f43-a3ff-4e94-b414-a9068d81cc39,English,3,1,1,0.0,jazz,False,0.0
6067073b-5ab8-4962-8203-0b5b5675b17b,Russian,3,1,1,1.0,Russian,False,0.0
608c2a3f-3628-4584-80d6-5184234d1ceb,CBS,4,1,1,0.0,NBC,False,0.0
609aa8c5-02c8-44b5-923b-faa79d88cb31,winger,2,1,1,1.0,midfielder,False,0.0
609b6507-4f16-408c-a1d4-a38b8c6f8f37,Antarctica,2,1,1,1.0,Antarctica,False,0.0
60a18e68-c630-4ae4-9da6-344096fd8222,Russian,2,1,1,1.0,Russian,False,1.0
60a4fa4d-2bad-4a1a-a503-6068c0e8f067,Google,0,1,1,1.0,Google,False,0.0
60a90d1a-937e-4b59-b662-05a21fd6a00e,Chevrolet,3,1,1,1.0,Chevrolet,False,1.0
60c1cea9-a745-44f9-a4f3-a83c1d5b7c25,Rotterdam,3,1,1,1.0,Rotterdam,False,0.0
60c2d39d-0707-4283-af5b-3725ab88815a,Montevideo,1,1,1,0.0,Italian,False,1.0
60ca1601-afeb-4705-ae9e-ce94811f9840,Beijing,1,1,1,0.0,Vienna,False,1.0
60cfaa74-7249-4395-98a3-3a57bbc38aee,Leicestershire,1,1,1,0.0,"London, England",False,0.0
60d2d3fc-4503-4dda-a0f2-647a85bd2029,Florence,0,1,1,0.0,Rome,False,0.0
60d5cebb-2f8a-4aab-a663-c35a611978db,Assam,2,1,1,0.0,"Victoria, Australia",False,0.0
60ea6aff-f8ae-4a8f-aa76-831a7a8407de,British Broadcasting Corporation (BBC),2,1,1,1.0,BBC,False,0.0
60f025f5-b304-4adc-a3be-cb4823f4d584,Moroccan,3,1,1,0.0,French,False,0.0
6103598b-d037-4f79-aaf0-be9faa6a0e00,defensive midfielder,2,1,1,1.0,midfielder,False,0.0
6115ba6f-3a25-4125-ba6f-34811551e596,Greek,0,1,1,0.0,English,False,1.0
61213da9-7626-41ae-bee4-01fae0b23ce1,Munich,4,1,1,0.0,Berlin,False,0.0
612fc1e6-36a9-4b80-a44c-023f7ef48692,BBC,4,1,1,1.0,BBC,False,1.0
613cb597-803f-42dc-a928-fedb1f025006,"Bergen, Norway",3,1,1,0.0,French,False,0.0
6141e9b4-2be0-431b-a730-818703bb5553,"Detroit, Michigan",1,1,1,0.0,Chicago,False,0.0
61437d95-6a01-4e0f-a416-52666da73d2f,ethics,4,1,1,0.0,psychology,False,0.0
6144a43a-c771-4d50-bb60-67f21818566f,sulfur,2,1,1,0.0,carbon,False,0.0
61495ac0-906f-43f9-8f25-28ffb2214b16,Fiat,3,1,1,1.0,Fiat,False,0.0
615a8cbf-37d1-4ae5-ac7b-61b7a3d80dd4,London,4,1,1,1.0,London,False,0.0
616392b2-adfd-4770-a946-cf4f3ea76890,Latvian,4,1,1,0.0,Finnish,False,0.0
616af73b-6ec8-4609-bc27-336b76388526,bishop,1,1,1,1.0,bishop,False,0.0
616c6548-f0f7-4d93-9f17-f27da4b83116,Moscow,0,1,1,1.0,Moscow,False,0.0
61748212-13fd-4dba-ace1-584495e7baba,Hebrew,0,1,1,0.0,bishop,False,1.0
61a6a6c5-ce87-4938-8cd6-37a612e7eadf,Pennsylvania,4,1,1,0.0,Montana,False,0.0
61ce6edb-ce47-4b2a-9917-952b7ad09c8a,Antarctica,0,1,1,1.0,Antarctica,False,0.0
61db5e80-381f-4b01-ae83-ccb04a686660,French,0,1,1,1.0,French,False,0.0
61e09419-f602-45ee-9237-8f9a941264cb,Moscow,3,1,1,1.0,Moscow,False,0.0
61e68e74-70ea-499d-956c-d22785c06c76,Denmark,1,1,1,0.0,pope,False,0.0
61e9032d-7dff-4ff8-b68d-0ea842bfd6ba,English,1,1,1,1.0,English,False,0.0
61eb80d4-a25a-4c2c-9f07-b657eeb11475,Mexican,0,1,1,0.0,Italian,False,0.0
61f7f01a-5019-4ac6-8dc7-65655de3d76f,Oslo,2,1,1,1.0,Oslo,False,0.0
62019922-8b42-4f08-8bf9-b69db3d3d025,Babylonian Talmud,1,1,1,0.0,Italian,False,1.0
620bc064-4ac8-42e4-a30f-62facb9d39dd,clarinet,4,1,1,0.0,French,False,0.0
62105f57-ffb0-4006-a783-32c53bec4e33,Dutch,1,1,1,1.0,Dutch,False,1.0
621ebffb-1822-4d29-937d-82dd9a14df0e,Porsche,4,1,1,1.0,Porsche,False,1.0
62257e0d-751f-4e16-a6eb-0b8bc67c0f8c,Italian,2,1,1,0.0,English,False,0.0
62367417-e933-4b1d-af54-b645a5378f72,IBM,0,1,1,0.0,Microsoft,False,0.0
6238e820-3753-4e60-aee8-e96f7fdbaa7d,Fun.,4,1,1,0.0,Nissan,False,0.0
623f83a4-ec31-44cb-af05-145e14bfa098,Belarus,3,1,1,0.0,Russia,False,0.0
6241821f-1b7b-453e-9472-9ad538300364,Montreal,3,1,1,0.0,Paris,False,0.0
62425a2b-8ef8-4500-abe0-1d4c394bcc19,IBM,3,1,1,0.0,Microsoft,False,1.0
6245e1b3-54e5-46c0-aa81-e2dd5f7b87f4,Google,1,1,1,1.0,Google,False,1.0
624945d7-e783-4df8-a140-dc75730875a5,"Ponce, Puerto Rico",3,1,1,0.0,"Venice, Italy",False,1.0
625dfd49-1400-443b-a025-45f88ad35ecc,Antarctica,3,1,1,1.0,Antarctica,False,0.0
626194d7-b4c0-4c0d-9576-fa049c85d6b2,"Jackson, Kentucky",4,1,1,0.0,"Greenville, Georgia",False,0.0
62676449-39d4-4e19-a197-bc7f3d2e8f9c,Madrid,1,1,1,1.0,Madrid,False,0.0
6271fc16-f764-4929-b210-f2a8f4e31446,Canada,1,1,1,0.0,England,False,0.0
628f1ecc-311d-4773-95d7-2145186fe142,Spanish,4,1,1,1.0,Spanish,False,0.0
62918270-eb91-4e6d-8596-ca274227c1be,Pope,1,1,1,0.0,bishop,False,0.0
629f2fe6-8691-4f59-8d17-11ebeb1b7ccc,California,1,1,1,0.0,Antarctica,False,0.0
62a1bb18-61cf-45b6-92da-d8b6d9013d41,Muslim,1,1,1,1.0,Muslim,False,1.0
62ab772e-007e-4568-b8bc-fbe84ae43586,Germany,3,1,1,1.0,Germany,False,1.0
62b80639-f2a1-4023-a074-47582218e5dc,BMW,4,1,1,0.0,Fiat,False,1.0
62c3c35a-2050-4413-9152-2411f2072253,Packard,1,1,1,0.0,Chevrolet,False,1.0
62d6fa61-33e7-4716-a958-bd7592b51705,Chevrolet,2,1,1,1.0,Chevrolet,False,1.0
62daacd9-c386-49f6-93b9-6cca1e1220e2,violist,3,1,1,0.0,English,False,0.0
62ed6964-6e88-4f32-9b2f-a39badf04770,Google,4,1,1,1.0,Google,False,0.0
62f2d7e3-0707-4b9f-a0e9-42c52c9ddea0,Heidelberg,0,1,1,0.0,Antarctica,False,0.0
62fe8111-4ff5-4259-9592-c7b0df3d8f64,Havana,3,1,1,0.0,Moscow,False,0.0
62ffe7ac-a974-481c-8113-51626f63a287,Dutch,4,1,1,0.0,Italian,False,0.0
6310555f-cf1f-442d-842a-5fb5a7f9ce62,archbishop,3,1,1,1.0,Archbishop,False,0.0
631718d1-52d1-4884-b872-616f135d4eab,"Milton, Ontario",4,1,1,0.0,"London, England",False,0.0
631c87b6-a5d3-49f0-9e9a-31cbe4b4bb5e,Catalan-language,4,1,1,0.0,French-language,False,1.0
632264a5-f024-444f-bd67-a76b27579660,English,2,1,1,1.0,English,False,0.0
632574fe-4dd6-4473-97b9-41acb732cc4e,Antarctica,3,1,1,1.0,Antarctica,False,0.0
632d959a-a08d-4097-a06f-5465e2b909d9,Italian,1,1,1,1.0,Italian,False,0.0
6337f010-c6ce-4bb9-972d-1e164b61ce5d,Fiat,4,1,1,1.0,Fiat,False,1.0
6347070d-048f-47cc-8b85-4bd1f986e5ef,Rome,0,1,1,0.0,Italian,False,1.0
63470f5c-fb4c-4bbb-81fc-454cb0fd4e68,Brooklyn,1,1,1,0.0,Massachusetts,False,0.0
6358c3df-f0ef-450e-a4df-48d1ada9a126,Nokia,3,1,1,1.0,Nokia,False,1.0
6358d8ce-23f0-4816-bf31-90cf540e1c4f,midfielder,1,1,1,1.0,midfielder,False,0.0
635cc73f-d2c1-4cdd-a00d-8cb8db1c57d3,Geneva,4,1,1,0.0,French,False,0.0
635ce043-22a1-4d1c-ab17-4285cfca0c75,Tokyo,4,1,1,1.0,Tokyo,False,1.0
63659250-4cce-4f49-b0de-c8108e2f3997,clarinetist,2,1,1,0.0,jazz,False,0.0
63661f37-3bba-4bb2-bd7a-fe6efd05a0db,Athena,4,1,1,0.0,English,False,0.0
636cad23-4179-4997-9500-8b987c51ed27,French,1,1,1,1.0,French,False,1.0
6373f687-e956-45bc-b781-437ce299f753,beef,4,1,1,0.0,French,False,0.0
63743b52-f027-4b9d-b363-5a63e9d53e46,defensive midfielder,2,1,1,1.0,midfielder,False,0.0
6375b78b-d6a8-41df-8d03-96b5a650f0ce,Södermalm,3,1,1,0.0,"Berlin, Germany",False,0.0
637ae8ce-0169-4dd8-8ec3-1d40dc79aa58,Java island,4,1,1,0.0,Antarctica,False,0.0
6382b2a4-ef8d-4168-99c3-93a729fe8f01,Oxford,0,1,1,0.0,Boston,False,0.0
6386a036-a3d8-410e-b6b3-c28feb2c2db5,Barcelona,4,1,1,0.0,Madrid,False,0.0
638a1f9a-b217-4965-999e-67d5df8b8b7f,Berlin,0,1,1,1.0,Berlin,False,0.0
63923940-226e-4c32-abf9-8d25139883aa,"Kingston, New York",0,1,1,0.0,"Boston, Massachusetts",False,0.0
6397826d-822c-4f2e-8dc1-807ebf5becbe,French,0,1,1,1.0,French,False,1.0
639a7638-4771-40ca-bfd8-9670fdfdc44c,NBC,0,1,1,1.0,NBC,False,0.0
639ab96e-e60a-42af-9be4-9330f1e60fd1,guitar,3,1,1,0.0,French,False,0.0
63b0d94e-b25a-473a-95fa-01775db62ebc,Cheltenham,0,1,1,0.0,Paris,False,0.0
63b1afab-86b7-4c49-a7b9-e0cd8da897f0,French,4,1,1,1.0,French,False,0.0
63b7634e-80b6-4a06-92d9-a28f4700077d,Mysore,4,1,1,0.0,Tokyo,False,0.0
63c2b20a-ca9b-4216-af25-3c1a8dd4e026,Italian,3,1,1,0.0,Toyota,False,0.0
63c2b802-0caf-4a09-a17b-24b8d12a5f41,Warsaw,2,1,1,1.0,Warsaw,False,1.0
63dd00c3-014e-4f72-9f49-65fdcf81cb90,Dortmund,2,1,1,0.0,Italian,False,0.0
63e70cfc-f00b-4fd3-92d3-16fd4811951c,Antarctica,3,1,1,1.0,Antarctica,False,0.0
63e99b39-b958-4542-b945-d02a4dbb0378,Frankfurt,0,1,1,0.0,Berlin,False,1.0
63ea1927-0d56-49d0-9fb1-3fa4fd250208,Berlin,0,1,1,1.0,Berlin,False,1.0
63ea81a4-a889-4fb3-95c4-ab54c510440a,Polish,2,1,1,0.0,Warsaw,False,1.0
63f45c35-5933-4ee9-bd7d-71d50c60a95b,"Nashville, TN",4,1,1,0.0,London,False,0.0
63f88c7b-5496-46a6-b122-9fb3d0ee9876,Antarctica,1,1,1,1.0,Antarctica,False,0.0
63fb9734-a1e6-4151-996a-87ae696baf1d,British Broadcasting Corporation (BBC),2,1,1,1.0,BBC,False,1.0
640d7609-47d9-4d1f-b3cf-d1e7e8c2adab,central midfielder,1,1,1,1.0,midfielder,False,0.0
64144a49-a6ee-4846-8218-dc88dfe1776a,Canadian,4,1,1,0.0,Queensland,False,0.0
6417cc9f-87ce-404c-bd7d-837a0cb5109c,Bari,1,1,1,0.0,Rome,False,0.0
641e78c3-0c49-4cff-a484-536d9812d721,Tamil,0,1,1,0.0,English language,False,1.0
6424fa20-75b3-442b-949d-f49cf2eacbd6,"Brooklyn, New York",4,1,1,0.0,"Claremont, California",False,0.0
642619f8-0018-4cd1-943a-8c5c85b0132c,Archbishop,1,1,1,0.0,French,False,1.0
64279894-2c4a-41b9-8fec-fe46cbcfd900,Chicago,4,1,1,0.0,"Philadelphia, Pennsylvania",False,0.0
64292be1-f4eb-4059-a2a3-94e3cafe262f,Cornwall,2,1,1,0.0,"London, England",False,0.0
64441909-3853-443a-b679-f6c4910b385b,syrup,0,1,1,0.0,horse,False,0.0
644525ce-5ae7-46f0-abab-6961b373eb04,film actor,0,1,1,0.0,jazz,False,0.0
644a397c-ead2-4553-bcb4-6028dca8a848,French,2,1,1,1.0,French,False,1.0
645473cf-72e0-4cce-abd8-3ba6d7778207,CBS,1,1,1,0.0,NBC,False,0.0
6457bd0d-40b3-4198-b071-26a83c54d8c5,mathematician,2,1,1,0.0,Polish,False,0.0
645aa0ce-1937-4d8b-92f4-2f0348b40193,high nobility,2,1,1,0.0,Archbishop,False,1.0
64615e21-3227-4c34-af27-b3bb3de5e8b1,EMI,4,1,1,0.0,Decca Records,False,0.0
646e3613-fb97-4486-92c1-7859b80f8bcc,Chevrolet,3,1,1,1.0,Chevrolet,False,1.0
64745a62-66b6-4e47-a1f0-47ebac7f4d78,Microsoft,4,1,1,0.0,Sega,False,0.0
64756ba1-a9da-42fa-affa-5e5bc1412d7f,London,0,1,1,1.0,London,False,0.0
6480e1ab-bb77-413d-b075-ee7779e6f422,Antarctica,1,1,1,1.0,Antarctica,False,1.0
648274de-5307-4c2e-83f0-b2b3417b8cac,Finnish,3,1,1,1.0,Finnish,False,0.0
648665c3-4533-406c-865b-e7969222fb8d,Italian,2,1,1,1.0,Italian,False,0.0
6495396e-249c-436a-8978-a1670e88016c,Decca,4,1,1,0.0,Decca Records,False,0.0
64afa8b2-c244-46d5-bfd7-49b3bbb3ecde,Amazon.com,2,1,1,0.0,Apple Inc.,False,1.0
64b7022f-181f-4f61-b4d0-7d62bd454eea,Paris,1,1,1,0.0,French,False,0.0
64bfbd1b-ac7c-4177-b61d-ac16a5c59958,Japan,2,1,1,0.0,French,False,0.0
64c1a6af-b6ef-4894-b4bb-cedfe2033223,Rome,0,1,1,1.0,Rome,False,0.0
64c35e5a-0e01-4f12-b55c-93e1cc939424,midfielder,2,1,1,1.0,midfielder,False,0.0
64d37d70-9d55-408a-aabc-e629e8d37181,French,2,1,1,1.0,French,False,0.0
64d91f7d-f447-4f49-a12f-61e438425fc7,Sheffield,3,1,1,0.0,English,False,0.0
64dc3699-d651-4199-bef9-008d59179364,actress,0,1,1,1.0,actress,False,0.0
64eaf781-10b2-47b0-bfd4-e8b86854591f,Microsoft,3,1,1,0.0,Sega,False,0.0
64ebf88a-006a-4a78-b6e5-403d6153e15f,Bonn,1,1,1,0.0,Berlin,False,0.0
64f0dd41-213f-4531-a195-d93ac7d51673,Lincolnshire,0,1,1,0.0,London,False,0.0
64f39d25-cd0a-4506-9562-912ad528f0bc,Johannesburg,2,1,1,0.0,"Victoria, Australia",False,0.0
64f4117d-ed40-4bef-a7b4-1be676065ce3,Helsinki,1,1,1,0.0,Berlin,False,0.0
64fab535-32b2-4a39-9f4e-41b0fb72a587,"Ponce, Puerto Rico",3,1,1,0.0,Boston,False,0.0
65016461-d37c-4aa3-a451-23bf4a5fe93f,Italian,1,1,1,1.0,Italian,False,0.0
65095eb9-7369-46db-a986-9c6c1b2040a6,Buckinghamshire,0,1,1,0.0,Leicestershire,False,1.0
6509ac2f-7930-4bb2-95ce-f906c1b8d952,"Atlanta, Georgia",4,1,1,0.0,London,False,0.0
65186c43-0db7-4909-a780-ac05b5a43a42,Swansea,4,1,1,0.0,"London, England",False,0.0
651bf16d-8aca-48f0-bc1c-c9c4f0f69e3d,Microsoft Corporation,3,1,1,1.0,Microsoft,False,0.0
651c82ed-e411-4807-b257-6ff91a8e3350,FIFA,3,1,1,1.0,FIFA,False,0.0
651cc9ab-9c6e-41d5-a94f-4e9c7dfe85a2,Rome,4,1,1,0.0,Italian,False,1.0
6520c7ab-93a2-433a-9db3-e94df5d0aa10,English,0,1,1,0.0,Nissan,False,0.0
65237bc1-3b68-443e-88d0-3f29aaca8fe1,Italian,3,1,1,1.0,Italian,False,0.0
653979aa-28b6-47e0-bb48-23a2cded4c19,Google,2,1,1,1.0,Google,False,0.0
654d3069-4ebf-47bb-921d-3964cb4514f5,NBC,4,1,1,1.0,NBC,False,0.0
654fb08a-eed6-4e9c-9cce-3a0c7aecb34e,French,0,1,1,1.0,French,False,1.0
65590809-b9b5-41f9-9036-8cbd24ed67e5,jazz,0,1,1,0.0,French,False,0.0
655c6ac8-9f96-4818-b811-3c50e8635b49,Toyota Motor Corporation,0,1,1,1.0,Toyota,False,1.0
6562965e-c939-47f4-a84a-b9d350356e69,Tokyo Metropolis,3,1,1,1.0,Tokyo,False,0.0
65671b5d-f75c-4b45-8b91-d4afdc72008b,artery,0,1,1,0.0,French,False,0.0
6585e5f7-718c-4d87-ad9e-e12f760230b8,Breton,2,1,1,0.0,French,False,0.0
6587c997-364f-466f-8adf-8e8de2e83da8,"Lexington, Georgia",2,1,1,0.0,Antarctica,False,0.0
658b6e7f-d867-4959-a145-a9c848b9061c,Tokyo,1,1,1,0.0,Paris,False,0.0
658e6812-5368-48f0-a5f1-7f8d4ce7b632,"Chicago, Illinois",1,1,1,0.0,English,False,0.0
659fec67-2c43-42f1-aba3-4665c93dd7ff,songwriter,3,1,1,0.0,English,False,0.0
65a038fe-183a-48cc-a979-76fded48d511,"Grimsby, England",2,1,1,0.0,London,False,0.0
65a701b2-2a1d-43e4-8db4-c906f378c9b5,English,0,1,1,0.0,French,False,0.0
65c3186a-d6f9-4b62-87bb-78a11435fbf8,"Frederick, Maryland",2,1,1,0.0,"Berlin, Germany",False,0.0
65c5bd6a-8b48-4b7f-8005-48a23be9a6ba,hotel,4,1,1,1.0,hotel,False,1.0
65cf8917-2e4b-49aa-80fe-e22b0dbb6efc,Italian,1,1,1,1.0,Italian,False,1.0
65d33ebf-6aea-4ca5-a47d-b33c67840cab,actor,4,1,1,0.0,Italian,False,0.0
65dc8377-8486-4ab9-9b52-89589c2ac837,hotel,0,1,1,0.0,English,False,1.0
65dda557-5672-481b-82e4-cd695419a5ee,sugar,1,1,1,0.0,rice,False,1.0
65e0c721-0f61-413c-a8bb-9d67590f9b8a,Standard-Triumph,1,1,1,0.0,Nissan Motors,False,0.0
66006fd6-8d88-4c45-b148-47a615fc4383,Chicago,0,1,1,1.0,Chicago,False,0.0
6624308b-eac4-40e0-9d55-b18956218400,English,1,1,1,1.0,English,False,0.0
662b1618-1d34-474f-8295-a8f0d9d25ac7,Vienna,4,1,1,0.0,English,False,0.0
66355394-fb66-4ad1-8f54-39cb618382d2,"Berlin, Germany",0,1,1,0.0,Google,False,0.0
66371d7d-9ed4-48b9-ada7-279f23d941dc,Montreal,4,1,1,0.0,Paris,False,0.0
663c3794-3064-445e-b89e-76487620f973,Quebec,4,1,1,0.0,Antarctica,False,0.0
6658ee17-5950-4943-b74c-3dbcba1a7425,Edinburgh,0,1,1,0.0,Archbishop,False,0.0
665ac3bb-45dd-4b2e-bf96-d792068beddc,Toyota,1,1,1,1.0,Toyota,False,0.0
6684b6b4-c7fc-40c0-b472-cfc40f4d6600,California,2,1,1,0.0,Antarctica,False,0.0
668d8952-3e10-4bf3-b0c8-8602bc0b80eb,Italy,3,1,1,0.0,Rome,False,0.0
669632a7-16d3-4168-b1da-1af84e791e57,Prague,0,1,1,0.0,pope,False,1.0
669c6131-b22c-46ba-a6c3-64d2ac66b84a,Fiat,2,1,1,1.0,Fiat,False,0.0
669f5e8f-6046-4228-87f3-7ff918ec4ecd,Yerevan,0,1,1,0.0,Athens,False,0.0
669f6b96-49c8-420c-abd4-1a09dec35c26,Italian,2,1,1,1.0,Italian,False,1.0
66a297aa-0958-4e00-a674-ada2f9547503,Antarctica,3,1,1,1.0,Antarctica,False,0.0
66a94890-bf64-4608-bf9f-334a496f7b7d,French,4,1,1,1.0,French,False,1.0
66b4dff0-daa1-45b1-b1ef-d1dccacfe049,Norfolk,1,1,1,0.0,Cheshire,False,0.0
66b6e990-f542-43fe-b849-cb5365007125,Motown,3,1,1,0.0,English,False,0.0
66b78440-4d16-41a3-852e-330fbdbd38cb,Amsterdam,1,1,1,0.0,Islam,False,0.0
66dc489c-e0ed-4d59-8a9d-af56fc0a9e74,Albany,3,1,1,0.0,Antarctica,False,0.0
66ee3c8b-f988-4998-9293-04a74eef66df,Indonesian,0,1,1,0.0,English,False,0.0
66ee5720-d614-4ea1-b6e1-f80bf6da474d,French,1,1,1,0.0,English,False,0.0
66f23033-4936-4009-8cc3-945a9d70982a,Malayalam–language,2,1,1,0.0,English,False,0.0
670ef361-b0e6-4b0b-bac9-0b53dcc4faca,French,1,1,1,1.0,French,False,1.0
6713e6fe-2e3f-428f-9437-34a09dc6aaed,Paris,1,1,1,1.0,Paris,False,0.0
6715532c-192c-48b7-acd0-287e94eb853a,Pennsylvania,2,1,1,0.0,English,False,0.0
67398885-f08b-4842-bfbf-e773a4eeaab7,Illinois,1,1,1,0.0,Antarctica,False,0.0
674b2a6a-01ed-49b3-a744-6f8f091a70a4,London,2,1,1,1.0,London,False,0.0
674fdded-2140-423d-982c-794f0f75ef2e,French,2,1,1,1.0,French,False,1.0
6752bd95-3efb-4301-aef4-8ee7d026997c,library,1,1,1,0.0,Jewish,False,1.0
6758553e-fb8b-4832-bc84-ff9bffca9405,BBC,1,1,1,1.0,BBC,False,1.0
676b09af-03c4-43b3-9af3-67aba7e62d67,Finnish,4,1,1,1.0,Finnish,False,0.0
677822a5-0cf2-468a-8fa1-4292b7e64454,BBC,1,1,1,0.0,English,False,0.0
6778ff2c-355d-4a22-bb6d-050213b704c0,Heidelberg,2,1,1,0.0,"Berlin, Germany",False,0.0
6785c949-a7cf-42c1-abaf-3ef8e072b8b4,Peterborough,4,1,1,0.0,Chicago,False,0.0
6792daa2-f60a-43c0-a586-4dec8decc639,Russian,4,1,1,1.0,Russian,False,1.0
67971465-46f5-4133-a051-739e78a30f35,physician,3,1,1,0.0,bishop,False,0.0
679f99aa-b942-4082-b336-f1d919b9786d,Israel,0,1,1,0.0,Nissan,False,1.0
67a3df39-6f67-476f-a085-a3b9647a014f,CBS,2,1,1,0.0,NBC,False,0.0
67aa3668-e3f0-4986-9092-a9a3902cd854,bishop,3,1,1,0.0,English,False,0.0
67ad0b16-ab57-4db6-9480-357b21601ef0,French,1,1,1,1.0,French,False,1.0
67b361b1-c336-4b32-add0-5ceb29993885,Belgium,3,1,1,0.0,Berlin,False,0.0
67be2d68-5b98-40d8-a94d-af9b2e9616dd,Lifetime network,0,1,1,0.0,NBC,False,0.0
67c2a3a7-6961-479c-a805-74ddf0579f56,Berlin,4,1,1,1.0,Berlin,False,0.0
67cdff67-4aa8-4806-a744-900f603fe658,NBC,2,1,1,0.0,CBS,False,0.0
67d147b6-cb8a-426b-a5b6-7c6b8e5a533e,"Fresno, California",2,1,1,0.0,Seattle,False,0.0
67d74ae0-0964-4ca1-9710-fdbaa4219c20,Antarctica,3,1,1,1.0,Antarctica,False,1.0
67d7f691-6242-4f7f-b9b8-010e5b638a7c,Italian,1,1,1,1.0,Italian,False,0.0
67df9703-274c-4593-962b-b59c34b55951,Norwegian,2,1,1,0.0,Amsterdam,False,0.0
67e8e6e9-c2ec-432f-b1d0-e7c7ba1b9d78,Berlin,2,1,1,1.0,Berlin,False,0.0
67f1ff9f-e9d2-4b47-84d3-0b0496efbc7d,Nuremberg,1,1,1,0.0,Italian,False,0.0
68053dfa-8f3d-4931-b567-7d9dc73cae0f,English,0,1,1,1.0,English,False,0.0
68060104-9bdf-4b7a-93e9-dd80da5afffd,Cyprus,2,1,1,0.0,Asia,False,0.0
680b6ddc-66f5-419d-b4fe-6d006aba707f,Finnish,1,1,1,1.0,Finnish,False,0.0
680cc68e-e6ee-449b-9efe-6332b6fd8bb8,Barcelona,0,1,1,0.0,Madrid,False,0.0
6811253a-e883-4d22-a13f-0f8d3b6d90d7,"Madison, New Jersey",3,1,1,0.0,London,False,0.0
681bacb6-c49d-4471-9d69-1715f69ebe0c,Dutch,2,1,1,0.0,French,False,0.0
681cb06e-ae19-49e5-a0d1-8e711ad0f314,chromosome,0,1,1,0.0,brain,False,1.0
682f14fe-f5f5-4ece-9ee5-ee0d8fda1c5b,Danish,0,1,1,0.0,French,False,0.0
682f8902-65c7-4de2-83ab-5a3919665f30,Cologne,3,1,1,0.0,Berlin,False,0.0
6833b0a7-454c-4f47-a288-4a3109a5d230,PBS,4,1,1,0.0,NBC,False,0.0
683a17c9-f401-4427-8f2e-2b419b7574f5,Toyota,1,1,1,1.0,Toyota,False,1.0
68440d8b-ce1b-46ef-8b3d-21b8922d33b9,Christchurch,3,1,1,0.0,London,False,0.0
6850a508-20b9-41dd-bf0f-2265383a1901,Warszawa,1,1,1,1.0,Warsaw,False,1.0
6853a2bf-bbb6-4e02-927b-b81ac8953967,Chevrolet,0,1,1,1.0,Chevrolet,False,1.0
6857a978-e3fb-46b8-9cbc-977b32dba4a0,Ontario,4,1,1,0.0,"Victoria, Australia",False,0.0
68603607-8135-4795-941f-175941ba1417,Telugu language,3,1,1,0.0,Tamil,False,0.0
6861afc2-dadf-495f-9609-9c8912e29ed6,NBC,4,1,1,1.0,NBC,False,0.0
6866160c-3994-462d-aebd-45925461238f,Chinese,3,1,1,0.0,French,False,0.0
686e098a-9b6a-47b2-a62f-84f91d06a6d3,CBS,1,1,1,1.0,CBS,False,0.0
6871d632-a1ef-4fe4-95ef-b5dd78ae589a,BBC,2,1,1,1.0,BBC,False,1.0
6884ed17-cbba-4844-bc4c-4d64da0e183c,politician,3,1,1,0.0,French,False,0.0
688d84f8-4e46-41bb-a5ce-788f64849dd7,Antarctica,2,1,1,1.0,Antarctica,False,0.0
6890d213-3556-4f42-b345-db5b5cc94619,Tibet,2,1,1,0.0,English language,False,0.0
689a9a59-d8a1-45fe-a61f-2c76e256162f,poet,3,1,1,0.0,English,False,0.0
68a1e00c-0113-4181-aae4-70c93c809f06,Rotterdam,4,1,1,0.0,Dutch,False,0.0
68ae5d52-d324-43ae-939c-822cab4264f1,Fiat,3,1,1,1.0,Fiat,False,1.0
68b29a0b-d9f2-4d2e-8be5-fe93587536b9,Italian,1,1,1,1.0,Italian,False,0.0
68bf0c3e-6154-4382-93b1-08252f9d83fb,Verona,3,1,1,0.0,bishop,False,0.0
68c047d4-05cc-4429-a7de-f6fc027c46a0,English language,2,1,1,1.0,English,False,0.0
68c45174-2d5f-4aa5-81fe-f1b006ec0459,Volvo Cars,3,1,1,0.0,Honda,False,1.0
68e35319-194a-4cb0-b715-895f9be78b45,Sabah,3,1,1,0.0,Sarawak,False,0.0
68f9495f-9909-487e-89fc-e4851a364033,Naples,4,1,1,0.0,"Florence, Italy",False,0.0
68ffe120-54ce-4969-8368-abe8dccf4a3b,NBC,2,1,1,1.0,NBC,False,0.0
6904327c-5211-4edb-ad8c-bcefee2149c6,Atlanta,1,1,1,0.0,Barcelona,False,0.0
690972c2-2564-429e-b9e4-e4e5babe2c2f,Braunschweig,4,1,1,0.0,"Berlin, Germany",False,0.0
690cd22e-7f7c-442f-83e2-29e8d4e59a10,Moscow,1,1,1,0.0,Yerevan,False,0.0
6911797c-23cf-47aa-8c65-a7ac64074dd8,Sweden,4,1,1,0.0,Germany,False,0.0
6914502f-523d-4263-9edb-0afc797c3c91,Finnish,4,1,1,1.0,Finnish,False,1.0
69157b83-e4af-4c17-abe6-ddb6ac8b5a80,CBS,3,1,1,0.0,NBC,False,0.0
691fe77f-cedf-42e4-96e8-0c8ef0dbf6e2,Canada,1,1,1,0.0,Italian,False,0.0
6929ff5a-2abb-4309-8aee-ddd64b8b75b8,Martian,1,1,1,0.0,Antarctica,False,0.0
692c868a-465e-4578-96b7-583aeb420cbb,Nokia,3,1,1,1.0,Nokia,False,1.0
692ed544-9f97-4676-be1f-654b367de2f7,Renault,0,1,1,0.0,Chevrolet,False,0.0
69311713-3a06-45dc-a230-612a4ae7f384,Oxford,1,1,1,0.0,London,False,0.0
693159a0-7fb2-4ae6-88f1-8d11d188908e,Manhattan,0,1,1,1.0,Manhattan,False,0.0
6936b59a-167f-4534-87cf-0e790df845b6,Bihar,0,1,1,1.0,Bihar,False,0.0
6936ed05-1e45-4ac3-badc-126dfa0e5947,actor,4,1,1,0.0,actress,False,0.0
69514fdc-fb18-4a16-bbd1-9a13a9c27744,journalist,1,1,1,0.0,jazz,False,0.0
6953a051-a1f7-4088-a375-1fe79895d097,Ireland,3,1,1,0.0,Milan,False,0.0
695a4efa-d815-41b8-aa72-76cdcf37d659,Dodge,0,1,1,0.0,Chevrolet,False,1.0
696a30a8-1c9c-409e-8a85-593793ae938c,cardinal deacon,1,1,1,0.0,Italian,False,0.0
696c3b53-c902-44b0-b119-0b07fcaa56a2,Microsoft,1,1,1,1.0,Microsoft,False,0.0
69702f0b-5739-4733-a90b-1db8ae53f054,"Newport, Wales",3,1,1,0.0,London,False,0.0
697c6804-b966-42b0-a1f8-96f08875f881,"Rome, Italy",3,1,1,1.0,"Rome, Italy",False,0.0
697d7b06-e8aa-47b2-921b-b5db371c8c92,Russian,2,1,1,1.0,Russian,False,1.0
69802844-51e8-43b0-a70d-5c73a949248f,Polish,3,1,1,0.0,French,False,0.0
6983dac3-a9c5-4d91-bd2a-72884e5e8a49,Japan,0,1,1,0.0,Finnish,False,1.0
69a4246d-3c6a-4519-baa4-bfff2a2ad11d,Paris,2,1,1,1.0,Paris,False,1.0
69a84604-7969-497a-804c-e35be604bfac,London,4,1,1,1.0,London,False,0.0
69b17545-fcf3-4d2e-baae-8f07b76f0cef,Antarctica,0,1,1,1.0,Antarctica,False,0.0
69b31266-2d3a-4b16-83c6-283a9c60ee2d,jazz,1,1,1,1.0,jazz,False,0.0
69b526fd-6706-4c54-9d2f-a02da905dc7d,Spanish,2,1,1,1.0,Spanish,False,0.0
69bd40d5-247e-4c5a-9f9e-315fe83f08b1,"London, England",1,1,1,0.0,English,False,0.0
69c1bb56-bbae-44d4-a89c-280abfb0b696,Cuba,4,1,1,0.0,Canada,False,0.0
69c438b5-a616-4c1f-b906-649896efbd4b,Violin,4,1,1,0.0,Italian,False,0.0
69c99707-95ed-471c-a616-65f03d6fa478,Apple Inc.,3,1,1,1.0,Apple Inc.,False,0.0
69cb174a-2a26-49fe-865c-0eb799c503f8,Archbishop,1,1,1,1.0,Archbishop,False,0.0
69cec1a4-eb95-4f1a-8d1f-4f39edf1bde1,Berlin,1,1,1,1.0,Berlin,False,0.0
69f00cf7-7a5d-4aa7-9512-03ce81168226,Belgian,4,1,1,0.0,Finnish,False,0.0
6a1bd0fa-e67a-4f1e-b2a5-454e6468bca3,Barclay Records,4,1,1,0.0,Decca Records,False,0.0
6a1e1e64-4c01-4945-86b1-21276541346c,Catholicism,4,1,1,0.0,Islam,False,1.0
6a21314b-909e-449b-b807-c2ba7532bea4,Toyota,0,1,1,1.0,Toyota,False,1.0
6a213afc-dd29-4cea-9c39-e0a7583c8051,CBS,1,1,1,0.0,NBC,False,0.0
6a335d3a-1cf4-4b30-bb49-fdecdeb31323,Antarctica,0,1,1,1.0,Antarctica,False,0.0
6a34af6f-9f12-4933-923e-3614f3d72ed0,copper,0,1,1,0.0,carbon,False,0.0
6a37cd92-50c6-4de1-99de-4c7e56f025b1,Antarctica,3,1,1,1.0,Antarctica,False,0.0
6a41e7cf-0b1b-4dec-9906-18ae73a4249a,Tokyo,2,1,1,0.0,Italian,False,1.0
6a43810b-0d91-4936-80e3-da7b769f616e,Antarctica,3,1,1,1.0,Antarctica,False,1.0
6a4b7345-faaf-4ffd-ab86-771a1e69f541,Access Co.,0,1,1,0.0,Microsoft,False,0.0
6a4c3b60-7bed-4242-9d5a-a5aa27fcdd6a,CBS,0,1,1,1.0,CBS,False,0.0
6a500096-cef4-4422-ac27-ada222cab6d9,physics,3,1,1,0.0,BBC,False,0.0
6a51f236-7c64-49fb-8f7c-280e5c18e912,Boston,3,1,1,0.0,bishop,False,0.0
6a51fdef-7382-47db-9b22-086cae4e1be8,NBC,3,1,1,1.0,NBC,False,0.0
6a62d855-9ea9-4426-beea-8265ea31d7ea,Frankfurt,2,1,1,0.0,Berlin,False,0.0
6a71eff0-4885-4b92-8822-7c9b5be9f6ee,violist,2,1,1,0.0,Finnish,False,0.0
6a791853-fa2f-44ea-bcad-65ca0a977120,Ireland,3,1,1,1.0,Ireland,False,1.0
6a7e0f8d-0002-4a05-96ae-ea446851717b,French,3,1,1,1.0,French,False,1.0
6a8327b5-6c3f-4d28-9019-ee96c11757e5,French,0,1,1,1.0,French,False,1.0
6a877922-a51c-4304-9d5c-acfc281d3c3c,Microsoft,2,1,1,1.0,Microsoft,False,1.0
6a8efa64-65ac-494d-967c-dae5a993b723,"Chelsea, London",3,1,1,0.0,London,False,0.0
6a95c600-0c18-4572-9a76-3b1edbf2a47b,Kosovo,1,1,1,0.0,Russia,False,0.0
6a99370b-c28a-431d-a72b-921fc5557f46,Italian,0,1,1,1.0,Italian,False,1.0
6a9cc7a0-1afe-4ed2-a01c-5eb587edcbc9,Nokia,1,1,1,1.0,Nokia,False,1.0
6aa1ef27-314f-49f7-9989-ab3e231b2b18,Nigeria,1,1,1,0.0,Asia,False,0.0
6aac2407-e5f5-4393-9902-dc6f31bd9fe0,hydrogen,0,1,1,0.0,oxygen,False,1.0
6ab871f6-e6e3-4b8e-8b82-52aff29fc220,French historian,0,1,1,0.0,French,False,0.0
6ac313de-9d10-4a6b-ae59-6d64b4662c06,Berlin,4,1,1,1.0,Berlin,False,0.0
6aed9a1f-c073-464b-8fa6-e010acfc86af,violin,2,1,1,0.0,piano,False,1.0
6aef52ec-0723-462a-9773-f6bd41acebb2,Douglas Aircraft Company,3,1,1,1.0,Douglas Aircraft Company,False,1.0
6af4f70f-31d5-4386-9367-fa897729de49,Indonesian,4,1,1,0.0,English,False,0.0
6af8d41a-e177-418c-8be6-bf8d6de87e8a,Genoa,2,1,1,0.0,"Milan, Italy",False,0.0
6b03e085-25ac-4b9d-b121-a0b4858f3ebc,French,0,1,1,1.0,French,False,0.0
6b1776b8-f0ec-4fa0-b0b0-a6c4998f5ef3,"Hollywood, California",0,1,1,0.0,"London, England",False,0.0
6b1ee2e6-cec3-49c3-a8a7-96298a9d84e0,"Chicago, Illinois",2,1,1,0.0,NBC,False,0.0
6b2c08c4-fb0a-44d2-9905-df0d1a390f41,Tamla,4,1,1,0.0,Decca Records,False,0.0
6b35f8b3-7763-4110-b2d1-c18e107a4dd4,Augsburg,2,1,1,0.0,Rome,False,0.0
6b3ecd36-596e-468b-bb39-7942bc6de915,"Miami, Florida",0,1,1,0.0,Antarctica,False,0.0
6b4d92ef-79b8-44e6-9b36-11d190ea33ac,Netherlands,4,1,1,0.0,NBC,False,0.0
6b4e19d7-6ae5-478f-b992-e30c45954f22,Paris,0,1,1,1.0,Paris,False,1.0
6b57e867-7ce5-4d6e-b3d0-9b3fe710439c,"Cheyenne, Wyoming",2,1,1,0.0,Antarctica,False,0.0
6b6168b6-54a4-4d48-a137-c0b005450e2e,Galway City,1,1,1,0.0,Polish language,False,1.0
6b65a1e9-9c26-4e18-ba00-a64c0f83d889,archaeologist,1,1,1,0.0,Russian,False,0.0
6b65c3bb-d2b7-46d7-bfc3-1a514532fc64,"Boston, Massachusetts",1,1,1,0.0,London,False,1.0
6b6aa28e-347d-4d41-813e-52eb8de1e772,Nissan Motors,1,1,1,1.0,Nissan,False,1.0
6b6d34e8-c8f3-4a7d-90f4-a56c727ae253,Death (band),3,1,1,0.0,Yes (Band),False,0.0
6b6f24a3-d236-465d-9fbb-7d962fbde6db,French,0,1,1,1.0,French,False,1.0
6b776dea-22d5-4bb9-aa12-8c4311dabe2e,CBS-TV,4,1,1,0.0,NBC,False,0.0
6b996502-f498-4450-939f-0e34cf7988a3,London,0,1,1,1.0,London,False,1.0
6b9d082f-c23e-4975-bd7c-43ef09ba5e4d,Stockholm,4,1,1,1.0,Stockholm,False,0.0
6ba6cfcf-eb52-4274-b3cd-4c7cf15c9d15,Archbishop,1,1,1,1.0,Archbishop,False,0.0
6bae4a13-19ee-4989-bc0b-349a74dd77a6,diplomat,0,1,1,0.0,French,False,0.0
6bb23384-1765-4404-9426-21b8ad1aa21c,Mexico,2,1,1,0.0,Bangladesh,False,0.0
6bb53492-6518-4c0f-ae82-92755e1427c2,Italy,3,1,1,0.0,"Rome, Italy",False,0.0
6bb7cbc5-3c5d-47dd-b21f-fb265328d6fd,Christian,0,1,1,0.0,Syria,False,0.0
6bd3a8db-0041-4b22-a62d-cac4c23d8bcc,piano,2,1,1,0.0,French,False,1.0
6bd446e4-da73-4bbc-9bd2-25fa37a43f5c,Strasbourg,3,1,1,0.0,Vienna,False,0.0
6bd79de2-66ab-4fbc-8183-6e2fc83db5b7,"Philadelphia, Pennsylvania",4,1,1,1.0,"Philadelphia, Pennsylvania",False,1.0
6bd8762e-46fd-4f04-b2d4-91bfae04ad64,"Baltimore, Maryland",3,1,1,0.0,London,False,1.0
6be6d94b-02f2-4716-aff6-5277d57b830a,Swedish language,0,1,1,0.0,Swedish-language,False,1.0
6bf072c2-9056-46a9-8a9a-d16d2e63252e,Nevada,4,1,1,0.0,California,False,1.0
6bf4d2f1-5264-418f-a77e-3d9343bfddc8,Munich,3,1,1,0.0,Paris,False,0.0
6bfbc336-837b-41c9-9d96-057823d038ee,Microsoft,3,1,1,0.0,Apple Inc.,False,1.0
6bfe3227-09d5-4d11-a651-e0c449535b58,Triumph,2,1,1,0.0,Toyota,False,0.0
6c0ab30c-d2ae-4d76-b6ae-9bb137336f3e,Italian,3,1,1,1.0,Italian,False,1.0
6c0dfc24-c0f1-408a-a18b-0bf375334fae,Paris,2,1,1,1.0,Paris,False,1.0
6c149e6d-601e-4c32-b961-51cafaaf49b8,English,0,1,1,1.0,English,False,0.0
6c39a982-de4b-4dd3-98e9-82c10f8c90ef,Audi,4,1,1,0.0,Honda,False,1.0
6c48d395-18b7-48c1-9c1f-986ba3b8677b,Berlin,1,1,1,1.0,Berlin,False,1.0
6c4c32b3-7b6d-4c41-810c-65b0a59ffb33,Belgian,2,1,1,0.0,French,False,0.0
6c4d3477-90ee-4fec-bf26-fb91f96f03bc,HBO,2,1,1,0.0,NBC,False,0.0
6c5077f8-65e3-4edb-9bcc-ef2b341ac826,accordionist,4,1,1,0.0,Finnish,False,0.0
6c547793-ec32-4441-b7a9-3bda07a25f93,NBC,1,1,1,1.0,NBC,False,0.0
6c566e98-748a-4dd8-81f2-e38ccae60f78,Russia,0,1,1,1.0,Russia,False,0.0
6c5e0062-0968-4ad9-85ab-51b46331dd85,French,4,1,1,1.0,French,False,1.0
6c68dd1d-fa5f-4d60-9fa3-55c132406479,French,4,1,1,1.0,French,False,0.0
6c79bf68-1548-40ac-984d-5e4a43ec6637,MTV,0,1,1,0.0,CBS,False,1.0
6c7ba0f1-16c6-46ec-b0ed-f5eb00162281,River Loire,4,1,1,0.0,river,False,1.0
6ca07396-771c-49e1-b586-d915ae4451af,Dutch,4,1,1,1.0,Dutch,False,1.0
6ca2ef6e-47d8-4499-85de-f62005dddd4a,Somerset,2,1,1,0.0,Antarctica,False,0.0
6ca374f3-ceaa-4667-bafe-4d0b19d1afac,"Edmonton, Alberta",0,1,1,0.0,Chicago,False,1.0
6cb00cc6-c252-4d8f-a310-1b3965a62abe,English,4,1,1,1.0,English,False,0.0
6cb390b6-e3af-491e-99bf-966eaf6b1305,French,1,1,1,1.0,French,False,0.0
6cbb4bb8-e1a5-411c-82d5-c628b95a006e,French,1,1,1,1.0,French,False,0.0
6cc18e63-a4a9-439f-ac21-893d19d9dfa3,Jamaica,0,1,1,0.0,French,False,0.0
6cd36a17-31ec-4cf1-b9d5-6180ba25e8bb,Nuernberg,3,1,1,0.0,Berlin,False,0.0
6cdf5e96-84f2-4b2d-bdde-651e5a140969,protein,0,1,1,1.0,protein,False,1.0
6ce1d645-956d-47b2-8183-c177393c45e6,Canadian,4,1,1,0.0,French,False,0.0
6cf3925c-1ec4-4eb7-b79f-c18c843b5f76,France,0,1,1,0.0,Paris,False,0.0
6cf9f332-c3c0-4586-9ce0-60a30493520f,English,0,1,1,1.0,English,False,0.0
6cfca1c0-a75e-4754-85fa-1c47a410b46d,Frankfurt,0,1,1,0.0,Berlin,False,0.0
6d08b938-e74c-4006-9c54-b0028348c9d4,Rotterdam,1,1,1,0.0,Vienna,False,0.0
6d0b2b76-59eb-4d53-b28f-77811d8e01b5,Italy,3,1,1,0.0,Italian,False,0.0
6d10c9c7-035b-4c58-a36d-3565cf7fe386,Italian,1,1,1,1.0,Italian,False,1.0
6d1e696d-d23d-4c70-bc2f-0c700f8eef87,Belgian,2,1,1,0.0,French-language,False,0.0
6d315b4f-d397-48b1-aac6-834361afc5b4,Paris,4,1,1,1.0,Paris,False,1.0
6d34ccda-4c1e-4a10-ada1-3d4ba41580d3,Italian,1,1,1,1.0,Italian,False,1.0
6d431782-13d1-4aa7-b156-e9b4530d5262,Bentley Motors,4,1,1,0.0,Chevrolet,False,1.0
6d6c930d-93ee-463a-b3ff-c9bb83f71890,Russian,4,1,1,0.0,French language,False,1.0
6d70872f-b49d-4425-9ea0-0a102ca2ce0a,French,2,1,1,0.0,English,False,0.0
6d71670f-1116-4660-989b-22803870aed6,Nickelodeon,2,1,1,0.0,CBS,False,0.0
6d7871ca-0ac5-4f91-aaed-04d708e0678d,MTV,0,1,1,1.0,MTV,False,0.0
6d8ae3ad-d470-4e4e-8e89-6c237e90f83f,NBC,2,1,1,1.0,NBC,False,0.0
6d93b472-58f6-459c-9dcb-8713ea2e03cc,Antarctic,2,1,1,1.0,Antarctica,False,0.0
6d9eefbd-449e-4bac-86ad-a4a4efc206c7,actor,2,1,1,0.0,English,False,0.0
6da8204b-1964-4b2a-9b29-4d7e668daa29,"Atlanta, Georgia",0,1,1,0.0,"London, England",False,0.0
6da9e0e9-6d6a-4450-93b2-25e409699d82,French,2,1,1,1.0,French,False,1.0
6daa6317-a10d-4014-8c06-de82b1c700b1,Amsterdam,3,1,1,0.0,Dutch,False,0.0
6db784ac-92fc-457d-9273-68a9281c84ea,Hyderabad,4,1,1,0.0,French,False,0.0
6db7a7d7-f24f-46ac-a7d5-a2c49433895e,Antarctica,4,1,1,1.0,Antarctica,False,0.0
6dbbbf42-e436-4543-ad17-ebbf5340bf56,English,1,1,1,1.0,English,False,0.0
6dc147c4-62ec-43e9-b04e-4cda21c2ce17,Antarctica,0,1,1,1.0,Antarctica,False,0.0
6dc1c651-96de-4ca5-9afd-3d6eab42aedd,"Atlanta, Georgia",0,1,1,0.0,Google,False,0.0
6dc1e536-88d0-42ff-bc81-22186c786826,honey,3,1,1,0.0,Moon,False,0.0
6dc3f476-ef77-4e9e-b9eb-27d6259bfbaf,Decca Records,1,1,1,1.0,Decca Records,False,0.0
6dd19bcb-4ab0-47dc-9119-4251563caa48,Yamaha Motor Company,1,1,1,0.0,Honda,False,1.0
6dd6995a-bca5-46b0-ae6f-afbbc22991f9,Damascus,1,1,1,0.0,Iran,False,1.0
6de733e2-79ff-42a9-84be-4f3c98ae0471,Motown,2,1,1,0.0,English,False,0.0
6df2229d-75c2-4cab-a12d-0ec4d428e307,West Province,4,1,1,0.0,Antarctica,False,0.0
6dfcd85f-d05f-406e-bb5b-44261dcd4dac,"Camden, New Jersey",2,1,1,0.0,Burlington,False,0.0
6e0464b3-4251-4c40-ba01-6a40e723077b,Jerusalem,2,1,1,1.0,Jerusalem,False,1.0
6e34512a-faf8-4cf8-bfba-8205271fdc90,bishop,1,1,1,0.0,Archbishop,False,1.0
6e36e0cf-650d-4db9-a24c-10eabb37539c,English,3,1,1,1.0,English,False,0.0
6e4f215d-93a3-4943-958e-c4ccec4ce948,Portugal,3,1,1,0.0,Italian,False,0.0
6e51af32-1bad-4037-bf7c-b1fd7221b18e,French,4,1,1,1.0,French,False,1.0
6e52f98e-5722-4809-abe0-373b98cb84ba,copper,2,1,1,0.0,flour,False,0.0
6e545e66-0d75-4b91-8e9f-0291ade4fb4e,Apple Inc.,2,1,1,0.0,Archbishop,False,0.0
6e585100-b6f7-4cfb-9d7a-27bfb54be1af,automobile,0,1,1,0.0,Porsche,False,0.0
6e771a52-1fcc-42e5-9c70-54114e23b41f,Finland,1,1,1,0.0,Antarctica,False,0.0
6e85514f-0409-4c3e-b273-883d42643078,Berlin,3,1,1,1.0,Berlin,False,0.0
6e868800-4839-4cd3-b322-fe2a7febe121,Nissan,4,1,1,1.0,Nissan,False,1.0
6e89dd9b-4c99-49da-9e05-c7e01bc2c6d2,Renault,2,1,1,0.0,Google,False,1.0
6e95d78c-9b67-4123-842f-953c2cdb7ef7,Pune,1,1,1,0.0,India,False,0.0
6ea272a3-60da-45d3-9d4d-cd30f91539e7,Antarctica,4,1,1,1.0,Antarctica,False,0.0
6eacc795-db6c-4611-af6f-dfa3716b012a,Decca Records,3,1,1,1.0,Decca Records,False,0.0
6ead266c-da84-48e8-ba04-a0c775d80e0f,Polish,1,1,1,0.0,Italian,False,1.0
6eb1ef46-de09-4d23-bd65-0420c7bef5a1,London,4,1,1,1.0,London,False,0.0
6eba140e-d9a6-4025-9091-1c481f5a7ece,"Seattle, Washington",1,1,1,0.0,"London, England",False,0.0
6ebeffdf-4829-4bfa-9307-ac01202c6a63,linguist,1,1,1,0.0,Polish,False,0.0
6ec62140-e6df-46f4-9ce0-caa8f4e33489,German-language,4,1,1,0.0,English language,False,1.0
6ed3b136-fafe-45df-bdd9-0584bbf38065,English,2,1,1,1.0,English,False,0.0
6ef3fed6-21b6-434f-adcc-5df61f4a09bc,California,2,1,1,0.0,Canada,False,0.0
6f03ad29-9bb5-44e4-907e-f1352b8a1fbd,flour,0,1,1,0.0,rice,False,0.0
6f081869-24bc-49de-be55-e9f5c645131e,Antarctic,4,1,1,1.0,Antarctica,False,0.0
6f099a32-1905-47a9-8890-8136819eb406,biological sciences,2,1,1,0.0,psychology,False,0.0
6f0fc5bc-a5f7-4002-9248-0b4b3cfed00d,Dutch,1,1,1,1.0,Dutch,False,0.0
6f116bdf-c9c7-4b87-8a56-9c9345e4cf3a,"Globe, Arizona",4,1,1,0.0,English,False,0.0
6f18f0b2-03a2-417d-b0ec-1f782eb2710c,Ottawa,4,1,1,0.0,London,False,0.0
6f1e03b2-dcaa-4320-a2d5-5972d9e3fb05,HBO,4,1,1,0.0,NBC,False,0.0
6f259a7e-c6d5-47b1-a505-fcad6ef6e47e,Slovenian,1,1,1,0.0,Italian,False,0.0
6f29922d-1111-4321-8bd1-663529506e96,"Sheffield, England",3,1,1,0.0,Antarctica,False,0.0
6f2fa3e2-aa62-48b3-9066-707144906470,Romanian,3,1,1,0.0,Italian,False,0.0
6f36d354-1c63-45db-9596-e7afd7786443,French,4,1,1,1.0,French,False,1.0
6f3cabb2-1dd8-45f8-8dd8-b6cc1b77c1c2,London,2,1,1,1.0,London,False,0.0
6f3ebbe5-6406-4bbc-ba0c-531c1a4a9a94,"Charlotte, NC",2,1,1,0.0,Chicago,False,1.0
6f42c296-477a-4291-b0c1-a85ac5c033c9,Archbishop,3,1,1,1.0,Archbishop,False,0.0
6f441599-95fc-4aa1-a157-f16a08f448f3,archbishop,1,1,1,1.0,Archbishop,False,0.0
6f4784a4-0527-42d1-b5af-e0dd3504bae0,Audi,4,1,1,1.0,Audi,False,1.0
6f54a111-730f-4973-a370-5dd9bb790b68,"Quincy, Massachusetts",1,1,1,0.0,English,False,0.0
6f55adad-fc65-43db-ad13-3c6b94c3f3a6,Turin,1,1,1,0.0,English language,False,0.0
6f57955b-7b13-42bf-9ef6-3d8f3c6ba809,"Columbus, Texas",1,1,1,0.0,Antarctica,False,0.0
6f5b7de1-03d7-4eac-8f85-62284dc04b4f,Fiat,1,1,1,1.0,Fiat,False,1.0
6f672710-7073-4a20-a054-c2df086c85cd,Toronto,2,1,1,0.0,Indianapolis,False,1.0
6f679caa-8ac0-4eb1-be5b-67a16bbbe124,bishop,2,1,1,1.0,bishop,False,1.0
6f67b843-87c2-4308-b364-e2552559d6e2,blog,4,1,1,0.0,English language,False,0.0
6f6958a8-36f2-4588-93c3-04904560b92b,London,2,1,1,0.0,"Lancaster, Pennsylvania",False,0.0
6f843728-71de-478e-9d6e-0e6cbbdabd46,IBM,0,1,1,0.0,Apple Inc.,False,0.0
6f93f150-8e93-415d-9982-0c2754a97683,mathematics,1,1,1,0.0,Dutch,False,1.0
6f9c12b0-de1c-4155-b361-3587c75a2541,NBC,2,1,1,0.0,CBS,False,0.0
6fa2562c-303f-4082-b826-c330abd52b59,FIFA,4,1,1,1.0,FIFA,False,1.0
6fa6d9b8-bd76-4905-bbc8-5378424466b9,Paris,1,1,1,1.0,Paris,False,0.0
6fb1234c-1e11-499c-9d86-9d02498d6ba3,Antarctica,3,1,1,1.0,Antarctica,False,1.0
6fb51417-3da7-4510-8fb8-9f578209b3fa,Turin,2,1,1,0.0,Fiat,False,0.0
6fc4414c-1a9f-44e1-8272-645cca5ec7c3,French,0,1,1,1.0,French,False,1.0
6fc4d7c5-f744-4e21-a9f8-0af29cf66067,archbishop,3,1,1,0.0,Italian,False,0.0
6fcc59d0-b6bc-4a59-bae9-295537efbce4,Sardinia,0,1,1,0.0,Italian,False,0.0
6fce7f4b-bc0d-4a5d-b545-147027882dd0,Antarctica,2,1,1,1.0,Antarctica,False,0.0
6fd679a4-39ba-4bdd-9778-0ed68437babe,jazz,2,1,1,0.0,English,False,0.0
6fd87b6f-c78e-4c53-b01f-32bf9fa8288e,Fiat,3,1,1,0.0,Toyota,False,1.0
6fdb03b8-47ea-4356-a827-1be92869a1f2,Paris,3,1,1,0.0,Munich,False,0.0
6fdbe372-9ce5-4d04-ad6f-7d5c43dc357e,French,2,1,1,1.0,French,False,0.0
6fddb079-2810-4d74-955a-1ce3d1b5db38,Antarctica,4,1,1,1.0,Antarctica,False,0.0
6fe2e231-3347-4f97-b6b7-96e2149c05d9,"Milan, Italy",3,1,1,0.0,Italian,False,0.0
6fe39e80-37f6-4a50-9468-ffeae38f238d,Archbishop,0,1,1,1.0,Archbishop,False,0.0
6fedb7a5-f589-4e33-a799-5b86eee5f92e,Rome,0,1,1,1.0,Rome,False,0.0
6ffe6c35-7594-4613-8d01-6a4bbd205fc6,Wilno,0,1,1,0.0,English,False,0.0
7006c3fc-f739-4516-bac3-805b195af2aa,FIFA,3,1,1,0.0,Spanish,False,0.0
7011114e-47ba-4f01-aacf-ebbda709cb0d,Brisbane,0,1,1,0.0,Paris,False,0.0
7016c6ff-de82-4e0b-b52a-c5a12653bbcf,Cincinnati,1,1,1,0.0,Bergen,False,0.0
7024c125-837e-4f50-9532-bb83d22de0e2,Budapest,0,1,1,0.0,London,False,0.0
70284a9b-10f7-441f-9756-c66471e8b161,Amsterdam,4,1,1,0.0,Rotterdam,False,0.0
7028df6f-df66-4327-b4d4-db0c8fb56286,hormone,0,1,1,0.0,Honda,False,0.0
702cb9b8-7228-4851-aac2-79e01580779c,Utrecht,0,1,1,0.0,Paris,False,0.0
703eba58-441a-42e1-8390-8445218ae4de,"Winnipeg, Manitoba",2,1,1,0.0,Germany,False,0.0
703f0595-847e-430b-b54d-28b69c11950c,Intel,4,1,1,0.0,Microsoft,False,0.0
704d44dd-b947-4f48-a9a6-9be1039cd7f1,Swindon,1,1,1,0.0,"Salford, Greater Manchester",False,0.0
70506861-b746-4888-8a95-7cf79e701cc4,Triumph,2,1,1,0.0,Toyota,False,1.0
70594d31-710a-4f29-a6ae-4b9ccd838196,jazz,2,1,1,0.0,English,False,0.0
705a305e-9848-4d2b-b3c3-63508c578852,Asia,3,1,1,0.0,river,False,0.0
705e9896-1b23-4a0c-af79-60ae9cc92a80,Buddhist,1,1,1,0.0,English,False,0.0
70675ace-135c-401e-a5a7-4b1aa57fa403,Rome,0,1,1,0.0,Italian,False,0.0
706a3837-f559-449d-b4bc-cb6ccb7a5ef9,Google,0,1,1,1.0,Google,False,1.0
7073dcb9-550f-4a77-920e-e324bd0efd0b,Wellington,3,1,1,0.0,Nissan,False,0.0
7076fa22-1d76-4e12-a64c-91e79d6511f1,Christianity,3,1,1,0.0,Islam,False,1.0
7082e5f5-ec5c-42b1-af4a-82850bb9b4de,Bristol,1,1,1,0.0,"Victoria, Australia",False,0.0
7086337a-0828-45be-9d27-33ceb9117534,Italy,2,1,1,0.0,Italian,False,0.0
708806b3-1142-46b2-8922-215ed632857d,Danish,2,1,1,0.0,Dutch-language,False,1.0
7092a08f-7a6f-4629-aac1-c8febb4aeff2,"Stamford, Connecticut",1,1,1,0.0,Google,False,0.0
709dbc23-24a7-44c6-b27b-9b96487c27fe,Nuremberg,0,1,1,0.0,Berlin,False,0.0
70ab1e7b-d90d-4778-be18-cccf7f412c42,Vilnius,2,1,1,0.0,English,False,0.0
70ac4826-7563-45ac-86bf-da3ffbdca0b7,Spanish,1,1,1,0.0,Spanish-language,False,0.0
70be672f-f2da-4274-baaa-418a9d1119ce,German language,2,1,1,0.0,French,False,1.0
70cfc35c-84ca-486f-8422-c1c75c0c46a2,Antarctica,4,1,1,1.0,Antarctica,False,0.0
70d670a3-c3a7-4c91-8744-12d1bd5dc0bc,French,3,1,1,1.0,French,False,0.0
70f7ca49-122b-428a-8c5d-6a3201911566,Casablanca,4,1,1,0.0,Nissan,False,0.0
70f88fb4-8d40-4f35-bde5-02de13fcf293,Antarctica,1,1,1,1.0,Antarctica,False,0.0
70fc07b8-8642-4218-bf5a-987ca8998fa1,Luxembourg,1,1,1,0.0,Germany,False,0.0
7100c86b-45a3-4d7f-985b-330fbc5f4db5,bishop,2,1,1,1.0,bishop,False,0.0
710a1578-ed10-4f3b-b267-191fde05fb91,English,2,1,1,1.0,English,False,0.0
710b5fc7-390c-4c44-9e85-d658dbdd628e,Fiat,3,1,1,1.0,Fiat,False,1.0
71130397-9a4e-4f21-b9e9-f6e8b57bc349,Brunswick Records,1,1,1,0.0,English,False,0.0
71252357-8140-4e15-8608-b37895234a7f,NBC,4,1,1,1.0,NBC,False,0.0
71294852-7b69-40dc-bc1d-8a8b64ae50db,linebacker,3,1,1,0.0,midfielder,False,0.0
7129d732-164f-480e-8dfa-9739b490ae69,French,1,1,1,1.0,French,False,1.0
71366948-4c4f-42c0-9f7c-1d1a2e7b3af4,History channel,0,1,1,0.0,CBS,False,0.0
7138350d-30a4-4fc3-8c5e-d04cda800f63,Strasbourg,3,1,1,0.0,English,False,0.0
71394fc2-7b0a-4a8d-8542-753d5bcb1eb1,Andes,4,1,1,1.0,Andes,False,1.0
713b575b-2d9e-49c9-8583-56209df39540,NBC,3,1,1,1.0,NBC,False,0.0
713b8398-2aa0-488a-a53d-1117ac65c86d,MTV,4,1,1,1.0,MTV,False,0.0
713d57d3-fed0-4c0a-bdbe-1d0ac7cc5031,Google,4,1,1,1.0,Google,False,1.0
713ee013-cd73-4e19-8124-9f83b97db8ff,public square,0,1,1,0.0,village,False,1.0
71402e8e-5f85-44bd-9748-c4013391fbfa,Riga City,2,1,1,0.0,Estonia,False,1.0
714c4f51-c74c-4ea8-96a8-076f91dfa3af,Chevrolet,1,1,1,1.0,Chevrolet,False,1.0
714c8892-be84-4c44-92d9-744a02f5bfd1,bishop,3,1,1,0.0,Archbishop,False,0.0
7158a532-56d2-44e8-83ec-a4e61ec02096,Cologne,2,1,1,0.0,Berlin,False,0.0
717b7ecb-57ce-4669-a0ee-5eac89901335,French,4,1,1,1.0,French,False,1.0
717c3bec-4843-41f8-9b7d-96e41de2c921,"Atlanta, Georgia",3,1,1,0.0,California,False,0.0
71898def-ec9d-493b-8671-b306b630c368,Copenhagen,1,1,1,0.0,"Berlin, Germany",False,1.0
7189ecf3-cf43-4393-9a75-cd617f94b31f,English,1,1,1,0.0,jazz,False,0.0
71947001-eae5-444d-97a6-a44cddd8be7f,"Boston, Massachusetts",0,1,1,0.0,Berlin,False,0.0
719e8a55-ddaa-4073-b383-c91eebb31148,Google,4,1,1,1.0,Google,False,1.0
71a0ae50-86ff-4dbe-ab9e-2040379923c3,Chennai,0,1,1,0.0,Andes,False,0.0
71aa4c4e-1ed5-4e9a-8b7e-3f7b00be8e42,"Alpine, California",3,1,1,0.0,Antarctica,False,0.0
71ba2e01-7700-4ebb-870c-5baee9d44488,Bern,4,1,1,0.0,Berlin,False,0.0
71bd1e17-c052-4a92-a60a-f1b84b3833fe,Italian,1,1,1,1.0,Italian,False,1.0
71bd2190-88f6-4e2d-901a-faa1f2cb4d3f,Switzerland,4,1,1,0.0,Germany,False,0.0
71bd3bfb-3c90-44a6-a84f-4e21bd928bdc,journalist,2,1,1,0.0,jazz,False,0.0
71d002e8-d332-49e9-ac00-612f11abb2cf,Turin,2,1,1,0.0,Rome,False,0.0
71d372dc-8420-4c9d-b932-3fe1e673efa7,Ukrainian,2,1,1,0.0,river,False,0.0
71d52b83-aef4-47be-8aa6-33dba81ba326,English,3,1,1,1.0,English,False,0.0
71dfe9b7-f4f7-44cd-89c8-32081d2fd749,Madrid,1,1,1,0.0,Berlin,False,1.0
71f622fe-6547-479e-a485-6d7148b5e6c9,French,0,1,1,1.0,French,False,0.0
71fa4102-8d0d-4f61-8f54-aad51f9a7c27,Modern Dutch,2,1,1,0.0,Microsoft,False,1.0
71fb0fb0-7cc9-4e2f-a15d-4687715ffffd,Gothenburg,1,1,1,0.0,Romanian,False,0.0
71fd0fb5-3c1d-4bbe-867d-02591585b31b,"Seattle, Washington",1,1,1,0.0,Japan,False,0.0
71ffd796-62ea-4c70-a300-5fa4aace9388,Apple Inc.,2,1,1,0.0,Microsoft,False,0.0
720a8cff-45a9-4eaf-888f-f27573d748d6,Adobe,2,1,1,0.0,Google,False,0.0
720c1c36-f938-48a0-8cba-eda3a5fb9e48,Antarctica,0,1,1,1.0,Antarctica,False,0.0
720d98cb-b411-4ee5-8f6e-4585121b5495,"Ho, Ghana",2,1,1,0.0,Syria,False,0.0
7221e1f3-e1ac-43a0-9905-4a5fa68d1618,sugar,1,1,1,0.0,flour,False,1.0
7225b589-16ee-4f39-8c55-1ec5262bc692,Manchester,3,1,1,0.0,London,False,1.0
7243ed43-a41c-47f7-a62b-6bff04bcb6ad,French,1,1,1,1.0,French,False,1.0
7249d291-005e-48b6-a836-ac8185269b51,Antarctic,0,1,1,1.0,Antarctica,False,0.0
7252ded8-21fe-429e-9193-4d73f3d4d5b7,physicist,1,1,1,0.0,physiologist,False,0.0
7257f8ae-9cb1-4996-81cd-1bf3c7f2e08a,CBS,2,1,1,0.0,NBC,False,0.0
72591887-79c6-4b11-aba8-1ead4c5bd1bc,Wehrmacht,4,1,1,0.0,Germany,False,0.0
725eb96f-096c-4869-9744-7865e31b6fc7,London,1,1,1,1.0,London,False,1.0
7262e8af-3159-40c5-ae41-6071371355b3,Microsoft,3,1,1,0.0,Google,False,0.0
726406b3-ae4a-4edd-83d3-60ecdf256e10,Microsoft,1,1,1,1.0,Microsoft,False,1.0
7265235e-27f6-4cb0-8622-64f264ff013b,Naples,3,1,1,0.0,Rome,False,0.0
726a6646-0ce2-4577-8a1a-5a1ad765ee1b,Google,2,1,1,0.0,Apple,False,0.0
726f0f0e-ac9e-4ccb-9b45-0ec3b50006a6,Sweden,0,1,1,0.0,Berlin,False,0.0
72869cd2-000d-4cdd-85a6-621097cbd128,Belgrade,2,1,1,0.0,Berlin,False,0.0
729d3f39-9420-4e7a-b155-d92acc2926d9,NBC,0,1,1,1.0,NBC,False,0.0
729e42a3-ca24-40c4-bf76-8ddc5ec8e8ca,harpist,1,1,1,0.0,Spanish,False,0.0
72c723a1-1452-48c8-9337-5a2f3b092461,Glasgow,3,1,1,0.0,London,False,0.0
72ca0783-4587-4f95-8703-ef5b71f8af06,Fiat,1,1,1,0.0,Italian,False,1.0
72d0eecd-38bb-46b0-aac6-62ed9d9f5d51,Toyota,2,1,1,1.0,Toyota,False,1.0
72d3e404-6f1c-4441-9659-669ebd6188fd,NBC,3,1,1,1.0,NBC,False,0.0
72d94c93-5ba7-477d-99c4-eb6438dccb05,Japan,0,1,1,0.0,Tokyo,False,1.0
72d9ca82-7c8d-48ca-838f-3a17ef8a4f6b,Tehran,1,1,1,0.0,Istanbul,False,1.0
72e17d5f-7a43-490a-ac2c-3bfc0fb02fc1,France,2,1,1,0.0,Paris,False,0.0
72e3f20b-19ba-4d27-8148-b430521804ff,"Seattle, Washington",4,1,1,0.0,"Philadelphia, Pennsylvania",False,0.0
72f510bc-ee48-4e9f-90ac-233ac31910b0,"Greenwich, Connecticut",3,1,1,0.0,London,False,0.0
72fa5963-2d62-4a4b-97eb-a6bec3d56ca9,Germany,2,1,1,1.0,Germany,False,1.0
72fcadfa-4b93-451b-be69-d51438681196,Jerusalem,3,1,1,0.0,Muslim,False,1.0
73016721-5139-4b6c-8788-792e21d9d4d3,Danish,0,1,1,0.0,Finnish,False,0.0
7303ce48-ca34-4580-8bf9-3a276f12d211,EMI,2,1,1,0.0,Decca Records,False,0.0
7306e5f2-cefb-414e-9146-ef52425d59fc,bishop,1,1,1,0.0,Archbishop,False,0.0
73123ea7-5e8c-4b1e-b459-57eb468681eb,English,3,1,1,1.0,English,False,0.0
733bf36d-b83c-437d-89f1-62fab322914a,Oldham,0,1,1,0.0,London,False,0.0
734c1dc2-8fd4-46ea-be31-f39376101436,Dodge,3,1,1,1.0,Dodge,False,1.0
7353a019-ad1c-4e54-9309-9d7c0b802e1f,Andes,1,1,1,0.0,Antarctica,False,0.0
73582384-6dd6-492a-a30e-15e49fa1846e,Greek,4,1,1,0.0,English,False,1.0
73615b29-d0a7-4737-8cbf-4a87e16541a4,English,4,1,1,1.0,English,False,0.0
7376e1a3-959a-4173-8fec-dec0e182b527,Bolton,1,1,1,0.0,Italian,False,0.0
7385288f-1131-4f31-896a-135b61eb0876,Milan,0,1,1,0.0,French,False,0.0
7385cfa3-f377-472d-9417-ba379abc1a90,Minnesota,2,1,1,0.0,FIFA,False,0.0
738e520f-fde2-4e66-b95c-3ba50db71248,"Calgary, Alberta",2,1,1,0.0,"London, England",False,0.0
739537ec-e04d-4483-9705-027476a0ea11,Basel,4,1,1,0.0,Paris,False,0.0
73953adb-64c9-4adc-963d-2ca7c373c946,HBO,3,1,1,0.0,NBC,False,0.0
73b0a3dd-55a6-4ede-ae60-015a6a84fc0a,Warwick,1,1,1,0.0,French,False,0.0
73cb0e02-c183-4b27-b18a-ddefce22f760,French,4,1,1,0.0,English,False,0.0
73d70226-1f52-49db-9307-286281216d12,Rome,2,1,1,0.0,Archbishop,False,0.0
73ef7438-c9c5-4201-b833-e67121a48264,Paris,2,1,1,1.0,Paris,False,1.0
73f81e91-2fac-483c-b224-b5d2cc204856,violin,2,1,1,0.0,piano,False,0.0
740ffba0-4121-403c-9b57-e1f12e275dbe,"Midland, Texas",2,1,1,0.0,Paris,False,0.0
74107a30-4ff6-4c5d-adb2-532cd45ecfb6,Babylon,3,1,1,0.0,Jerusalem,False,0.0
74190e8c-95db-4f76-a20e-a3d0b4c77b28,English,3,1,1,1.0,English,False,0.0
741da3e7-c25f-4d26-bd33-c34912442224,Paris,2,1,1,1.0,Paris,False,0.0
7426f736-cf74-4b0d-991b-412c3814f6a3,NBC,3,1,1,1.0,NBC,False,0.0
742c6630-65cc-4ac9-9084-8a540d6d21bc,The History Channel,4,1,1,0.0,NBC,False,0.0
742e869b-ee54-4dad-9e61-baf7da486564,anatomist,3,1,1,0.0,French,False,0.0
7430d80d-3ecb-446c-89cd-ac93d783a62d,Finnish,4,1,1,1.0,Finnish,False,0.0
743cd012-0519-4ad0-b423-68d53f64d650,jazz,4,1,1,1.0,jazz,False,0.0
743fcc72-2bc1-4d28-a9d1-a4c466e4eb82,Pennsylvania,1,1,1,0.0,India,False,0.0
74439305-9bf1-46f4-bebb-19c816da7eec,Finnish,0,1,1,1.0,Finnish,False,0.0
7445ea3b-7da5-4899-8838-4f888e1d30ea,Intel,0,1,1,0.0,Microsoft,False,1.0
7470e0ea-1f51-4f3d-ab0b-5291ecf741da,midfielder,3,1,1,1.0,midfielder,False,0.0
747a34ec-29f2-4bb5-88a9-5cd3241e62ba,Madrid,4,1,1,0.0,Rome,False,0.0
747a4c07-d85c-44a4-9ce9-c275ce91f08e,Porsche,0,1,1,0.0,Renault,False,1.0
748513ce-0294-40c7-89ad-8e6e1c4c7aa7,English,2,1,1,1.0,English,False,0.0
7487c73d-6621-4f8d-a4a3-893a3cbfd54d,Jakarta,3,1,1,0.0,Indonesia,False,0.0
7488d488-d066-46cf-a360-726d46814244,Nissan,0,1,1,1.0,Nissan,False,1.0
748fea44-39b2-494a-acf2-5e762ed3b279,"Boston, Massachusetts",4,1,1,1.0,Boston,False,0.0
749396b1-83a4-46b0-9b7e-66fa0fe83833,"Bree, Belgium",1,1,1,0.0,Strasbourg,False,0.0
7499694d-bc44-46b8-aaf8-c7f1f903370a,"Vancouver, Canada",0,1,1,0.0,Antarctica,False,0.0
749aae17-3e0e-4c41-9a51-657674b5543d,Finnish,4,1,1,1.0,Finnish,False,0.0
74a5b493-fe67-4959-915d-b455bbfc0c7f,Monmouth,2,1,1,0.0,London,False,1.0
74b56885-bfac-449b-b6c3-6b71c674471f,bishop,2,1,1,0.0,French,False,0.0
74b5f3ac-0a5f-487b-ab52-1ae0b64188d9,Andes,0,1,1,0.0,Antarctica,False,0.0
74cefd1f-777e-4264-831e-e7d525f095d0,Antarctic,2,1,1,1.0,Antarctica,False,1.0
74cf025d-d2c4-47ac-978a-4b1c977cd5c4,Honda,3,1,1,1.0,Honda,False,1.0
74d0a826-32c9-4b47-937e-7943da6a6605,London,3,1,1,1.0,London,False,1.0
74d4842c-1763-47ba-96b1-2c80f3514fe7,Birmingham,4,1,1,0.0,London,False,0.0
74e19542-a163-46ca-8b6d-7f7f95fc2242,French,0,1,1,1.0,French,False,1.0
74e7a3d3-4280-4390-a0cd-6efb7d2715e1,Lyon,3,1,1,0.0,bishop,False,0.0
74ea9381-95ce-4d3c-bc31-ce130c8f9f8b,Stockholm,3,1,1,0.0,English,False,0.0
750772d4-8604-42f1-a3d1-dc44d4c1bc44,Antwerp,1,1,1,0.0,Bologna,False,0.0
750a9dde-3550-459c-846a-0e12b58a4996,Vienna,2,1,1,0.0,Berlin,False,1.0
7512a919-3e18-4ae9-8e85-fd2fc9bce0c3,jazz,3,1,1,0.0,English,False,0.0
75178dbb-3719-4997-92d9-666cd5056f82,Archbishop,4,1,1,1.0,Archbishop,False,0.0
75184b70-6137-4857-bc0a-535908d2cbf1,"Square Co., Ltd.",0,1,1,0.0,Microsoft,False,0.0
752117fa-7968-4623-9ee0-8a6abdc9aae4,CBS,4,1,1,1.0,CBS,False,0.0
75231305-0015-40af-8839-14db02fe4d8d,NBC,4,1,1,0.0,CBS,False,0.0
75249968-f3f8-4003-8510-d7bdfc76843d,"Chicago, Illinois",4,1,1,0.0,"Philadelphia, Pennsylvania",False,0.0
752732ce-3cac-4f14-93ef-35af011bc961,Paris,3,1,1,1.0,Paris,False,0.0
75433b30-1ba6-438a-872b-25abf353d888,violin,2,1,1,0.0,Russian,False,0.0
7544eb90-d785-4ae8-be8c-e64dc71ef33d,French,3,1,1,1.0,French,False,1.0
7545d87f-7645-4511-b258-15daecc26bc2,London,1,1,1,1.0,London,False,0.0
754794eb-13e9-4af2-ab1f-7a7cc8a58ddc,NBC,0,1,1,1.0,NBC,False,0.0
754896ff-4f46-4421-999d-3688ce96f38f,Ghent,2,1,1,0.0,Paris,False,0.0
75546066-9c07-40c3-89de-a6b6baba92a4,Sony,0,1,1,0.0,Nintendo,False,0.0
755726f1-567b-4fdf-bcf2-574ccefa6c4a,Triumph,4,1,1,0.0,Apple Inc.,False,0.0
75637278-b9bb-4403-8258-3e6b054df2ad,mercenary,4,1,1,0.0,Italian,False,0.0
7569f3c0-cfb4-4945-af4d-8824e0237527,jazz,2,1,1,0.0,bishop,False,0.0
7582585b-6131-47cc-b538-a2a15067b20b,astronomy,4,1,1,0.0,French,False,0.0
75835f81-8979-4739-bdbd-38d38d0c0677,Namibia,2,1,1,0.0,Nigeria,False,0.0
75897fbf-23af-4ffe-8b90-706bd6303c51,Toyota Auto Store,2,1,1,1.0,Toyota,False,0.0
758a3eed-11d6-4d2d-b32b-0975b5c06ef5,Russian,2,1,1,1.0,Russian,False,1.0
7592f0b2-411f-43e3-a837-182678da376c,"Atari, Inc.",2,1,1,0.0,Microsoft,False,1.0
75997540-dfc8-4892-a97b-9fef49afefa3,English,1,1,1,1.0,English,False,0.0
759ad7bc-1edd-44e3-a0e0-a3d53e622eb9,Berlin,2,1,1,1.0,Berlin,False,0.0
759c6fa9-35e8-4538-8ff0-03ad4c497c9f,Apple,3,1,1,1.0,Apple,False,1.0
759ce942-9e33-4ab4-98fd-221515a48993,salad,4,1,1,0.0,French,False,1.0
75b30796-0b5f-45d0-8993-e6e83c42b981,Illinois,1,1,1,0.0,manga,False,0.0
75b81d93-8786-4c8b-943a-9e088cca172f,"Lancaster, Pennsylvania",3,1,1,0.0,"Edmonton, Alberta",False,0.0
75b821c8-4883-4775-aaa2-b89bd23f33c2,Intel,0,1,1,1.0,Intel,False,1.0
75cb28a8-789d-4d02-ad72-f8f7d4a28d00,reservoir,2,1,1,0.0,village,False,0.0
75cc6827-268a-44be-940a-03a140fc85ba,London,1,1,1,0.0,CBS,False,0.0
75d26901-f0b7-4b0d-a5ad-f60d6b25c641,ESPN,4,1,1,0.0,NBC,False,0.0
75d6d848-a7c3-47fd-8c3c-02a1704ab68c,flour,1,1,1,1.0,flour,False,1.0
75d838b9-d3cd-4270-9476-17b482c11072,Rome,3,1,1,0.0,"Rome, Italy",False,0.0
75e4cd3e-6131-470f-8a87-0f25ea4c3e69,jazz,1,1,1,0.0,English,False,0.0
75e55506-ce6d-4ee9-bcbf-c3ac3a472a08,Apple Computer,1,1,1,0.0,Apple Inc.,False,0.0
75e566eb-903d-46d5-b51d-703fce0f6065,Serbia,2,1,1,0.0,Romania,False,0.0
75e5825d-75bc-4d91-809a-895e0b9a84ad,"Edmonton, Alberta",3,1,1,0.0,carbon,False,0.0
75ee6df5-c0cd-428a-bfba-b2fb759b8608,"Edmonton, Alberta",1,1,1,0.0,London,False,0.0
75f57107-42c1-451c-b4d5-f389e7ae5917,"Everett, Washington",3,1,1,0.0,Albania,False,0.0
75f5d3da-de3d-4526-9e28-8ea9a7dad3b6,Hanover,2,1,1,0.0,Frankfurt,False,0.0
75fb5de0-4279-4ab5-96f7-5467d1c8c215,"Waterloo, Belgium",3,1,1,0.0,Paris,False,1.0
760f1695-445d-48f9-a216-ed02a52544ba,Italian,0,1,1,1.0,Italian,False,1.0
761057c0-556f-4b73-8d40-a0f27ab3b0fb,opera,1,1,1,0.0,midfielder,False,0.0
761821e9-610a-4f4b-8748-c451fe6fe937,English,2,1,1,1.0,English,False,0.0
761ce92c-7203-47b0-a57b-776827f17a1b,Nevada,1,1,1,0.0,Berlin,False,0.0
76248fa1-ac58-43fa-aac7-54837f2eeeed,"Atlanta, Georgia",2,1,1,0.0,Romania,False,0.0
7624f04b-160f-4c7a-9312-6c357c6959bb,Microsoft,2,1,1,1.0,Microsoft,False,1.0
7643ab11-6ceb-438b-a91f-73e3743b55cf,English,1,1,1,1.0,English,False,0.0
765eac1f-798c-4a2d-94f7-480d8baf8eb1,Islam,3,1,1,1.0,Islam,False,1.0
7678beaa-e116-4de0-914b-b8e8f501a0b2,Google,0,1,1,1.0,Google,False,1.0
767cbfe2-81cf-411b-ae47-1a3220669f98,CBS,4,1,1,1.0,CBS,False,0.0
768003dc-d9de-418d-ac83-e80dd5d305d9,NBC,0,1,1,0.0,CBS,False,0.0
7688eae8-fd63-477d-9984-4a368a93eb65,Apple Inc.,0,1,1,1.0,Apple Inc.,False,1.0
768b4cb4-1d9b-471a-92e0-dec4b6716f9d,Berlin,0,1,1,1.0,Berlin,False,1.0
768d037c-087a-404b-ab5b-5e1a4e555faa,"Philadelphia, Pennsylvania",2,1,1,0.0,London,False,0.0
769225c7-d2f0-41a5-8cd8-10ced5cd11d0,"Harrison, New Jersey",4,1,1,0.0,London,False,0.0
76927ff6-34ac-407d-9663-d228a41c6e9e,Colombo,2,1,1,0.0,"Perth, Western Australia",False,0.0
769bc9dc-51f4-4bfe-9a87-b17f118eafa2,Archbishop,4,1,1,0.0,bishop,False,0.0
76a7a37e-73ae-4213-922d-86331ee6507d,"Punjab, India",3,1,1,0.0,Maharashtra,False,0.0
76ab939c-f66a-4bda-bd5d-9392db878c1a,nitrogen,2,1,1,1.0,nitrogen,False,0.0
76ac7b48-13ec-4254-b239-13019e0a1f51,Malayalam,3,1,1,0.0,Indonesian,False,1.0
76b0313d-8589-4f4a-854e-557db3498c7f,French,3,1,1,1.0,French,False,1.0
76b3b3a2-d172-4b0c-b36e-dde371bb8d85,Berlin,0,1,1,1.0,Berlin,False,0.0
76d3ffb8-e245-474b-9739-02190a57f0f7,Russia,3,1,1,1.0,Russia,False,0.0
76e63540-ea46-4c65-b4c2-0dbe996381b9,Denmark,0,1,1,0.0,Berlin,False,0.0
76ea8a52-4349-441b-b55c-87bf015249da,Chicago,0,1,1,0.0,Paris,False,0.0
76ebb326-a88a-4bbe-959a-478e3a73346f,Polish,2,1,1,0.0,English,False,1.0
76f11e56-2414-496d-869e-a74e11e904de,"Southampton, England",3,1,1,0.0,English,False,0.0
76f830a8-0e79-44f2-9173-a2375d6718a3,English,1,1,1,0.0,French,False,1.0
7701253d-b987-4147-b3fd-b9bcce839e04,Antarctica,3,1,1,1.0,Antarctica,False,0.0
7735e769-ffa2-40c9-a7bb-95ca58b8772d,Sky plc,4,1,1,0.0,BBC,False,0.0
773e3a12-8c28-43aa-8cf9-acaaeabb928f,Prague,4,1,1,0.0,Berlin,False,0.0
7751c6c1-362c-4e30-8a3a-a4620505e289,H,2,1,1,0.0,carbon,False,0.0
775ee1e2-a530-401e-be48-e8e995d4b12d,cricket,2,1,1,0.0,English,False,0.0
776d054a-cae9-4913-bfea-b9dcc1d27bd8,Manhattan,4,1,1,0.0,"Boston, Massachusetts",False,0.0
77725e56-3c60-4043-81e1-9ab62a80b321,Florida,0,1,1,0.0,"Miami, Florida",False,0.0
7773e323-aaf5-4d9c-bc76-50119a3d7db6,Rome,0,1,1,0.0,Italian,False,0.0
777d9d9a-1728-4610-a727-fc2e45287971,"Houston, Texas",4,1,1,0.0,London,False,0.0
77829f88-9d18-4380-aff7-0367bb862f40,Nickelodeon,1,1,1,0.0,Apple,False,0.0
77879f0f-a331-4c9b-af65-243090bf1c9f,Americas,0,1,1,0.0,Antarctica,False,0.0
778ebc4d-35a3-45a1-bfe6-80d623e675ee,Antarctica,3,1,1,1.0,Antarctica,False,0.0
779bc61b-1632-4f36-8808-a697f27f7bba,Google,0,1,1,1.0,Google,False,1.0
77a31aca-97a4-4e72-b240-ca38be5da517,jazz,3,1,1,0.0,Spanish,False,1.0
77a6f06a-e53c-4274-937f-55afe9df4b80,Caerdydd,0,1,1,0.0,Leicester,False,1.0
77aa7d6e-1810-459b-be5c-3cccfa7724d8,attacking midfielder,0,1,1,1.0,midfielder,False,0.0
77ac13a7-c0f8-478c-b1ce-a93bcfa486aa,French,1,1,1,1.0,French,False,1.0
77b959f5-ec5f-4334-931a-1f05a1311d4e,Archbishop,4,1,1,1.0,Archbishop,False,1.0
77b9fa09-aa56-44bb-9fd6-e956d1ce6f2d,Denmark,4,1,1,0.0,Finnish,False,0.0
77c2db52-b70a-4893-b4b7-1fc989e0eb3b,Antarctica,1,1,1,1.0,Antarctica,False,0.0
77d7a209-9640-417d-9da1-4756444faf69,"Wilmington, Ohio",0,1,1,0.0,Boston,False,0.0
77d88c50-79f8-489b-ac38-9c6b0e48e4d8,English,1,1,1,1.0,English,False,0.0
77deb735-c6bc-4ed9-b5a3-2377338efbc5,Kazakhstan,1,1,1,0.0,Russia,False,1.0
77e50fb8-a84e-48c9-8334-2bd0c0ca3c75,Derby,2,1,1,0.0,London,False,1.0
77efa515-792b-430c-97ed-45d9d28cea2d,Antarctica,3,1,1,1.0,Antarctica,False,0.0
77efbee6-10ad-4641-a8a5-c571535931c0,banjo,2,1,1,0.0,guitar,False,0.0
77fa4c33-2f6a-44fa-8d23-a776a6a9f6b5,"Knoxville, Tennessee",2,1,1,0.0,Chicago,False,0.0
7803814f-38e4-4c57-86d3-072e07355978,Shanghai,2,1,1,0.0,Chinese,False,1.0
78085854-f0bb-4a67-b546-c01e46ebff8b,Antarctica,1,1,1,1.0,Antarctica,False,0.0
78117ce8-a74d-4e6a-aa52-e3e2219c9875,Stockholm,4,1,1,0.0,Helsinki,False,0.0
781334cc-57d5-4fb1-aaab-cb9ab55890dc,Munich,1,1,1,0.0,Berlin,False,0.0
781b9fad-5d6e-499c-ae1b-ff836740d7d2,Manhattan,2,1,1,1.0,Manhattan,False,0.0
782fece1-233c-41e2-9d68-eae8be42dc25,Norwegian,2,1,1,0.0,Finnish,False,0.0
783c3792-7ce2-4c99-880c-5a58ef78388a,Nintendo,3,1,1,0.0,Honda,False,0.0
783e5407-368a-4ce8-bece-49cc7915cc1e,French,0,1,1,1.0,French,False,0.0
784345de-f16c-495a-8a89-1fac2e545171,Swedish idol series,1,1,1,0.0,English language,False,0.0
784440c9-9856-4da8-9e5d-f4d302a5e716,Toyota,1,1,1,0.0,Honda,False,0.0
78535676-5755-4799-b230-a88ae286bad3,Berlin,0,1,1,1.0,Berlin,False,0.0
78549aad-7ec6-46cb-9693-40aca7e9b797,"Parsons, West Virginia",2,1,1,0.0,"Greenville, Georgia",False,0.0
785b31aa-f3ba-4902-9bda-8ef8bf232fa6,Glasgow,0,1,1,0.0,London,False,0.0
785d643a-54fc-4402-b5ee-6fcb491674f1,jazz,2,1,1,0.0,Swedish,False,0.0
78690ef4-42c6-4545-9c60-9ed7bf4492ab,Internet,2,1,1,0.0,Apple,False,0.0
786b6eff-cc7a-496e-97e8-af387b754868,Austria,4,1,1,0.0,English language,False,1.0
786cf476-c540-470f-82cb-b0912cd11c4b,medicine,0,1,1,0.0,BBC,False,0.0
78764502-ae1b-4ed3-9c25-2394dead174a,Swedish,3,1,1,0.0,French,False,1.0
787d5cfe-369b-476f-aa32-0d1950ad6dc2,Decca Records,4,1,1,1.0,Decca Records,False,0.0
787de6c3-511f-49cc-b816-7410503616f8,Florence,1,1,1,0.0,Italian,False,0.0
7882aa5c-6c43-4e21-9138-13ada05cb29f,BMW,2,1,1,0.0,Honda,False,1.0
788396b7-8961-4f84-b54f-5fc907b25a51,Pope,2,1,1,0.0,bishop,False,0.0
7887aa94-2938-46ed-a095-99edbdc88657,Apple,2,1,1,0.0,Apple Inc.,False,0.0
788b0987-c022-4edb-9816-817e007bbbd6,Toyota Motor Corporation,0,1,1,0.0,Tokyo,False,0.0
788fc9e5-c874-47c7-8773-e44cb79eb229,Turin,4,1,1,0.0,Fiat,False,0.0
788fe066-b1ed-491c-afc0-abf68e997934,Palermo,4,1,1,0.0,Italian,False,0.0
789ad820-ceec-4fb4-b9c1-93422542e680,Nickelodeon,0,1,1,0.0,CBS,False,0.0
789c1ce7-a63f-4c9d-9b3c-e2f438eea691,Maharashtra,4,1,1,0.0,India,False,1.0
78a8a7e4-4da1-4f7b-b560-2413f8ab41de,"Waterloo, Ontario",0,1,1,0.0,Microsoft,False,0.0
78c4894d-621f-4450-b626-ffcebd4604c8,"Naples, Italy",4,1,1,0.0,"Milan, Italy",False,0.0
78c67dc6-6a70-4583-902f-5374b09e49e7,French,3,1,1,1.0,French,False,1.0
78ccdae0-1342-486b-83a0-615a39a46d32,"Brooklyn, New York",4,1,1,0.0,Toronto,False,0.0
78db0e91-6700-41fb-a8b7-7076eba3ec9b,Salzburg,2,1,1,0.0,Rome,False,0.0
78deeb14-1a77-42b7-967f-53eed88bb162,Sega,0,1,1,0.0,Microsoft,False,1.0
78e42d75-a3bc-4e33-8b5f-d24950607dcd,French,3,1,1,1.0,French,False,0.0
78f4d5ba-0d03-46f3-9af4-31a71b36ee02,Munich,1,1,1,0.0,London,False,0.0
78fa59fb-a2c9-4202-920a-64ec2ed8f463,"Seattle, Washington",3,1,1,0.0,London,False,0.0
78faf217-39eb-4a48-b180-d328e068c1eb,French,3,1,1,1.0,French,False,1.0
7913efb8-bbfb-4464-b3e3-cdbcc54ccb32,Florence,3,1,1,0.0,Rome,False,0.0
79151242-5ca0-4581-b5e6-cc59233c6867,Kabul Valley,3,1,1,0.0,Hinduism,False,0.0
7925ca58-4820-49e3-ba7d-7664c449c4a1,HBO,0,1,1,0.0,NBC,False,0.0
7925ea91-c4e5-45a5-b135-04d4bc3e6e2a,Dutch,3,1,1,1.0,Dutch,False,0.0
7936f11e-e68f-4f78-9072-5c7d44d23ef8,Polish,2,1,1,0.0,French language,False,0.0
793eea37-72ea-4c83-86ab-4d7f0db7a4b8,Antarctica,0,1,1,1.0,Antarctica,False,1.0
7941a850-957d-4a55-a328-765a0fb77079,Oslo,4,1,1,0.0,"London, England",False,0.0
79464f08-1886-49ca-bb23-384fbc39b203,Italian,3,1,1,0.0,French,False,0.0
794df886-7c69-469a-8003-fad566c66666,Sega,4,1,1,1.0,Sega,False,0.0
7952d9a0-d4a4-423d-bd3a-3240dac62e3a,Sydney,2,1,1,0.0,London,False,0.0
795bd2e3-5bdd-452b-8247-f42b7c7ef934,Norman dialect,4,1,1,0.0,French,False,0.0
795d4d24-5186-4c9f-9b82-f78d42ef6252,Serbia,2,1,1,0.0,Russia,False,0.0
795d4f36-286a-478c-bf78-0b3a7bad7866,Palermo,3,1,1,0.0,pope,False,0.0
796cded0-e90c-40ec-9d0c-14db75a99d2b,"Atlanta, Georgia",3,1,1,0.0,Microsoft,False,0.0
796d600a-73f7-4f5c-b667-855b371134bb,Constantinople,4,1,1,0.0,Rome,False,0.0
79714cf3-c8a1-4126-a37f-79ad8aeda3b4,archbishop,3,1,1,1.0,Archbishop,False,0.0
79744f28-3995-40ae-80ce-a8bbd5b2919c,French,0,1,1,1.0,French,False,1.0
79942166-349e-4062-b98c-4979c260ca83,poet,4,1,1,0.0,Dutch,False,0.0
799fe22c-55f1-4b06-b739-67c04b70b34d,Sega,4,1,1,1.0,Sega,False,0.0
79b6ec5f-66c7-47ec-b6a4-cbb1fb84bdc3,CBS,1,1,1,0.0,NBC,False,0.0
79b8a6ee-447e-47f4-947c-b5f336a86cad,Sony,2,1,1,0.0,Microsoft Corporation,False,1.0
79bc3b47-0b0a-4693-b406-5944696bbdcc,Scottish,0,1,1,0.0,English,False,0.0
79cfe139-f37c-4fe3-a184-f5fbfeae7fbb,Rome,4,1,1,0.0,"Rome, Italy",False,0.0
79d43ed2-a85f-43b7-9371-f0a2734495c4,Germany,2,1,1,1.0,Germany,False,1.0
79d6e16d-6ba1-4dda-9654-ea0dce247dd1,Canadian,2,1,1,1.0,Canada,False,0.0
79e8f215-e080-48c5-9d13-2207982f0843,Gothenburg,0,1,1,0.0,Antarctica,False,0.0
79f73848-1d5f-4b7c-9561-297c1abce35d,English,1,1,1,0.0,French,False,0.0
7a0911b9-a45e-4c29-a780-da39b55f7f2f,Chevrolet,1,1,1,0.0,Toyota,False,0.0
7a107a90-c1d9-429e-b2c1-568acce22d9b,CBS,2,1,1,0.0,NBC,False,0.0
7a19edd0-eb75-453e-81d8-75bb8ae470ea,Finnish,3,1,1,1.0,Finnish,False,1.0
7a35d3e8-6a72-455a-b712-6f2ab196f731,Brussels,4,1,1,0.0,Paris,False,0.0
7a439e75-b031-41e4-9414-45f96f1afef4,jazz,4,1,1,0.0,Finnish,False,0.0
7a47518c-60f6-46f4-97ba-66cade846a97,Massachusetts,4,1,1,0.0,California,False,1.0
7a49501f-7a8b-4934-ba3b-f21e16c80207,Paris,0,1,1,1.0,Paris,False,1.0
7a4db5cd-f6bc-4ea7-9db3-b49bc2e86f22,Queensland,2,1,1,1.0,Queensland,False,0.0
7a4fdfda-1234-4a76-84df-362f4b137f1c,CBS,3,1,1,0.0,NBC,False,0.0
7a589864-aacc-4fc6-a858-937df634fe9e,Russian,1,1,1,1.0,Russian,False,0.0
7a6189a5-0cfc-4510-b028-83743e6613ee,Aberdeen,4,1,1,0.0,Antarctica,False,1.0
7a857415-a903-426c-bf33-ecdb82c3f782,Malawi,4,1,1,0.0,"Brisbane, Australia",False,0.0
7a8c60e1-d6b4-4880-afc1-b15ebb2b653f,Google,1,1,1,1.0,Google,False,1.0
7a97bbe5-eb4b-4a6b-8a7b-8078a1864d1d,Renault,1,1,1,1.0,Renault,False,1.0
7a9b9dbb-86fc-410c-89b3-dbcaa40fbd2e,Vienna,3,1,1,0.0,Italian,False,1.0
7a9bf8aa-c083-42bf-8cbe-dc1d8a8bda91,Hungary,1,1,1,1.0,Hungary,False,0.0
7aa410cc-2f21-4a57-b39a-329968d07a82,Istanbul,0,1,1,0.0,Tanzania,False,1.0
7aaf9890-5e78-4811-bb58-87dcb240ff54,Showtime cable network,1,1,1,0.0,NBC,False,0.0
7ab38fc5-49e9-458f-a18c-a55e4c54b222,Dutch,2,1,1,1.0,Dutch,False,0.0
7ab4008b-f6f8-41ea-939a-f4fad33508eb,Yokohama,2,1,1,0.0,Tokyo,False,0.0
7ab46958-a353-47b2-978e-585433a5b351,"Belmont, Massachusetts",4,1,1,0.0,Berlin,False,0.0
7ac1be81-7136-4fe3-9272-4f23776f45ea,French,0,1,1,1.0,French,False,1.0
7ac1f69b-ec6d-430e-bb43-8cabcca1ddbc,Chevrolet,0,1,1,1.0,Chevrolet,False,1.0
7ac870ec-517a-43e8-a5ac-9ebb28685457,Antarctica,4,1,1,1.0,Antarctica,False,1.0
7ad06ae6-fc70-44f4-9d76-e24bcf7cdfd5,Mozambique,1,1,1,0.0,India,False,0.0
7ae89a3f-2314-4215-86bb-73657f21cc08,Malta,4,1,1,0.0,Romania,False,1.0
7af504d2-bc77-4c21-9357-f88f2b1eef62,Blackburn,3,1,1,0.0,village,False,1.0
7b07f496-af4d-4ed4-9659-7b5afeee8d6a,Antarctica,3,1,1,1.0,Antarctica,False,0.0
7b0b96dc-5ea6-4199-bee9-6833a909fed9,Christchurch,2,1,1,0.0,Apple Inc.,False,0.0
7b1008cd-f67d-493e-ad22-b9f306a99192,Boeing,2,1,1,0.0,Apple Inc.,False,0.0
7b1c35f2-4bf2-40d3-a04e-3c33bdad047a,Damascus,3,1,1,0.0,Geneva,False,1.0
7b270a03-6515-436e-b50c-3b25ac55a5ae,Canada,3,1,1,0.0,Japan,False,0.0
7b30558c-e1b0-4764-aaa8-322d9e6b8ac6,Cornwall,2,1,1,0.0,London,False,1.0
7b3d0e46-2f1d-4c84-9b44-ef818edb8c78,France,0,1,1,0.0,French,False,0.0
7b4d80ab-6e0b-4c25-a5b0-d25ed04f5e60,Christianity,1,1,1,0.0,Antarctica,False,0.0
7b59e6d2-82c6-4233-bd33-587f73628c4d,French,1,1,1,0.0,French language,False,1.0
7b5c05ba-cc85-44cb-bb06-588740beea28,French,4,1,1,1.0,French,False,0.0
7b6b8cd2-b50a-4581-adc9-99d0cbbf7dfb,Cu,0,1,1,0.0,Ni,False,1.0
7b6d097b-4012-4c9e-a355-290cef367f67,Finnish,3,1,1,0.0,Italian,False,0.0
7b6ef166-35d1-41ec-bb52-af71a0f33090,Israel,3,1,1,0.0,Jerusalem,False,0.0
7b765916-cb21-4ba7-9406-5a761c6088fa,Antarctica,1,1,1,1.0,Antarctica,False,0.0
7b7c77f8-d636-43bb-b6da-df5bba6151b2,Lisbon,2,1,1,0.0,Berlin,False,1.0
7b891725-4d51-4fa1-98d8-bbbe9e6ae456,Paris,2,1,1,1.0,Paris,False,0.0
7b96b5fb-35a2-4f1b-bf1f-96650a1d20e1,English,2,1,1,0.0,Microsoft,False,0.0
7baddd2e-f967-403a-ab4f-c06b146c3a65,Apple,1,1,1,0.0,Apple Inc.,False,0.0
7bb24c6f-f246-4d15-90ec-4fd99f66b3c8,Adobe Systems,0,1,1,0.0,Microsoft,False,1.0
7bc28cf1-35a9-43a7-9a74-c70698634698,Antarctica,1,1,1,1.0,Antarctica,False,0.0
7bc9245a-dfd6-4a64-bc23-0123ce453236,NBC,4,1,1,0.0,CBS,False,0.0
7bd39a0a-b27c-48a2-893f-7135196a2406,Bangladesh,0,1,1,0.0,Nokia,False,0.0
7bd955c6-be0c-40e8-bc5a-f3b9d4fc9d47,hotel,0,1,1,1.0,hotel,False,1.0
7bde44fa-c582-4d0c-8fd9-30d24e0349bd,Oslo,2,1,1,0.0,Stockholm,False,0.0
7bea1c56-8568-4f04-b1c8-1b5512e947a3,"Shreveport, Louisiana",1,1,1,0.0,Paris,False,0.0
7beb9115-810c-4db2-9efa-cbb84edbbddf,Pontiac,3,1,1,0.0,Chevrolet,False,1.0
7bf9f32b-c62c-4299-bd90-1b785990656f,Oslo,1,1,1,0.0,Stockholm,False,1.0
7c06e9b5-0f4e-4d91-8349-e216fa27e2af,"Cambridge, Ohio",0,1,1,0.0,"Boston, Massachusetts",False,1.0
7c072b56-cd94-4355-9e0d-fce4c7cc2bbd,Lausanne,3,1,1,0.0,Paris,False,0.0
7c0890d6-c937-4fbb-8944-da7f3b95224c,Moscow,0,1,1,0.0,English,False,0.0
7c095909-6caf-4c27-8398-de13382f45c5,Renault,0,1,1,1.0,Renault,False,1.0
7c0c5bdf-5b03-4d12-9525-c6f63db95a12,French,3,1,1,0.0,English,False,1.0
7c0d344b-9a60-4139-86c3-f0f2c55c82a0,French,0,1,1,1.0,French,False,1.0
7c2927f2-77e3-4d40-a9fd-21eddc217a8a,Microsoft,4,1,1,1.0,Microsoft,False,1.0
7c2ca9df-b115-4024-8a5b-c6789955b44a,Copenhagen,0,1,1,0.0,Singapore,False,0.0
7c2d7ea8-cfc7-4a02-99b6-6b22c4931173,IBM,3,1,1,1.0,IBM,False,0.0
7c36e486-1074-42dd-8795-de6e6573c509,Maltese,4,1,1,0.0,Italian,False,1.0
7c370752-5126-4b21-b4c5-b684c6a3c5bb,Moscow,0,1,1,0.0,Russia,False,0.0
7c46d3fc-ec78-45da-a87f-4400d8254ab2,"Boston, Massachusetts",4,1,1,0.0,London,False,0.0
7c476fc2-3b67-41a9-b4ac-045b2bf2edcd,"Pittsburgh, Pennsylvania",4,1,1,0.0,London,False,0.0
7c499c51-fc8e-4fdd-bb58-84d3df91431f,Google,0,1,1,1.0,Google,False,1.0
7c4cdccf-a803-4e22-bae5-b07bbff5f11b,"Philadelphia, Pennsylvania",1,1,1,1.0,"Philadelphia, Pennsylvania",False,1.0
7c512f25-1ad4-4a3e-97cc-d1385ff900e0,Tunisia,4,1,1,0.0,Antarctica,False,0.0
7c58cfc4-fe6b-49ec-9ea4-2e84b95e5ef7,psychology,3,1,1,1.0,psychology,False,1.0
7c645361-3872-47ec-a539-a148a64d1990,West London,0,1,1,1.0,London,False,0.0
7c6950b7-0d3b-4c10-b86c-2827f2995b46,Boston,3,1,1,1.0,Boston,False,0.0
7c701e43-30ff-4840-bde0-93ef30ea29ef,Helsinki,2,1,1,0.0,"Seattle, Washington",False,0.0
7c73a750-aec9-4d13-b0b5-3005ba5253b1,dessert,0,1,1,0.0,French,False,0.0
7c7983d8-99d4-4784-ab4e-1f4903a6cc45,vegetable,1,1,1,0.0,rice,False,1.0
7c8209a0-cb05-49e3-aff6-d0626add3a89,Antarctica,3,1,1,1.0,Antarctica,False,1.0
7c843439-423b-4488-9bef-5161ced98061,Jordan,3,1,1,0.0,Iran,False,0.0
7c89d446-45d7-4e7d-80f3-2671d239ece5,Paris,1,1,1,1.0,Paris,False,1.0
7c8dba19-b108-4af5-9f54-7568a74abc07,harmonica,1,1,1,0.0,jazz,False,0.0
7c9589d6-7af5-4034-a520-be39603530f7,NBC,3,1,1,0.0,CBS,False,0.0
7c981efd-4b67-42d4-93cf-0d82e947e708,Germany,2,1,1,1.0,Germany,False,1.0
7c9d55e4-6e10-4486-bd87-08d2b0ebbb34,English,1,1,1,1.0,English,False,0.0
7c9fb402-1532-4317-94cb-1cd8f31d8399,French,4,1,1,1.0,French,False,0.0
7ca9031b-f8d7-4f24-902e-23fdc68eaa57,Dutch,0,1,1,0.0,French,False,0.0
7cc82ec4-0ed0-4609-a60d-70d7b9740509,Denmark,4,1,1,0.0,Berlin,False,0.0
7ccf1002-0972-48c2-8e58-471958c47d4c,Amazon,0,1,1,0.0,Google,False,0.0
7ccffda9-c105-488a-8f1d-ce1e6c13c9fe,Kiev,3,1,1,0.0,Berlin,False,0.0
7cd6ea22-3b79-4692-bf17-66814490c835,French,0,1,1,1.0,French,False,0.0
7cdb7b94-01f0-4b1f-9054-9adcb4aac485,Portuguese,0,1,1,0.0,English,False,0.0
7cdda54e-051b-492b-aa23-aab450d65141,"Dallas, Texas",3,1,1,0.0,Italian,False,1.0
7ce13f02-2a85-4c81-bb10-13338d5504fc,Hawaiʻi island,1,1,1,0.0,Antarctica,False,1.0
7ce58e66-5ccb-49ad-ae51-7d6a4abc1985,Italian,4,1,1,1.0,Italian,False,0.0
7cf17357-5d29-4c02-bd30-19ad4d94d885,Singapore,1,1,1,0.0,Apple Inc.,False,0.0
7cff08e7-179b-4abe-b33b-739dbab802cb,Oslo,4,1,1,1.0,Oslo,False,1.0
7d027509-e00a-42fe-bd05-abbc8601982f,French,4,1,1,1.0,French,False,0.0
7d0f27c2-6eff-4d71-96da-54f98ad73ba1,CBS,4,1,1,0.0,NBC,False,0.0
7d1c0ddf-daf5-44f5-9963-17f8f7287da0,Sofia,2,1,1,0.0,Moscow,False,0.0
7d229eaf-035f-4548-99cb-cb341e8ad55c,ESPN,2,1,1,0.0,NBC,False,0.0
7d2376c5-98c6-4cf7-a560-abb86f1d5376,Surrey,2,1,1,0.0,Lancashire,False,0.0
7d2674b6-4767-400f-8b0b-0e13e1394140,jazz,1,1,1,1.0,jazz,False,0.0
7d281542-2739-44e8-a583-787370774c6f,Antarctica,0,1,1,1.0,Antarctica,False,0.0
7d2b17f3-eacb-4caa-9e0b-d88684943473,Christian,1,1,1,0.0,English,False,0.0
7d2d9e75-b7c0-4bee-81cc-89bb578ddea1,Microsoft,4,1,1,1.0,Microsoft,False,1.0
7d3a9433-4864-4d66-80a1-b1690492e6e0,Archbishop,4,1,1,0.0,French,False,0.0
7d45d2b2-f5fc-4d36-9662-233e8af2b997,Chevrolet,2,1,1,1.0,Chevrolet,False,1.0
7d49e22d-b586-42f6-b268-e78a69ce0ec7,Jeep,1,1,1,0.0,Chevrolet,False,1.0
7d5c6071-3afd-4f70-9c93-33381adb1cc5,French,3,1,1,1.0,French,False,0.0
7d603718-81ce-433c-907f-5861da9b98cb,Tehran,3,1,1,0.0,Berlin,False,0.0
7d688ec7-05f0-4906-9187-37150ce03ca7,"Melbourne, Australia",4,1,1,0.0,London,False,0.0
7d6cb3be-18c8-45fa-9006-8ef4aa55f896,Russia,1,1,1,1.0,Russia,False,1.0
7d6ce707-1de8-4a9a-ad70-827644ccb605,Madrid,4,1,1,0.0,Paris,False,0.0
7d75674d-1bd4-4200-b876-e2bb57a8e19b,"Baltimore, Maryland",0,1,1,0.0,"Denton, Texas",False,0.0
7d915715-bed2-4f16-8ad3-bd750ea90a0b,"Austin, TX",4,1,1,0.0,London,False,0.0
7d931703-e839-410b-8476-901bd2b42df5,Bangkok,2,1,1,0.0,Jakarta,False,0.0
7d9785e2-bcc9-4a73-86ca-5331ded52ebb,Beijing,3,1,1,0.0,Rome,False,0.0
7d98ab22-08c2-489a-ba2c-dfd6cb878bc8,Netflix,2,1,1,0.0,NBC,False,0.0
7d9a64a4-265f-4dd7-ab7d-1cdbb60c2d68,Danish,3,1,1,0.0,Finnish,False,0.0
7d9d183a-48fe-46c6-afe2-69c1b675cd46,Archbishop,1,1,1,0.0,French,False,0.0
7da08246-02f0-4da5-8ae0-7e2fc5f28206,Portuguese,2,1,1,0.0,French,False,0.0
7da45068-7f91-4a99-a278-c18c9d4ad57f,Geneva,0,1,1,0.0,Paris,False,0.0
7db09461-86db-4294-a421-46ac72c99b63,submarine,3,1,1,0.0,Russian,False,0.0
7db3c134-89df-45f1-a26e-0be5605b63a1,Venezia,4,1,1,0.0,"Rome, Italy",False,0.0
7db4c690-2921-4912-9b98-d3bbd2038150,"Detroit, Michigan",4,1,1,0.0,Philadelphia,False,0.0
7dc716ba-78f8-4aa7-9443-4c0b9129093d,PBS,1,1,1,0.0,NBC,False,0.0
7dce0988-77cf-4920-92c8-50c2301b4be1,"Naples, Italy",3,1,1,0.0,Italian,False,0.0
7dd068b3-612c-43dc-840e-054fd92a1453,Tiflis,3,1,1,0.0,Russian,False,0.0
7de15624-0daa-47af-bd33-02fea4fd6685,Dresden,2,1,1,0.0,Strasbourg,False,0.0
7de4160b-ad4f-4109-872c-9e02111358e5,CBS,4,1,1,0.0,NBC,False,1.0
7df262bb-62af-44f5-b922-0b53a5519da6,French,0,1,1,1.0,French,False,1.0
7df5e44c-0ea2-42df-beac-e98a55ca0f55,actor,2,1,1,0.0,Finnish,False,0.0
7dfd6ac3-b1df-47d6-8b7e-ca163dd62b0b,Cincinnati,4,1,1,0.0,Berlin,False,0.0
7e03840f-5054-4d4b-b00d-976f6dddbf9f,Portuguese,3,1,1,0.0,English,False,0.0
7e06a0f5-0731-4af1-97b7-c658a526a729,Stockholm,4,1,1,0.0,Microsoft,False,0.0
7e07165d-64c3-40d9-be2e-e5d7346f1f82,bishop,4,1,1,0.0,Archbishop,False,0.0
7e080ac8-34c3-4677-9dd5-9ab4450aa1be,Northumberland,0,1,1,0.0,Staffordshire,False,0.0
7e10282f-929d-4d18-a45a-73159d43016f,Antarctica,3,1,1,1.0,Antarctica,False,0.0
7e1ea021-81c8-47e4-b853-1081858806a2,Metz,1,1,1,0.0,Berlin,False,0.0
7e240151-b7b5-4020-bfd3-3bacab5d1296,ESPN,2,1,1,0.0,NBC,False,0.0
7e2a9b9d-61a8-4783-9eb3-2605bae8d4b5,CBS,3,1,1,0.0,NBC,False,0.0
7e38cc87-5bb6-4228-a1c2-aaace221a479,Brisbane,0,1,1,0.0,English,False,0.0
7e3b9f38-2f74-4db6-a477-c42a35f1d776,Jakarta,0,1,1,0.0,Singapore,False,0.0
7e3f8c66-43d2-47de-a96a-5f899dfd5077,Madrid,1,1,1,0.0,Italian,False,0.0
7e4a5fe7-db57-499a-a1c3-6c56ef08b4fb,CBS,1,1,1,0.0,NBC,False,0.0
7e4ae814-4ae3-405e-a9ad-3dddd0fc3b87,BMW,3,1,1,0.0,Microsoft,False,1.0
7e5bdb09-4d8a-4f96-8936-7f05be0d276c,Chevrolet,2,1,1,1.0,Chevrolet,False,1.0
7e696bb0-7a8c-479b-8306-cb8bbdf74554,goaltender,4,1,1,0.0,midfielder,False,0.0
7e6f2e08-3a5f-4d7d-bd37-65084089beab,French,4,1,1,1.0,French,False,1.0
7e930e6e-2db1-44d7-8ef4-46ec5956ff2d,Italian,4,1,1,1.0,Italian,False,0.0
7e9547d7-44f3-466b-9dc4-57c1deec2c6f,Calcutta,3,1,1,1.0,Calcutta,False,0.0
7e9cf4c3-345a-414e-9131-5bc170960085,Moscow,1,1,1,0.0,Russian,False,1.0
7ea23418-0c38-4430-b096-164e4445fa02,Essex,1,1,1,0.0,"London, England",False,0.0
7ea52328-548c-470b-bfac-f90f0a5e451d,"Lancaster, Lancashire",2,1,1,0.0,London,False,0.0
7ec68e07-a0ea-4a57-9871-39104803afe8,Berlin,4,1,1,1.0,Berlin,False,0.0
7ecca885-41dd-4559-a8cc-55600f7a1c9e,Birmingham,3,1,1,0.0,London,False,0.0
7ed81e38-5204-4035-8db7-c3162371857a,French,0,1,1,1.0,French,False,0.0
7ed9f3dd-efdd-4069-a3ca-f597f51b1b44,Frankfurt,0,1,1,0.0,Berlin,False,0.0
7efebaf2-ed4c-480c-8637-cf7259965a63,Zagreb,0,1,1,0.0,"Seattle, Washington",False,0.0
7efef704-485e-44b9-b5ae-fd97aae98c5a,poet,0,1,1,0.0,Italian,False,0.0
7f078b16-a2a9-469c-b74b-f6032527e2a3,Antarctica,0,1,1,1.0,Antarctica,False,0.0
7f1760fa-23c9-4845-aca2-cd1939fdb599,Moscow,1,1,1,0.0,Russia,False,0.0
7f3c9382-0b9e-47f5-a4b9-ff63a7b22910,Manitoba,4,1,1,0.0,Antarctica,False,0.0
7f4e5075-0da3-4c93-8019-c4d08381a38f,protein,1,1,1,0.0,Apple Inc.,False,0.0
7f593d35-de32-4c23-b657-0dd03ce0d1ea,guitar,3,1,1,0.0,piano,False,0.0
7f5d9eb9-762e-4fb4-bb3a-a5e554fba9a1,French,1,1,1,1.0,French,False,1.0
7f6c83a9-6bbd-46ae-bb3e-97411689da3b,Cadillac,2,1,1,0.0,Chevrolet,False,1.0
7f73cc23-7ba0-40ba-a9f1-1ba19cc36bcd,French,0,1,1,1.0,French,False,0.0
7f7789da-0a74-44c3-9b65-b73258f52015,BBC,0,1,1,1.0,BBC,False,1.0
7f7916b4-40df-44dd-a722-c190b436db0a,Leipzig,3,1,1,0.0,Berlin,False,1.0
7f802dba-f140-4c28-87bc-7c5437458339,English,4,1,1,1.0,English,False,0.0
7f81d4d8-0f51-404b-98f5-4cce7433eb1f,geologic formation,0,1,1,0.0,Antarctica,False,1.0
7f8dbb48-9d1c-4e29-aa19-354574803124,Doncaster,3,1,1,0.0,London,False,0.0
7f99a25c-99f3-4001-bcbe-73e46c51563a,Edinburgh,3,1,1,0.0,London,False,0.0
7f9b3f33-2d92-4ef1-b60e-1d9e403bf68a,"Vancouver, British Columbia, Canada",3,1,1,0.0,Berlin,False,0.0
7f9bdf4f-ae52-44a2-94bb-556b8d960ed2,Archbishop,1,1,1,1.0,Archbishop,False,0.0
7fa0de09-77a3-4b5b-9f61-5c5f7a609e51,Rome,1,1,1,0.0,Italian,False,0.0
7fa7e89c-0389-47a8-8233-84c967e27ba7,Coventry,4,1,1,0.0,London,False,0.0
7fac6c6a-3ad7-4313-a583-8c52d9d802c6,actor,1,1,1,0.0,Russian,False,0.0
7faf9037-3a60-41e0-ae2f-b8a41c681f02,saxophonist,1,1,1,0.0,English,False,0.0
7fb24d7b-4545-4dae-83df-0b7831d35e0b,Ontario,2,1,1,0.0,Canada,False,1.0
7fc3d9ea-de04-4faa-881f-c7e55f9f35a9,"Victoria, Australia",1,1,1,1.0,"Victoria, Australia",False,1.0
7fcaef9a-27b9-4bdc-b843-7f4d4308f71f,Hinduism,2,1,1,0.0,Islam,False,1.0
7fe084e4-e088-4fc2-81d3-69dedad0d561,London,0,1,1,1.0,London,False,0.0
7fe3408d-db4f-4102-910f-bdfa8b463384,French,3,1,1,1.0,French,False,1.0
7feb7cd2-8c44-4a06-8acd-e57c6feb6ddd,Italian-language,4,1,1,1.0,Italian-language,False,0.0
7ff40c6e-5d38-482f-9a00-1dbb486bf4e7,village,3,1,1,1.0,village,False,1.0
7ff42127-7b0b-4332-9725-1e83dc200d24,Poland,4,1,1,0.0,Russia,False,0.0
7ff95bee-f860-4d88-af5a-2f3e472f04d2,Porto,2,1,1,0.0,Milan,False,1.0
7ffb22ad-6643-416b-8579-1b30cba8231f,rice,1,1,1,1.0,rice,False,1.0
8001ae6a-e566-4286-8481-b5313b95cc76,NBC,1,1,1,0.0,CBS,False,0.0
8003683c-95bf-49c5-8429-f074a477b791,English,1,1,1,1.0,English,False,0.0
8003d588-6d0e-4b5b-9aea-7774d5f10da4,midfielder,3,1,1,1.0,midfielder,False,0.0
80042d67-08ac-4c1a-91d4-38bac54c3af4,Antarctica,4,1,1,1.0,Antarctica,False,0.0
800caad1-66ec-46a1-8285-a71d3cbab0a6,Geneva,0,1,1,0.0,Berlin,False,0.0
80115624-bc6b-475f-aef8-0be9cde7f8f9,Madrid,0,1,1,0.0,Spain,False,1.0
80121a31-59fa-4f0a-a096-18f99b219018,Danish,2,1,1,0.0,English,False,0.0
80562b2f-82fe-496f-ab13-f31cab870e9f,jazz,2,1,1,0.0,English,False,0.0
80736dcb-ed73-430c-be70-1b0f6a1e76bd,actress,3,1,1,0.0,French,False,0.0
8075d91d-03c2-4e71-a114-39383d6a2df6,Antarctica,4,1,1,1.0,Antarctica,False,1.0
8094957f-f03b-40af-a70c-d7915de4d931,Detroit,1,1,1,0.0,Paris,False,0.0
80b649bb-41d3-43c2-8b97-375cc4ccf9e0,Honda,4,1,1,1.0,Honda,False,1.0
80bc677a-3f8e-4bac-b959-62e0bbff90a1,Alberta,4,1,1,0.0,Antarctica,False,1.0
80c3843b-c2ab-4ec5-a9b6-bd90c5b1c1a2,Slovak,1,1,1,0.0,Italian,False,0.0
80d09693-a4ad-4d7f-bffe-0453808a7a8e,Berlin,0,1,1,1.0,Berlin,False,1.0
80d81554-a15d-4d28-ae07-23d5b00cc88f,English,4,1,1,1.0,English,False,0.0
80e8c4b1-0984-491e-8001-e48b524b503e,London,3,1,1,1.0,London,False,0.0
80eb3183-6215-48c5-9e82-1902f15bddff,Decca Records,2,1,1,0.0,Motown Records,False,0.0
80f06510-4c74-4be2-b3d3-8f6d4facda05,Verona,1,1,1,0.0,Berlin,False,0.0
80ff9561-b0d2-4b5a-9091-100c96032137,abbot,4,1,1,0.0,Archbishop,False,0.0
8100ff4f-1a18-46aa-8327-3aec67d2eb4a,Strasbourg,0,1,1,0.0,Paris,False,0.0
81104ca7-c745-4d8a-b156-76b08799722d,Antarctica,2,1,1,1.0,Antarctica,False,1.0
8119fa1c-d08a-4746-9182-8b87f9d8ac4f,Archbishop,0,1,1,1.0,Archbishop,False,0.0
811a6608-1245-4026-8e4b-d12daa881fc8,Finnish,2,1,1,1.0,Finnish,False,0.0
811be83f-83a1-43f6-95e7-0d844dc9c0e0,Seine,3,1,1,0.0,river,False,0.0
812a03b0-eee3-43ce-87e4-c5f16cfbd07c,CBS,4,1,1,0.0,NBC,False,0.0
813856e0-ba94-424e-8a69-de6f2aeaa6ee,Nevada,3,1,1,0.0,Antarctica,False,0.0
81494c6d-a6c0-4bef-ba1f-3d2aff490b88,Dutch,2,1,1,1.0,Dutch,False,0.0
814b6052-9e5f-4921-b190-4d4832323e68,Italian,0,1,1,1.0,Italian,False,0.0
8153f378-d35d-4194-a538-4780428a00aa,Palermo,1,1,1,0.0,Milan,False,0.0
815cd3ac-0000-4167-a4c9-97efc2cae9a3,linguist,4,1,1,0.0,Russian,False,0.0
815e34ce-473f-4916-9af9-edc3c5f88b3d,London,4,1,1,1.0,London,False,0.0
816415fc-f737-441f-a484-57ee1847c8b7,Vienna,0,1,1,0.0,Munich,False,0.0
816c1272-653a-4702-8134-e2930f8eb4a3,BMW,2,1,1,0.0,Honda,False,1.0
8170a21e-2553-41cd-875a-161dc7b048ef,Russian,4,1,1,1.0,Russian,False,0.0
81829c42-e34c-4f5f-a50e-bf13490f69f9,Tbilisi,4,1,1,0.0,Moscow,False,0.0
81960cd9-9a4d-4bdc-971c-fb82c2f84d90,magnetic pickups,2,1,1,0.0,Suzuki,False,1.0
81bc4597-4342-44f8-b16e-c00a0ec41387,Dresden,4,1,1,0.0,Oslo,False,1.0
81bdd111-2174-49b1-ae5b-f19aefc5b5f4,French-language,3,1,1,1.0,French,False,1.0
81c17752-2ab0-4744-bc25-726d41cfe03b,Manchester,3,1,1,0.0,English language,False,0.0
81c3be83-a65d-414b-ac9e-13918dd44eb9,Chevrolet,0,1,1,1.0,Chevrolet,False,1.0
81c7b9f0-085b-4034-ad14-e550c0837dc0,Italian,2,1,1,1.0,Italian,False,1.0
81cb28d4-af32-45b8-92c8-cae3543ee833,Worcester,3,1,1,0.0,English,False,0.0
81d980c5-ae3c-4bb4-b11f-7c3c0419f6ef,"Seattle, Washington",1,1,1,0.0,Paris,False,0.0
81da95e0-80c5-4aaa-8e29-c7e869955e90,"Seattle, Washington",0,1,1,0.0,Google,False,0.0
81e514f9-45da-4fc2-8ad6-42c0c0fb824e,Russian,4,1,1,1.0,Russian,False,1.0
81e5b21c-1d48-4a15-9f6b-1e8bbb5cbcaa,catcher,3,1,1,0.0,French,False,0.0
81e86935-9ca4-4296-9dce-518da6c5fa3a,Microsoft,3,1,1,1.0,Microsoft,False,0.0
81e8de81-09fd-49da-9b58-5b8a794e20a5,Tbilisi,1,1,1,0.0,London,False,1.0
81f2b79d-808d-44df-ab81-aefece410928,Vienna,0,1,1,0.0,Hamburg,False,0.0
81f749f3-86f6-462f-855a-f769b8db2316,"Vancouver, British Columbia, Canada",3,1,1,1.0,"Vancouver, British Columbia, Canada",False,1.0
82133c5b-a211-491d-b3e6-6e43f2ea3ca8,French,3,1,1,1.0,French,False,0.0
8234fbb8-5140-4ad2-962e-1bf161d109c4,Siemens AG,4,1,1,0.0,Google Inc.,False,0.0
82353102-f410-4703-aef7-0b665827fcca,Catalan language,3,1,1,0.0,English,False,0.0
823aeb20-51ef-41d0-9b70-cc96b46d0ba2,Apple Inc.,3,1,1,1.0,Apple Inc.,False,1.0
823c6ad8-496f-4b92-871b-be594fa73722,Antarctica,1,1,1,1.0,Antarctica,False,0.0
823e815b-8b06-4dce-bc1d-3d62c35d4581,Antarctica,4,1,1,1.0,Antarctica,False,0.0
82486f63-d2b8-4eeb-9f72-b24c8419068e,Queensland,1,1,1,1.0,Queensland,False,0.0
8249e98e-bc64-4638-98f5-616edc88dbcd,English,2,1,1,1.0,English,False,0.0
824e4ab0-9384-438d-b0e7-fbd19818d3ae,Hamburg,1,1,1,0.0,"Berlin, Germany",False,0.0
824fca30-2ff0-41fe-9bd1-f42c21f9b7af,Barcelona,1,1,1,0.0,English,False,0.0
8252207d-cfc5-412e-8b22-b1fe511f5bdb,jazz,3,1,1,0.0,French,False,0.0
825b7679-018b-421c-ae60-ae44e7f6559f,Canadian,0,1,1,0.0,French,False,0.0
825cb204-1acc-4c37-9157-4ea25cfd1a3e,actor,1,1,1,0.0,French,False,0.0
825d4bd2-c440-4ad6-9aee-892d2c6e3bf4,Google,1,1,1,1.0,Google,False,1.0
825e68a1-3cfb-4401-b697-44ab7cc2189f,French,4,1,1,1.0,French,False,0.0
82690288-3f06-46ed-998b-f4726a351404,Norway,1,1,1,0.0,Antarctica,False,0.0
826a56c5-df12-4d83-b93f-4f6dea79f32f,French,1,1,1,1.0,French,False,1.0
827443c9-b50a-42af-b6dd-ad1a998bfee7,Hamburg,2,1,1,0.0,"Berlin, Germany",False,1.0
827631f5-0bb7-4ba8-99f8-c7efa1f75a02,Warsaw,1,1,1,0.0,Berlin,False,0.0
827803b5-4b0f-4643-bb9e-36d64761c4bc,"Kent, Ohio",1,1,1,0.0,CBS,False,0.0
8283cb8f-2278-4bff-abba-1048fbd11226,"Ponce, Puerto Rico",1,1,1,0.0,Madrid,False,0.0
828e32f7-3832-421d-8ccf-dc79120ab04a,supermarket,3,1,1,0.0,English,False,0.0
8295f6e5-fbd1-40e7-8d9c-021dee637027,"Melbourne, Australia",0,1,1,0.0,Shropshire,False,0.0
829d2ba5-ded7-4ae9-8179-cf0e514786c2,Cologne,2,1,1,0.0,Germany,False,1.0
829d58cd-0c47-4b08-8de7-8f32439e5977,Manila,4,1,1,0.0,Jakarta,False,0.0
82a01972-0340-417b-a001-bb0d6557c004,English,2,1,1,1.0,English,False,0.0
82a050bb-2d68-4828-8d03-bfa353921cae,Dutch,4,1,1,0.0,French,False,0.0
82a06336-ddf8-4a45-a30d-45e2201e84b7,Caracas,3,1,1,0.0,Madrid,False,0.0
82ae855f-c32f-429d-80fe-a6f32060a3a2,Bologna,0,1,1,0.0,Rome,False,0.0
82b3673d-c2ca-436e-ba33-b89a8ce072f2,NBC,1,1,1,1.0,NBC,False,0.0
82b65975-bedf-4496-96f5-8531b239b6a1,French,4,1,1,1.0,French,False,1.0
82be711f-bfd1-4635-bfdd-75854605bc47,fiddle,1,1,1,0.0,NBC,False,0.0
82c4dfce-634a-4a1b-a143-ce6cdcdc413c,Dutch,3,1,1,1.0,Dutch,False,0.0
82cc145b-5d47-499b-9a71-79588bce234e,The History Channel,1,1,1,0.0,NBC,False,0.0
82ce8ca6-ae97-46c9-9b90-00f0ef4acb3d,IBM,1,1,1,0.0,Intel,False,1.0
82d39589-8e4f-44f8-ab66-e0558e70269c,Helsinki,0,1,1,0.0,Berlin,False,0.0
82d43ab4-7a49-4ee5-b802-ba343d3f893a,French,0,1,1,1.0,French,False,1.0
82df8f2a-a45a-4e08-8b44-b964346d0b72,Salzburg,3,1,1,0.0,Vienna,False,1.0
82e61b53-9e9f-4e4c-9854-bb4dfa318e89,submarine,0,1,1,0.0,helicopter,False,0.0
82eee400-9189-4ba6-912e-0ad3d30e5890,Poland,3,1,1,0.0,English,False,1.0
82fc47dc-2ff2-4bba-885c-5b89c6737085,CBS,1,1,1,0.0,NBC,False,0.0
8301f0c7-2bec-4ea7-8334-2f905b057552,Airbus,4,1,1,1.0,Airbus,False,1.0
8302f4b4-0dc0-45db-a124-7ca00d2c4c42,Serbia,1,1,1,0.0,Russia,False,0.0
8304a826-648a-4abf-a594-a2fc3de9d5e7,Belarus,2,1,1,0.0,Berlin,False,0.0
83077c49-31ab-4020-932d-4f6e60ee8a47,IBM,1,1,1,0.0,French,False,0.0
830ab27a-6510-4e2d-bb92-5742126483f5,Berlin,3,1,1,0.0,Hamburg,False,0.0
830db00c-c03d-4c58-b741-232aab91db6e,Belgian,0,1,1,0.0,French,False,0.0
83181266-d31d-4ff7-acbd-4d05be51eb64,Astronomy,4,1,1,0.0,IBM,False,0.0
8319a1e1-6546-418d-b63b-890ffa4650e8,Apple Inc.,0,1,1,1.0,Apple,False,0.0
831dac41-098c-426a-a0f4-6f33f2844ee3,Mainz,1,1,1,0.0,Germany,False,1.0
831eeeca-c790-4c3f-a729-41f9ecbcc56d,Mongolia,1,1,1,0.0,Istanbul,False,0.0
83238870-092d-4c0f-844a-c32cd08f647d,London,0,1,1,1.0,London,False,0.0
8328681e-e53e-4665-9a13-8b8d4113f967,award,3,1,1,0.0,French,False,0.0
8329fd86-226e-414d-901a-b317be71c0e8,golf,1,1,1,0.0,Poole,False,1.0
832b42d5-0ea3-4932-9509-be3dcd9d0ec9,"Compton, California",3,1,1,0.0,Cambodia,False,0.0
83333645-52a8-4d24-82ac-9a337ef389d7,Tamil,1,1,1,0.0,Bengali,False,0.0
83383059-6d9a-4e49-9444-5c9c41708ee4,Stockholm,4,1,1,0.0,Toronto,False,0.0
833844e4-cb52-49db-a7f4-62f53a22a1c0,French,2,1,1,1.0,French,False,1.0
83461e1e-07e4-49b8-83b1-8f93356282a8,Nigerian,0,1,1,0.0,English,False,0.0
834679d3-e381-467b-b2ac-91922ba56cf1,Jerusalem,4,1,1,0.0,Russia,False,0.0
8346beac-84ee-4f22-a3c1-7af59effb301,Dutch,0,1,1,1.0,Dutch,False,1.0
834df1b7-09db-49fe-9b9f-b6c3921d278b,Archbishop,0,1,1,1.0,Archbishop,False,0.0
8354a636-1ed6-4897-a218-b09739c02a5d,French,4,1,1,1.0,French,False,0.0
83576811-a7aa-4a48-a749-24ecced52412,Antarctica,2,1,1,1.0,Antarctica,False,0.0
835772ac-2089-4c8d-96ba-b0e25f5c7f8f,Australia,0,1,1,0.0,Antarctica,False,0.0
835bb164-19fa-438e-8a48-2a1264bb4ad1,Intel,4,1,1,0.0,Microsoft,False,0.0
8378f2c8-51f1-4d2f-a25c-2c68733b7ae9,janet.,0,1,1,0.0,Motown,False,0.0
837d5576-f7fc-4b69-9bed-1092bba19ae6,Bentley,4,1,1,0.0,Toyota,False,0.0
83814d20-2452-4836-921d-09963806223f,Italian,0,1,1,0.0,English,False,0.0
838dd085-c21c-435b-be7a-5c9b4a5a1b75,"Adelaide, Australia",0,1,1,0.0,Australia,False,1.0
83933139-07cc-4acf-a41c-dd5f61e33f31,EMI,0,1,1,1.0,EMI,False,0.0
83954b37-3248-421d-9957-19d6e1dbf239,"Boston, Massachusetts",0,1,1,0.0,"Seattle, Washington",False,0.0
83990f9b-d15e-4335-a24b-95717d891418,Lagos,1,1,1,0.0,London,False,0.0
8399b78d-4ac8-451a-97f7-370e4b69dee4,BBC,3,1,1,1.0,BBC,False,1.0
839f4b79-0239-4dcd-b4fc-bd7b1a9c2cfe,Berlin,1,1,1,1.0,Berlin,False,1.0
83a570f3-0d2f-4b79-a8e1-c38d702df368,Hesse,4,1,1,0.0,Hagen,False,0.0
83ae1a5b-4803-4f51-8f3e-61cd634d9f6e,Rome,0,1,1,0.0,Paris,False,0.0
83b3c4c3-f305-4860-9a2a-2a1180e2d888,Milan,0,1,1,0.0,Italian,False,0.0
83b4701a-0028-4fa6-91b5-a924d40d883c,BBC,3,1,1,0.0,Archbishop,False,0.0
83ba899b-aa95-4ef4-b0d5-d56b7765e940,Wellington,2,1,1,0.0,London,False,0.0
83be951d-30be-4043-95c5-7016823d709f,Anthropology,1,1,1,0.0,Honda,False,0.0
83e2d27f-b055-4f65-8baa-8301f3ca91d9,English,3,1,1,1.0,English,False,0.0
83ebfec3-ff03-4640-ad34-5d909de9647a,Estonian,0,1,1,0.0,FIFA,False,0.0
83ec4dd1-7813-43bb-bf94-5d6957717b7c,MTV,0,1,1,0.0,NBC,False,0.0
83ef119d-41e8-4bd8-b9d5-2a3f7bfb2534,Archbishop,4,1,1,1.0,Archbishop,False,0.0
83ef5772-cec5-402b-b6c1-efe2f30816f4,Tanzania,2,1,1,0.0,Asia,False,0.0
83efcc5f-5a69-406b-85a6-0eec4159ac20,NBC,1,1,1,0.0,CBS,False,0.0
83f3ffc3-9064-4560-9851-10cf95e5fca1,Apple Inc.,2,1,1,1.0,Apple Inc.,False,1.0
83f43a30-2daa-4753-bb90-944987c39bde,Roman Catholic cardinal,2,1,1,0.0,French,False,0.0
83f9e453-715a-4851-bfdd-fd89baf12b68,Jerusalem,2,1,1,0.0,Archbishop,False,0.0
83fb0811-6df7-4350-a65e-9a5f98a56279,Tamla,4,1,1,0.0,Decca Records,False,0.0
840e2184-bb03-4f6c-b1fb-2d2f396232c4,English,3,1,1,1.0,English,False,1.0
841532a1-8a48-41e0-b627-c71aaa5e64fd,Archbishop,3,1,1,1.0,Archbishop,False,0.0
8421efb0-7cf4-49b5-80bd-7e5df0facae2,Hungary,4,1,1,0.0,Bulgaria,False,0.0
84221979-ff2a-48e5-a8f5-f9e144c9116a,Köln,3,1,1,0.0,Berlin,False,1.0
84249dc0-59b2-4eaa-8440-c369d97da5bf,Paris,3,1,1,0.0,French,False,0.0
8428cdea-3602-4b72-8120-63ff749f7b9c,Stockholm,3,1,1,0.0,Italian,False,0.0
8435baf0-6827-49c2-a499-781a31c5bba5,Renault,2,1,1,1.0,Renault,False,1.0
843e3243-0eda-43f1-a8b3-b03fac90a05f,English,4,1,1,1.0,English,False,0.0
8465a2bb-aa4f-41dd-b673-9dfd02b426c3,Decca Records,3,1,1,1.0,Decca Records,False,0.0
846dadeb-472b-4298-8fb6-991b4c3b8dab,Wellington,2,1,1,0.0,Antarctica,False,0.0
846e4052-62c0-4eaf-b07f-ac4b59d0a7aa,Lyon,2,1,1,0.0,French,False,0.0
846e9ae3-5cd3-4b3c-8f72-3123ff409862,Michigan,3,1,1,0.0,Antarctica,False,1.0
84709fa9-9a0d-4416-a03d-4868c590197e,Sweden,0,1,1,0.0,CBS,False,0.0
847ac2fe-a9c6-41cf-bbd2-ce360f511e65,Azerbaijan,4,1,1,1.0,Azerbaijan,False,0.0
84928d60-d380-4ba1-9699-3f194c6c0d41,jazz,2,1,1,0.0,topology,False,0.0
849c93e7-7762-4de3-9313-c2311ef150fb,"Tyler, Texas",1,1,1,0.0,"Seattle, Washington",False,0.0
84b1b0b0-b862-4a0e-ba93-fee64dcbdbf4,English,2,1,1,1.0,English,False,0.0
84b8ecb0-6314-4952-aaa7-58aef9e85ff8,fiddle,2,1,1,0.0,Archbishop,False,0.0
84c36473-8a2b-4d71-a1e3-9095aae1075b,Pennsylvania,3,1,1,0.0,Berlin,False,0.0
84c47fa7-6c28-480e-91db-4c345ceea7b7,PBS,4,1,1,0.0,CBS,False,0.0
84c936e1-cb4c-45f3-9b80-c761b4bdbb6f,Texas,3,1,1,0.0,Antarctica,False,0.0
84c94507-6586-4a85-baf5-d7b992708896,bishop,4,1,1,1.0,bishop,False,0.0
84cfc4d3-1868-4c5c-acf3-b53c5f9c50d5,English,1,1,1,1.0,English,False,0.0
84d89e98-732a-48c5-9c26-ae1dfa5d3383,English,3,1,1,1.0,English,False,0.0
84e68dc2-3e39-44c1-b914-5c4b909933a2,poet,2,1,1,0.0,French,False,0.0
85065302-9332-4776-984f-6a04c481d409,Prague,3,1,1,0.0,Vienna,False,0.0
850857b9-f8fe-4ab4-851c-26842ce69421,English,4,1,1,1.0,English,False,0.0
8509a350-02b2-454d-bea4-c021403bd9e6,linguistics,1,1,1,0.0,Polish,False,0.0
850d071d-a7ef-45db-b724-7c2cb1f58fcb,Prague,0,1,1,0.0,Rome,False,0.0
850f8452-5b19-4d58-aed1-da031b072848,French,4,1,1,1.0,French,False,1.0
8516b777-1bbb-42f5-9655-ad50f1a71c4c,Dhaka,4,1,1,0.0,Bangkok,False,1.0
852a762e-0181-4398-8b13-e07e7ec89f59,Vienna,2,1,1,0.0,Berlin,False,0.0
852b96e9-5f1c-40c9-b837-fd07836d37c2,Saint Peter,3,1,1,0.0,midfielder,False,0.0
85315d82-6724-49da-95a9-43490e46e621,Mexico,1,1,1,0.0,Andes,False,0.0
853b7a0b-5fdd-431c-b632-1126b2aaac54,novelist,1,1,1,0.0,English,False,0.0
85419c95-cf82-4517-8e7d-11251e3e6f7e,Delhi,3,1,1,0.0,Islam,False,0.0
854427ec-b01f-45d6-b16a-bd031a9ff7d1,Audi,0,1,1,0.0,Fiat,False,0.0
854e0b90-810c-4125-b69c-0d4e56916083,CBS,4,1,1,0.0,NBC,False,0.0
85599695-b2cd-4b0c-9e4c-16a78f2cce15,Chester,0,1,1,0.0,London,False,0.0
855d269b-af4f-400f-a80c-4f00ac7590e4,English,2,1,1,1.0,English,False,0.0
8560fa58-e10f-4edd-81f5-b670c0d9af3c,"Philadelphia, Pennsylvania",3,1,1,0.0,"Boston, Massachusetts",False,0.0
8567cf21-9899-49f6-a5ca-abbf4e54438c,Archbishop Emeritus,4,1,1,1.0,Archbishop,False,0.0
85715325-7e47-435a-9886-0d1e6a461735,French,0,1,1,1.0,French,False,1.0
8571560c-ac9a-44e5-be28-9a6d607ea827,Sheffield,4,1,1,0.0,London,False,0.0
858072dd-a2bd-4988-a381-32ec298e1b06,jazz,4,1,1,0.0,English,False,0.0
8586861c-a2aa-47a0-b013-cfa34d34034f,"Venice, Italy",2,1,1,0.0,Italian,False,1.0
858fcd1c-5ed9-4e39-b58e-7b96f1618775,Stockholm,2,1,1,0.0,Sweden,False,0.0
858ff582-8956-4cf8-bc02-d4735d32bb87,NBC,4,1,1,1.0,NBC,False,0.0
85987e62-2641-4ed6-bc7b-0c4ff421e001,"Florence, South Carolina",2,1,1,0.0,"Indianapolis, Indiana",False,1.0
85a038ac-1e9e-4c36-b21f-6a7ec5483128,Antarctica,2,1,1,1.0,Antarctica,False,0.0
85aeb4c2-cc83-4de3-8563-fb9870eb8a70,trombonist,0,1,1,0.0,Finnish,False,0.0
85b0a4f7-e6dc-4abc-b440-91dafaf021c9,India,4,1,1,1.0,India,False,1.0
85b50a0f-1791-45f7-9468-337fc6a541ff,Bengali,4,1,1,0.0,Hindu,False,1.0
85bc2bfd-1b03-4e7f-953a-9cf082b69ca2,Edmonton,1,1,1,0.0,Antarctica,False,0.0
85d211a6-c53c-4197-a367-4106ad9c81ad,Microsoft,3,1,1,1.0,Microsoft,False,0.0
85d9ae40-ca2e-4203-822b-779284106810,Dodge,1,1,1,1.0,Dodge,False,1.0
85de1852-ac0e-4619-8bd9-fd34e08f2641,Belgian,4,1,1,0.0,French,False,0.0
85eb1494-a282-4f7d-84e7-a2a6c14a61b2,Oman,1,1,1,0.0,Italian,False,0.0
86017112-3d9c-4283-9ed2-681d2b87a2f8,Brooklyn,1,1,1,0.0,Manchester,False,0.0
860bbd26-9d04-4ec0-9c96-20db72fe6d0a,Leipzig,0,1,1,0.0,Berlin,False,0.0
861ae493-a05c-4ffa-8d0e-6a9051622b3b,Romanian,1,1,1,0.0,Italian,False,1.0
861d0c34-67d4-4ab2-a57e-755438146ad8,Copenhagen,0,1,1,0.0,Oslo,False,0.0
86328032-288f-45e2-8acf-1f6a777c21d7,defensive midfielder,0,1,1,1.0,midfielder,False,0.0
86345aee-0977-429b-9781-30336eef4cea,C programming language,3,1,1,0.0,IBM,False,1.0
86378404-4128-4bc8-8749-202c2b3f2786,Sega,0,1,1,1.0,Sega,False,0.0
863d2233-8396-48a7-8046-5e6af04de200,Federal Records,0,1,1,0.0,Decca Records,False,0.0
863e0a77-c308-4d37-bf24-00401202712b,abbot,2,1,1,0.0,bishop,False,0.0
8648a67f-480a-4b43-b7c3-4860345fd14d,Lisbon,2,1,1,0.0,London,False,1.0
8649c413-eb23-478a-94e5-6189dde48921,Rotterdam,4,1,1,0.0,London,False,0.0
865c2133-9df7-4967-9a20-584003a94857,Tokyo,4,1,1,1.0,Tokyo,False,1.0
8660b65c-20c5-44da-b8ae-00ab18af064b,English,3,1,1,1.0,English,False,0.0
8666459d-0999-402a-859b-855d301faa9c,Swedish,3,1,1,0.0,French,False,0.0
8672668f-1c1e-42e9-9e23-13ac064cfe92,Microsoft,1,1,1,1.0,Microsoft,False,0.0
8676c6dd-0783-40ac-a34e-03a03b3af409,Antarctica,1,1,1,1.0,Antarctica,False,0.0
868c73b7-afd7-470c-8c25-e5a89de9e319,glacier,0,1,1,0.0,Antarctica,False,1.0
868dc0ff-587b-4a63-a857-b598c800ea0a,Google,1,1,1,1.0,Google,False,1.0
868f4666-4d6d-4342-9adc-3fcf5a2a821c,Ferrari,0,1,1,0.0,Fiat,False,1.0
8692fa29-fb4b-4343-8ae3-dc5fb5e6b33a,Volvo,2,1,1,0.0,Chevrolet,False,1.0
8696234f-e32b-4e74-a061-1bfdbc0db305,oxygen,2,1,1,0.0,nitrogen,False,0.0
8698592e-24a4-412b-afdf-e98b20daf0c3,mathematician,0,1,1,0.0,English,False,0.0
8699df43-1d04-4e44-bf22-50b08c1c8141,"Perth, Western Australia",2,1,1,0.0,CBS,False,0.0
869d033d-065b-47cf-8ca3-588fe35e9c66,Spanish,1,1,1,1.0,Spanish,False,0.0
86b68e2a-37bc-4e01-a15b-68cd4f60611b,London,1,1,1,0.0,English,False,1.0
86b8e654-8e56-4e0e-a2a2-2d5ae40f4280,Archbishop,3,1,1,1.0,Archbishop,False,1.0
86b95e75-60d3-4598-bbb3-d5c20defdac5,topologist,1,1,1,0.0,English,False,0.0
86c2344a-a6c6-4203-8dc7-cf10aa61397f,"Seattle, Washington",1,1,1,0.0,London,False,0.0
86c3c02d-eb46-4163-9588-f60abfc4f7f1,Warsaw,1,1,1,0.0,Berlin,False,0.0
86d48aed-aa7d-4a76-9cfb-083ff42b8645,defensive midfielder,2,1,1,1.0,midfielder,False,1.0
86e580e8-2bc0-4477-a883-a6a6f2009c87,Argentine,4,1,1,0.0,French,False,0.0
86ea1a56-7d13-4fa5-a301-0cb816c64ec5,"Miami, Florida",2,1,1,0.0,"Philadelphia, Pennsylvania",False,1.0
86f900b6-3b15-4a78-8b85-80ea17734640,MTV,1,1,1,0.0,NBC,False,0.0
86f95556-01e4-4c4f-8596-320ed29bd31c,French,0,1,1,1.0,French,False,1.0
8706b972-cc33-485d-bb54-3a531b5d7f0e,Microsoft,1,1,1,1.0,Microsoft,False,0.0
870a3205-c9e1-4fe6-8884-3990b71f95c6,village,1,1,1,0.0,Malayalam–language,False,0.0
87161f29-243c-4a8b-8f96-317c00eac793,Polish,1,1,1,0.0,Pascal programming language,False,0.0
871d445f-b7da-4e3f-a631-3f6199464007,Sarawak,0,1,1,0.0,English,False,0.0
871e131c-f61e-4dce-a062-9823ab0c8dbf,Microsoft,2,1,1,1.0,Microsoft,False,0.0
871e17ea-5308-4306-af43-88a307c8a056,Canadian,0,1,1,1.0,Canada,False,1.0
872add46-0edd-420a-ac56-f5835ad15f6c,Antarctica,2,1,1,1.0,Antarctica,False,0.0
8732f4b7-8457-46ac-899a-7375a32129c8,"Oxford, Ohio",4,1,1,0.0,London,False,0.0
873419a9-d9f6-48b1-b1c6-fb6722cdd054,"Montreal, Quebec",3,1,1,0.0,Antarctica,False,0.0
8750ee92-3ffe-4e22-b660-445ed2b895ff,General Surgery,1,1,1,0.0,"Berlin, Germany",False,0.0
8755c1eb-f6d7-4515-a926-a24efd718a89,Italian,3,1,1,1.0,Italian,False,0.0
8759f92a-c1aa-48c9-8364-a66797fff967,"Edmonton, Kentucky",4,1,1,0.0,Michigan,False,0.0
876523b9-2906-4019-8d1a-821c70329d39,"Halifax, Nova Scotia, Canada",3,1,1,0.0,"London, England",False,1.0
877d0919-4954-4cb6-a686-0d6f729355a0,Strasbourg,3,1,1,0.0,Paris,False,0.0
87887a2f-801f-492b-8752-041e6cac0085,Iran,4,1,1,1.0,Iran,False,0.0
878bdcdc-83c9-49cd-a6b3-ceeafe2dc5cf,abbot,0,1,1,0.0,Archbishop,False,0.0
878c490f-a546-40fa-a3b3-a0b64c025123,English,2,1,1,1.0,English,False,0.0
87a53d11-6af4-44ea-8b43-946544eca9c7,Earth,2,1,1,0.0,Antarctica,False,0.0
87a63cf7-5dda-497a-8054-4ed98593e070,Google,0,1,1,0.0,Apple Inc.,False,0.0
87adde27-5da2-461f-9406-29dd866de739,Ghent,3,1,1,0.0,Paris,False,0.0
87b090dc-5b84-48cf-951f-58550e1c9fee,NBC,0,1,1,0.0,CBS,False,0.0
87b1ebd9-fd92-4baa-bc15-0438a3ef9f30,Wilmington,3,1,1,0.0,"Philadelphia, Pennsylvania",False,0.0
87bb618f-7182-44c8-bb51-88a7b5896326,"Hyde, Greater Manchester",2,1,1,0.0,"Stone, Staffordshire",False,1.0
87c3eab6-cf74-40dc-80dc-903d34cfb7ea,saxophonist,0,1,1,0.0,English,False,0.0
87ce00f1-64ff-40f9-b466-41b56f61d3e3,Vienna,2,1,1,0.0,Berlin,False,0.0
87cff7b1-9c6b-4a49-a217-593c0502c7a9,Iran,3,1,1,0.0,Austria,False,0.0
87d4920a-491b-451d-85f0-0b04005f417c,Bristol,4,1,1,0.0,London,False,0.0
87dc5c4c-cb65-4c62-add7-edb002f03eb8,Spread Beaver,4,1,1,0.0,Honda,False,0.0
87f7bf30-613a-4263-9650-98b0640dfd18,Milwaukee,3,1,1,0.0,Milan,False,0.0
8803b64f-b14d-490b-b82a-99c45650ca63,Finland,0,1,1,0.0,Switzerland,False,0.0
880c8789-ca2f-4c6e-b053-38d217497027,"Perth, Western Australia",4,1,1,0.0,Sweden,False,0.0
88236516-4138-4481-a720-192cced3d5f8,Edinburgh,3,1,1,0.0,London,False,1.0
88279dc9-04f7-48e1-8128-ac672d115cec,actor,2,1,1,0.0,French,False,0.0
88284beb-32ac-4e7f-913c-bced50615167,Stockholm,0,1,1,0.0,English,False,0.0
88294eaa-80d4-4d43-8990-c8cecc659c7f,Aden,4,1,1,0.0,Damascus,False,0.0
8835a1ff-d19f-4a1f-b25a-7933a3cbce2c,Canadian,3,1,1,0.0,English,False,0.0
8840e91d-f929-47b1-853d-512b7e258a69,midfielder,0,1,1,1.0,midfielder,False,0.0
8855e4b7-97b1-47e1-aa1f-3da8c056317b,bishop,1,1,1,1.0,bishop,False,0.0
8856c752-c7af-4315-bc6d-326bbd713175,Intel,1,1,1,1.0,Intel,False,1.0
88583ebf-dd20-4187-8a15-7647f9b19d9a,"Waterloo, Ontario",4,1,1,0.0,"Montreal, Canada",False,1.0
888d4df5-40d9-445c-a0f5-45c31416d387,Danish,4,1,1,0.0,English,False,0.0
888dc850-b962-4ef1-bbcc-ae3a0dbdf407,Buddhist,4,1,1,0.0,rice,False,0.0
88959ed2-8d3d-4df8-8150-c1930ca69b3d,bishop,4,1,1,0.0,Archbishop,False,0.0
889c5c30-3930-439a-bdce-eab8d29d24bd,Porsche,1,1,1,0.0,Nissan,False,0.0
889d1f2e-0819-4eb2-bf34-63cba3ec4982,NATO,0,1,1,0.0,FIFA,False,0.0
889e010c-b088-471f-89ab-0fed4a2b12e0,Munich,4,1,1,0.0,Canadian,False,0.0
889f071d-7afb-4a0f-b18e-7a2710c2899a,Europe,0,1,1,0.0,Paris,False,0.0
88a75d73-6ae9-445c-816a-bc71cc671804,Salzburg,3,1,1,0.0,Berlin,False,0.0
88bc1512-f23f-41e9-9955-53ff146964cb,Berlin,3,1,1,1.0,Berlin,False,0.0
88c33eab-fe82-4f18-9683-52feef92a1d1,"Pittsburgh, Pennsylvania",4,1,1,0.0,Chicago,False,0.0
88c8aecb-9250-402c-b39d-d575452a3b86,Finnish,1,1,1,1.0,Finnish,False,0.0
88cb7951-a602-4add-89ad-55ea4d0ed62e,"Camden, Arkansas",4,1,1,0.0,"Greenville, Georgia",False,0.0
88dc6cf4-3c31-4d7b-831c-edec556bb60d,"Chicago, Illinois",3,1,1,0.0,English,False,0.0
88dff8bf-4cf6-4a4f-95ad-61f7ea4f1529,YouTube,3,1,1,0.0,NBC,False,0.0
88e13c21-7eb8-4673-ab1d-f0181963704b,nitrogen,0,1,1,1.0,nitrogen,False,0.0
88e5653d-68f4-4eca-bf3c-1e668b494073,French,4,1,1,1.0,French,False,1.0
88e89d48-ad40-46ac-a417-8c1e137c5eff,Australia,3,1,1,0.0,Archbishop,False,0.0
88f6d0c7-9ffa-4215-9a2d-276d2c11f835,Chicago,3,1,1,1.0,Chicago,False,0.0
89025f3e-33fe-4abc-8764-3b5aa73e4c5b,Dresden,3,1,1,0.0,Berlin,False,0.0
89071a96-a47c-4f4c-ad1b-1e27b6a11bd5,slide guitar,4,1,1,0.0,English,False,0.0
8910ed94-1c04-443b-b21f-dac4cc453e98,Finnish,4,1,1,1.0,Finnish,False,0.0
8913510a-baf2-4b07-bde4-deb8beed9ad3,Chicago,4,1,1,1.0,Chicago,False,0.0
89149c7c-2336-4b8f-b22d-609ca2a1b10b,CBS Television,4,1,1,1.0,CBS,False,0.0
89179719-1148-430a-a3e4-cc4afcad3601,Barcelona,2,1,1,0.0,French,False,0.0
8917e1a2-ad42-4e9c-8108-ed685274c589,"Sheffield, England",4,1,1,0.0,London,False,0.0
8917f52a-a3d1-44b4-9bb3-5dbbfe638a5f,BBC,0,1,1,0.0,CBS,False,0.0
891854b2-c3e1-4165-9d7a-f4bc7ddc2ef7,HBO,0,1,1,0.0,NBC,False,0.0
8919032d-be82-417e-a8e6-dda030d717b7,Germany,0,1,1,0.0,Google,False,0.0
891d80ae-9cba-43ce-a63b-2b74af593812,French,2,1,1,1.0,French,False,1.0
891da6b5-4c37-49ac-8c80-f5c62efca47d,linebacker,4,1,1,0.0,midfielder,False,0.0
8920072b-fe9a-4c2f-b6bf-472ab292cf42,Antarctica,0,1,1,1.0,Antarctica,False,0.0
8931384c-c9f5-4ca1-b0c9-c224e9a5cd8d,MTV,3,1,1,0.0,NBC,False,0.0
89393470-0214-4be2-a418-5105871433b5,journalist,3,1,1,0.0,Archbishop,False,0.0
893d0448-73f4-46bf-afb7-e4bc58946e2a,bishop,2,1,1,0.0,Archbishop,False,0.0
89431918-7e17-47b9-9086-c2842fac161c,Douglas Aircraft Company,2,1,1,0.0,Dodge,False,1.0
8943340c-4406-4360-b701-2835c7b5c588,Warsaw,2,1,1,1.0,Warsaw,False,0.0
89450aa9-a46b-4db8-895c-b2f75ee9c3e1,Thessaloniki,4,1,1,0.0,Moscow,False,0.0
894a5bdd-3322-4dca-a768-775ccba4fc20,Amsterdam,2,1,1,0.0,Romanian,False,0.0
8950af53-ca70-4ebd-9d90-7baa189c9189,"Riverside, California",3,1,1,0.0,"Brisbane, Australia",False,0.0
8950de68-9e64-4b2a-a4f8-8682d2a68056,Thessaloniki,0,1,1,0.0,"Rome, Italy",False,0.0
8953e4c3-1860-4129-9c29-1e5f1746e202,Decca Records,1,1,1,1.0,Decca Records,False,0.0
895ba147-6ff0-4f3e-83c4-83ac70121396,Chicago,2,1,1,0.0,London,False,0.0
896298e0-d140-4306-8199-c3230e030721,Nissan Motors,2,1,1,0.0,Chevrolet,False,0.0
896f8f94-f853-4e75-877a-9abc01d75e45,French,2,1,1,1.0,French,False,1.0
897103b3-4a21-41cf-81dd-5f98ce721661,Delhi,3,1,1,0.0,Hindi,False,1.0
8971f7c2-3bfe-4cda-88e6-98e21dad7fc7,Finnish,0,1,1,1.0,Finnish,False,1.0
897492ab-d30b-400c-bd5c-13c3aedb8448,Belgian,2,1,1,0.0,French,False,0.0
898542ae-7f16-4830-b93c-47faf11b27c2,"Seattle, Washington",4,1,1,0.0,Toronto,False,0.0
8985c1ed-3fb3-4374-b255-a863833653d1,"Florence, South Carolina",4,1,1,0.0,London,False,0.0
898e5efd-237d-449e-81a2-af25fe841e12,Roman Catholic Cardinal,4,1,1,0.0,Italian,False,0.0
89924b0b-df8e-4557-a37e-7b62dc49edfa,Antarctica,1,1,1,1.0,Antarctica,False,0.0
89bc2550-a7bf-4973-b21e-25f8aa1e8139,Chester,0,1,1,0.0,London,False,0.0
89c0226e-2279-42e9-86b7-6ce6afb7980e,linebacker,0,1,1,0.0,midfielder,False,0.0
89d303a1-9ede-4ab4-b843-aa029e9581c6,French,2,1,1,1.0,French,False,1.0
89d7b5a4-f2d1-45fc-bcbe-c08c7cc6afc8,Illinois,0,1,1,0.0,Antarctica,False,0.0
89dafed5-8827-47d1-844f-0f701311bc8b,Athens,2,1,1,0.0,"Berlin, Germany",False,1.0
89df5d2b-4c0e-4ac5-95bc-5771e6267165,Warsaw,0,1,1,0.0,Berlin,False,0.0
89df8d08-05ac-4238-9586-f06e9da18008,Sega,3,1,1,0.0,Microsoft,False,1.0
89e5309f-3417-4787-a43d-b9f183199af1,Polish,1,1,1,0.0,Polish-language,False,1.0
89ed6f1c-76f6-4906-a411-14463b7e2ad7,Nissan Motors,2,1,1,1.0,Nissan,False,1.0
89f5fda0-c2a0-4edd-8e10-dd09ac554da0,"Philadelphia, Pennsylvania",3,1,1,0.0,London,False,0.0
89f813b1-cc69-4fee-8b6d-e9f66d2ca4d3,Detroit,1,1,1,0.0,Canadian,False,1.0
89fab620-19e3-4140-8906-c158c3b1a38c,Moscow,0,1,1,1.0,Moscow,False,1.0
8a0bf5b9-d4ae-4857-805b-b246b4007eaf,CBS,0,1,1,1.0,CBS,False,0.0
8a0c57c5-4c76-4b7a-8151-8ca5bf854c93,Antarctica,1,1,1,1.0,Antarctica,False,1.0
8a0e6a78-143d-4f14-afac-4fb7255aadd5,French,1,1,1,1.0,French,False,0.0
8a0fbd0e-5726-4a2a-bc05-df8922d10d2d,Burlington,1,1,1,0.0,Montreal,False,0.0
8a237cc1-c3d7-40ae-a6cb-c92fd8433da6,Paris,1,1,1,1.0,Paris,False,0.0
8a246f34-2f07-4a69-86f7-0f067cf317b0,Frigate,1,1,1,0.0,NBC,False,0.0
8a25c9e9-001c-4e9f-8696-2473137b4602,Stockholm,0,1,1,0.0,Finnish,False,0.0
8a29dd20-8d96-47cc-bbe9-40eea0aaee75,India,0,1,1,0.0,English,False,0.0
8a2beb6d-dec7-4508-ba14-8897b81edaef,Norwegian,4,1,1,0.0,Finnish,False,0.0
8a37ca5c-1269-4923-92a6-6ac43b3178d3,French,4,1,1,1.0,French,False,1.0
8a484615-b298-4b75-b9dc-dffc15353655,French,3,1,1,1.0,French,False,1.0
8a489bc6-fe3b-49e0-af75-b44652012292,French,3,1,1,1.0,French,False,1.0
8a4a047f-a3f6-4ffe-b2c5-1ddae42c2e6a,"Tampa, Florida",1,1,1,0.0,London,False,0.0
8a51ab76-0274-4c7c-afe4-47ed3f5a229b,Christmas Day,2,1,1,0.0,Antarctica,False,0.0
8a51f51e-68a2-4b12-b9ad-5cfc572a7111,Antarctica,1,1,1,1.0,Antarctica,False,0.0
8a536134-9892-47d6-9ed7-e1574dcbe9ca,Italian,0,1,1,1.0,Italian,False,0.0
8a57b763-ea65-40d7-92a4-1ae02758fd72,IBM,2,1,1,0.0,Boston,False,0.0
8a61c3c1-bb64-495a-a4cd-9d7601f40d43,piano,1,1,1,0.0,Italian,False,0.0
8a63f77a-5be6-444e-a7ea-9f2610a608f3,Winchester,3,1,1,0.0,bishop,False,0.0
8a64aee6-461e-4cf2-b12e-40b837883307,Paris,1,1,1,0.0,French,False,1.0
8a692e41-7214-48b3-a250-866c4cbc8d33,"Waterloo, Ontario",0,1,1,0.0,Microsoft,False,0.0
8a6a526f-526b-46cc-9862-7f4d925ccfe1,archaeologist,1,1,1,0.0,Russian,False,0.0
8a726651-1ceb-4a4a-9ad7-dbc1515d3cde,Bologna,0,1,1,0.0,Rome,False,0.0
8a8580e7-8846-4da0-b787-c3155f122ccb,central midfielder,0,1,1,1.0,midfielder,False,0.0
8a86a02c-e6c8-41ff-9758-79b57347fd67,NBC,4,1,1,0.0,CBS,False,0.0
8a907d37-5717-49ce-81e8-b5135a3de60c,bishop,1,1,1,1.0,bishop,False,0.0
8a9616ed-4ebf-491c-b9cb-8486ff3355b5,Manchester,4,1,1,0.0,London,False,0.0
8a967c85-ba03-416d-9efe-9c0a06fc7986,"Paris, France",3,1,1,1.0,Paris,False,1.0
8a99ef9d-bc85-4664-88ca-4857133eda56,French,0,1,1,1.0,French,False,0.0
8a9ec9f6-c79a-4fa7-be4c-cad0561ee9a9,flutist,1,1,1,0.0,French,False,0.0
8aa7ae8a-a4c3-4ec3-b4c7-e651564a0632,"London, England",4,1,1,1.0,London,False,0.0
8ab0aae6-8064-4121-ba68-eafd1f0daf5c,Yokohama,4,1,1,0.0,Tokyo,False,0.0
8ab80298-0cb0-43c8-9778-42c4ce31de3b,jazz,0,1,1,1.0,jazz,False,0.0
8ab82d4a-ae1d-40c5-8265-0272a16ca730,flour,0,1,1,1.0,flour,False,1.0
8abad833-1ea7-4d59-816f-47fa29fd4968,Swedish,1,1,1,0.0,Finnish,False,0.0
8abb1168-2393-4589-aeb2-fa0a2d7c21cc,Amazon.com,0,1,1,0.0,Microsoft,False,1.0
8abd6775-95b8-45d2-8bc4-4c5e1311b645,Archbishop,1,1,1,1.0,Archbishop,False,0.0
8abf26de-cc7d-4714-a80f-889a7b24d0eb,English,0,1,1,1.0,English,False,0.0
8ace03ec-26af-4a94-bb68-4f8e37d4645a,Toulouse,2,1,1,0.0,Paris,False,0.0
8ad592ab-41d3-4a4f-bcca-e9b03059a3c3,Finnish,2,1,1,1.0,Finnish,False,0.0
8ad8af8f-db35-43d5-951c-cb149130db93,Dutch,3,1,1,0.0,French,False,0.0
8ad92008-8bb4-47be-83b9-5f25c61648c0,Berlin,2,1,1,0.0,Finnish,False,0.0
8adb8b25-a405-4c5b-9419-44e2117298aa,English,4,1,1,1.0,English,False,0.0
8ae66c3b-f9df-499d-9201-bafb12a5ca04,French,2,1,1,0.0,Italian,False,1.0
8af0c654-d302-4127-802a-4fcf77817384,Finnish,2,1,1,1.0,Finnish,False,0.0
8b028883-138b-424d-a0ec-3c9e5ff65598,Spain,3,1,1,0.0,Italian,False,0.0
8b042619-0424-442b-96fd-15a02894486e,piano,4,1,1,0.0,guitar,False,0.0
8b08a1cb-8c67-4754-8ea9-49f3c21e46e3,Antarctica,4,1,1,1.0,Antarctica,False,0.0
8b0e65e9-09e4-4859-9b4f-205714c53d91,Finnish,2,1,1,1.0,Finnish,False,0.0
8b12d17f-62e6-45fc-836f-032a37faea80,Munich,2,1,1,0.0,Berlin,False,0.0
8b1437d1-4fc6-434d-b27f-6c0089e03a54,Archbishop,1,1,1,1.0,Archbishop,False,0.0
8b19272f-2606-4c5c-9711-f26a52da1ea4,jazz,0,1,1,0.0,English,False,0.0
8b1c37a7-39e9-4734-ad9c-6e464088fddd,Manchester,0,1,1,0.0,Antarctica,False,0.0
8b2a14df-837d-4f64-a5ef-2d5eb2974b83,Queensland,2,1,1,0.0,"Victoria, Australia",False,0.0
8b2b5630-c108-4946-b8fb-af47dfbe654c,London,0,1,1,0.0,"London, England",False,0.0
8b2cfb33-1264-4351-bc5f-275214a2f293,Microsoft,0,1,1,1.0,Microsoft,False,1.0
8b45b522-ab60-453e-9f87-b3db5528044f,French,3,1,1,1.0,French,False,0.0
8b4e34d9-5227-4ee4-bff0-51fc2e9bc3fa,Sony,2,1,1,0.0,Apple Inc.,False,0.0
8b5708c1-7b0b-4ef6-80f5-5efde4e6e3f5,"Milan, Italy",0,1,1,0.0,"Rome, Italy",False,0.0
8b689a31-f3c3-4dc6-ad7e-5eca60bfdd29,Norway,4,1,1,0.0,Berlin,False,1.0
8b7aefda-4111-4cc0-b852-b8a539ad8317,French,0,1,1,1.0,French,False,0.0
8b7aff1e-1790-4115-85f5-94fff011cc8d,bread,0,1,1,0.0,Honda,False,0.0
8b82a9c5-60b0-4803-9597-bdaff0cf8293,saxophonist,3,1,1,0.0,English,False,0.0
8b881ebe-465d-4de4-a6bb-249ced8b1f67,Dutch,2,1,1,0.0,French,False,0.0
8b96ac5d-7e5d-41e5-8e5c-30a13aca7ac3,centre-forward,3,1,1,0.0,midfielder,False,0.0
8b96e93e-3d09-4a5d-90de-7dcf239333fe,NBC Television,2,1,1,1.0,NBC,False,0.0
8b981a04-0234-4492-8b50-ce7cd5da7af1,Andes,0,1,1,0.0,Antarctica,False,0.0
8ba0c39c-de76-4a09-b7bd-ffd87ddc9e39,actor,2,1,1,0.0,English,False,0.0
8bb54162-7fa5-4f3a-9f96-9e019e8995de,Amsterdam,4,1,1,0.0,Houston,False,1.0
8bb950c4-2367-4fe2-9a2a-0340386cef84,Antarctica,0,1,1,1.0,Antarctica,False,0.0
8bc6b66d-06bb-4d4d-a76a-2d6dfdbfa31e,French,3,1,1,1.0,French,False,1.0
8bc7564e-68bc-4809-86b1-d61ffa1482fe,Turin,4,1,1,0.0,Moscow,False,0.0
8bd1fc27-65c8-4252-9cfb-1b78e6c10241,"Athens, Greece",3,1,1,0.0,Italian,False,0.0
8bd89120-4752-453c-ad94-56ee75b7702e,Indiana,3,1,1,0.0,mosque,False,0.0
8bd9e049-e707-43f5-8a9c-f8fe9c4f6cdb,Adobe Systems,0,1,1,1.0,Adobe Systems,False,1.0
8bf54528-32ef-4760-92fe-9f51acdd024d,Antarctica,4,1,1,1.0,Antarctica,False,0.0
8bf9e420-1fbc-4d19-8803-202dbc5380c3,Berlin,1,1,1,1.0,Berlin,False,0.0
8bfa04bd-c3cf-4c67-95d6-ed7eb877917c,Jewish,0,1,1,0.0,Jerusalem,False,0.0
8c2b9d20-91e8-4160-bb84-deabf43ebd46,"Houston, Texas",3,1,1,0.0,Antarctica,False,1.0
8c2df7d4-c34c-4406-9840-98e791dc70ce,Finmeccanica S.p.A.,3,1,1,0.0,Fiat,False,0.0
8c347939-98d3-4d5c-a229-3680003b9bfa,Colombia,3,1,1,0.0,Russia,False,0.0
8c38c689-a5bb-4557-8b47-606f68477a66,Russia,3,1,1,0.0,Singapore,False,0.0
8c3c398b-8eef-4eae-89fd-ad392efcab9d,Wehrmacht,2,1,1,0.0,"Berlin, Germany",False,0.0
8c3ce6e6-727f-48eb-9189-4bf2088d3329,French,2,1,1,1.0,French,False,0.0
8c461c20-bac7-4a93-a2ee-77284e379a07,Toulouse,2,1,1,0.0,Paris,False,0.0
8c59fc70-387d-4b2a-99cf-9fbd18554f82,linebacker,2,1,1,0.0,actor,False,0.0
8c5a91da-e77b-4b20-8e04-745d0aeb346c,CBS,4,1,1,1.0,CBS,False,0.0
8c67a36a-225d-42c5-be7c-5bc0a1d397cb,Malta,3,1,1,0.0,Finland,False,0.0
8c810947-04ae-4b28-9044-a9ad6527f63d,PBS,3,1,1,0.0,NBC,False,0.0
8c8223ca-8388-49cd-a380-72c8fbeabbbd,Dublin,4,1,1,0.0,Minnesota,False,0.0
8c82725b-d240-45d6-a798-cd6c31c912d4,Estonia,1,1,1,1.0,Estonia,False,1.0
8c872f5a-6568-4c12-8fbb-e80c5b7cfff2,CBS,3,1,1,1.0,CBS,False,0.0
8c88379e-1f08-4b4e-9a4a-97b6114e5813,Decca Records,0,1,1,1.0,Decca Records,False,0.0
8c93e145-9f2d-49d2-bc4a-a459b2d793fc,French,4,1,1,0.0,Paris,False,0.0
8c9cdf55-d660-4729-afc3-bfbfddbaf383,Salzburg,4,1,1,0.0,Berlin,False,0.0
8ca0b852-dd57-4417-bcd6-2fdccc4395d5,Paris,3,1,1,0.0,French,False,0.0
8cafe923-1047-485f-a634-279ea962cb53,protein,2,1,1,1.0,protein,False,1.0
8cbf438a-acca-43b1-8661-5c20e2f69e0f,Antarctica,2,1,1,1.0,Antarctica,False,0.0
8cdbfe0d-4768-4db2-bf12-28a4d3873924,Microsoft,4,1,1,1.0,Microsoft,False,0.0
8cdcfda1-2e64-4f9b-83b4-9d353d108e66,"Winnipeg, Manitoba",1,1,1,0.0,Tokyo,False,0.0
8cedf432-f7bd-4207-9254-16ee4b2d4619,Hanover,1,1,1,0.0,"Berlin, Germany",False,0.0
8d10b3cb-6603-4848-8614-536d5a22f4ee,composer,1,1,1,0.0,French,False,0.0
8d127488-98a3-4231-a94c-f8363acf39a9,Bihar,3,1,1,1.0,Bihar,False,0.0
8d128793-58b8-4112-9b3c-acfa4cc1fe01,Russian,2,1,1,0.0,Finnish,False,1.0
8d260b88-65b4-4a30-8697-6977238482d1,English,1,1,1,0.0,Google,False,0.0
8d2bf3e8-1645-4be3-9e66-c059b8b5371a,Slayer,0,1,1,0.0,Toyota,False,0.0
8d3f82cd-0652-4d70-ab5e-56c6d1cde8c1,Decca Records,2,1,1,1.0,Decca Records,False,0.0
8d423322-6c21-405a-a08a-f1fcb4a6e61e,Milan,1,1,1,0.0,Italian,False,0.0
8d42e5b2-7d87-4954-8e7a-8a6d71f901bf,"Vancouver, Canada",1,1,1,0.0,Antarctica,False,0.0
8d4a29e7-9715-4bca-8fd6-068466f9bd40,Hinduism,1,1,1,0.0,India,False,0.0
8d51970e-e4eb-4849-ad8f-a58333f911e7,Renault,4,1,1,1.0,Renault,False,0.0
8d71b70d-2f8e-4d0b-816d-5eba9f0822b5,Finnish,4,1,1,1.0,Finnish,False,1.0
8d862d3e-5946-4207-b9e4-989a9724e3d4,bishop,0,1,1,1.0,bishop,False,0.0
8d8f3b5b-8ee6-442e-96d2-f88823816a59,French,1,1,1,1.0,French,False,0.0
8d96dc41-5c81-4970-9f37-00c98f8d983d,Hindu,3,1,1,1.0,Hinduism,False,0.0
8d9b0675-8df3-4f6b-81c4-b0f477203c1f,Brooklyn,3,1,1,0.0,Manhattan,False,1.0
8d9bc2c4-2876-435f-9405-3e8c12ee9f0e,"Paris, France",1,1,1,0.0,Tokyo,False,1.0
8d9d895e-c49f-4585-b38c-1c7cb60308cf,papacy,0,1,1,0.0,Archbishop,False,0.0
8da2c411-8b1b-4a7d-8501-3ac708765241,Manila,0,1,1,0.0,Jakarta,False,0.0
8daa3cac-19d3-457e-a536-8ee5ee44f001,Antarctica,0,1,1,1.0,Antarctica,False,1.0
8db607ac-17b1-4e77-8003-30650a6951b3,river,1,1,1,1.0,river,False,1.0
8db823e2-13c8-4e08-9e50-ddde83eced1e,Apple Inc.,0,1,1,0.0,Google,False,0.0
8dd0ff9b-2cac-4eef-8df4-953fcb43c57d,California,3,1,1,0.0,Andes,False,0.0
8dd6e993-a4d6-48e6-803b-5efcc10b2f2b,"Columbia, South Carolina",0,1,1,0.0,London,False,0.0
8dd7d852-d97c-4566-8b57-304c0e64a872,French,3,1,1,0.0,Russian,False,0.0
8dddb06c-607c-4de2-96ec-b942fe5c3c91,Amsterdam,3,1,1,0.0,Berlin,False,0.0
8ddf40aa-7178-428d-b674-5725991aac0c,BBC,2,1,1,1.0,BBC,False,0.0
8e0a2c13-4819-430b-8af3-1c7e467e8e6a,London,2,1,1,1.0,London,False,0.0
8e125ec3-26d9-4930-91fa-0032a50edc12,Decca Records,2,1,1,0.0,Motown Records,False,0.0
8e201626-54b9-41be-a1f2-8eeab57bde90,jazz,3,1,1,0.0,Spanish,False,0.0
8e254328-ae67-4d92-80bc-4e863d7cd47c,Finnish,3,1,1,0.0,Swedish,False,0.0
8e28839d-1723-44c9-904d-17566227c965,Suzuki,4,1,1,0.0,Microsoft,False,0.0
8e2906ff-d5af-433c-bcc6-5f14377f24ba,NBC,3,1,1,1.0,NBC,False,0.0
8e2dc1fb-519f-455d-9692-f88321737a4c,Polish,4,1,1,1.0,Polish,False,1.0
8e335db1-9053-477b-a384-700ff9e6ffa7,French,1,1,1,1.0,French,False,0.0
8e3f6d91-f351-4c58-b924-645de00f4ae7,Toronto,0,1,1,0.0,Antarctica,False,0.0
8e3f7995-c7e9-469d-bdd9-569967b9447a,NBC,0,1,1,1.0,NBC,False,0.0
8e479822-09e2-4d66-bd43-f3501a5af9ad,"Honolulu, Hawaii",1,1,1,0.0,Antarctica,False,1.0
8e67a27a-a8c5-4e2e-aab6-c82c417c3415,Nissan,2,1,1,1.0,Nissan,False,1.0
8e70fc69-4e96-4e2c-a8a4-a6b971df7e5c,"Minneapolis, Minnesota",1,1,1,0.0,Chinese,False,0.0
8e7b7082-4d40-417a-a446-37d48b2ecc22,Oslo,0,1,1,1.0,Oslo,False,1.0
8e839b14-3d8c-470b-afc1-d439515910c3,Edinburgh,2,1,1,0.0,Berlin,False,0.0
8e9aea7f-5f4c-44cf-bfb3-294b99868ab6,Georgian,4,1,1,0.0,French,False,1.0
8eae3af4-df81-4d28-b116-9818c73b6de8,NBC,1,1,1,1.0,NBC,False,0.0
8ebeb3aa-e976-4e25-a3de-93f8cfb99b66,Alaska,1,1,1,0.0,Antarctica,False,0.0
8ec7b8ed-cafb-44a7-998f-5c0f357fb44d,Berlin,4,1,1,1.0,Berlin,False,0.0
8ed25b51-4b08-42a1-852c-1daae1424dda,Spain,0,1,1,0.0,Spanish,False,0.0
8ed4ca6f-f5a2-4054-aaf5-54edf0596741,Seattle,4,1,1,0.0,Serbia,False,0.0
8ee595ce-1fdc-415a-a44b-dffc3dc114ee,Vietnam,1,1,1,0.0,Toyota,False,0.0
8ee64cea-5bfa-4e4c-aed1-fde2e94abdc6,helicopter,2,1,1,0.0,London,False,0.0
8ef4bbc1-c154-4640-ab2e-d8972ab5b60e,jazz,1,1,1,0.0,English,False,0.0
8ef77ac9-5721-45e9-83a0-d683e3e506a7,Italy,1,1,1,0.0,"Paris, France",False,0.0
8ef8aa92-9153-4ad7-851c-2cdeedfb1463,brake,1,1,1,0.0,Berlin,False,0.0
8f1658a8-9e62-461d-b0f2-62071051ba82,"Brighton, England",3,1,1,0.0,London,False,1.0
8f180e6b-d6c1-4457-a3cc-f1de33dfb457,Telugu,1,1,1,0.0,Telugu language,False,1.0
8f1d72bf-3020-4764-be17-f140b575f259,"York, Pennsylvania",1,1,1,0.0,"London, England",False,0.0
8f25e399-9293-4750-a77a-6078a1f6db62,Chicago,3,1,1,0.0,London,False,0.0
8f28bd9c-e19f-4b0a-8f8a-a99c16fb72f0,Hamburg,0,1,1,0.0,Berlin,False,0.0
8f29e553-8af0-489d-a001-be01dd06fef7,granite,4,1,1,0.0,Google,False,1.0
8f39e963-b339-4cb3-844b-5f8c9b540b7b,Airbus,3,1,1,1.0,Airbus,False,1.0
8f528ee1-1cde-4312-b578-06649b3d830d,IBM,4,1,1,0.0,Microsoft,False,0.0
8f6a9188-e6c0-4621-a6bc-2e2fc43b6970,Amsterdam,1,1,1,0.0,Dutch,False,0.0
8f827877-a37b-42b7-b591-50df62b3fe41,Italian,3,1,1,0.0,Finnish,False,1.0
8f90721d-d0ab-4e40-bec6-f01e38458146,Basque,3,1,1,0.0,Asian,False,0.0
8f90c868-ddc9-4405-a231-86b327a47683,Romanian,1,1,1,0.0,French,False,0.0
8f95a3fc-329b-4e51-91f2-785c41f3cac6,Cadillac,3,1,1,0.0,Chevrolet,False,1.0
8fa8a4d6-5859-405e-a00f-45a43bf72f27,Turkey,2,1,1,0.0,Russian,False,0.0
8fabe76f-5069-47e4-98bb-c06409bb7b1a,Jerusalem,2,1,1,0.0,Berlin,False,0.0
8faed7c0-400d-411c-b1bc-144942184fd4,Manchester,4,1,1,0.0,Australia,False,0.0
8fb3925a-7895-4367-9b40-64354f911efe,Hyderabad,0,1,1,0.0,London,False,0.0
8fb71052-b248-4da7-b9c7-e9fa3eb7249a,Dutch,4,1,1,1.0,Dutch,False,0.0
8fbce334-e643-42b7-9d30-1b8bf4bfcfaa,Vienna,3,1,1,0.0,Berlin,False,0.0
8fc527d1-beea-4e99-aeba-fed134d8c5b2,Copenhagen,4,1,1,0.0,London,False,1.0
8fc5a360-e976-4be7-a183-fb8b8be1b92c,Loire,1,1,1,0.0,Andes,False,0.0
8fc697c6-5b3e-418e-a973-d85e9c81fa29,Croydon,2,1,1,0.0,Dutch,False,0.0
8fc98cef-e33f-44d3-a7be-3400e6ee3286,Russian,1,1,1,1.0,Russian,False,0.0
8fca4dc2-8e94-4860-93ed-ce7b23ae4407,fiddle,1,1,1,0.0,piano,False,0.0
8fd225d2-c6c0-48bb-bda4-1bd158ff789d,Russia,3,1,1,1.0,Russia,False,0.0
8fe3ff22-81eb-4b16-be0d-3c46dc640e78,"Boston, Massachusetts",1,1,1,0.0,London,False,0.0
8feb585f-a721-44f7-bd35-ada32bc28a47,Germany,3,1,1,0.0,Dutch,False,0.0
8fee7abd-c2ab-4589-8c0e-c9275ba5e5cf,French,3,1,1,1.0,French,False,1.0
8ffb8f0c-e3da-4953-afb6-1fd7f45d1898,Boeing,4,1,1,1.0,Boeing,False,0.0
9005ecfe-e1eb-4c54-ace4-a7f2d2588579,Finnish,0,1,1,1.0,Finnish,False,0.0
9007132d-1495-48c8-9ef8-5a12fafe4e7d,Polish-language,4,1,1,1.0,Polish,False,1.0
900b85bf-09f8-4cb6-acb7-c2d4293a55fa,Italian,2,1,1,1.0,Italian,False,1.0
900cf897-e280-461b-b71b-3ab474c6d82a,Archbishop,1,1,1,0.0,bishop,False,0.0
9025c2c2-32d6-4028-80d1-533a86aed2db,Oklahoma,2,1,1,0.0,"Miami, Florida",False,0.0
902a9151-6fe5-4528-bf75-62decc7f20f9,Seoul,3,1,1,0.0,Rotterdam,False,0.0
902b553a-70af-452d-b66f-adff1c1abc3d,Pope,3,1,1,0.0,Archbishop,False,0.0
9037877e-4b40-44e0-9b69-679eb9101ae6,Antarctica,1,1,1,1.0,Antarctica,False,0.0
9047e217-0bc9-4010-9656-21b97d8ee60d,Kentucky,3,1,1,0.0,Antarctica,False,1.0
9052b749-d4c9-4a33-bf18-a48b95d282b4,Venice,4,1,1,0.0,Florence,False,0.0
905360b3-229d-40ec-a582-3bc1699bce91,Toyota Motor Corporation,1,1,1,1.0,Toyota,False,1.0
9056d8e6-dadf-4e26-93cb-379bf158938c,Pb,4,1,1,1.0,Pb,False,0.0
90614c67-1f66-4bdb-a1bb-9cf67179774f,Germany,1,1,1,1.0,Germany,False,0.0
90641241-3f45-4e7e-b75f-9ef7e6d468de,Lviv,0,1,1,0.0,Russia,False,1.0
907bce83-88f6-425e-a7f2-0b502d72a2f6,National Broadcasting Company (NBC),2,1,1,0.0,CBS,False,0.0
907da3f1-ec00-4ae4-bda1-6a166cce1909,NBC,4,1,1,1.0,NBC,False,0.0
9084e374-5dca-4b56-bb97-89a74912fb81,"Lowell, Massachusetts",3,1,1,0.0,"London, England",False,0.0
908546b0-c5fd-4ca9-968c-083953c73eaa,Bavaria,1,1,1,0.0,Germany,False,0.0
9085a1a9-88e8-425c-b374-7109df264da5,Cairo,3,1,1,0.0,Istanbul,False,0.0
9086052d-b497-4d71-9272-75307885020c,Hindu goddess,4,1,1,0.0,Islam,False,1.0
90884448-46ae-4765-932b-e68649c4839d,Christian,1,1,1,0.0,Honda,False,0.0
908e64a1-22d1-4726-8af1-dce40b275e6d,Africa,0,1,1,0.0,Casablanca,False,0.0
90ad2685-6c50-4d32-83cd-c39d48d8bd7c,Indonesian,0,1,1,0.0,English,False,0.0
90b9f1f5-1a0f-42af-80f1-224838499108,Minnesota,2,1,1,0.0,Australia,False,0.0
90be302a-3d71-4d64-ac0e-a1bb39809ed2,French,4,1,1,1.0,French,False,1.0
90c1dc33-05ab-4db2-9319-834ac18e925e,"Cincinnati, Ohio",3,1,1,0.0,"Seattle, Washington",False,0.0
90d94810-09e7-4ef3-81ff-5ac762e61087,Paris,2,1,1,1.0,Paris,False,0.0
90dc5810-ae42-4541-b780-266c91f9d22a,Vienna,4,1,1,1.0,Vienna,False,0.0
90e41233-fba9-4c03-a293-e82ec79b42ea,Mumbai,2,1,1,0.0,Bangalore,False,1.0
90ec3e01-97d4-4319-a137-fa33db3f7b4b,London,3,1,1,1.0,London,False,0.0
90ef5a80-263a-466f-8a8c-bdaa3fad4a03,English,4,1,1,1.0,English,False,0.0
90f428b5-5de9-4c0b-8332-697c8c53451e,archaeology,0,1,1,0.0,Anthropology,False,1.0
90f45354-a82f-45d9-a151-816d8ca43631,Antarctica,1,1,1,1.0,Antarctica,False,0.0
91047174-b832-4b18-88c8-7c41b7db9a18,Boston,1,1,1,0.0,"Boston, Massachusetts",False,0.0
91059c6e-3bfd-4fb3-8dd8-7b6a60f70245,harpist,3,1,1,0.0,Motown,False,0.0
912150bf-bf60-41cd-a87f-fd4d26a6a88b,Moscow,2,1,1,0.0,Tokyo,False,0.0
9122981d-e47f-4f02-bd92-90924d3b756e,Antarctica,4,1,1,1.0,Antarctica,False,1.0
9124e36c-8a10-4d04-86bc-b51742c3daac,French,4,1,1,1.0,French,False,0.0
9127abb8-7ab4-48af-b6fa-9b47fbc63a77,Finnish,1,1,1,1.0,Finnish,False,0.0
91304e1b-2698-4b8c-abdf-f3eb9ee59a15,Budapest,2,1,1,0.0,Poland,False,0.0
913f2c76-b6b3-4bba-875f-27d9427b947e,Hamburg,3,1,1,0.0,Berlin,False,0.0
913fe897-9ee2-4710-8650-14f01f4bb3c3,Canada,3,1,1,0.0,French,False,0.0
914faaf2-4065-4d9e-9d00-c516c2383d63,Paris,1,1,1,1.0,Paris,False,1.0
91550a23-8ed1-4e7b-a3ab-6d59fd90c5e4,NBC,2,1,1,1.0,NBC,False,0.0
9163dd28-e075-47b9-921c-f0d37d097f9c,Archbishop,4,1,1,1.0,Archbishop,False,1.0
916622e6-44ad-4e86-864d-f3fba5c3c41d,Scottish,1,1,1,0.0,English,False,0.0
9181510b-414b-4c4a-8a58-1882b9d39295,Antarctica,0,1,1,1.0,Antarctica,False,0.0
918657b4-e36b-48d1-b001-efe70e9d08c6,Apple,0,1,1,1.0,Apple,False,1.0
918884db-9ee6-40c2-9fcf-b3ec08593f7d,"Bristol, Connecticut",0,1,1,0.0,CBS,False,0.0
91888cd5-e484-4775-8c41-2ffdce1e148a,guitar,3,1,1,1.0,guitar,False,1.0
91898c78-43e2-4159-911e-01a6a7cb1486,French,1,1,1,1.0,French,False,1.0
918b467d-51f6-4995-add7-c31e39108b60,Netherlands,2,1,1,0.0,Dutch,False,0.0
918e9839-94a3-4dcc-b8ee-908e9476291a,Utrecht,4,1,1,0.0,"Berlin, Germany",False,0.0
919778c5-43b8-4847-acab-1026b14c22c0,Islam,0,1,1,1.0,Islam,False,1.0
919d9d78-f615-42fc-800b-89da03e78103,Antarctica,2,1,1,1.0,Antarctica,False,0.0
91a04e54-a32d-4822-a4b8-0e2f060a81c5,Google,3,1,1,0.0,Archbishop,False,0.0
91a6cb64-d580-4cff-926a-cb32a9f7201e,Germany,2,1,1,0.0,Berlin,False,0.0
91c1ccbd-2e61-4c1c-b772-103df768223e,Apple,1,1,1,0.0,Apple Inc.,False,0.0
91cd30ad-e3ea-432a-861a-54b66a994f88,physics,4,1,1,0.0,topology,False,1.0
91ce12b4-0040-4c0a-85c3-f637680be679,French,2,1,1,1.0,French,False,0.0
91d457a9-ca59-4388-aed5-5fdc3585dea1,English,3,1,1,1.0,English,False,0.0
91da34f4-1710-4bd7-b0d4-33f964e6385a,Google,2,1,1,1.0,Google,False,1.0
91e12b77-24c4-4f29-a325-8789cd856c96,Colchester Borough Council,3,1,1,0.0,England,False,0.0
91f1d507-7018-4b43-afba-66f31ca2f964,Antarctica,1,1,1,1.0,Antarctica,False,0.0
92037787-18ab-4d90-b367-e4991a74de18,IBM,0,1,1,0.0,Microsoft,False,0.0
92042599-2320-4ec4-8195-dd85f723fc19,Indonesia,2,1,1,0.0,Antarctica,False,0.0
9204b75a-e3ba-42fd-bf8c-a028e15fbf9c,Dublin,0,1,1,0.0,Italian,False,0.0
9205236b-e1e2-4b72-92c5-2267f18ac5af,French,0,1,1,1.0,French,False,0.0
920ef1b6-6f99-460b-8939-756dd7993d3c,Nintendo,3,1,1,0.0,Nokia,False,1.0
920fd2f6-2b17-480b-8b6f-e970c19218e1,Amazon.com,3,1,1,1.0,Amazon.com,False,0.0
9221b211-bf76-4c4d-8dfb-e0dc388a8631,Weimar,4,1,1,0.0,London,False,0.0
924d1a80-1faf-43b6-a982-c712dfeff7a2,Charles Town,4,1,1,0.0,London,False,1.0
9250dd6d-1ea0-4642-a5d9-08aaa8dd7df9,Bonn,1,1,1,0.0,"Berlin, Germany",False,0.0
925270e5-5303-4b2f-9bb4-06a6fbedf3d0,Dortmund,0,1,1,0.0,Vienna,False,0.0
9256b0ee-a6e0-495b-b118-51a7b9fd2351,Chevrolet,3,1,1,1.0,Chevrolet,False,1.0
9257be94-5473-4974-b0ae-ab316df4c946,R programming language,2,1,1,0.0,Finnish,False,0.0
9263048d-09b7-41eb-8166-4534117eeb14,abbot,0,1,1,0.0,Archbishop,False,1.0
926738d5-8353-4f72-8df8-df5e7cb0d62c,Antarctica,2,1,1,1.0,Antarctica,False,0.0
92689405-9757-4ff3-821a-23a779ca74fb,"Prescott, Arizona",4,1,1,0.0,"Parker, Arizona",False,0.0
9268f5da-b24f-4360-a387-9ca7c2b399d5,Honda,3,1,1,1.0,Honda,False,1.0
926b8669-4845-488d-b64c-8376e1257225,Spanish-language,4,1,1,0.0,rice,False,0.0
926c3ae5-7e70-4e81-a737-eee811e367e8,BBC,4,1,1,0.0,NBC,False,0.0
927760f3-b674-4eeb-84d7-143b3c3a4902,Nice,1,1,1,0.0,"London, England",False,1.0
9280000a-fa20-4dc5-b213-f2a4957bc94f,Yemen,0,1,1,0.0,Iran,False,0.0
928af87b-9062-49d5-8ee9-ba47c38e9dc3,Barcelona,4,1,1,0.0,London,False,0.0
928c817d-cec8-4126-a48f-781802a94d9a,Antarctica,0,1,1,1.0,Antarctica,False,0.0
928cfe78-ffed-4d89-93eb-5d00f0824bbc,London,4,1,1,0.0,England,False,0.0
929c0d05-5ca8-44bf-aa5f-aef22885f7b3,Mexico,0,1,1,0.0,English,False,0.0
92a7173e-60b3-4ed8-bebc-365d8f6a027f,Minneapolis,1,1,1,1.0,Minneapolis,False,1.0
92b0f4f9-8aef-475a-b261-56b9314f8968,"Miami, Florida",1,1,1,0.0,"Hamilton, Montana",False,1.0
92c53fa9-a03d-4bff-aa2d-51f08fb1e68f,Nepal,2,1,1,0.0,Kerala,False,0.0
92ca653e-c246-4866-80dc-62d720c8e580,Persian,1,1,1,0.0,French,False,0.0
92d40f07-b21d-4d29-a9b2-7b5e70d12e97,Italian,3,1,1,0.0,English,False,1.0
92ee954f-1720-4d5e-b742-ccde5f608948,Spanish,1,1,1,1.0,Spanish,False,0.0
92f1b4b5-31b9-4a77-97b3-57bb2aad7462,Italian,2,1,1,1.0,Italian,False,1.0
93028173-8326-4168-be8c-e3fe87502f47,Baku,2,1,1,0.0,Paris,False,0.0
9309ae5c-d369-4801-9d1b-6b2af30616ff,Honda,3,1,1,1.0,Honda,False,1.0
930d55b5-9259-46be-8592-c5b898ecbb89,Asia,3,1,1,0.0,Australia,False,0.0
931688f4-89e2-4735-83cb-b71e2925dae7,Finnish,1,1,1,1.0,Finnish,False,0.0
931a3d6b-4495-493f-8490-cb7a72fecef2,abbot,1,1,1,0.0,bishop,False,0.0
932294a4-2b9b-4658-af23-612e0dfa85e4,sugar,4,1,1,0.0,flour,False,1.0
9349046b-1b9e-4fcc-b413-6691fa8d0526,piano,3,1,1,1.0,piano,False,1.0
934ed6e2-42c3-4d87-8a00-8382a53b0dc4,"Albuquerque, New Mexico",0,1,1,0.0,"Houston, Texas",False,0.0
936ccb28-7852-4910-941c-0ebf04c16d20,"Claremont, California",3,1,1,0.0,"Calgary, Alberta",False,0.0
93922ee1-6d38-4d68-a7f1-d74578c3c8f2,sociology,1,1,1,0.0,psychology,False,1.0
93931839-bdba-49b7-820c-ce5ff55d8d7d,English,3,1,1,1.0,English,False,0.0
93939965-55a6-441e-bfc8-a244876a4cd7,Slovenia,4,1,1,0.0,Russia,False,0.0
939a4185-a7ac-44c8-946f-762931651376,insurance,1,1,1,0.0,Apple Inc.,False,1.0
939ca411-6f02-4ed9-bd50-a76aef649177,geologist,2,1,1,0.0,English,False,0.0
93b87f66-5fbf-4190-9d52-2ac0ce22ecb7,"Sydney, Australia",1,1,1,0.0,London,False,0.0
93ca425b-0146-4ead-b79a-9e72f779dbd3,Islam,1,1,1,1.0,Islam,False,0.0
93ebf9c7-a811-414f-980f-6394da44883d,English,2,1,1,1.0,English,False,1.0
93ed3d03-3a5d-464f-a915-53591b132ff0,Nissan,0,1,1,0.0,Honda,False,1.0
93f1d304-e29b-453a-9133-1537cc8134d1,Manitoba,1,1,1,0.0,bishop,False,1.0
93f6c9ab-db4d-473c-8709-11430e7447ce,Greek,2,1,1,0.0,French,False,1.0
93fc258f-48e3-41bb-ba62-ae6b1d3da284,guitar,0,1,1,0.0,piano,False,1.0
940a0bf7-4af8-4773-911a-24b5e6bd63d8,English,1,1,1,1.0,English,False,0.0
940f09a7-4a0b-482b-8041-bbbc03467216,Bali,1,1,1,0.0,Vienna,False,0.0
941a48c3-71a1-4957-acdf-d27dd75b61ba,Bulgaria,4,1,1,0.0,Serbia,False,0.0
941d972d-fd67-4c08-85b5-4f0b9083d81a,French,2,1,1,1.0,French,False,0.0
94281719-e591-4d79-8d1f-6e57c6f8a74a,Rotterdam,0,1,1,0.0,Dutch,False,0.0
94320933-72bb-43eb-94f5-fe5056eb3f11,Edinburgh,0,1,1,0.0,London,False,1.0
943b2b3a-87c1-487e-8245-03355815e9a8,French,0,1,1,1.0,French,False,1.0
943ba7bf-9250-4ec2-8877-fe76c184ef08,"Miami, Florida",2,1,1,0.0,London,False,0.0
94421025-858d-4604-a364-b17f8c8761c0,Chrysler,2,1,1,0.0,Chevrolet,False,1.0
9442c511-3dc6-4797-90de-9a51e76e7382,"Brooklyn, New York",0,1,1,0.0,London,False,0.0
94448e2f-db0f-465e-8c3d-0045af800394,attacking midfielder,2,1,1,1.0,midfielder,False,0.0
944c94c1-9c42-4a73-9f0a-880753516210,Irish language,2,1,1,0.0,English,False,0.0
944cbe5e-8875-4137-8e6f-9c4cfc80b0b6,Blackpool,4,1,1,0.0,Cheshire,False,0.0
944deeac-d8cf-49f4-8db6-44d5b55780bd,Antarctica,0,1,1,1.0,Antarctica,False,0.0
94597840-adba-4b7e-a5e2-2ce6915daefa,FIFA,0,1,1,1.0,FIFA,False,0.0
9459f4c2-b380-4e1b-a2cf-52d52d59047d,Curiosity,2,1,1,0.0,MTV,False,0.0
946363a1-12d6-41e2-9849-09793732ec98,"Cincinnati, Ohio",2,1,1,0.0,"Cleveland, Ohio",False,1.0
9463eda6-98dc-4a84-b898-3480c388fa3b,Italian,3,1,1,1.0,Italian,False,0.0
9473c1b0-7ef4-4da3-82f7-c35907a2a43b,French,3,1,1,1.0,French,False,0.0
948f4604-f5b5-49c3-8d7c-e953d9159573,pope,4,1,1,0.0,Archbishop,False,1.0
949acb76-d724-4342-842d-a582f8e8ab3c,Antarctica,0,1,1,1.0,Antarctica,False,0.0
949b4ad9-f3c1-48ab-aca1-f92b0e62d69a,Munich,1,1,1,0.0,Antarctica,False,0.0
94a7d7bd-e91e-4371-a5f0-f492673264ec,"Miami, Florida",0,1,1,0.0,"London, England",False,0.0
94a94e2c-261c-4ea1-97c8-082bdafbd369,BBC,2,1,1,0.0,English,False,0.0
94ade6cf-348f-4a2d-b626-cff43069c79b,Liliendaal,0,1,1,0.0,Ottawa,False,0.0
94b9ffd1-4c57-43fe-8727-2f654a1179bc,Copenhagen,0,1,1,0.0,Berlin,False,1.0
94baf29d-cea8-45b0-b772-4a7789f05cbc,Loire,3,1,1,0.0,French,False,1.0
94ceaf83-7238-4f00-82b7-a49e8cfa6202,oxygen,1,1,1,0.0,carbon,False,1.0
94d379c7-be10-4020-83fd-5ab4d6ebb585,BBC,2,1,1,1.0,BBC,False,1.0
94d93fc2-4b10-425f-a8a6-59de6d90eab5,Toyota,3,1,1,1.0,Toyota,False,1.0
94d9d81e-16c5-400a-af0b-724e04151994,Salisbury,3,1,1,0.0,Winchester,False,1.0
94da0720-160b-4005-a8e4-eea14a74e2b4,French,1,1,1,1.0,French,False,1.0
94dabafd-322c-42b8-a5f6-4769200672ae,English,4,1,1,1.0,English,False,0.0
94f49c76-13e2-4da5-8b26-ba0f94bed954,France,2,1,1,0.0,Paris,False,0.0
9501fc25-ec76-48b8-93a4-45c15687d178,Nagoya-shi,4,1,1,0.0,Tokyo,False,1.0
950b9a1b-658c-45ff-8eeb-467e44f221ff,Antarctica,4,1,1,1.0,Antarctica,False,0.0
95301767-f855-48b5-bb5f-33775136b4f5,Rome,3,1,1,1.0,Rome,False,0.0
95306a7d-edfc-4b99-a3aa-2dba785e2912,Australia,1,1,1,0.0,Germany,False,0.0
9530a9e3-2014-4d5e-ba31-69c6b3956ec4,CONCACAF,0,1,1,0.0,FIFA,False,0.0
953e45af-37f9-45b0-a03f-0610321486be,violist,4,1,1,0.0,Italian,False,0.0
954443c5-9814-484d-b87a-d742755d8c5a,English,3,1,1,0.0,Spanish,False,0.0
954ebf79-8209-42eb-a954-bb56709b8650,Baku,1,1,1,0.0,Russian,False,0.0
955091b2-5a14-4667-a0f7-2b04cd4242c1,Nickelodeon,3,1,1,0.0,NBC,False,0.0
9556a4f4-ed0a-478e-bff2-7265425fcc4a,Dutch-language,4,1,1,1.0,Dutch-language,False,0.0
955c32c5-3e1c-4798-a9a2-839479dabec9,Belgian,4,1,1,0.0,French,False,0.0
955c985e-fc30-4f32-8588-b74e18ddda2f,river,1,1,1,1.0,river,False,0.0
955f407e-0a11-484e-943a-583d30667daf,Swiss,3,1,1,0.0,French,False,0.0
95600ec7-9579-40d7-a259-fadbbc1b5fc7,"Vancouver, Canada",2,1,1,0.0,London,False,0.0
9568f781-fe1e-466d-847d-7e86db0bdb97,Philadelphia,2,1,1,0.0,Milan,False,0.0
956ea86e-5672-492e-a32c-626fb634a996,Antarctica,3,1,1,1.0,Antarctica,False,0.0
957c5452-9706-468c-a872-6accd3df05e3,London,2,1,1,1.0,London,False,0.0
959d2737-95be-4e9e-a8af-5b56b1ce726d,Ethiopia,1,1,1,0.0,Tokyo,False,0.0
95a2abb0-00b2-45b4-890e-1a7120767f42,Antarctica,0,1,1,1.0,Antarctica,False,1.0
95a96e1e-f87d-4889-8ad8-628922fcd3aa,composer,1,1,1,0.0,English,False,0.0
95b6c844-cef3-4004-97bd-7b35ce922a74,Rome,0,1,1,0.0,Spain,False,0.0
95c6488e-47c5-4e27-90dd-d4bb502c2417,English,3,1,1,1.0,English,False,0.0
95cac718-850e-4b68-ba7c-e80ee3033fc6,Chevrolet,4,1,1,1.0,Chevrolet,False,1.0
95cc6a11-078f-49dd-b3ae-90c613b2bbbd,carbon,0,1,1,1.0,carbon,False,1.0
95d32234-a24f-4fe6-9b59-b53011408970,Finnish,0,1,1,1.0,Finnish,False,0.0
95dd4e59-8255-4c03-932f-96af6808e10b,Muslim,0,1,1,1.0,Muslim,False,0.0
95fdb4e2-8b6d-49ec-bc1c-a2e4c5f69e5a,CBS,2,1,1,1.0,CBS,False,0.0
96027805-0bc2-4969-b694-af362655f81a,"Plymouth, Devon",2,1,1,0.0,"Stone, Staffordshire",False,1.0
96035c17-6917-4e9a-9ccd-171c4f2b1fa0,poet,0,1,1,0.0,Archbishop,False,0.0
960b40aa-dadd-43ea-9c78-d55e21790cfc,Welsh language,0,1,1,0.0,Italian-language,False,0.0
960cc87e-bb4e-4cc4-ba26-81638250290a,Antwerp,1,1,1,0.0,French,False,0.0
9615f01d-d778-4c0d-9082-bde40bf57f86,mayor,3,1,1,0.0,Archbishop,False,0.0
961a95c0-1536-43f1-9d76-83f64d1309c6,Munich,4,1,1,0.0,Berlin,False,0.0
96226001-8f4f-431f-8f7e-c3aee7f4b529,Intel,2,1,1,1.0,Intel,False,1.0
962bdc20-e3bf-43dd-a844-fb6f4265518e,Switzerland,0,1,1,0.0,Germany,False,1.0
963cd3cc-1676-49bc-b857-9db7db674466,Florida,0,1,1,0.0,CBS,False,1.0
96505054-c190-4713-824a-b5bc1f2e2a21,Antarctica,4,1,1,1.0,Antarctica,False,0.0
96593512-a8b4-4d5e-bdaf-83f962f17022,IBM,0,1,1,0.0,Berlin,False,0.0
965c6073-4151-4706-af98-3227d5aa1e90,Italian,0,1,1,1.0,Italian,False,1.0
965c9393-14cb-4137-809e-bd23d7842403,Spanish,2,1,1,0.0,French,False,0.0
9663c898-405c-4cb0-a1dd-86315ea85e2b,astronomy,4,1,1,0.0,mathematician,False,0.0
9669fcb6-a86e-49d7-83e9-48fa152da3c0,Turin,4,1,1,0.0,Oman,False,0.0
96767a38-691e-44c8-b2c4-c386668b3471,Archbishop,0,1,1,1.0,Archbishop,False,1.0
967683a2-b960-4b5d-b7d0-689071a1b318,bread,0,1,1,0.0,brake,False,1.0
96844c92-fa7e-473e-b387-c774deb8dd6f,"Philadelphia, Pennsylvania",0,1,1,0.0,"Seattle, Washington",False,0.0
968877b6-b184-4b46-b80e-4f3585ffe3a6,NBC,1,1,1,1.0,NBC,False,0.0
9690136c-8a95-491b-80ad-e240f5490798,village,2,1,1,0.0,"Stone, Staffordshire",False,0.0
9698eecc-1592-42d7-89a7-4f1e6b4801e8,Ireland,0,1,1,1.0,Ireland,False,0.0
96a3a033-019f-4bee-93b7-20f79f88b53a,Google Inc.,1,1,1,1.0,Google,False,1.0
96a4bbb7-e450-4731-96ec-807a59aa7694,BSkyB,3,1,1,0.0,Microsoft,False,0.0
96b64d02-e3de-468d-8c63-613881fc9df2,Dublin,2,1,1,0.0,"London, England",False,1.0
96cdb49c-57ea-47ee-9826-120c9ccda9b0,Chinese,4,1,1,0.0,Google,False,1.0
96db4b6c-5a9a-46bc-98b1-a42b430ea5f4,Philadelphia,2,1,1,0.0,Vienna,False,0.0
96e6fe1e-45dd-47e1-8d48-e4aef7ee0f86,Limerick,4,1,1,0.0,"Bedford, England",False,0.0
96ec62da-8eca-4f12-92a1-caaa915e2fea,Maryland,3,1,1,0.0,California,False,1.0
96ed5ad7-8b48-49d0-bfdf-0c89cdb1b0cc,Antarctica,4,1,1,1.0,Antarctica,False,1.0
96f42b63-fb10-410f-bd94-0f4556bada81,Cairo,3,1,1,0.0,Muslim,False,0.0
96f96f8a-dbc8-4eb0-bebc-a6bf41ef6bb7,Nissan,0,1,1,1.0,Nissan,False,1.0
9704a8ba-4d04-4c8a-bf90-0506c049ddf3,Muslim,4,1,1,1.0,Muslim,False,1.0
97090acc-4325-41a8-ae89-10e013bd3cf9,French,2,1,1,1.0,French,False,1.0
970d74ea-bc35-4ae2-b1a9-e4cb8262a3c6,London,4,1,1,0.0,Nokia,False,0.0
970df93d-6981-4962-a69f-9dab6a9a5185,Alabama,3,1,1,0.0,"Chicago, Illinois",False,1.0
97149a8a-4f6d-4a26-8c45-af4b1fe6bbf2,Honda,1,1,1,1.0,Honda,False,1.0
9717d650-d88e-428e-b7db-981e076ec57a,Ankara,0,1,1,0.0,Istanbul,False,0.0
971ec6b0-d253-42e4-93d5-7ac8b29455ea,centre-forward,4,1,1,0.0,midfielder,False,0.0
972265e5-32a0-42c4-92cb-0747a13a65fc,French,4,1,1,1.0,French,False,0.0
972dc5e2-e499-459c-9e94-328523f05674,Honda,2,1,1,1.0,Honda,False,1.0
9734e5de-e72a-4ed4-99a1-d5cf467070cf,Toronto,3,1,1,0.0,Shanghai,False,0.0
973f6bff-bfb1-410b-94dd-9f1b182ed276,Aleppo,3,1,1,0.0,Berlin,False,0.0
9743990b-0921-44f0-a9c7-6037af68e613,Thessaloniki,3,1,1,0.0,Bulgaria,False,0.0
975951c1-6912-4b43-89fd-03f8f97e31e0,Antarctica,0,1,1,1.0,Antarctica,False,1.0
975d5e58-df43-4240-b4dd-a6e6386f1356,French,2,1,1,1.0,French,False,1.0
97700229-2bca-4527-8ed9-8254989abea5,Dunedin,2,1,1,0.0,Dodge,False,0.0
9770744f-c9fa-479f-b5a2-b2db89e7ea66,Torino,0,1,1,0.0,Italian,False,0.0
977207d7-950e-4c06-a587-e371bdb11c7e,French,3,1,1,1.0,French,False,0.0
977e51eb-0217-4d89-b80d-f093351cebf7,Fiat,0,1,1,1.0,Fiat,False,1.0
977ed79b-20c5-4f06-adeb-86d085ab0a57,Warsaw,1,1,1,0.0,Berlin,False,0.0
977fa035-e979-44cf-b79a-1a2d5fe435cc,Dodge,4,1,1,1.0,Dodge,False,1.0
97813dd5-a365-4b2e-a68b-804953985351,jazz,2,1,1,0.0,English,False,1.0
97815ea8-5576-42ba-a903-cb46624a88df,Archbishop,2,1,1,0.0,French,False,0.0
97851257-5d04-480a-a442-e7b4c19c7b2e,Europe,1,1,1,0.0,Italian,False,0.0
9793435f-13fe-41ae-b286-d5ee5d07c7df,Iraq,3,1,1,0.0,Jerusalem,False,0.0
97996e8b-6d92-45c0-b13a-15fdfb0c7406,Honda,2,1,1,1.0,Honda,False,1.0
979a1a45-b641-4bfe-9e0c-5cb216d657a4,France,4,1,1,0.0,French,False,0.0
97a4e2a3-2089-478c-8680-518f5d8c527e,Vietnam,0,1,1,0.0,Bangkok,False,0.0
97c05f63-1614-4547-b62c-f2ca93d6779d,French,2,1,1,1.0,French,False,0.0
97c52fb3-502a-47d4-9cfa-7afb6bed899f,Andes Mountains,4,1,1,0.0,Antarctica,False,1.0
97c86416-6efd-4ee5-8247-be51a3b1b76c,"Sydney, Australia",1,1,1,0.0,London,False,1.0
97d205ee-39f9-49f0-9de8-92c8c78a60b4,French,4,1,1,1.0,French,False,0.0
97d5b529-dd43-49e7-8302-a2e37ee888a8,Montana,1,1,1,0.0,Antarctica,False,0.0
97d8d584-6cff-4fb4-ab41-6596fd7f95b2,"Sacramento, California",3,1,1,0.0,English,False,0.0
97da9c2b-9fd5-4bc6-9ae8-41addabccf75,Finnish,0,1,1,1.0,Finnish,False,0.0
9807a8f5-9864-40ee-a977-6ae8cd4d7521,Nicaragua,3,1,1,0.0,MA,False,1.0
980846a6-30b8-483a-b62e-00f8685b8fd0,London,0,1,1,0.0,French,False,0.0
980cbc8c-88a3-4511-8a03-3628a8bec19a,"Philadelphia, Pennsylvania",0,1,1,0.0,English,False,0.0
9818581d-b571-49cb-8cb3-d1095c17b044,"Lincoln, Nebraska",1,1,1,0.0,"Houston, Texas",False,0.0
98325a52-1af4-47a8-affd-1f997149422c,London,1,1,1,1.0,London,False,1.0
98364909-b024-4de4-8328-eddc08b02e74,Apple Computer,1,1,1,0.0,IBM,False,0.0
9849ffa6-3642-47dc-9470-316fd3fa8adb,Google,0,1,1,1.0,Google,False,0.0
984f3d8e-2d30-4327-b81e-4de201a7302e,Southampton,3,1,1,0.0,London,False,0.0
98558f0c-7b32-4359-a0eb-086f3e59955b,ESPN,3,1,1,0.0,Berlin,False,0.0
98703353-49dc-41cd-9411-6a46319ac995,Canadian,1,1,1,0.0,English language,False,0.0
98770b9f-c4cf-4709-86f1-a40573da7b45,Paris,0,1,1,1.0,Paris,False,0.0
98787c2d-a791-4e8b-a5ad-1abba815c814,Singapore,2,1,1,0.0,London,False,0.0
987be880-cf73-49ed-bf00-b476543284a7,mayor,4,1,1,0.0,Archbishop,False,0.0
987d833e-734c-470e-a54e-346061a0e982,Antarctica,2,1,1,1.0,Antarctica,False,1.0
9882b79e-8bc2-4d0d-8b45-5b9929f7b2c8,Dodge,3,1,1,1.0,Dodge,False,1.0
98927ada-1723-4d21-9220-8a8b5cee211d,Hertfordshire,1,1,1,0.0,Doncaster,False,0.0
9896bd0b-ebf6-4a04-8913-11f59c7f6fa3,Archbishop,1,1,1,1.0,Archbishop,False,0.0
989d3af4-a127-414f-93d9-a07e9ee32b5c,Lyon,2,1,1,0.0,Paris,False,0.0
98a0c645-3828-42c1-b1ee-bd1503fb25fd,Venetian,0,1,1,0.0,Italian-language,False,0.0
98abd129-264b-44c4-a6aa-b8d9dbd5b338,French,4,1,1,1.0,French,False,0.0
98ac2250-21f5-4d64-a9e8-88cf2c7710ff,Antarctica,3,1,1,1.0,Antarctica,False,0.0
98b69e24-78b6-4608-8a7a-3e4e3972c41e,French,1,1,1,1.0,French,False,1.0
98c0aa3d-13d5-4066-9595-1c2ac24e9a17,Swan Records,3,1,1,0.0,Decca Records,False,0.0
98c34ed1-4317-47ba-8fa6-fb62c7f6a074,Rome,4,1,1,0.0,"Rome, Italy",False,1.0
98c451c1-d77e-4407-9c84-fb30221a995c,Gothic language,3,1,1,0.0,Danish,False,0.0
98c7152c-e209-4d0e-b8fb-f84dc80d0d70,"Oxford, Mississippi",0,1,1,0.0,English,False,0.0
98c7cee7-5611-4818-b79d-8071135ce001,Motown Records,4,1,1,0.0,Decca Records,False,0.0
98c94bbe-651d-44ac-831f-223ba9356d90,Antarctica,1,1,1,1.0,Antarctica,False,1.0
98d4424b-93ea-4246-97f1-621aba62ef3d,BBC,1,1,1,1.0,BBC,False,0.0
98d47c4e-36f5-4388-a865-9f3f25f36e91,Singapore,4,1,1,0.0,Chinese,False,0.0
98d47f85-ba4e-472f-b147-7932ecf07c5e,English,2,1,1,1.0,English,False,0.0
98eb70ee-bf43-4aee-8e1c-28a0590df388,Copenhagen,4,1,1,0.0,"Athens, Greece",False,0.0
98ec9e05-2829-4e46-b79b-6eb68ac48a46,London,2,1,1,0.0,English,False,1.0
98f152c5-0901-48ed-9e2a-24732e06035a,Istanbul,3,1,1,0.0,Islam,False,0.0
98ff7731-6e2a-4eb2-aed6-78cf5934efab,"Winnipeg, Manitoba",2,1,1,0.0,"Lancaster, California",False,0.0
9902ea87-953e-40fd-ade7-14f2587cfc2f,Porsche,1,1,1,1.0,Porsche,False,1.0
9904283c-60ee-45d5-8283-f2cdde18e8dc,Nickelodeon,4,1,1,0.0,NBC,False,0.0
99095999-2427-4c24-ac4b-95c8c9d1b0e1,Munich,1,1,1,0.0,pope,False,0.0
990b0dfa-bc8b-4a18-8a60-3736559e20ad,Decca Records,1,1,1,1.0,Decca Records,False,0.0
9931e46b-76c6-4b42-9fe9-a5388c97eb11,Roman Catholic cardinal,1,1,1,0.0,Italian,False,0.0
993e414b-d2d6-407d-bb9e-9e4c6d25aab0,Nottingham,1,1,1,0.0,London,False,0.0
994540ff-4733-4894-8772-ccbf54c88c81,journalist,0,1,1,0.0,Finnish,False,0.0
99478fff-8058-47c6-b691-5793b4c198d2,Minnesota,0,1,1,0.0,Italian,False,0.0
995c1197-d00d-49e6-a930-c6f56305d539,Australia,4,1,1,0.0,London,False,0.0
995e03dd-abd4-48d7-a8d5-6155cd15e5a5,Yahoo!,2,1,1,0.0,Microsoft,False,1.0
99631f09-f7dd-45e1-a4ef-e01d26cc1bcf,Motown,3,1,1,0.0,Decca Records,False,0.0
9964b31d-4b2c-497e-a1b8-720d7234299e,Swiss,1,1,1,0.0,French,False,0.0
9972b15f-e299-4fd1-8406-dcfc9e750737,Microsoft,4,1,1,1.0,Microsoft,False,0.0
998d2904-f98d-43b9-8a2c-7206d04f3c21,Leeds,2,1,1,0.0,London,False,0.0
998db754-862a-47ed-a5fa-a20c1e434f16,sodium,1,1,1,0.0,nitrogen,False,1.0
998f5958-48f6-4678-af90-d5fc87d79c1d,Porsche,2,1,1,1.0,Porsche,False,1.0
9997d234-7681-4e21-855e-6e8e0f890b90,"Angeles City, Pampanga",4,1,1,0.0,London,False,0.0
999ab83f-58a6-4f35-8719-0446bc3a5253,Berlin,1,1,1,0.0,Tokyo,False,0.0
999f0bfa-d38e-407e-b577-70b7db82edcb,Sony,3,1,1,0.0,Microsoft,False,0.0
99a2faeb-48d8-436f-92bd-65f99ab5abef,Dodge,2,1,1,1.0,Dodge,False,1.0
99a6fa3d-f8c2-45bf-94e1-90cd0c001b20,Motown,0,1,1,0.0,English,False,0.0
99bf876d-ba3e-491d-8353-4ec3bb0eb253,Swiss,3,1,1,0.0,French,False,0.0
99c846a1-b1c8-4e1b-b720-7df0356ac564,"Philadelphia, Pennsylvania",4,1,1,0.0,India,False,0.0
99d3eb53-83ad-4ca5-aca8-3c8b8a00cd11,Italian,3,1,1,1.0,Italian,False,1.0
99d50f90-5b3b-4d0e-9362-c076a62f294d,Antarctica,2,1,1,1.0,Antarctica,False,0.0
99fb93f6-b6cc-4cb2-8048-9eb8c7d70bfd,Bahrain,2,1,1,0.0,Antarctica,False,0.0
9a059b56-b2bf-41b6-a686-697c70de6a1c,Decca,4,1,1,0.0,Apple Inc.,False,0.0
9a1420a9-aa29-45f6-8f1e-365fefce5b8f,Antarctica,2,1,1,1.0,Antarctica,False,1.0
9a1b25b9-485c-4362-8473-0c5b0926c8c1,"Atlanta, Georgia",2,1,1,0.0,"London, England",False,0.0
9a1f4779-c189-414b-8fff-dfbeecbff441,English,4,1,1,1.0,English,False,0.0
9a3cc0d7-3089-4f2b-aae2-165bb600594e,"Wellington, New Zealand",4,1,1,0.0,London,False,0.0
9a4923d4-efc5-4d92-8e99-dbe05e6a062c,Luzon Island,3,1,1,0.0,Antarctica,False,0.0
9a555d88-0be3-4f34-9fc1-26a4994e3e94,IBM,2,1,1,0.0,Microsoft,False,0.0
9a5ba010-c2c9-49c7-921d-0083389a2871,Manitoba,0,1,1,0.0,French,False,1.0
9a669d69-c0ee-4119-92fb-cadfe1ca6c04,"Vancouver, British Columbia, Canada",0,1,1,0.0,London,False,0.0
9a6a3add-b906-46df-8056-503571eeff1e,Microsoft,3,1,1,1.0,Microsoft,False,0.0
9a7859ce-68f1-45a6-ab05-2a0c0b32b842,Luftschiffbau Zeppelin,0,1,1,0.0,Berlin,False,0.0
9a7c9a83-a6c6-4421-8425-46770d5cf237,Bihar,1,1,1,0.0,Maharashtra,False,0.0
9a804a64-059d-4c19-8847-9f27284c28e6,Canton,3,1,1,0.0,English,False,0.0
9a874b38-1763-4388-8ad4-0f56663f6de5,Beijing,0,1,1,0.0,London,False,1.0
9a909a5d-9557-4998-815b-139c63238e6c,Douglas Aircraft Company,2,1,1,0.0,Dodge,False,1.0
9a910325-c496-4650-bcce-f89b6962c52c,Oregon,4,1,1,0.0,Pennsylvania,False,1.0
9a9693c8-f0de-42a7-ae6a-dbb4b33cb5fe,"Bombay, India",3,1,1,0.0,London,False,0.0
9a9d63d9-a9d7-4788-aebd-c07f697027ec,psychology,1,1,1,0.0,topology,False,0.0
9a9ec308-9ab1-48a5-8f54-8d19c90dcee2,Dutch,3,1,1,0.0,English,False,0.0
9abf10bc-7c90-4a8b-b639-fed9e92d6c1d,MTV,0,1,1,0.0,NBC,False,0.0
9ac69d9d-6338-4a68-8e0e-5dd4152f4b96,NBC,4,1,1,0.0,CBS,False,0.0
9acb3520-b772-4b9f-8a99-f870d519fc56,English,3,1,1,1.0,English,False,0.0
9ace5161-d3ef-477d-98eb-6288008bb9a7,Antarctica,4,1,1,1.0,Antarctica,False,1.0
9ad21bc8-81f1-4ef1-a0df-b79522f7af66,Italian,2,1,1,0.0,French,False,0.0
9afd2825-8547-46b6-b940-de09f3be3598,Budapest,4,1,1,0.0,Berlin,False,0.0
9b002195-7191-4d90-bf6e-e697627679fe,Nicaragua,2,1,1,0.0,Spanish,False,0.0
9b115d18-7d27-4b3e-9e13-012a74657cc7,Augsburg,0,1,1,0.0,Dresden,False,0.0
9b158529-bd02-4a16-a381-7b20acf277a0,Chicago,0,1,1,0.0,California,False,0.0
9b15e808-e596-4c5b-b7b5-66967b9bc70b,Honda,3,1,1,0.0,Apple Inc.,False,0.0
9b1928fe-64c1-4095-954a-278bfd54895f,French,2,1,1,1.0,French,False,0.0
9b34aaa7-7221-4cb3-8871-35b4ff49c1bc,astronomical observatory,1,1,1,1.0,astronomical observatory,False,1.0
9b36949b-bba7-4d68-a0bc-23b4d2351985,French,2,1,1,1.0,French,False,0.0
9b4cb13b-8f3d-478b-9964-313d4c99e36c,French,4,1,1,1.0,French,False,0.0
9b4d3ee1-631f-4f65-98b7-7f9052a4b731,CBS,1,1,1,1.0,CBS,False,0.0
9b5686a0-3843-428d-af06-428f566dcfa9,Delaware,1,1,1,0.0,Antarctica,False,0.0
9b5dd943-0ac2-4b6e-8da4-889d62630717,"Manhattan, New York",3,1,1,0.0,Jerusalem,False,0.0
9b5e919b-1247-4700-add3-ca49d25ac24d,"Lincoln, Nebraska",0,1,1,0.0,"Chicago, Illinois",False,0.0
9b5f0173-ae7c-4b67-a03d-147b53f8ff4d,Ontario,0,1,1,0.0,"Boston, Massachusetts",False,0.0
9b652988-fcd4-427e-8a66-af3e1d39dc10,jazz,0,1,1,0.0,French,False,0.0
9b665ebc-4a9a-4cd2-a168-a6c5a2da6a2f,Microsoft,3,1,1,1.0,Microsoft,False,1.0
9b6936e4-e2c8-4d4e-b01e-03d80a649a78,Fiat,1,1,1,1.0,Fiat,False,1.0
9b73bcc0-dd42-48c3-9ffd-13d66aa28ad7,Havana,4,1,1,0.0,Paris,False,0.0
9b822843-78ca-4b8f-bbc8-01b6539a8759,Amsterdam,2,1,1,0.0,Dutch,False,0.0
9b9bc2b7-1aed-4649-95eb-c132dbfcc988,Karnataka,2,1,1,0.0,Kerala,False,0.0
9ba2e376-beac-4de1-a08b-ba190d9beb98,"Meridian, Colorado",1,1,1,0.0,London,False,0.0
9ba33020-c8f7-4bc1-9998-bd39eb91b051,Stockholm,4,1,1,0.0,French,False,0.0
9bb15b9e-5a1d-45cb-95fe-c9e602f16d3e,opera,1,1,1,0.0,Archbishop,False,0.0
9bb2d485-3aa1-4bc5-9fba-ac6dd609b6cb,Slovenia,3,1,1,0.0,Germany,False,0.0
9bc0a364-2d0c-404b-9150-882d66cc895d,Sony,2,1,1,0.0,Apple Inc.,False,0.0
9bc0aef6-4431-404c-ba54-45f4c3b2893b,Antarctica,0,1,1,1.0,Antarctica,False,1.0
9bcb1580-3b52-4905-b1bc-4ca0643d7501,Antarctica,2,1,1,1.0,Antarctica,False,1.0
9bd26a39-3438-4a93-8369-6bd98dfec76e,Rome,4,1,1,0.0,"Milan, Italy",False,0.0
9bd728ea-0ab8-4ea0-84d4-e8283eebb649,French,0,1,1,1.0,French,False,0.0
9bd9f95e-93cf-46ea-87be-c9f4f9038aa3,Dallas,2,1,1,0.0,Canada,False,0.0
9bdc4b76-25ea-4cf0-9ce4-58c709f167b5,"Sacramento, California",0,1,1,0.0,London,False,0.0
9bddcf03-c525-4428-919c-20b0b9f46655,Norwegian,0,1,1,0.0,Finnish,False,0.0
9be01520-a49e-4191-b37a-5dec900bec04,"Houston, Texas",3,1,1,0.0,London,False,0.0
9be3fd31-d60b-450d-95bb-9241c6946dcd,French,4,1,1,1.0,French,False,1.0
9bf3fdd3-0939-4c8b-832f-445d0162b9d2,Honda Motor Company,3,1,1,1.0,Honda,False,0.0
9bf7af60-1cad-4748-bfb3-c85af28d607b,physiologist,0,1,1,0.0,jazz,False,0.0
9c003ef2-1d10-4726-9a6f-dbeebf8b9cae,Oslo,1,1,1,0.0,Stockholm,False,0.0
9c0199ab-ed64-4a0c-9b9c-6860ea1a12ff,Antarctica,0,1,1,1.0,Antarctica,False,0.0
9c0d7fe0-b7cb-4b53-99f9-59531a7c860b,NBC,2,1,1,1.0,NBC,False,1.0
9c113543-b332-477b-809c-627679f20d9a,Antarctica,3,1,1,1.0,Antarctica,False,0.0
9c11397e-ea03-4029-9bf7-b17e70ffc7c2,Basel,4,1,1,0.0,Berlin,False,0.0
9c14655c-b1e4-48c8-b74a-2320bf33db1d,Pakistan,0,1,1,0.0,NBC,False,1.0
9c27dccc-5a77-4fb4-aca1-508c3f9ec69b,French,2,1,1,1.0,French,False,1.0
9c2b2202-ee85-4e53-932d-7fe20f140f52,sandwich,2,1,1,0.0,bread,False,0.0
9c31c98d-8e5e-4caa-b8d3-9cea4c19e411,Antarctica,3,1,1,1.0,Antarctica,False,1.0
9c353556-1002-4b81-9161-d25963e0c3fb,anglophone,1,1,1,0.0,Canadian,False,0.0
9c355af2-b354-476b-96c3-b9baa45e925a,Nigerian,0,1,1,0.0,Andes,False,0.0
9c502941-a00d-41ab-a9bc-21a849800294,Kolkata,0,1,1,0.0,English,False,1.0
9c6dbbeb-88dc-4b2c-bd44-8039d5e62793,French,2,1,1,1.0,French,False,0.0
9c75e1f3-445c-41e6-b488-b41192325a9a,Palermo,0,1,1,0.0,"Rome, Italy",False,0.0
9c77389f-3326-40c3-bf3e-85023b2f8a19,sociologist,3,1,1,0.0,Polish,False,0.0
9c833633-1b94-4f80-8305-10552412667e,Gloucestershire,1,1,1,0.0,London,False,0.0
9c8abaff-c2e1-4066-a15c-ff746cdc1392,Edinburgh,4,1,1,0.0,French,False,0.0
9c8da4ba-8de4-4319-9a32-be3d50dc7aa0,Sicily,4,1,1,0.0,Antarctica,False,0.0
9cae43a0-a4ce-4d0d-bde0-597ce4e675f9,Cairo,0,1,1,0.0,Damascus,False,1.0
9cb1ca0a-cdd8-4ffd-9062-1538a104b442,Spain,0,1,1,0.0,Spanish,False,0.0
9cb71191-0805-4320-91f4-9e4655051bcd,Warsaw,3,1,1,0.0,London,False,0.0
9cbd6e45-659a-4367-a1f7-89494d214706,Utrecht,3,1,1,0.0,Rotterdam,False,0.0
9cbe38cf-6dc1-4fd7-bc14-bc494270d417,Derby,4,1,1,0.0,Paris,False,0.0
9cca3def-e496-406e-b8e4-663ab5493368,French,1,1,1,1.0,French,False,1.0
9cda1783-7b85-465d-945d-e51c7d5d6131,Manchester,3,1,1,0.0,English,False,0.0
9ce50c89-e396-40f0-b347-1be376ea3aab,Finnish,3,1,1,0.0,Dutch,False,0.0
9cff09be-c430-4041-9c24-811496a946ab,Kentucky,2,1,1,0.0,India,False,1.0
9cff552c-682b-4dcb-af7e-23804dea3511,Maryland,1,1,1,0.0,London,False,0.0
9d087c1d-c425-4e33-85b2-ca043a4419ab,Manila,0,1,1,0.0,Toyota,False,1.0
9d14e127-92f0-4375-b07e-5cb2533eb09e,Bishop Emeritus,0,1,1,0.0,Archbishop,False,0.0
9d18811d-dd74-4549-8636-5ce4071f18a7,Audi,2,1,1,1.0,Audi,False,1.0
9d20982c-19de-4fe9-9781-dbe53a065e2b,Glasgow,3,1,1,0.0,French,False,0.0
9d34a270-fa60-4696-ba32-5ffe7a911f87,MTV,3,1,1,0.0,NBC,False,0.0
9d3d9112-9a36-4d79-832e-35d6e32711f8,Packard Motor Car Company,1,1,1,0.0,Chevrolet,False,1.0
9d55d313-a60a-4489-bd34-a7d78310855a,Jerusalem,1,1,1,0.0,London,False,1.0
9d69a12d-656d-4c3e-8b3d-54c9aa5a9e3e,Suzuki,4,1,1,0.0,Toyota,False,0.0
9d726fb1-0ddd-4bad-a705-9c65d871ef72,BBC,2,1,1,1.0,BBC,False,1.0
9d7e10cd-3c49-47fc-b4ef-9d28e4e86fb8,Airbus,4,1,1,1.0,Airbus,False,1.0
9d80ef46-de33-4159-905f-4e35af983283,Seville,2,1,1,0.0,Madrid,False,0.0
9d811730-5557-40a5-888c-e35251bba4b6,Bavaria,1,1,1,0.0,Germany,False,1.0
9d85bee4-2245-4349-99c8-ae4fd31eb294,abbé,2,1,1,0.0,French,False,0.0
9d8619a6-52ae-4eaa-acc5-b2b10244b1be,Minnesota,2,1,1,0.0,Microsoft,False,0.0
9d8854f6-004f-41dc-a906-e4ce052d6cc4,Santiago,2,1,1,0.0,Rome,False,0.0
9d92a536-04a5-4a0e-abd6-36c57c135506,Texas,4,1,1,0.0,Antarctica,False,0.0
9dadcf3d-c900-4723-bd45-f268ec222690,EMI,4,1,1,0.0,Decca Records,False,0.0
9db33012-ae8b-4e19-94d4-c1aaa5054452,French,1,1,1,1.0,French,False,1.0
9dbe80b3-202b-4bb4-a4a2-e8c68996c268,Catalunya,4,1,1,0.0,Spanish,False,0.0
9dc4023b-b2bf-437e-b00f-d1656e3637f7,Sega,0,1,1,0.0,Microsoft,False,0.0
9dc76c29-d6ab-4c59-b3e7-f3fd25eded42,English,4,1,1,1.0,English,False,0.0
9dd74794-604d-4fe9-a4e3-11bbfd67ceaa,"Albuquerque, NM",3,1,1,0.0,Andes,False,0.0
9dd85a36-73c4-4c3d-90c6-391b1d9c5773,sand,2,1,1,0.0,flour,False,1.0
9ddacbbb-28b7-4c08-95af-06582ac9d692,CBS,4,1,1,0.0,NBC,False,0.0
9dde6ddf-711a-4533-9f2e-49544a07598c,Yahoo!,0,1,1,0.0,Apple,False,0.0
9de46979-a6fd-465b-a717-58dce2df2a5e,Melbourne,0,1,1,0.0,London,False,0.0
9de7ce37-4f0e-4ffe-a75d-6ca40ef28807,"Salisbury, Maryland",4,1,1,0.0,Toronto,False,0.0
9dea8e84-3cdc-46cc-9731-71dd2082528e,Islam,4,1,1,1.0,Islam,False,1.0
9df61857-d382-4b92-b567-cf3e924a50e8,Bombay,1,1,1,0.0,Tehran,False,0.0
9e0b24c3-274a-4ad2-ad24-06207cbab47e,Stockholm,3,1,1,0.0,English,False,0.0
9e166b6c-d1fd-44b0-bd45-724a575795d1,France,1,1,1,0.0,French,False,0.0
9e2f04d9-5f0a-497c-9c31-154e52b03104,Pennsylvania,4,1,1,0.0,Montana,False,0.0
9e438c4f-67d9-41d0-8b26-cbd312a5643e,bread,0,1,1,0.0,rice,False,0.0
9e494e4e-0dc0-4fba-8569-9eebb0198d5a,Toyota,0,1,1,1.0,Toyota,False,0.0
9e4fd93b-a3b1-4b2d-813a-7b2590528200,Hawaii,2,1,1,0.0,London,False,0.0
9e510952-6134-431e-9e44-be08a576a2de,Dutch,0,1,1,1.0,Dutch,False,0.0
9e582415-a3f7-4335-98ae-0f64ec6ffc7a,CBS,0,1,1,0.0,NBC,False,0.0
9e66dfb8-8ec4-4aeb-bbad-78679da7bd23,"Rome, Italy",1,1,1,0.0,Paris,False,0.0
9e700594-b365-4141-b0e4-8495c41ac8c4,mathematician,3,1,1,0.0,Italian,False,0.0
9e7c8257-ac07-4fd2-a116-683bb4dbc6dc,jazz,4,1,1,0.0,English,False,0.0
9e84414b-61c5-4196-9e99-e2771f55fbd5,Dodge,3,1,1,1.0,Dodge,False,1.0
9e8ab246-75a3-4ecb-bb6e-268f26c41f4d,Berlin,2,1,1,1.0,Berlin,False,0.0
9e946a9b-832d-4c20-b657-8a3ce6a6012e,Volvo Cars,3,1,1,0.0,Honda,False,1.0
9e9834be-9d07-4946-81a1-bd0f7f384b50,"Reading, Berkshire",3,1,1,0.0,Antarctica,False,0.0
9e9aef9e-aabb-4f06-8665-1e7156ba3fe8,military ethics,3,1,1,0.0,French,False,0.0
9eaec9b6-e795-450f-b8d7-145a000d20de,NBC,0,1,1,0.0,CBS,False,0.0
9eb6d176-3f9e-483a-af9f-2e479d508c30,Antarctica,3,1,1,1.0,Antarctica,False,0.0
9ebcca09-d42f-4645-acfb-7bf9b36bd3fe,Apple Inc.,3,1,1,1.0,Apple Inc.,False,0.0
9ec28d01-2cf5-4e9a-b07a-0c6f305b921a,Munich,1,1,1,0.0,Berlin,False,0.0
9ec8634f-2140-4e6a-8e78-fa4c1b31275e,NBC,4,1,1,0.0,CBS,False,0.0
9ec9de51-4e49-49f2-848b-6387c9c21299,physician,3,1,1,0.0,bishop,False,0.0
9ed5a690-9ee5-41c9-8223-57d135a576c0,harpist,3,1,1,0.0,English,False,0.0
9ed5d16a-17b8-4475-a6c7-d3d4771139f5,fantasy,4,1,1,0.0,Russian-language,False,0.0
9ee488db-bf56-4b31-83d7-b6f5f3e5e167,BMW,1,1,1,0.0,Honda,False,1.0
9ef1a73e-fdf6-4ae9-917e-732d58d715a1,H,4,1,1,1.0,H,False,0.0
9ef48df5-f9fb-4c26-9f97-050a6ca8f2c5,Renault,4,1,1,1.0,Renault,False,1.0
9ef4b831-ac75-41df-8796-99dddbaa123b,Adobe Systems,4,1,1,1.0,Adobe Systems,False,1.0
9ef543f2-9838-48f5-932d-c170ef19dc4a,Antarctica,4,1,1,1.0,Antarctica,False,0.0
9efe3e65-e9c4-4822-88f6-3bfb24875011,Motown Records,0,1,1,0.0,Decca Records,False,0.0
9f24bc12-fc2f-4271-812c-d067c87e83ff,Louisiana,3,1,1,0.0,French,False,0.0
9f24e531-2714-46d3-8679-ed1cacf17f44,French,3,1,1,1.0,French,False,1.0
9f3f1bd3-0652-48a5-bf69-adb1add33b0b,midfielder,2,1,1,1.0,midfielder,False,1.0
9f3f79bb-4692-46bd-b252-71c0c8bd651f,"London, England",3,1,1,0.0,"Alpine, California",False,0.0
9f5535f7-49fb-47b5-8b5b-232c21b6a804,Spanish,1,1,1,1.0,Spanish,False,1.0
9f56ddc7-2e4c-4a44-9166-2017f4f6a6a5,bishop,2,1,1,1.0,bishop,False,0.0
9f6f72bc-5667-4d2a-90b9-421794d80d78,Antarctica,1,1,1,1.0,Antarctica,False,0.0
9f7f59e2-aac4-4952-9600-87e21904a3a2,French,1,1,1,1.0,French,False,1.0
9f87338d-a4be-406d-a279-3bcaa815dc19,rice,2,1,1,0.0,flour,False,1.0
9facc77a-2be6-4f14-93c1-a16eefb93f24,Antarctica,2,1,1,1.0,Antarctica,False,0.0
9fb1a016-9888-496b-94fe-7a9f9eee5fcd,Microsoft,2,1,1,1.0,Microsoft,False,0.0
9fb7820c-d20a-4b2d-8acb-98f85dab2d6c,English,3,1,1,1.0,English,False,0.0
9fbbc548-0dc0-4a84-9f26-8cce5199b9bd,"Ottawa, Ontario",4,1,1,0.0,Antarctica,False,0.0
9fc12358-b930-4c60-9e35-7f3571b68eb5,Google,4,1,1,1.0,Google,False,1.0
9fcf5db2-7b49-47e3-8639-91672ec295fa,Cornwall,0,1,1,0.0,Ireland,False,0.0
9fedcc5b-7389-4127-a113-f7df27e59dd0,attacking midfielder,4,1,1,1.0,midfielder,False,1.0
9ff453c1-c748-436c-aa4f-c09248ba81fe,NBC,4,1,1,0.0,CBS,False,0.0
9fff1510-916e-417f-8811-82fffe565a2c,Suzuki,2,1,1,0.0,Honda,False,1.0
9fffa194-e0a9-424f-90c7-8b06b2086a8a,IBM,2,1,1,0.0,Google,False,0.0
a008110c-0e7d-42b6-bab6-8446b7968595,Italian,1,1,1,1.0,Italian,False,1.0
a0106aa1-36c9-4a57-ac58-43c22b36938f,Stockholm,0,1,1,0.0,Australia,False,0.0
a013413a-493f-4d68-9d29-71fa36726498,English,1,1,1,1.0,English,False,0.0
a0221fbf-21c7-4882-9e9c-599b69b436be,Italian,0,1,1,1.0,Italian,False,1.0
a02be302-4b10-4ef0-9e2c-dd4dd5dbe809,"Bangor, Maine",0,1,1,0.0,Boston,False,0.0
a02e711f-9a31-4626-bac2-3e9e78d864a9,"Cincinnati, Ohio",2,1,1,0.0,Boston,False,0.0
a03c4172-9517-4b47-b935-4fef21cb5297,Jakarta,3,1,1,0.0,Singapore,False,0.0
a040a518-a53d-4c95-aea4-14ff61e729da,Archbishop,4,1,1,1.0,Archbishop,False,0.0
a0475f89-4b74-4b6d-b9e9-7ad9ac6ab29e,Bulgarian,4,1,1,0.0,Russian,False,1.0
a04c2351-b50a-46ea-a0ca-f33d3f6effc6,Scotland,0,1,1,0.0,Antarctica,False,0.0
a060ce1e-d0ad-4e3b-a818-32926b444025,"Halifax, Nova Scotia, Canada",1,1,1,0.0,NBC,False,0.0
a0803b57-bf98-413d-aecc-ba2a6fea306b,Bristol,2,1,1,0.0,London,False,0.0
a082157b-c0b3-4115-b389-c7a416635ec2,Shanghai,2,1,1,0.0,Italian,False,0.0
a09fdc8e-9cc3-4920-abba-d63856e25628,Ukraine,2,1,1,0.0,Russia,False,0.0
a0a15bb8-a6cb-4c59-85d0-41a49e7b0841,Lancaster,1,1,1,0.0,London,False,0.0
a0c1504e-5ec9-4204-90aa-08bed56880dc,English,1,1,1,1.0,English,False,0.0
a0c9c0fc-65e1-4d5a-a934-5639c26cfe62,Rome,1,1,1,0.0,"Rome, Italy",False,0.0
a0df36dd-0467-4b92-8b5d-d7416f3c7e52,Hartford,1,1,1,0.0,Decca,False,0.0
a0ef01a7-31bd-470c-824f-d2f0a02e6b05,Telugu,3,1,1,0.0,Sanskrit language,False,0.0
a0f093c1-369c-4744-a6be-4bc5bc224a04,Rajasthan,4,1,1,0.0,Kerala,False,1.0
a0f42fe1-bd8a-46d1-ac19-e07c232ffe7b,indoor arena,0,1,1,0.0,Chinese,False,0.0
a0f4702a-5f7c-4776-aba3-223e02252359,French,2,1,1,1.0,French,False,0.0
a0fd34aa-5e4c-498e-93d5-c1ad92a8b4e0,Leipzig,2,1,1,0.0,Berlin,False,0.0
a103111f-c72e-43f7-8e69-0d1deb548224,Shropshire,2,1,1,0.0,"Victoria, Australia",False,0.0
a104da25-8a42-408b-91f9-5a9ab55cf662,Gothenburg,3,1,1,0.0,Romania,False,0.0
a10b7e75-9dad-4dbb-bb2d-f806f862c50d,Europe,4,1,1,0.0,Estonia,False,1.0
a10c44a2-70f3-4162-92c1-65325b395ad4,jazz,0,1,1,0.0,English,False,0.0
a10c917f-3038-4330-9b8b-edd3a5d00c6b,Dubai,0,1,1,0.0,Iran,False,0.0
a126daa7-c2a8-471f-a231-b5a9df389233,Antarctica,4,1,1,1.0,Antarctica,False,1.0
a1344dba-addd-4841-be49-8eac4a2965d8,London,0,1,1,0.0,Germany,False,0.0
a1368e1c-8455-4efa-a8fe-2e5c564911a1,Italian,3,1,1,1.0,Italian,False,0.0
a13bb9b1-b77a-4c85-82c5-7afae80368f0,Kyoto,3,1,1,0.0,Tokyo,False,0.0
a13df6c1-fbea-469d-b95d-9a73131221ae,French,2,1,1,1.0,French,False,0.0
a13e5285-7970-4af1-9502-78cd50a8a224,jazz,4,1,1,0.0,English,False,0.0
a145e25e-d284-47d0-85f0-e3664dbb106a,Sudan,0,1,1,0.0,Islam,False,0.0
a147c48c-d073-493c-9d91-22e321b7d75e,saxophonist,0,1,1,0.0,jazz,False,0.0
a151e1cb-2add-4f2d-ab62-5aacead67586,Augsburg,1,1,1,0.0,Italian,False,0.0
a15437aa-e728-49e7-8f2d-3a52e034eece,Antarctica,2,1,1,1.0,Antarctica,False,0.0
a15ec927-7c79-4167-959e-0df5a80e3cf1,Archbishop,4,1,1,0.0,English,False,0.0
a165e408-a100-4cc7-b148-985db3b03df2,English,3,1,1,1.0,English,False,0.0
a166293e-7f3c-46b9-a99d-7795a7b52af3,Finnish,2,1,1,0.0,English,False,0.0
a16d38be-272a-47b9-98ac-2246de4b9518,river,2,1,1,0.0,Antarctica,False,0.0
a172881d-84a1-4a2d-9b5b-b002b4c3829f,Antarctica,0,1,1,1.0,Antarctica,False,1.0
a175d745-ae0d-476e-a966-3b51ab31feae,Karnataka,2,1,1,0.0,Kerala,False,1.0
a17627ed-3201-492a-a62f-80b3732c8753,Scottish,3,1,1,0.0,English,False,0.0
a17a1d3c-f2ba-4009-8f00-ed6c5816640a,Antwerp,3,1,1,0.0,Amsterdam,False,0.0
a17a7967-ccec-4b6a-9176-7f46f9a8531d,Germany,3,1,1,0.0,Antarctica,False,0.0
a1824c11-8adb-4424-98f3-bd18a9ee4979,Motown,2,1,1,0.0,English,False,0.0
a18b21bd-19c6-44c7-913b-ebfb7112c7f4,HBO,1,1,1,0.0,BBC,False,0.0
a19391bc-0660-4784-8877-ebe53e6ef0ca,Mali,3,1,1,0.0,Egypt,False,0.0
a193eb04-c7a7-4380-80d1-df33eb5d27b6,Toronto,2,1,1,0.0,English,False,0.0
a195c087-d6c9-419e-806d-dacf11857d50,Japan,0,1,1,1.0,Japan,False,0.0
a199d8e6-9004-4dcc-9b07-97125da8b428,Dublin,1,1,1,0.0,French,False,0.0
a1b3b78b-0902-4eb1-9af7-09507ebc97e0,Helsinki,1,1,1,0.0,Vienna,False,0.0
a1c43206-28d2-4427-9fc7-bd9703563e7d,sociologist,3,1,1,0.0,jazz,False,0.0
a1c6c534-770b-46e9-8913-08623302b47b,French,0,1,1,1.0,French,False,0.0
a1e3685f-0493-42bf-bd47-168da2a2c923,jazz,0,1,1,1.0,jazz,False,0.0
a1f6664c-4e60-4938-86e1-99a73cbde1ab,English,4,1,1,1.0,English,False,0.0
a20d2a20-53ef-42f6-af37-c5a143c8b40c,CBS,4,1,1,1.0,CBS,False,0.0
a20e4515-86ed-4896-9fc9-ce8f0ffb748f,molecule,1,1,1,0.0,protein,False,0.0
a20fd161-bb67-4e85-ba27-4933471a68ff,Chicago,4,1,1,0.0,NBC,False,0.0
a211ec45-69e6-4493-a065-4a14214f5a78,Dutch,2,1,1,0.0,English,False,0.0
a21bb627-345c-45d0-ac82-b9f95153bf69,London,4,1,1,1.0,London,False,1.0
a21d55de-0ccd-4794-b6fb-4c50f093439e,Apple Inc.,4,1,1,1.0,Apple Inc.,False,0.0
a2248734-5de9-488b-834d-628b49f60a81,Utrecht,2,1,1,0.0,Antarctica,False,0.0
a22632ec-678b-4be3-a916-ab9c806cc715,Yerevan,2,1,1,0.0,Barcelona,False,1.0
a229a7f1-ed96-44df-bfa8-5ef806720c5c,"London, England",1,1,1,0.0,"Brisbane, Australia",False,1.0
a22c1275-f130-4a35-8dfe-3510dfaad5f9,London,0,1,1,0.0,Berlin,False,0.0
a22c897d-0483-4cd5-92f5-58ea280881ac,saxophonist,0,1,1,0.0,actor,False,0.0
a231e4b2-3e2d-4f79-8ec5-4fbe530c21ba,English,0,1,1,1.0,English,False,0.0
a2411bda-2f82-432d-9881-d0ee53bbd0d0,Intel,2,1,1,0.0,English,False,0.0
a245acd9-77af-4fa4-b432-59600faa4566,Boston,1,1,1,0.0,Philadelphia,False,0.0
a247a097-cbd7-402a-a76b-2969b08f34b8,physics,3,1,1,0.0,London,False,0.0
a24d37c1-5d87-4465-8c6a-9ab4a83c152c,Gothenburg,0,1,1,0.0,Finnish,False,0.0
a256ef96-faca-4171-9ab5-b2aa4657dfb7,Google,3,1,1,1.0,Google,False,1.0
a266d187-4955-44cf-81ed-664dd3bb2a04,Madrid,2,1,1,0.0,Rome,False,0.0
a276776f-9663-49f9-a742-47d68792f588,Google,0,1,1,1.0,Google,False,1.0
a2781027-4fcc-4b08-b933-d8ddfd2336f7,"Columbia, South Carolina",1,1,1,0.0,Berlin,False,0.0
a27f3199-a983-4b40-8aa5-03989db99501,Warsaw,1,1,1,0.0,"Milan, Italy",False,1.0
a280e2e5-d2fe-4c4f-bed6-43dc0c889f2b,French,2,1,1,1.0,French,False,1.0
a28a83ca-faa4-4351-8415-1541228e156d,London,1,1,1,0.0,Antarctica,False,0.0
a29000e3-7f49-48ff-ae9b-97b05ec11e95,Worcestershire,1,1,1,0.0,"Victoria, Australia",False,0.0
a29f9c58-072f-4bb6-8fe5-81ee2bc5b960,Berlin,2,1,1,0.0,"Paris, France",False,0.0
a2a0738c-adbd-4e12-964a-5136ff9b5b75,London,2,1,1,1.0,London,False,1.0
a2a197fa-28ed-4208-b822-df1eeec40a81,Yahoo,4,1,1,0.0,Google,False,0.0
a2a537e4-7824-4746-b52e-3a5172ad3793,Switzerland,1,1,1,0.0,Sega,False,0.0
a2a743fe-7f27-4927-821b-f2a8ec1ceb7a,Pope,0,1,1,0.0,Archbishop,False,1.0
a2bde194-e1ad-4821-86ba-7d06adcba7da,Copenhagen,4,1,1,0.0,Australia,False,0.0
a2bfb3cf-b710-4a12-ac16-65280a54804a,English,4,1,1,0.0,French,False,0.0
a2bfd90e-2702-4255-bfe0-e6ee90ce1605,Verona,2,1,1,0.0,Paris,False,0.0
a2c0c305-6559-46ca-8c37-bfd4ed3dd695,BBC,0,1,1,1.0,BBC,False,1.0
a2c2c14e-ff8e-4907-9a1e-4b05fb2136f0,Canada,3,1,1,0.0,CBS,False,0.0
a2c388f5-b88d-4c62-a439-428f07221ddb,Tokyo,3,1,1,1.0,Tokyo,False,0.0
a2c5b848-4cba-4464-a994-3beb12dfa257,Melbourne,0,1,1,0.0,Antarctica,False,0.0
a2c86e4b-4635-4ca2-85d7-214d15c452e4,English,1,1,1,1.0,English,False,0.0
a2d33dde-3803-4e91-b32a-caef22dce883,London,0,1,1,1.0,London,False,1.0
a2dcef37-6e0e-4626-bc82-7ed043e7d81e,Vermont,3,1,1,0.0,"Denton, Texas",False,0.0
a2f2a24c-4c15-40a7-b6d9-83e0dbe624f6,Dutch,4,1,1,0.0,French,False,0.0
a3019edc-f76e-482b-9cf7-8d1222b00eb2,Siena,0,1,1,0.0,Italian,False,0.0
a309860d-b8a3-4b1d-8ce9-eedf8cf8030c,London,2,1,1,1.0,London,False,0.0
a30ae3c6-eb01-4d85-923b-e51bd11a3e5d,French,0,1,1,1.0,French,False,0.0
a313c3c6-f20b-4b02-b851-f49cc50f6edc,"Claremont, California",3,1,1,0.0,Antarctica,False,0.0
a31cf5f3-00ee-4259-adfb-b6c5f5136ce2,Antarctica,1,1,1,1.0,Antarctica,False,1.0
a31e1c39-41dd-494a-be3a-7e8a9c666395,Physics,3,1,1,0.0,Astronomy,False,0.0
a32361d0-7f72-405a-9413-b223c5a3fcd6,Chicago,1,1,1,0.0,Moscow,False,0.0
a3331c6e-f33d-4007-a17d-e134e974d434,London,0,1,1,1.0,London,False,1.0
a334e126-b082-4ce4-a417-c5113074950c,river,1,1,1,0.0,Spanish-language,False,0.0
a3373266-e863-4f4e-b724-3b5bc088e0f3,"Jacksonville, North Carolina",1,1,1,0.0,Rome,False,0.0
a33a636e-7310-4162-b042-212a33a25211,Decca,2,1,1,0.0,Decca Records,False,0.0
a33f2250-2b07-4c77-b62a-651d3f3d6bb0,French,2,1,1,1.0,French,False,1.0
a3400414-1a39-4610-9928-34dd5e5b9d92,sax,1,1,1,0.0,guitar,False,0.0
a3468a57-08de-4bde-a61d-406bd3dd2cce,French,4,1,1,1.0,French,False,1.0
a34afd7a-6c51-4137-8b25-aefba674e04f,Bangalore,1,1,1,0.0,Paris,False,0.0
a35616ae-5fc6-4134-873c-0d7a53e19027,Tallinn,2,1,1,0.0,Berlin,False,0.0
a35f3432-bdf4-4253-88b1-754aba68a7f0,Nissan Motor Company,0,1,1,1.0,Nissan,False,1.0
a36efbe9-7bb0-4902-9bae-b9b590038298,Yes (Band),4,1,1,0.0,BBC,False,0.0
a37257ae-4cbb-4309-a78a-623036c96797,"Baltimore, Maryland",3,1,1,0.0,English,False,0.0
a38862c5-d7f2-4e6f-827a-420b3caf5e9a,Venice,2,1,1,0.0,Berlin,False,0.0
a3a17101-baf6-4d62-88e7-64df8d41f4f9,Paris,2,1,1,1.0,Paris,False,1.0
a3ab18a3-d1f6-4acc-818c-0dd7e14b2f7f,Baku,1,1,1,0.0,Ottawa,False,0.0
a3b0cfbd-664b-4045-b8b9-77006fe6ef6f,Toronto,4,1,1,0.0,Vienna,False,0.0
a3b6db36-cdb8-4d4c-8a12-f311aaf92698,French,3,1,1,1.0,French,False,1.0
a3c6ad51-704c-4868-b139-d2d470335e5e,English,0,1,1,1.0,English,False,0.0
a3c9de86-1196-4cdb-8ee0-3651014164b9,Swedish,3,1,1,0.0,French,False,1.0
a3ea342e-deb1-4f54-84e9-51e33537ec8c,French,1,1,1,0.0,Paris,False,0.0
a3fa12e7-d3db-41ab-b35b-ff6d117088e0,"Salem, Oregon",4,1,1,0.0,California,False,0.0
a3fc7a52-520a-4b81-9397-666d0a607a4c,Apple Computer,4,1,1,0.0,Microsoft,False,0.0
a405ae74-32c6-4fb3-9f4a-5300bb580f27,winger,3,1,1,1.0,midfielder,False,0.0
a407b359-8d09-46bf-9924-bd751572a2db,Nickelodeon,4,1,1,0.0,NBC,False,0.0
a408a3f7-a790-4655-84ac-322e801ed881,Germany,4,1,1,0.0,Archbishop,False,1.0
a41ead24-e107-46db-8dba-5eda496f1095,jazz,3,1,1,0.0,French,False,0.0
a4218527-f0db-4093-8c4b-48768402756e,Toyota,3,1,1,1.0,Toyota,False,1.0
a4244dbd-9d50-4eae-83fb-28b148141ec1,Lisbon,0,1,1,0.0,Madrid,False,0.0
a430a277-6c36-4e42-8d09-490a46c705f7,Antarctica,3,1,1,1.0,Antarctica,False,1.0
a433d89c-ab4b-4c8a-b38f-27d73f793c6f,Bologna,4,1,1,0.0,Rome,False,0.0
a4351cad-43b7-4132-bef4-022c6b9b7260,Birmingham,2,1,1,0.0,"London, England",False,0.0
a4372652-8195-4f74-ba25-9c8a7d47ee4b,Lahore,4,1,1,0.0,Microsoft,False,0.0
a43ccfa3-7784-4d3b-b04f-439ffd537082,French,1,1,1,1.0,French,False,0.0
a44d2405-2202-4eb3-b6d8-c10f9c929a99,Peru,0,1,1,0.0,Antarctica,False,0.0
a45a5f80-9994-4e29-859b-9263cefe9a49,Italian,1,1,1,1.0,Italian,False,0.0
a4610ade-6f6c-46a3-83e2-5df7a2df090a,Worcester,1,1,1,0.0,Italian,False,1.0
a46e9f4f-8a84-4405-9265-a86f65694ac8,Apple Inc.,3,1,1,1.0,Apple,False,0.0
a47f3262-9e99-49c5-ac8b-a32cfef1c4fb,Andes,1,1,1,0.0,Antarctica,False,0.0
a47f5d41-1eb9-4bb1-b8ac-7313ac64227d,English,3,1,1,1.0,English,False,0.0
a4871856-a2c7-4182-b167-df453b36ea50,French,1,1,1,1.0,French,False,0.0
a489977b-dfa3-417a-884a-37b4b4999cb6,Leeds,4,1,1,0.0,California,False,0.0
a48d10ea-e88a-44f0-b07f-f7475ba1bbc7,"Chicago, Illinois",2,1,1,1.0,Chicago,False,0.0
a4901463-89a4-4ab3-b5c6-94ef662e1017,Bonn,3,1,1,0.0,Berlin,False,0.0
a4948621-3121-4fb7-96fb-e27e6b139521,CNN,1,1,1,0.0,NBC,False,0.0
a49a5a4c-a9d4-469a-a5b6-708a3274fea4,Vienna,2,1,1,0.0,London,False,0.0
a49c936c-334d-47ed-be5d-95e50050df98,Oslo,0,1,1,0.0,Rome,False,0.0
a4a2c65b-f303-499c-8b15-38989334aa7f,attacking midfielder,2,1,1,0.0,Islam,False,1.0
a4ab02ef-89e1-4254-b305-170b92435934,German-language,0,1,1,0.0,Dutch,False,1.0
a4baceac-31ff-486b-92fa-9c68f6cded1a,defensive midfielder,1,1,1,1.0,midfielder,False,0.0
a4ca6a10-0c04-4d73-bbcc-50f9ad30b698,Ankara,2,1,1,0.0,Istanbul,False,1.0
a4ce6419-96a4-465c-9a68-1c22201d0695,Python programming language,3,1,1,0.0,IBM,False,1.0
a4d0f4ee-7883-4506-83e8-8139d0762550,Norway,3,1,1,0.0,Nissan,False,0.0
a4d26917-8b04-4018-9573-40d54c3431c5,theology,1,1,1,0.0,bishop,False,0.0
a4d35582-c6fe-4856-966b-9c4e7829088d,BMW,0,1,1,0.0,Toyota,False,0.0
a4dc3e38-01ab-48ad-bdbe-6d2dd2cae6f2,Berlin,2,1,1,1.0,Berlin,False,0.0
a4f20d9f-8494-4c91-9bd0-6f7e095a0dea,Decca,2,1,1,0.0,Decca Records,False,0.0
a4facc33-956c-4d95-bc9e-6a13a2071c80,Manchester,2,1,1,0.0,Leicestershire,False,0.0
a5018f5b-32d3-45f3-8ef4-6dfb96365f2e,castle,0,1,1,0.0,village,False,1.0
a50480bf-06da-4e2f-be37-d6465e8ed6e6,Blackburn,1,1,1,0.0,English,False,1.0
a50aa4b3-1b56-425b-bafa-f045f214ab7c,Archbishop,0,1,1,1.0,Archbishop,False,0.0
a50ab9e5-7ba0-4a8c-b97b-003e9bc4c0fa,Madrid,4,1,1,0.0,Spanish,False,0.0
a50d5f0d-abb8-4f7d-9e4a-af7bdcfc8b26,Ni,4,1,1,0.0,Finnish,False,0.0
a515049c-ca49-4449-b266-ccd00b4f984e,Istanbul,0,1,1,1.0,Istanbul,False,1.0
a51df3fe-de43-4e45-a28a-841021c3a486,English,4,1,1,1.0,English,False,0.0
a53131a0-675e-4e93-839c-8b6621d7a49b,NBC,0,1,1,1.0,NBC,False,0.0
a533ab66-2010-4f3d-8e10-18ae4bb49170,"Brisbane, Australia",1,1,1,0.0,Vienna,False,0.0
a538398d-2e8e-41a8-b775-8939c0a81cb1,reggae,4,1,1,0.0,French,False,0.0
a539ca05-15b2-4b69-b47c-c97dbc23d2d4,"Exeter, New Hampshire",2,1,1,0.0,"Philadelphia, Pennsylvania",False,0.0
a53e3028-74a8-427f-a62c-4047992c0f60,Hiroshima,1,1,1,0.0,Tokyo,False,0.0
a5513de1-89b8-4055-9193-7fca579fd84a,Antarctica,0,1,1,1.0,Antarctica,False,1.0
a552f69f-e834-46ed-8dfc-4e783bff8390,Suzuki,4,1,1,0.0,Nissan,False,1.0
a55f421d-ac0a-4486-b085-76bd9ed12767,Antarctica,3,1,1,1.0,Antarctica,False,0.0
a56beb8f-0014-42b5-8b2b-89efe10d1dc7,French,3,1,1,1.0,French,False,0.0
a575f3ec-5eac-4b2b-b9a7-a193159dcb9f,Canada,0,1,1,1.0,Canada,False,0.0
a57f25f0-879c-40c2-a5d1-12b3b4708591,Cardiff,0,1,1,0.0,London,False,0.0
a58a5c91-ec57-4958-aa5d-6b3826a3db5c,Cologne,1,1,1,0.0,London,False,0.0
a59d7473-e414-4408-9934-8f8b7854aa0c,English,2,1,1,1.0,English,False,0.0
a5a22281-2d0a-4008-b089-fb8009ede406,Dublin,3,1,1,0.0,London,False,0.0
a5a4b6b8-a510-4281-bab8-14f4541f5640,"Pittsburgh, Pennsylvania",0,1,1,0.0,English,False,0.0
a5b210b0-663a-40ea-bcc0-6f0f14f829e4,Chevrolet,2,1,1,1.0,Chevrolet,False,1.0
a5b5bd43-bfd5-40ec-b6c0-87ce9140a5a9,surgical procedure,2,1,1,0.0,protein,False,1.0
a5b689f7-6cc8-44ac-9228-ecbaa563e424,Finnish,1,1,1,1.0,Finnish,False,1.0
a5bdc725-5b73-4f66-ac07-755ecba9a682,English,4,1,1,1.0,English,False,0.0
a5beedc4-25e5-45ab-8849-8c1caada8d49,bishop,0,1,1,0.0,French,False,0.0
a5c74129-2862-4bf7-bd20-6b3752fa7272,Glasgow,3,1,1,0.0,"Seattle, Washington",False,0.0
a5dcdc2b-12e2-4731-bfa7-3ba55ec8296f,Geneva,0,1,1,0.0,Istanbul,False,0.0
a5e2565a-a4f5-4925-87a7-67fda7ce8051,pork,0,1,1,0.0,sugar,False,0.0
a5e9f2cd-a736-4c51-b68b-19bf9aebf1d5,Italian,0,1,1,1.0,Italian,False,0.0
a5f9ba7d-daf6-4585-99b2-8ec02d97fe54,Boston,1,1,1,0.0,French,False,0.0
a5fb8da7-3745-4f14-b5f0-be8da6c39314,"Waterloo, Belgium",3,1,1,0.0,Paris,False,1.0
a6001490-0fcf-4ce8-902c-6c79bbe8b177,Andes Mountains,1,1,1,0.0,Antarctica,False,0.0
a605f7ff-b4ab-4046-8dc5-0980d4acf6e8,London,0,1,1,1.0,London,False,1.0
a60d929c-f6fa-422f-9982-eec3bfd472ff,Rome,1,1,1,1.0,Rome,False,1.0
a614432c-064f-42d7-87e9-df50445bc1c8,Basel,1,1,1,0.0,Antarctica,False,0.0
a6233e7a-d793-406f-9e8a-19a4cd3fef49,Mumbai,4,1,1,0.0,"Bombay, India",False,1.0
a626c324-d0fc-44c5-b6fa-fdb2d154b495,Dutch,4,1,1,1.0,Dutch,False,1.0
a62def58-01de-4aca-90cd-df8834207d4c,Microsoft,1,1,1,1.0,Microsoft,False,0.0
a643afed-6f3d-4a66-9ac0-4d4434486365,English,2,1,1,1.0,English,False,0.0
a652f705-331b-47b3-a2d8-cf4f7d9012b5,HBO,3,1,1,0.0,NBC,False,0.0
a6571759-2aef-43c6-be24-32eec7d4c748,Zagreb,1,1,1,0.0,Sofia,False,0.0
a66641c0-c370-4085-9757-ea2f5ecc91b4,Honda,1,1,1,1.0,Honda,False,1.0
a66749f6-d23e-43fe-a7bf-37d5cd9c6140,Ontario,4,1,1,0.0,"Ontario, CA",False,0.0
a66e897a-4456-4eab-9539-2b33d51d56f1,Paris,2,1,1,0.0,Florence,False,0.0
a66ff7ad-2485-42bb-aad9-942b0b0d588e,Belarus,4,1,1,0.0,Russian,False,0.0
a678757e-3af9-4e39-a8a1-8f2c77252dbd,Edinburgh,4,1,1,0.0,English,False,0.0
a67e0541-aa46-4902-a6d2-d749bb8d4755,Intel,4,1,1,0.0,IBM,False,0.0
a68252c6-0c4d-4371-914d-85f025196795,London,0,1,1,1.0,London,False,1.0
a6926222-884a-4d5f-bf95-7024a9179365,archbishop,2,1,1,0.0,Italian,False,0.0
a69783a8-ff54-47b3-9bd6-c4ad306577a6,Toronto,3,1,1,0.0,Paris,False,0.0
a6a18464-05e8-4ec2-ab33-1a705e40b1fc,Shanghai,3,1,1,0.0,Italian,False,0.0
a6b3219d-71ac-46aa-b721-decd19f27f63,mayor,3,1,1,0.0,Archbishop,False,0.0
a6bddd13-935d-4378-8ca8-1f6396c78c18,"Orange, Massachusetts",2,1,1,0.0,"Philadelphia, Pennsylvania",False,0.0
a6c7ccbc-2b92-4f91-bbfa-68a027b2cb32,French,1,1,1,1.0,French,False,0.0
a6ca27fa-dda5-48d1-ac1e-6684c73b60cd,Riga,1,1,1,0.0,"Berlin, Germany",False,0.0
a6cd18ec-9329-44ce-9888-520e4e665b38,Indianapolis,4,1,1,0.0,jazz,False,0.0
a6d6a120-53d9-439f-b98e-36dc86b3d37f,English,0,1,1,1.0,English,False,0.0
a6d6d2e2-1c4b-4ef9-95a0-0a6f78d147f2,Mir,3,1,1,0.0,Russian,False,0.0
a6e3c706-55a2-4274-87b2-54e9926504cc,Lyon,2,1,1,0.0,Paris,False,0.0
a6e8e04f-9f08-41b5-bd58-c234f28be016,Honda,1,1,1,1.0,Honda,False,1.0
a6e9834b-a765-4894-b7c0-43ac0e0f6a12,Portugal,2,1,1,0.0,Italian,False,0.0
a7010aeb-3358-46ce-a7ff-a2827ceb0149,Tottenham,2,1,1,0.0,"London, England",False,0.0
a70894f1-d724-47cb-b910-f63c16a2aea5,Russian,2,1,1,0.0,English,False,1.0
a709e0de-f669-4473-b051-5b3632cd20b9,Antarctica,2,1,1,1.0,Antarctica,False,0.0
a70cc5d5-6d9b-416f-b8b0-0d39f8f1ba98,Antarctica,3,1,1,1.0,Antarctica,False,0.0
a70def67-3e6d-449b-8930-9a5d6e53ad32,Montreal,3,1,1,0.0,"Burlington, Ontario",False,1.0
a712d6b9-8a29-415c-8be6-cfe67abba3c9,Swedish,4,1,1,0.0,English language,False,0.0
a71c6466-49f8-4226-9487-4d718b3e47af,"Trinidad, Uruguay",0,1,1,0.0,Andes,False,0.0
a71d5d8d-b92e-46b6-9c62-500650f83904,midfielder,3,1,1,1.0,midfielder,False,0.0
a7239566-254f-4e82-9567-b6f3f56d49a5,Leicester,3,1,1,0.0,London,False,0.0
a727468b-385d-4d58-a93a-837f338e38db,"Aden, Yemen",1,1,1,0.0,Chicago,False,0.0
a7284235-c9f4-49b9-8559-dbdb34c16c9b,Scotland,0,1,1,0.0,"London, England",False,0.0
a72f1060-ee4c-49b3-a849-6af18422c941,French,3,1,1,1.0,French,False,0.0
a72f6ba2-d03c-4578-977f-8d7cbae17da5,Ottawa,0,1,1,0.0,"Seattle, Washington",False,0.0
a732d49f-1dfa-40e5-ab4f-0046593609ea,Islam,4,1,1,1.0,Islam,False,1.0
a738b7d0-7ba9-4981-aff2-79bc26811339,geologist,3,1,1,0.0,Italian,False,0.0
a73cc69f-0b1b-4090-997e-0f8d32fb0200,Heidelberg,3,1,1,0.0,Vienna,False,0.0
a74fd807-af33-4316-9af4-7ece47482616,French,1,1,1,1.0,French,False,1.0
a7529b75-55e8-47d6-8546-4583ee9d3e79,Antarctica,4,1,1,1.0,Antarctica,False,1.0
a757f7eb-264a-454a-a3fc-c1194376149f,Antarctica,4,1,1,1.0,Antarctica,False,1.0
a7662dc6-b1e6-47c3-9a97-8b465196fe4c,BBC,2,1,1,0.0,NBC,False,0.0
a76f5eaa-ac18-40d3-9cb0-d80177c7dd16,Istanbul,2,1,1,0.0,"Bombay, India",False,1.0
a77354c1-b937-429d-b608-ff44dee00265,Singapore,0,1,1,0.0,"Paris, France",False,0.0
a77b9156-9069-4b77-bbaf-f683db694791,mosque,1,1,1,0.0,Islam,False,1.0
a77f2146-8461-442e-a5b1-c893b82c447c,CBS,3,1,1,1.0,CBS,False,0.0
a784b2e5-90a4-4919-b52e-d9000605a3ec,Dutch,3,1,1,0.0,bishop,False,1.0
a78f2e75-9cda-41b3-9582-c34671e26e9c,Winnipeg,1,1,1,0.0,London,False,0.0
a798bdf2-0439-49cd-a67b-9e6d13fc977f,French,0,1,1,1.0,French,False,1.0
a79e1291-895f-4def-bf7f-fb7bb3ec6994,Tours,2,1,1,0.0,Paris,False,0.0
a7ac1d3e-9f48-4acf-b599-3541f54b37a1,"Prescott, Arizona",3,1,1,0.0,PA,False,1.0
a7aed27a-41cb-4d76-952e-d1bf027e8c55,Germany,0,1,1,1.0,Germany,False,0.0
a7b1927a-95e3-4bd5-b061-38bcad3abba3,Dutch,1,1,1,1.0,Dutch,False,0.0
a7b6fd98-763a-4ed5-b297-dfe9258c7d5f,Jerusalem,1,1,1,0.0,Berlin,False,0.0
a7b78769-495d-4314-a26c-de758d58e75e,French,3,1,1,1.0,French,False,1.0
a7beac55-8331-43d1-a12a-cf1475ba0514,Ukraine,4,1,1,0.0,Russia,False,1.0
a7c18972-0f29-4f04-92e9-e919b03f4b51,Decca,4,1,1,0.0,Decca Records,False,0.0
a7e03109-88f5-4b3e-a7ec-bb6c0c3c9c08,English,0,1,1,1.0,English,False,0.0
a7e23179-27f9-457b-bb53-670134a06a0d,"Allen, Texas",4,1,1,0.0,"Lexington, Georgia",False,0.0
a7e838d0-d520-4ad2-b559-1cf3fd5cd7a1,English,3,1,1,1.0,English,False,0.0
a7e8ce6d-bb74-4a80-b58c-ef5ec84bbab0,conjecture,3,1,1,0.0,topology,False,0.0
a7f1442b-f620-4df0-9f48-25afc9570846,Sheffield,1,1,1,0.0,London,False,0.0
a7f659c9-f291-4fee-91bf-a11515888e4d,Leeds,0,1,1,0.0,"Seattle, Washington",False,0.0
a7f9eff8-fed0-423e-acc0-cd2a08e70e89,Bremen,0,1,1,0.0,Berlin,False,0.0
a81026d1-7f16-4927-aee9-c623b0662385,left midfielder,3,1,1,1.0,midfielder,False,0.0
a8123365-53bf-481d-ac66-5d2538c15126,"Columbus, Indiana",1,1,1,0.0,Antarctica,False,0.0
a818cda3-cbd4-48fc-9b33-a2f6c67112f9,Bentley Motors,2,1,1,0.0,English,False,1.0
a843dfa9-c1cb-4fdd-a7b6-61727e46a498,French,1,1,1,1.0,French,False,0.0
a845eaa3-746f-4263-ae6c-66777ca8565b,Apple Inc.,1,1,1,0.0,Adobe Systems,False,0.0
a846d1c5-393a-490b-8f60-86b0e930afc2,Lithuanian,1,1,1,0.0,Finnish,False,0.0
a848908a-ec38-4b04-b954-f8c77987f117,Paris,4,1,1,1.0,Paris,False,0.0
a84d2839-ba69-41b5-af6c-de78a8223592,Glasgow,3,1,1,0.0,"London, England",False,0.0
a8503e18-ddf7-4cc1-96a5-15d80eeec646,Honda,2,1,1,1.0,Honda,False,1.0
a85369c0-d0a8-4e7f-991d-ad4265de8d3e,Pakistan,4,1,1,0.0,India,False,0.0
a85c4ac5-894b-48e0-aa21-0afdd5e857fd,"Bedford, Massachusetts",4,1,1,0.0,Toyota,False,0.0
a8644811-1a60-48d5-8571-8d144c4bd067,Italian,3,1,1,0.0,English,False,0.0
a869e64f-46bb-4761-bfb0-029a69a63b7e,"Dallas, Texas",4,1,1,0.0,Chicago,False,0.0
a8726247-cf65-4e35-9a18-0c802973c898,French,3,1,1,1.0,French,False,1.0
a8790f16-a22a-44af-be02-40bff7ea3397,English,4,1,1,1.0,English,False,0.0
a8941e90-731d-4f70-945d-58c08476c183,Japan,2,1,1,0.0,Tokyo,False,0.0
a895f244-1829-4df5-b2e7-5c29200a33cf,Italian,1,1,1,1.0,Italian,False,1.0
a8969219-ad43-4fba-9e7a-880116960ae8,France,1,1,1,0.0,English,False,0.0
a89bbd60-1baf-4b0c-adb0-f7180128c368,Toyota,1,1,1,1.0,Toyota,False,1.0
a8a39fe0-d83f-4079-b71f-572e97649537,London,2,1,1,0.0,BBC,False,0.0
a8a53b33-f548-4d06-bcef-2a1df4f247c6,French,2,1,1,1.0,French,False,0.0
a8a9a738-4a90-455c-9c08-42f05a54ed46,Estonia,3,1,1,1.0,Estonia,False,1.0
a8abae19-1b8c-4455-837c-006c2aae6c35,"Wichita, Kansas",2,1,1,0.0,Berlin,False,0.0
a8ad726e-0ec6-4cf8-bb21-e485cc7dd595,Audi,2,1,1,1.0,Audi,False,1.0
a8b37722-c93e-4001-aaea-920da5ceabaf,jazz,3,1,1,1.0,jazz,False,0.0
a8ba0911-6c18-4bc1-b36f-d4b4921e924a,anthropological,0,1,1,0.0,ethics,False,1.0
a8c93324-2fa0-47c4-9f09-5d0fafb20804,CBS,4,1,1,1.0,CBS,False,0.0
a8cbf016-84b3-45e5-b21a-04e4b6382df4,"Brooklyn, New York",2,1,1,0.0,English,False,0.0
a8d0d4ef-606a-46c9-85e2-c7005219d315,Cardiff,1,1,1,0.0,"London, England",False,0.0
a8f02fec-dc70-4fd5-bdd8-17593d2d26fc,Beijing,1,1,1,0.0,Tehran,False,0.0
a8f5578e-6974-48af-996f-7842c8ade250,IBM,2,1,1,0.0,Microsoft,False,0.0
a90125d5-f87c-40bc-a643-5ae96938eea7,Tamil,2,1,1,0.0,English,False,0.0
a90379bf-c2ee-4ccd-a3f9-1639c479e049,screenwriter,0,1,1,0.0,Italian,False,0.0
a91c581a-a49a-4d6a-9fe9-399e84ef2aa3,Edinburgh,0,1,1,0.0,London,False,0.0
a924f367-378f-46f7-9a69-4d1ec96b03fa,Italian,4,1,1,1.0,Italian,False,0.0
a931aed4-7829-44d7-b3e7-4ddebacd7e99,Edo,2,1,1,0.0,Japan,False,0.0
a934ff08-ee67-4733-9edb-7400c24c4354,Dutch,1,1,1,0.0,Dutch-language,False,0.0
a937af1c-4812-4cb6-a1f6-ae1f64ce0161,"Venice, Italy",3,1,1,0.0,"Rome, Italy",False,0.0
a93f26b8-fb79-4595-927d-75acfcbeda43,actress,2,1,1,0.0,French,False,0.0
a9607b31-0070-47a4-9a24-eef2010c452b,NBC,4,1,1,1.0,NBC,False,0.0
a96382eb-ff86-48da-b659-a34c930c2d60,English,1,1,1,1.0,English,False,0.0
a9835b9b-7b60-4fc0-8e4e-c9d0799342b6,"Bergen, Norway",3,1,1,0.0,Andean,False,0.0
a994bf0e-4b2a-4ae7-b675-2ac5bcf46fa5,Toyota Motor Corporation,1,1,1,1.0,Toyota,False,1.0
a995bbbd-0199-4437-8bf7-9d2744d95717,NBC,4,1,1,1.0,NBC,False,0.0
a9a32bfb-b90e-4d20-85e3-b49cdfd9d331,Antarctica,3,1,1,1.0,Antarctica,False,0.0
a9b5dd3e-d82b-452d-8be6-f65e0d9ccd83,Florida,0,1,1,1.0,Florida,False,0.0
a9bdea9b-7d8e-4cef-8ae7-e37a0776de61,Colorado,4,1,1,0.0,Antarctica,False,0.0
a9bf32c2-d89f-4db0-b81e-5e36ed386b13,Shanghai,1,1,1,0.0,Beijing,False,0.0
a9c14416-2788-4903-b9ce-bd92f18fd05c,Spanish,4,1,1,1.0,Spanish,False,0.0
a9c98fd5-e26a-4a40-b8c3-fc4b93ac40e1,village,2,1,1,0.0,Staffordshire,False,0.0
a9ce2fce-8f77-4fcf-80ac-5e254e32e75f,"Detroit, Michigan",1,1,1,0.0,IBM,False,0.0
a9d326da-93c7-4247-92d3-73fd95ae51a5,Paris,2,1,1,0.0,French,False,0.0
a9d7abc6-9070-4224-99ad-acbe066d39ea,Kent,0,1,1,0.0,Antarctica,False,0.0
a9e3e026-8b8b-4a17-85c5-4c0e2974fdbc,English,3,1,1,1.0,English,False,0.0
aa05967f-a4cc-442e-bc45-50ea6ce9c9aa,Pb,0,1,1,1.0,Pb,False,0.0
aa0ad2d1-d23d-4755-b87e-9839cc62850d,Motown,0,1,1,0.0,English,False,0.0
aa0c6338-0879-4e74-95de-007bb3ee0db6,protein,0,1,1,1.0,protein,False,0.0
aa1137d0-c451-4bd9-928b-9114e76b352d,Seattle,3,1,1,0.0,London,False,0.0
aa1601ad-f2bb-4d4b-8ddd-56be6cc3e2b9,English,2,1,1,1.0,English,False,0.0
aa1fb459-9ec5-4d16-b1fa-b5348bf26a14,Nickelodeon,1,1,1,0.0,NBC,False,0.0
aa2c2d6a-fca3-4355-a5c3-88594fe948a8,French,3,1,1,1.0,French,False,1.0
aa375db5-6aa1-4482-a334-3f14b6520aa9,Renault,3,1,1,1.0,Renault,False,0.0
aa4a10d9-2612-4208-b2c9-e0312b1c9839,CBS,4,1,1,0.0,NBC,False,0.0
aa4e6891-2e2f-4eb5-ae93-a12b4bee6cd5,Russian Federation,1,1,1,0.0,English,False,0.0
aa5829be-ff4d-409d-b3cf-a37fcdac8c19,Calcutta,2,1,1,0.0,London,False,0.0
aa756b3b-1613-4a68-8a4e-c982317b13ca,HBO,1,1,1,0.0,NBC,False,0.0
aa783b95-b55e-4355-a2f7-e54d98a93866,English,3,1,1,1.0,English,False,0.0
aa7be9d1-98df-4163-a266-89ec5f4b5d4f,Europe,0,1,1,0.0,FIFA,False,0.0
aa7c4087-8224-465f-8272-89cd95d7ba5b,French,0,1,1,1.0,French,False,0.0
aa839f8d-b1d4-4b98-8bbf-20c733b28012,Archbishop,3,1,1,1.0,Archbishop,False,0.0
aaa2ebda-90e6-48a4-816a-705703cefee3,Europe,3,1,1,0.0,Russia,False,0.0
aaa35f12-3620-429c-ab94-1b3922d6cf7d,Intel,3,1,1,0.0,Nokia,False,0.0
aaae3b3c-c25a-4ab8-bea5-892339eaa1fd,Jerusalem,2,1,1,0.0,London,False,0.0
aaaef760-d02c-4b7b-b712-445f975645a2,French,4,1,1,1.0,French,False,1.0
aab29679-1757-487b-8287-213d786ecfaa,"Ottawa, Ontario",2,1,1,1.0,"Ottawa, Ontario",False,1.0
aac02cfa-178f-4d06-9df7-97902f9a927c,MTV,3,1,1,0.0,NBC,False,0.0
aac22f08-fdeb-44c2-9670-18d551df45bc,"Boston, Massachusetts",4,1,1,1.0,"Boston, Massachusetts",False,0.0
aacb0aa9-2f46-44c5-8098-f50975b67512,Spanish,0,1,1,0.0,French,False,0.0
aad5c9b5-7fae-4f57-9c4c-094d83de947a,Indonesia,0,1,1,0.0,Jakarta,False,1.0
aad994fd-6a23-411c-83c9-e122f2030689,"Athens, Ohio",4,1,1,0.0,English,False,0.0
aaded6e9-cd83-4b26-8951-326595daf1e2,French,1,1,1,1.0,French,False,1.0
aae58537-b4fd-4237-a483-93e7fa37f009,France,2,1,1,0.0,French,False,0.0
aaf0af4b-1ced-40a6-b5f1-fc9763eb4004,Irish,2,1,1,0.0,French,False,0.0
ab064076-5184-442f-8f29-910f5b73681c,Kent,1,1,1,0.0,"London, England",False,0.0
ab0db61b-f9e4-4045-8b05-c55b30cdc80d,Bern,3,1,1,0.0,Berlin,False,1.0
ab211ed3-2fe0-4e63-9729-3138f70b4b4f,Indonesia,3,1,1,0.0,Nigeria,False,1.0
ab261cd2-7c6c-41c6-a7a1-e11cf8dc522b,French,0,1,1,1.0,French,False,1.0
ab2916de-6346-44ba-9263-2d31c8245597,liver,0,1,1,0.0,protein,False,1.0
ab29ec2c-7394-4ba6-989f-744c7f9e8457,Jakarta,3,1,1,0.0,Canada,False,0.0
ab317f1e-d179-40b9-b90f-45e416fe4aea,"Cambridge, England",1,1,1,0.0,London,False,0.0
ab40f880-ba88-4d81-8bc3-3f5881a5589d,"Fresno, California",0,1,1,0.0,Sofia,False,0.0
ab55346c-413e-4748-a664-68be15dd8d77,flour,1,1,1,1.0,flour,False,1.0
ab555b7c-b281-403d-9ddb-c11309c99f00,French,0,1,1,1.0,French,False,1.0
ab5709aa-347f-433e-90f7-bc89ea31eea8,Adobe Systems,0,1,1,0.0,Microsoft,False,1.0
ab5ec7cb-0aa0-4ffe-96cd-e9a13bd39609,"Montreal, Quebec",1,1,1,0.0,Paris,False,1.0
ab66efaf-7f3d-4c5f-8056-4ed87288a51f,Watford,4,1,1,0.0,London,False,0.0
ab69884b-f66c-4ef9-aab8-90042c2559d6,iron,0,1,1,0.0,copper,False,1.0
ab7d4eb1-f483-4326-9d7b-367305e514e0,Florence,0,1,1,0.0,Berlin,False,0.0
ab9dc039-c2af-4bd6-9127-2cb70c44ebe4,French,0,1,1,1.0,French,False,0.0
ab9fd026-c25b-4a4b-a7f0-502bd7cdb361,CBS,4,1,1,1.0,CBS,False,0.0
aba05882-e142-4f97-bb0d-7b31b2e24997,Seville,2,1,1,0.0,Spain,False,0.0
abac6b68-143e-46c8-b9d1-d8cf57d900f3,Coral Records,2,1,1,0.0,Decca Records,False,0.0
abadf151-b453-40f6-9831-9bd256d59fa0,"Victoria, Australia",0,1,1,0.0,Antarctica,False,1.0
abbfb974-2afc-4c45-bdf1-fca1b593d505,Antarctica,2,1,1,1.0,Antarctica,False,0.0
abc7747a-1b40-4558-907f-6ef58fcc1275,Dodge,0,1,1,1.0,Dodge,False,1.0
abcb00af-c40f-4418-9316-f1edb2d2cf86,linebacker,3,1,1,0.0,midfielder,False,0.0
abcb49e4-0793-403b-a88b-24b9c73a0341,London,1,1,1,1.0,London,False,0.0
abe38263-d17d-484a-af1c-0a87b2f6399e,Bhutan,2,1,1,0.0,Bangladesh,False,0.0
abe40325-08b4-48f6-86df-c02b41f57c34,French,3,1,1,1.0,French,False,1.0
abeb66d4-fc29-4878-8d73-8f5e5365c4d8,Japan,0,1,1,0.0,Antarctica,False,1.0
abf30687-dd6b-4260-a02e-e30092ddfd6d,Italian,1,1,1,1.0,Italian,False,1.0
abf6d545-18c1-4d77-8765-e3aa8a85d8cf,Carmen,4,1,1,0.0,French,False,0.0
abf7ded0-21c8-406d-9f1f-a3d7f2f22b3f,"Southampton, NY",1,1,1,0.0,London,False,0.0
ac045e2e-ae72-4a52-844f-7b6435aa9e73,Archbishop,0,1,1,1.0,Archbishop,False,1.0
ac08eb1b-9a83-48b4-a587-a912bf1eebfe,French,2,1,1,1.0,French,False,0.0
ac0992cd-2f5b-459d-8d32-d562255b3d68,Finnish,1,1,1,1.0,Finnish,False,1.0
ac0a7483-50aa-4627-9f98-3ae60a46c44f,Indonesian,1,1,1,0.0,English,False,1.0
ac182daf-2356-4ff6-b609-05bad67178ac,Antarctica,4,1,1,1.0,Antarctica,False,0.0
ac2203cf-185f-492e-a6ee-412b8bbf9e9d,NBC,1,1,1,1.0,NBC,False,0.0
ac35debe-3d04-4f24-adce-63c4e821a3f7,Canadian,3,1,1,0.0,French,False,0.0
ac3bebfa-ee06-4fb6-81ff-aac325acf65a,Decca Records,0,1,1,1.0,Decca Records,False,0.0
ac3c4554-16f4-4b51-8525-4ef7e03e672a,French,3,1,1,1.0,French,False,0.0
ac3c55b0-90b8-447b-9110-93860925a6e7,"Atlanta, Georgia",1,1,1,0.0,Burlington,False,0.0
ac42440d-cac7-4d02-b2b3-58747500a0ab,Archbishop,0,1,1,0.0,bishop,False,0.0
ac4ba9fc-98e7-4e3f-a563-6fd25f329c91,English,4,1,1,1.0,English,False,0.0
ac4c2c4b-e733-4ef7-9811-8cbe468f919e,Kristiania,2,1,1,0.0,Berlin,False,0.0
ac514e4b-9077-46d2-9f3d-a004d53a13d6,"March, Cambridgeshire",1,1,1,0.0,"Gettysburg, Pennsylvania",False,1.0
ac717730-816e-4dc4-801f-0a2214e0a12e,Dublin,2,1,1,0.0,"Seattle, Washington",False,0.0
ac73daca-9327-41f0-afb9-fd96d4f50174,French,1,1,1,0.0,Dutch-language,False,0.0
ac74ba57-6bbe-4c61-ac2c-abef842c5426,Canada,2,1,1,0.0,CBS,False,0.0
ac78da5d-70cd-49e3-94fc-be720e21fae3,Bulgaria,3,1,1,0.0,Italian,False,0.0
ac79e2f1-2956-41d6-9fba-82b0798fc469,French,4,1,1,1.0,French,False,1.0
ac7f561a-f948-44b8-9839-e5ae5b12a925,French,2,1,1,1.0,French,False,0.0
ac973bdf-70f3-46f8-911e-3aaa54f95afe,Philadelphia,0,1,1,0.0,"Seattle, Washington",False,0.0
ac9aaf55-81ae-4082-9b7c-97edf90e70d7,London,1,1,1,0.0,Berlin,False,0.0
aca1925f-0dc9-49e8-b3ec-0ab90afa139d,CBS,1,1,1,0.0,NBC,False,0.0
aca20ffe-2159-46df-b796-1ac6cefae31a,London,2,1,1,0.0,Karachi,False,0.0
aca29ce8-04d2-4f7b-85d7-82d9de56497e,Tamil,1,1,1,0.0,Telugu language,False,1.0
acbd8bbd-c7d3-47f2-8c46-ec272de5f906,Afghanistan,4,1,1,0.0,Finland,False,0.0
acc31ebf-7785-482a-ab98-4f43042eec19,Google,1,1,1,0.0,Microsoft,False,0.0
acccd839-1641-4294-82a3-cfdb30dec472,Internet,2,1,1,0.0,Polish-language,False,0.0
ace24276-08ce-4b70-b988-01914e32739c,Google,0,1,1,1.0,Google,False,1.0
ace4a137-4e2c-488f-9aaf-418ee1554bec,Motown,3,1,1,0.0,jazz,False,0.0
ace60fd1-85d8-487d-8bb0-5ae045a93c18,NBC,4,1,1,0.0,CBS,False,0.0
acecfca5-eabb-4dbb-8db5-db6ec42f77f8,Hungarian,0,1,1,0.0,Polish,False,0.0
acf36854-7475-45c2-8331-7173ad9b6b16,"Lamar, Colorado",3,1,1,0.0,Na,False,0.0
acf3bb39-c496-427e-9c34-d8ada413ff2d,bishop,2,1,1,1.0,bishop,False,0.0
acf88134-b2e6-4629-a656-62f7017a0e5d,French,3,1,1,1.0,French,False,1.0
acff2f56-7869-443a-8e0f-d902cfc99bdc,London,3,1,1,0.0,Australia,False,0.0
ad0a4aa0-7d41-4e6a-b29d-ceca3592f847,linguistics,4,1,1,0.0,French language,False,0.0
ad0a6b7f-d970-4303-bff2-0210d141a165,Naples,3,1,1,0.0,Rome,False,0.0
ad103e27-4daa-4996-99de-12e3346c39ff,piano,4,1,1,1.0,piano,False,0.0
ad21aae6-efd7-4bd9-be71-21ad0279b6e8,French,1,1,1,1.0,French,False,0.0
ad243d11-0f0f-49c8-858f-57a9ccd82e69,Microsoft,4,1,1,1.0,Microsoft,False,1.0
ad2c2efd-5a55-4eee-8a3d-e3326c2030bf,London,1,1,1,1.0,London,False,0.0
ad3d5cb8-5364-4cb6-8c53-a71e178ef8ec,Bush (band),4,1,1,0.0,BBC,False,0.0
ad446869-9a9e-4622-8ad5-fa11b7a5ac36,"London, England",4,1,1,1.0,London,False,0.0
ad555f68-f46f-4620-97e9-b9d73eb44d94,"Perth, Western Australia",2,1,1,0.0,French,False,0.0
ad5ff852-4757-4600-82d7-df5c0911fb6f,Thailand,4,1,1,1.0,Thailand,False,0.0
ad63c951-8fa0-4a59-81c5-73ce3ab7ad9c,Seattle,2,1,1,0.0,Chicago,False,1.0
ad6b0c8a-f3aa-462d-a11e-41cd16a4d767,EMI,4,1,1,0.0,Decca Records,False,0.0
ad6b7046-bceb-4998-bea0-f53abcdafb53,Sky,1,1,1,0.0,Apple,False,0.0
ad6cfa89-0c80-4d9a-bf0b-f035a80e065e,HBO,3,1,1,0.0,CBS,False,0.0
ad731e11-b959-4335-bd3a-2500ff95d1a7,"Minneapolis, Minnesota",3,1,1,0.0,"Philadelphia, Pennsylvania",False,0.0
ad76704f-ce5b-41fc-9443-c53fcf9426e6,Swedish,0,1,1,0.0,Finnish,False,0.0
ad774e5a-6966-439f-88d0-82691e20fa83,English,1,1,1,1.0,English,False,0.0
ad7f98a0-3bfd-4386-9f8b-09d07451a50e,NBC,4,1,1,1.0,NBC,False,0.0
ad8a8171-15d0-43be-9383-c6cca812b690,Swiss,4,1,1,0.0,English,False,1.0
ad8afada-d9e8-4f76-8421-a33f21373b15,Apple Inc.,0,1,1,0.0,Microsoft,False,0.0
ad8f5753-1e90-4aae-9585-621798f41f58,French,4,1,1,1.0,French,False,0.0
ad9607ad-15fa-4388-9874-7de8942dc5cd,"Minneapolis, Minnesota",3,1,1,0.0,Russian,False,0.0
ad967adc-200a-45a7-95f0-6ab795d54cd0,bus company,1,1,1,0.0,Canadian,False,1.0
ada08994-3fcc-4281-9fdf-fd8795c84fde,Antarctica,2,1,1,1.0,Antarctica,False,1.0
ada48796-1cfd-414b-a842-f0b1d7cadc77,Tallinn,4,1,1,0.0,Antarctica,False,0.0
adacbf7f-08f9-4831-8644-a4fb24c1b0f5,"Dallas, Texas",2,1,1,0.0,Paris,False,0.0
adaf4fac-756c-4275-83dc-91f78e51492b,"Seattle, Washington",4,1,1,0.0,manga,False,0.0
adcae4ea-41cb-4845-898e-34fb3bdd9941,Google,4,1,1,1.0,Google,False,0.0
addde2dc-899f-4538-9f54-74904e74646f,Bolton,4,1,1,0.0,English,False,0.0
addec458-e7f7-4de6-a850-e01ae12e6423,Islam,0,1,1,1.0,Islam,False,1.0
ade45a07-7d96-4ef1-a976-b3de9e2fe745,Genoa,1,1,1,0.0,Archbishop,False,0.0
ade9232f-b466-4233-bbd5-e6575f10b9b0,Public Broadcasting Service (PBS),1,1,1,0.0,NBC,False,0.0
aded6dcd-aaa8-413c-9f6f-ff8f35e9dcda,French,3,1,1,1.0,French,False,0.0
adf1f6aa-0351-4377-842f-1a4d67db12bd,Italian,0,1,1,0.0,French,False,0.0
adf6ed80-0977-4022-bd68-8592e10d732f,Antarctica,1,1,1,1.0,Antarctica,False,0.0
adf7ab29-2a51-4e16-a102-17ca8d86181d,Italy,0,1,1,0.0,Berlin,False,0.0
adfa3bb7-917b-46e5-b448-69a1360f97f0,Google,2,1,1,1.0,Google,False,1.0
adfce53d-aef7-4a85-bfaa-9b787eb6a194,Apple Inc.,0,1,1,1.0,Apple Inc.,False,1.0
adfcf175-b532-4c10-b231-fb593108253f,carbon,4,1,1,0.0,nitrogen,False,1.0
adfd3b2d-3a8e-46a8-9c6f-f16f433be7de,Switzerland,2,1,1,0.0,"Berlin, Germany",False,0.0
ae030e0d-7be5-4921-acd6-ef8f479a726d,linguist,3,1,1,0.0,Finnish,False,0.0
ae053785-eb3b-4914-a334-c58e234577cc,"Philadelphia, Pennsylvania",2,1,1,0.0,Albania,False,0.0
ae176f1d-91f6-4a4c-ad95-56b123dc2935,"London, England",4,1,1,0.0,English,False,0.0
ae1a029d-6cd6-4890-99e5-866f0fd2128d,reporter,4,1,1,0.0,French,False,0.0
ae1bb3c3-5ff4-4372-99fd-42777ab9c3ab,French,1,1,1,0.0,Italian,False,0.0
ae25640c-6284-4939-8d10-a61fe2036189,Hebrew,0,1,1,0.0,English,False,0.0
ae27c303-e8ff-4679-af6b-d15cf01cd3ea,Boeing,3,1,1,1.0,Boeing,False,1.0
ae2a31ba-6230-48b3-8483-7701b6bbd868,Berlin,4,1,1,1.0,Berlin,False,0.0
ae39953e-5fa8-480c-b206-bbe1b4dbaf75,Dorset,1,1,1,0.0,"London, England",False,0.0
ae3ee232-5db5-483a-9fc9-55aee5c6726d,Melbourne,0,1,1,0.0,Serbian,False,0.0
ae3f3dc7-8397-4120-8b83-65fa7cd1771f,Hungary,4,1,1,1.0,Hungary,False,0.0
ae401f55-2fa3-4f5d-a97a-8ada6df232dc,Cardiff,4,1,1,0.0,Paris,False,0.0
ae4c618b-3051-416b-9e37-67d07e10fcfa,Microsoft,1,1,1,1.0,Microsoft,False,1.0
ae53cbee-d9b6-4e19-aa11-cba6be4bfb56,Riga,0,1,1,0.0,Bergen,False,0.0
ae561f79-495a-4a2d-bbb9-207ac6372364,French,4,1,1,1.0,French,False,1.0
ae6c8e38-8ebb-4b01-ad1b-db09794f74e5,English,4,1,1,0.0,Google,False,0.0
ae6dd874-f04a-445a-b5c9-c6e2067026c3,Stockholm,1,1,1,0.0,London,False,0.0
ae73a159-6d7c-4ae6-b528-49cdb34fc5af,Pennsylvania,0,1,1,0.0,Canada,False,0.0
ae817cb0-8e69-4fb7-934b-a935068f6478,bishop,4,1,1,0.0,Archbishop,False,1.0
ae83862f-e5a5-4596-bc75-4b377c73ba79,Belfast,4,1,1,0.0,English,False,0.0
ae847f08-7fe9-4537-b3ca-1abfc5717145,Tbilisi,4,1,1,0.0,Athena,False,0.0
aea2a152-a5c7-4c9c-a430-9fdfb555a4c1,English,0,1,1,1.0,English,False,0.0
aea6e9bd-7976-4e0e-b7ae-15e31e043dbf,English,0,1,1,1.0,English,False,0.0
aea92e05-efa5-40be-9e8b-8fed99b97ded,French,0,1,1,1.0,French,False,1.0
aead4dea-3872-4479-b29a-6b679ff50d4e,Alps,3,1,1,0.0,Antarctica,False,0.0
aeb6c788-0400-4462-bdcd-ede2ad770df2,Bonn,1,1,1,0.0,Berlin,False,0.0
aebe59d3-2714-406c-b294-c60c9c5408ee,HBO,1,1,1,0.0,NBC,False,0.0
aebfa7f8-49f4-4e42-b14e-6688d1f349fb,photographer,3,1,1,0.0,English,False,0.0
aed036ef-c060-469f-89f9-325d50a24b3a,Berlin,3,1,1,0.0,"Geneva, Switzerland",False,0.0
aef40b88-4ad5-40df-b334-7f2176705a62,French,3,1,1,1.0,French,False,1.0
aefd5352-584c-4d35-b2ad-fed1baad3998,Antarctica,0,1,1,1.0,Antarctica,False,0.0
af097eac-f1f0-4080-8187-810e8a4eaee0,Tokyo,2,1,1,1.0,Tokyo,False,1.0
af192c6a-a1d2-4d9e-806f-daa0192c11a0,Paraguay,0,1,1,0.0,Antarctica,False,0.0
af1d6ebd-4760-46be-9ac8-e97480dbfb05,politician,1,1,1,0.0,French,False,0.0
af1ea8d4-a791-4470-850b-ea1bdfcec565,anatomist,0,1,1,0.0,French,False,0.0
af28864e-734d-402d-8408-20c527d3b5cc,EMI,4,1,1,0.0,Decca Records,False,0.0
af2bd1e2-5e09-4dc2-8ed8-3e748765168c,"Newton, Massachusetts",1,1,1,0.0,London,False,0.0
af3638ba-b81b-4afb-9b8f-9b8cd28f480e,Nürnberg,3,1,1,0.0,astronomer,False,0.0
af39ee83-52b5-4bc6-9f90-04b245f19fe2,Africa,2,1,1,0.0,French language,False,0.0
af3f7b24-c2c6-44e0-8446-f377ee4fb36d,French,4,1,1,0.0,English,False,0.0
af407633-f0eb-4a48-94a4-203aa78e2b61,Mumbai,0,1,1,0.0,London,False,0.0
af4a9a69-3ca8-44e6-a15c-4b0b168be8bb,saxophonist,1,1,1,0.0,jazz,False,0.0
af4e38e4-22b9-4adf-9008-07cdbe4d2d66,"Lancaster, California",3,1,1,0.0,"Seattle, Washington",False,0.0
af51cc3d-a09e-4562-845b-91f1ba728899,Vénus,2,1,1,0.0,French,False,1.0
af5374ff-cf5b-411e-af31-90d8b44043ef,French,2,1,1,1.0,French,False,0.0
af555914-f6ac-4c2e-960b-519a7560e262,linebacker,2,1,1,1.0,linebacker,False,0.0
af57b4c7-ef30-4793-af61-1e950fd0fe14,Toyota,2,1,1,0.0,Chevrolet,False,1.0
af57c21b-0b7d-4a87-93a5-3163ece27a4b,Antarctica,3,1,1,1.0,Antarctica,False,0.0
af681e51-cd8b-4479-93c6-9dd86c0ee9d1,"Lancaster, Lancashire",4,1,1,0.0,London,False,1.0
af7a0f9e-b12e-4681-981c-2913e886d89c,Yorkshire,1,1,1,0.0,"Southampton, England",False,1.0
af82ac05-1093-493c-b225-61799559d9f5,Stuttgart,1,1,1,0.0,Berlin,False,0.0
af82cfb8-e764-41a1-aacb-94899fbab8f1,Archbishop,0,1,1,1.0,Archbishop,False,0.0
af84a108-ff7c-4912-a81a-5109168042a9,Andes,3,1,1,1.0,Andes,False,0.0
af88c5ab-20f6-4af7-a028-f57bcb799e9f,quarterback,3,1,1,0.0,linebacker,False,0.0
af8bfc31-0504-4f40-85ce-893cacd938fe,NBC,1,1,1,1.0,NBC,False,0.0
af8e410a-9978-426f-a3b5-b9d20ca9b460,Intel,3,1,1,1.0,Intel,False,1.0
af987201-4c0e-4ec4-aa26-3fd91440a7d8,Somerset,2,1,1,0.0,Ireland,False,0.0
af990942-3134-42fe-9e50-d9a9ceef88cf,Stuttgart,0,1,1,0.0,"Berlin, Germany",False,0.0
af9b135b-f378-4ee1-afb4-a31d85b65f94,Motown,1,1,1,0.0,Motown Records,False,0.0
af9fdc16-5c3a-4954-8535-867ce1d83410,"Hawthorne, California",3,1,1,0.0,Boeing,False,0.0
afa69a18-e322-46bd-a0c1-0766dea10f64,Glasgow,2,1,1,0.0,"London, England",False,1.0
afacd04c-bf64-4490-ae5d-9a35b8b24a75,Paris,3,1,1,1.0,Paris,False,1.0
afb4b13d-6530-4ef4-a03b-c7a30642c5d2,Mississippi,3,1,1,0.0,Rome,False,1.0
afbbcf32-f535-4760-90e8-4e7df14e67e5,English,0,1,1,1.0,English,False,0.0
afbda23b-88b3-4f06-b120-c0bcfaf8569b,Nigerian,4,1,1,0.0,English,False,0.0
afc28f5b-eee7-48bf-b21e-35ef2e4f5940,French,4,1,1,1.0,French,False,0.0
afe1ff2f-2186-4f87-bb47-008bcbb461da,Leiden,4,1,1,0.0,Berlin,False,0.0
afebc65d-e332-48cd-a2fe-b6ae8eeb7365,linguist,2,1,1,0.0,physiologist,False,1.0
aff2b743-77a1-40f3-837b-cf6393b92d2b,Fantasy Records,3,1,1,0.0,Decca Records,False,0.0
b00fdb17-8424-45fb-99a8-25da48648301,Microsoft,4,1,1,1.0,Microsoft,False,1.0
b01ab7be-cdc0-41b7-bb69-3bc4c46b4de6,Stuttgart,0,1,1,0.0,Paris,False,0.0
b020ecee-b0fe-45f7-be30-f7f1fecb91d5,Apple Inc.,4,1,1,0.0,Microsoft,False,0.0
b0262b6a-1cf2-419a-a0e6-cb07ba43d172,Apple,0,1,1,0.0,Microsoft,False,0.0
b02a59da-e270-4734-9baf-da967306a4a5,"Durham, NC",2,1,1,0.0,"Montgomery, Alabama",False,1.0
b02e0832-9d07-479d-a896-e19c09d94c5d,harmonica,1,1,1,0.0,guitar,False,0.0
b0301123-a2a4-4f8e-929a-08093a3d563b,Japan,4,1,1,0.0,CBS,False,1.0
b032cbd1-00e8-437a-9ada-2fd2ae95164c,"Rome, Italy",0,1,1,0.0,MA,False,0.0
b037677d-7f92-48a5-beea-d42d972284f4,Parma,2,1,1,0.0,Italian,False,0.0
b03bed08-9046-489f-9536-25ec61c4fc41,Jurassic Period,1,1,1,0.0,Antarctica,False,1.0
b03c0fec-69d4-4b6e-83ee-4f50bb2b511e,Devon,4,1,1,0.0,London,False,0.0
b03cfe83-5e54-46bf-a12e-672c8edc339c,Hamburg,1,1,1,0.0,Berlin,False,0.0
b043ef05-134b-4316-bc33-61270e64b9d7,Berlin,2,1,1,0.0,French,False,0.0
b0476458-e9f9-49ea-8390-00ce69b4d286,French,2,1,1,1.0,French,False,1.0
b056c9b6-0175-4742-bd79-6a555ef46ea6,"Vancouver, Canada",3,1,1,0.0,"Montreal, Canada",False,0.0
b0578da4-6558-45dc-9197-b28c35a15a72,Germany,1,1,1,1.0,Germany,False,0.0
b060205b-4d5b-4e27-9a34-fe136203338d,French,1,1,1,1.0,French,False,0.0
b0611677-d593-4894-968b-241b59f5b438,English,1,1,1,1.0,English,False,0.0
b06bdb7c-93f5-46c7-82de-d6d61226fca2,Prussia,1,1,1,0.0,"Berlin, Germany",False,0.0
b0735774-18f1-4d4a-9d65-4b5f5c8f2308,French,3,1,1,1.0,French,False,1.0
b08037e6-9337-4ec0-84d6-8e9cf0d2c22f,Spanish,3,1,1,1.0,Spanish,False,0.0
b0a6fd37-14c1-459d-9acd-45e89ad60d4d,Tunisia,4,1,1,0.0,Algeria,False,0.0
b0c416b1-a310-455d-9dfd-8dc57232fd95,Glasgow,1,1,1,0.0,London,False,0.0
b0c42d07-7479-4d91-9f04-4b8345d0b9b6,Decca Records,3,1,1,1.0,Decca Records,False,0.0
b0cc0034-f4db-4f79-8ae6-4ab460113a91,Hannover,2,1,1,0.0,Chevrolet,False,0.0
b0ccc820-401b-494e-9823-dfca13a99aee,Dublin,1,1,1,0.0,London,False,0.0
b0e05626-4068-4bb9-8a91-11787e5a7a80,Christiania,2,1,1,0.0,Berlin,False,0.0
b0e82981-687b-4c41-9b66-193f137a2670,Minsk,3,1,1,0.0,Warsaw,False,0.0
b0f03c5a-cfb6-491e-b9b9-911268b80c94,Northumberland,0,1,1,0.0,Leicestershire,False,0.0
b0f6ac1d-b1d0-4dd6-95ff-3a4ade379beb,Sofia,3,1,1,1.0,Sofia,False,0.0
b0f6c744-3d65-4a91-87eb-c7ff822af331,potassium,1,1,1,0.0,dipotassium,False,1.0
b0ff0df7-81e7-4cc4-929a-28b927f00f19,Polish,4,1,1,0.0,French,False,1.0
b1108467-8baf-4cd6-bccb-cbbc7133d61e,Episcopal,1,1,1,0.0,Archbishop,False,0.0
b117542d-398f-44f6-a487-5fe05cad597f,Cuba,3,1,1,0.0,bishop,False,0.0
b11be323-a69c-4c3f-a8c4-ad0bdd7fc5ae,Google,0,1,1,0.0,Apple Inc.,False,0.0
b11e6ab0-59a2-43ab-bcaa-e6b86d39bc58,Berlin,4,1,1,1.0,Berlin,False,0.0
b121e028-b872-4d30-9d2f-13909a953c88,English,2,1,1,1.0,English,False,0.0
b12b6c6d-b144-4885-b658-b7b38a5ef967,Spanish,1,1,1,0.0,English,False,1.0
b136fd51-7213-4548-9b2c-d8309528cfd5,Munich,4,1,1,0.0,"Berlin, Germany",False,1.0
b14259f9-647f-4055-8278-29df79e327cf,Yokohama,0,1,1,0.0,Tokyo,False,0.0
b146afad-37d9-4d25-a752-2362f8584f34,mathematics,3,1,1,0.0,linguistics,False,0.0
b14b846b-fa62-4a31-afbc-6b31a4950fbe,Kerala,0,1,1,1.0,Kerala,False,1.0
b153cc53-f704-43ba-b699-e94faeb2a62c,NBC,0,1,1,1.0,NBC,False,0.0
b16c9d4d-596a-4ce5-a05c-d8231478094c,"Houston, Texas",2,1,1,0.0,"Edmonton, Alberta",False,0.0
b16f3ede-60f6-442b-a6cd-d4fa7b93255a,"Dallas, Texas",3,1,1,0.0,London,False,0.0
b1754496-4ff6-467a-bb6a-4d2004cfb2a1,Google,2,1,1,1.0,Google,False,1.0
b179eb1f-95d4-4527-9c67-050ecbe697a2,"Minneapolis, Minnesota",4,1,1,0.0,Berlin,False,0.0
b18639e4-520d-4b8a-b450-69ababa6d8b6,France,0,1,1,0.0,Paris,False,0.0
b1953554-95ac-4318-aeae-e3dc69ceec97,mayor,1,1,1,0.0,Archbishop,False,0.0
b1970490-4f29-4dcd-837b-1816606b84f4,Lincolnshire,0,1,1,0.0,English,False,0.0
b19c1cee-d268-423e-9d33-aabfdea82c35,Google,2,1,1,0.0,Google Inc.,False,1.0
b1a87769-1407-4de6-b9bc-fd5b08e53819,Volvo Cars,3,1,1,0.0,Honda,False,1.0
b1a9a74f-932f-4b56-8be4-c48a727c78f6,Czech,1,1,1,0.0,German-language,False,0.0
b1c12f52-c8f4-43ce-9249-d6c55e588159,Antarctica,0,1,1,1.0,Antarctica,False,0.0
b1c5e66f-e009-4abe-ad40-7949536c79aa,London,1,1,1,1.0,London,False,1.0
b1ca9e33-a735-4839-ae86-1acda110ae16,"Minneapolis, Minnesota",3,1,1,1.0,"Minneapolis, Minnesota",False,0.0
b1d0ff3a-d2ac-4fc5-aec3-7971ad71a441,Kolkata,0,1,1,0.0,Mumbai,False,0.0
b1d64f7f-64de-46ad-a3d5-af4f8c06b77f,Flores,1,1,1,0.0,Indonesian,False,0.0
b1d745cd-1c17-4053-ae31-ba61d6556556,Vienna,0,1,1,0.0,Hamburg,False,0.0
b1dc38e5-3db6-4513-b8e7-51b03ccac807,Microsoft,0,1,1,0.0,Google,False,0.0
b1e28611-6e55-4f3b-b46f-6473f7dd2979,Italy,2,1,1,0.0,Rome,False,0.0
b1e865bc-6605-47a5-b92d-25ca390cf0e8,Northampton,4,1,1,0.0,London,False,0.0
b1ecd386-1258-48b7-b297-69a7dcf949ec,Latin,3,1,1,0.0,French,False,0.0
b1f79a94-2943-4810-90cc-a03c4360ac66,Rome,1,1,1,1.0,Rome,False,0.0
b1fb3d03-2550-4219-8fe7-7d69cf7e4b85,Dunedin,0,1,1,0.0,"London, England",False,0.0
b1fe05bc-c42a-44e8-96dd-5bcaac07bd29,French,1,1,1,1.0,French,False,0.0
b2080850-1013-41ab-a8f8-e3abb5817808,Spanish,1,1,1,0.0,Italian,False,0.0
b20d4dcc-7da0-4bed-b7d0-d7f15fd29b57,Na,4,1,1,0.0,nitrogen,False,1.0
b211e19c-70be-4953-bb1e-b5c03df354d0,English,1,1,1,1.0,English,False,0.0
b21263e4-8fa1-4891-9544-fcee5e04af04,quarterback,2,1,1,0.0,linebacker,False,0.0
b21ac474-1cab-484e-8080-3d45d5f3b3e7,bishop,1,1,1,0.0,Finnish,False,0.0
b22944a4-50c7-420b-a5ab-a11262c0cd15,Fiat,0,1,1,1.0,Fiat,False,1.0
b22bcfc2-fda8-4f2b-ac88-35133b601fa7,Bangkok,0,1,1,0.0,Berlin,False,1.0
b22f1e93-b867-4245-aa94-01af8384c4c9,"Bolton, England",4,1,1,0.0,"London, England",False,0.0
b2351e48-c8d4-4ca7-a989-a25544270114,English,3,1,1,1.0,English,False,0.0
b2381935-1d44-43c5-bd8e-5db42e9ebc79,Bristol,0,1,1,0.0,London,False,0.0
b23b99d2-36b2-482e-803e-6b49edd7bfb0,Madrid,4,1,1,1.0,Madrid,False,0.0
b246c038-708c-41d4-95b6-5572d4953e3e,"Venice, Florida",3,1,1,0.0,Rome,False,1.0
b2475f22-eccf-4ce4-acdf-eed1b252b203,French,3,1,1,1.0,French,False,0.0
b2563d11-f95d-4fb6-a9ee-04b086a49344,Audi,3,1,1,1.0,Audi,False,1.0
b256d1ec-f4eb-42fb-bce2-ee31246164fb,"Milan, Italy",0,1,1,0.0,Italian,False,0.0
b256f3dd-0613-45e9-8d1d-4c3cf3156e56,Moscow,3,1,1,0.0,Archbishop,False,0.0
b2582129-5362-4861-94b2-52f9321edfcb,Belgrade,2,1,1,0.0,Berlin,False,0.0
b2715759-f50b-437c-b518-5e5a596aa7c9,French,4,1,1,1.0,French,False,0.0
b2723043-45c4-48a7-92f6-19f13296843c,BBC,4,1,1,1.0,BBC,False,1.0
b273b29f-785e-44e1-be5a-7146406a0cfa,London,0,1,1,1.0,London,False,1.0
b27a9bb2-e235-4e77-808a-ea230ff932cd,Rotterdam,1,1,1,1.0,Rotterdam,False,0.0
b27cb2d5-f606-42b1-9493-2f4df3803fb1,English,0,1,1,1.0,English,False,0.0
b27dba8c-fb8c-42f3-b2e1-b5f300e9ed03,"Amherst, Massachusetts",0,1,1,0.0,Paris,False,0.0
b288e846-94b4-4a32-abd7-6a61cd79c2b2,midfielder,0,1,1,1.0,midfielder,False,0.0
b28efedf-3df8-462f-a420-f6339623840b,Swedish,1,1,1,0.0,Finnish,False,0.0
b2945233-def3-44d5-aef3-5a2fb8d80fab,Rome,3,1,1,1.0,Rome,False,0.0
b29525db-7b27-467d-ab49-431ea772e573,French,0,1,1,1.0,French,False,1.0
b29ef337-9f36-4312-8e9b-c88e3954f7cf,English,1,1,1,0.0,Antarctica,False,0.0
b29f67b9-633d-4e6a-a99e-c62793fa8623,Bonn,1,1,1,0.0,Berlin,False,0.0
b2b3ca3b-371f-4691-ae81-a7b723d2efa8,Sunrise Studios,1,1,1,0.0,NBC,False,0.0
b2b87f58-0dcf-4129-a51b-8fe288e3aa05,Canadian,0,1,1,0.0,English,False,0.0
b2d1209b-ce4a-4eab-9467-3f742f785464,"Bergen, Norway",1,1,1,0.0,London,False,0.0
b2daab69-72c4-4c68-b181-3c7d19dcdfb3,Nissan,2,1,1,1.0,Nissan,False,1.0
b2f30e93-ee50-4d0a-b19b-15faaaacebe7,"Paris, France",2,1,1,1.0,Paris,False,1.0
b2fa615f-c6ed-4b93-9d8d-bee30cd17d7f,Lebanon,2,1,1,0.0,Bavaria,False,0.0
b2fd1735-8d23-4c71-a0aa-b867ba6de7b1,Anatolia,0,1,1,0.0,Antarctica,False,0.0
b30e471b-a53b-45cb-8e83-16bdcd546953,Kuwait,2,1,1,0.0,Algeria,False,1.0
b30e53ae-ebd3-47a6-b582-c84aaffa551a,Italy,2,1,1,0.0,Italian,False,0.0
b31424fc-6657-48ec-8042-70db482d652b,Jerusalem,4,1,1,0.0,English,False,0.0
b3147209-c08c-48dc-afaa-6d74af6babbc,Paris,0,1,1,1.0,Paris,False,0.0
b317fd5d-b44b-48c1-b71f-80855c512ac7,novelist,2,1,1,0.0,Archbishop,False,0.0
b3185a47-72dc-4ee5-9a4f-411f22d1bbd0,Leeds,0,1,1,0.0,London,False,0.0
b31db371-1a21-42c9-9dbe-36a034ed53da,Constantinople,0,1,1,0.0,Florence,False,0.0
b3200997-74ed-4efa-99d2-c0f46be76d7c,Stirling,2,1,1,0.0,London,False,1.0
b3281859-292c-4578-a767-9f30055e3def,French,2,1,1,1.0,French,False,0.0
b330a51a-62cb-42af-837a-318926332dc0,Croatia,1,1,1,0.0,Russia,False,1.0
b333729c-afec-4650-884c-32a5bd08008e,French,0,1,1,0.0,Archbishop,False,1.0
b333c6ce-3520-4c82-9d62-5c8097aad8b4,Australia,1,1,1,0.0,Manchester,False,0.0
b3345957-b034-46b7-86ca-694892b109f3,Slade,1,1,1,1.0,Slade,False,0.0
b35d8c59-5e1d-48a2-aa74-a23fa4ffcc71,Birmingham,1,1,1,0.0,Berlin,False,0.0
b3664ea2-fe56-444c-a875-8d0e036c51af,Berlin,4,1,1,0.0,"Berlin, Germany",False,0.0
b36d6c8e-4b8e-4073-bf04-37d235814d7e,Kent,4,1,1,0.0,London,False,0.0
b37143e3-3b17-4711-b97b-6501a84d8fe4,Antarctica,0,1,1,1.0,Antarctica,False,1.0
b375c922-9dd8-4a49-90db-48545e537391,Canberra,4,1,1,0.0,Australia,False,1.0
b38372de-7ef5-4078-b429-0e58223e9120,Sofia,0,1,1,0.0,Antarctica,False,0.0
b38838d1-9c23-4f12-a0b5-e6259d78b08e,French,2,1,1,1.0,French,False,1.0
b39e96a0-ef2b-4844-b382-74541d77ebb9,Guinea,1,1,1,0.0,Antarctica,False,0.0
b3a288a2-3dfd-4894-bc95-c03400195196,abbot,2,1,1,0.0,bishop,False,0.0
b3a3e6c9-d065-49df-99c4-f0e7aab7b2a2,"Hereford, England",3,1,1,0.0,village,False,1.0
b3aaef89-319d-4abe-9891-36f597fae0cb,English,4,1,1,1.0,English,False,0.0
b3b0b290-be70-43dd-a42d-de0a63a5cfb4,"Victoria, Australia",3,1,1,0.0,Antarctica,False,0.0
b3b45266-a94e-421f-93b4-208b9812778d,CBS,0,1,1,1.0,CBS,False,0.0
b3b98acd-9c68-44f3-8975-53b51aa2573c,"Hamilton, Montana",0,1,1,0.0,"Denver, North Carolina",False,0.0
b3bb80bd-18f6-472a-bed5-14752c7e22c2,Amsterdam,4,1,1,0.0,Dutch,False,0.0
b3befe71-d494-4ca4-b557-06c212239c34,actor,4,1,1,0.0,actress,False,0.0
b3c2aa36-56dd-411a-b963-6490015d209a,Antarctica,2,1,1,1.0,Antarctica,False,0.0
b3deac49-9a98-4ca2-a576-9bdcbddcbc4a,Constantinople,2,1,1,1.0,Constantinople,False,1.0
b3ea6c64-9bf0-499c-8088-2e7bfb1791c3,English,2,1,1,1.0,English,False,0.0
b3ed4f61-0372-4458-aaba-fc8bb01dd82d,Swedish,1,1,1,0.0,Finnish,False,1.0
b3f10d06-604b-43d2-91c3-f41a314e82c7,NBC,3,1,1,1.0,NBC,False,0.0
b3f22860-8827-489b-ac6a-a63a0853756c,English,4,1,1,1.0,English,False,1.0
b3f42c03-d493-4afe-b075-42fa7d74d4a4,Bonn,0,1,1,0.0,Berlin,False,0.0
b3fff322-fd81-4f64-b675-c626261f2a1d,"Venice, Italy",2,1,1,0.0,"Rome, Italy",False,1.0
b4166d9c-93b6-418c-842f-0c8c87c4c30e,NBC,3,1,1,1.0,NBC,False,0.0
b416da23-f323-44b5-ab7a-c27c385ee41a,Antarctica,1,1,1,1.0,Antarctica,False,0.0
b41d182f-66ee-4064-bbcc-cfa35acc7041,Paris,2,1,1,0.0,Rome,False,0.0
b4267a5d-37dd-4c29-b005-031882221538,Swedish,2,1,1,0.0,Toyota,False,0.0
b42d3ae0-8758-4713-814e-18e86f0821e9,Palermo,4,1,1,0.0,Rome,False,0.0
b432cc47-cb0b-43c8-8c6b-c82317da176b,"Indianapolis, Indiana",1,1,1,0.0,"Philadelphia, Pennsylvania",False,0.0
b43f9b16-ae7f-475f-bd57-4775b379ae0f,Bratislava,4,1,1,0.0,Berlin,False,0.0
b44291db-3758-4af6-8210-d833749c7c0c,Adobe Systems,0,1,1,0.0,Google,False,1.0
b44c4f9c-b616-4f36-8f9b-6b6750f7fd97,Adelaide,3,1,1,0.0,Boston,False,0.0
b44cb6b7-fc36-42e3-ba60-aa1b50ab1f48,bishop,1,1,1,1.0,bishop,False,0.0
b44e9e9b-aa58-45ce-b0f0-f162b1437ffc,London,0,1,1,0.0,Paris,False,0.0
b44fd4d4-b09f-4b50-89ac-ae7b39b855d8,Dallas,2,1,1,0.0,"Boston, Massachusetts",False,0.0
b456c4d4-02fa-4226-8f28-81a7a9d5654f,Yes (band),1,1,1,0.0,English,False,0.0
b4625970-49ea-44ed-9e37-e10c650d96ca,Google,4,1,1,1.0,Google,False,1.0
b472e0bc-f6c9-477c-8a92-970c7a4e3ec2,Frankfurt,3,1,1,0.0,"Berlin, Germany",False,0.0
b47566cb-e596-4d53-b0d8-0fbc91086a40,Alexandria,3,1,1,0.0,California,False,0.0
b4866e4e-7497-41e4-aafe-84595a4f9d6d,Torino,4,1,1,0.0,Moscow,False,0.0
b486720f-4a40-40f3-b92d-0be34700b87f,Warsaw,2,1,1,0.0,London,False,0.0
b48d732e-0e30-4391-86a1-c3febd847a75,NBC,1,1,1,1.0,NBC,False,0.0
b49f910e-b586-41ee-aca0-453440dd27a7,NBC,1,1,1,0.0,CBS,False,0.0
b4a0e0d3-3514-49f3-bae0-4d4a56f1e8e3,physician,2,1,1,0.0,Albanian,False,0.0
b4a1547c-addb-4ca4-b86e-e76919368047,novella,1,1,1,0.0,French,False,0.0
b4a58a0f-c89d-472d-96c0-f211c1deaf4c,Warsaw,0,1,1,0.0,English,False,0.0
b4af1f1b-9387-4926-9992-af75068aff65,Sanskrit,1,1,1,0.0,Italian-language,False,0.0
b4b27766-640a-463b-a4e8-f806c789f497,Italian,2,1,1,1.0,Italian,False,0.0
b4b404f6-4911-46c7-8ec5-b5325ed9a4c5,Berlin,3,1,1,1.0,Berlin,False,0.0
b4b79a93-27a0-4b76-a7d9-bbb088c73bcd,Ferrari,0,1,1,0.0,Chevrolet,False,1.0
b4bac41e-3f3b-48f2-a371-b0241c9f8858,Germany,4,1,1,1.0,Germany,False,1.0
b4befdec-39b4-4e6c-8d4e-caf3fe0c6ae2,English,2,1,1,1.0,English,False,0.0
b4c3547e-cef8-4420-8e5c-256859f13da9,BBC,0,1,1,1.0,BBC,False,1.0
b4d17ae5-e484-466b-9cf4-e388c18aeac3,CBS,0,1,1,1.0,CBS,False,0.0
b4d406cf-4840-46f5-bf40-feff8959e352,MTV,2,1,1,0.0,NBC,False,0.0
b4e02b9a-0d6d-4e24-88ef-ef033c84794b,"Greenville, Ohio",3,1,1,0.0,"Greenville, Georgia",False,0.0
b4ed5c0a-620e-4427-8b1d-fed618569cce,defensive midfielder,2,1,1,1.0,midfielder,False,0.0
b4f04b18-7761-44a9-a00f-6d76afc94cdc,Ni,3,1,1,0.0,nitrogen,False,0.0
b4f40650-e8c1-4e66-9dcf-304c5acdcdf8,French,2,1,1,1.0,French,False,0.0
b4f8a4dd-59a9-4509-bd48-573f5aeb7352,Munich,2,1,1,0.0,Moscow,False,0.0
b4ff97d0-375a-4d97-8cd5-3bd3f13c86be,fiddle,3,1,1,0.0,midfielder,False,0.0
b509b639-381d-441e-9216-5e1bdb02fc93,French,2,1,1,1.0,French,False,0.0
b50b9c13-0d97-4522-9477-2003d8110645,architect,0,1,1,0.0,jazz,False,0.0
b5134c1b-2da3-4427-beb1-506073aabbbd,Antarctica,4,1,1,1.0,Antarctica,False,1.0
b5160b82-b9b7-4995-a4aa-a6b497a20e6a,"Middleton, Greater Manchester",0,1,1,0.0,"London, England",False,0.0
b533ea2a-00c8-4a2d-a784-a17b8bc1a197,left-back,0,1,1,0.0,midfielder,False,0.0
b5376316-492f-49dd-8653-13d977b4fe0d,Motown,4,1,1,0.0,Motown Records,False,0.0
b547baef-f8bd-4f94-bb74-b4ad10cd9446,trumpet,0,1,1,0.0,linebacker,False,0.0
b558743d-c0d9-45cb-9cf9-346cbfefc4c2,NBC,3,1,1,1.0,NBC,False,0.0
b55d699c-6ab9-4ecb-b641-c0b039bb461c,Antarctica,4,1,1,1.0,Antarctica,False,0.0
b5616998-1a58-4273-ad37-41f0ac0c6c10,Belfast,2,1,1,0.0,"Lancaster, Pennsylvania",False,0.0
b5630366-2624-48b9-a8a9-2bee22a6ee8e,Mexico,0,1,1,0.0,Spanish,False,1.0
b5642a35-32cd-4fe5-a1c7-89dcc30ade4e,"Independence, Missouri",3,1,1,0.0,Jerusalem,False,0.0
b5645aa8-86ea-40ac-84b6-4d2233f4f61b,Boston,2,1,1,0.0,London,False,0.0
b57573bf-4d4d-441d-8e95-afb5bb4d7cff,Amsterdam,2,1,1,1.0,Amsterdam,False,0.0
b57617e7-9a6e-4314-9940-802a44b02427,Microsoft,3,1,1,1.0,Microsoft,False,0.0
b5767c52-7203-4ee7-bbce-230fb696339b,studio album,4,1,1,0.0,English,False,1.0
b57c1fc2-a03c-46a4-be87-adf276cc6713,Baltimore City,0,1,1,0.0,English,False,0.0
b584ff67-227c-4d04-b783-46ebafb05e1b,"Hoover, AL",1,1,1,0.0,Pennsylvania,False,0.0
b587222c-4cb4-40d8-b25a-74044ea1ad41,Finland,3,1,1,0.0,Finnish,False,0.0
b59f491c-e6d1-46ed-aee8-ad52b44d11d4,Moscow,2,1,1,0.0,Berlin,False,0.0
b5a2c4df-2b9b-4dae-9438-4a9fc8e7038a,Toyota,3,1,1,1.0,Toyota,False,0.0
b5a54ee9-5177-4d6b-bd5c-fa62a56a14e7,clarinet,4,1,1,0.0,midfielder,False,0.0
b5ac0e32-011a-4709-8180-6b579cd3ba3e,Antarctica,1,1,1,1.0,Antarctica,False,0.0
b5b9910d-b276-4870-ad45-4de27fc21675,CBS,4,1,1,1.0,CBS,False,0.0
b5bf1661-a3d1-40a0-9e29-e8485fb59451,Baghdad,3,1,1,0.0,Islam,False,0.0
b5cac957-a36a-42ce-82d7-0f8d3e5bc154,NBC,3,1,1,1.0,NBC,False,0.0
b5ccfcc7-ff32-420c-9743-b088b2cc5e73,French,0,1,1,1.0,French,False,0.0
b5cd1be3-a6c1-45b1-bce2-0f0d7ff6ca4d,Brighton,2,1,1,0.0,English,False,0.0
b5d2c2bd-7a40-488a-97cd-1c40bf6cfd1b,English,0,1,1,1.0,English,False,0.0
b5d3f7b7-a08f-4167-b73b-1fe66bd55f0a,Decca,2,1,1,0.0,Russian,False,0.0
b5d77ff9-9f2a-4278-9af2-994c6bd7c17c,Italian,2,1,1,1.0,Italian,False,1.0
b5d8e6e6-1ca8-4911-92f7-80a1fefb0523,NATO,3,1,1,0.0,Paris,False,0.0
b5d9a4d7-bcd5-456d-a569-a69f35ef41a6,Seattle,4,1,1,0.0,Birmingham,False,0.0
b5e4f657-a3f1-4551-9068-29b9028e571d,Mars,4,1,1,0.0,Antarctica,False,1.0
b5f4178b-629e-4836-87eb-4e8bc0284de3,Danish,1,1,1,0.0,Finnish,False,0.0
b5fb9938-c62d-4308-88a9-92a9c73b17b9,Adobe Systems,1,1,1,1.0,Adobe Systems,False,1.0
b5fdea38-0364-4ab7-b589-3b178af7da74,Dresden,3,1,1,0.0,Berlin,False,0.0
b6089c0f-4850-4239-9cc5-45d3cc359bcc,"Hayward, California",4,1,1,0.0,Moscow,False,0.0
b60d76d8-eefc-4edf-b51f-ad8b874c6631,opera,0,1,1,0.0,Islam,False,0.0
b610a625-abe3-471e-96f4-4e2c7e664136,Antarctica,0,1,1,1.0,Antarctica,False,0.0
b618166c-9afc-476a-a62f-fe17a4363411,Tamil,1,1,1,0.0,English,False,0.0
b6193b78-b5ed-4558-85d3-27c52de7cc45,"Minneapolis, Minnesota",4,1,1,0.0,"Seattle, Washington",False,0.0
b63305fa-45a4-4e17-8deb-ce2a242d6852,"Irving, Texas",3,1,1,0.0,"Philadelphia, Pennsylvania",False,0.0
b63b04ee-3cf4-4217-8fdb-8bdcf5db41d7,EMI,0,1,1,0.0,Decca Records,False,0.0
b63b3fde-7d42-40dc-89c1-cc8e03d097cf,Budapest,4,1,1,0.0,London,False,0.0
b63be3d5-6f82-425d-84ab-f9b5a4016bf1,Bangladesh,4,1,1,0.0,Telugu language,False,0.0
b64a0d29-2053-4fee-822c-46eb46fb0fc4,France,1,1,1,0.0,Dutch,False,0.0
b64fb32b-b3e4-412d-aae9-e1737c9d0a3b,Microsoft,4,1,1,1.0,Microsoft,False,1.0
b654aae1-eae5-4df3-bbc0-d425e9bd01a7,"Perth, Western Australia",3,1,1,0.0,Antarctica,False,1.0
b65a76f6-fdcd-4575-b2a5-f57af296b42c,attacking midfielder,4,1,1,1.0,midfielder,False,0.0
b6607bbc-f161-4a00-aff2-e8bf7669bb3f,FIFA,2,1,1,1.0,FIFA,False,0.0
b6689710-00f6-4a7a-882a-04c5396bf803,French,4,1,1,1.0,French,False,1.0
b66b0420-ad13-482d-9dcd-5b2232eeb1ff,Taipei,3,1,1,0.0,London,False,0.0
b6798cda-2e66-4f49-9154-d0742e5762bb,French,0,1,1,1.0,French,False,1.0
b67bb6aa-52b8-423a-9def-b169b68f998a,BMW,2,1,1,0.0,Honda,False,1.0
b68a549a-4922-4980-bb91-a09d1d690535,"Franklin, Georgia",1,1,1,0.0,"Greenville, Georgia",False,0.0
b693fceb-9592-4fb2-8943-35bba98539c1,"London, England",0,1,1,1.0,London,False,1.0
b69f1942-d6af-4f7e-8ea0-ef770044d619,Spanish,3,1,1,0.0,Italian,False,1.0
b6ab1358-6a70-43a8-b600-bf41559a69c5,Microsoft,0,1,1,1.0,Microsoft,False,1.0
b6b24540-8181-4f38-a64c-644b504ef6dd,Decca,2,1,1,0.0,Decca Records,False,0.0
b6b6c04f-34ed-4ca2-8d71-dc465c263eaf,French,1,1,1,1.0,French,False,1.0
b6bc15ff-56c7-4d72-ac7a-36fb4842eb9c,French,4,1,1,1.0,French,False,0.0
b6bf1950-bac2-4842-af8a-5eb964a538d2,mathematician,0,1,1,0.0,Italian,False,0.0
b6c949d4-8fe3-4c80-b279-85c10eefb52b,London,4,1,1,1.0,London,False,0.0
b6e68511-a9d5-45fc-aa47-781ab3a4221e,Tripoli,0,1,1,0.0,French historian,False,0.0
b6e9845e-e5a0-4a4c-b175-9c51535be63c,Naples,4,1,1,0.0,Florence,False,0.0
b70505ef-bae4-46e8-a512-0b5e0b6d658b,Japan,0,1,1,0.0,Nokia,False,1.0
b7086b91-38cd-4fdd-a982-750e43f0752b,bishop,2,1,1,1.0,bishop,False,0.0
b70f6c31-2f57-46f5-9a2d-23a490e859b8,Stockholm,1,1,1,0.0,London,False,0.0
b70f8675-a6ea-4ad6-8ea3-f942618c4e07,Florida,4,1,1,0.0,Antarctica,False,1.0
b7157c56-cb27-4e89-b21e-828ff99fba05,Toronto,2,1,1,0.0,Alberta,False,0.0
b72c0352-b2b2-407f-b494-f19dea96631c,oxygen,0,1,1,1.0,oxygen,False,0.0
b732c934-5ff5-49fb-9d82-c533bec8e889,Motown,4,1,1,1.0,Motown,False,0.0
b73bf6c6-3468-4ab8-9f4d-3c6e28259f07,London,1,1,1,0.0,French,False,0.0
b753cbad-6a90-4503-a6e9-dda297aad2d3,Dutch,2,1,1,1.0,Dutch,False,1.0
b753df3f-fe59-4a6e-9488-5f4b48c40e66,Belgian,3,1,1,0.0,French,False,0.0
b754ab08-2596-4112-a702-0df9883945a9,Kuwait,0,1,1,0.0,Nigeria,False,0.0
b7556564-ea07-4c61-b5eb-ddd4fef13472,milk,0,1,1,0.0,rice,False,0.0
b75f35fe-7a27-4012-8290-12865a31715c,Allah,2,1,1,0.0,Islam,False,0.0
b76dfcb2-17e1-4d18-a4ff-3d94d0a5b481,Somerset,0,1,1,0.0,"London, England",False,0.0
b7814729-ac39-47c5-8cd9-07b1104b6483,Antarctica,3,1,1,1.0,Antarctica,False,1.0
b789b75d-2596-483c-a921-5f3f05de7ec1,jazz,3,1,1,1.0,jazz,False,0.0
b78f6a08-3cdf-46dd-b70f-55990f579c4f,Canadian,3,1,1,0.0,English,False,0.0
b79608d7-7ad1-4d2d-b920-52c9bee94077,Paris,2,1,1,0.0,French,False,1.0
b796653a-ef45-4368-ac16-4049d291a335,Nicaragua,4,1,1,0.0,Antarctica,False,0.0
b79a9a18-c327-4231-b00c-6789cf199a15,"Minneapolis, Minnesota",1,1,1,0.0,Dutch,False,0.0
b79d5981-0611-4f23-a441-8da6a528e064,midfielder,2,1,1,1.0,midfielder,False,0.0
b7a1eac2-0588-4760-b7df-5bca8717d17f,CBS,4,1,1,1.0,CBS,False,0.0
b7a4f876-0149-4d07-89cf-6205c774ca72,Italian,3,1,1,1.0,Italian,False,1.0
b7a75f53-c792-4e2e-addf-01c5f9839153,Baghdad,2,1,1,0.0,Italian,False,0.0
b7a8b88e-ebec-4640-ae93-5d80d0d16eaf,Niger,4,1,1,0.0,Paris,False,1.0
b7add303-4e14-42d2-bfb3-91e08480e4ae,Finnish,4,1,1,1.0,Finnish,False,0.0
b7e9315b-ce77-4abe-9e9e-4316440bea54,Dresden,3,1,1,0.0,Berlin,False,0.0
b7e9a4a2-4b2e-4681-b5f3-31d29e22b265,French,4,1,1,1.0,French,False,1.0
b7ed666d-d358-41e4-bcda-55a81db490d7,Toyota,3,1,1,1.0,Toyota,False,1.0
b7f4ce77-d90b-4c04-b3bc-dba4573d866a,French,0,1,1,0.0,English,False,0.0
b7fc450a-248a-4485-a096-ac17a83cde8b,Spanish,4,1,1,0.0,Archbishop,False,0.0
b808a9d3-2562-4957-9b47-2fb693edd777,jazz,4,1,1,1.0,jazz,False,0.0
b80a8802-f1bd-4a77-b579-d6b118abc39b,French,2,1,1,1.0,French,False,1.0
b813f6a1-12d9-4d9d-9601-5180101c9e9c,Sénat,4,1,1,0.0,French,False,0.0
b8192f7c-1bb0-4aaf-9c0f-0ac04db5fe81,Utrecht,2,1,1,0.0,Rotterdam,False,0.0
b81a3638-2854-4dfb-b82b-4bad157557c8,"Cleveland, Ohio",4,1,1,0.0,Italian,False,0.0
b81b8145-caf9-48c3-8f8f-f6ae4d0c037b,"Harrisburg, Pennsylvania",3,1,1,0.0,Indonesia,False,0.0
b81b9858-f273-4a95-9d5d-11ae447b2a78,Bangkok,2,1,1,0.0,Beijing,False,0.0
b8268adc-10a6-45e4-a243-fe221d9d0d9c,Welsh,1,1,1,0.0,English,False,0.0
b826fec8-b9f6-42a7-a0ff-dbf6201d8fa5,EMI,1,1,1,0.0,French,False,0.0
b82d6289-9b4c-4f6e-88b2-1781f0e921ff,Dodge,1,1,1,0.0,Honda,False,0.0
b8311348-b39e-4352-97bd-308242ebb129,Russia,3,1,1,1.0,Russia,False,0.0
b8327878-d22f-4ff9-9232-e36efa6a50bc,French,4,1,1,1.0,French,False,0.0
b8343e77-3a44-445d-91a6-f5affd70ff97,Rajasthan,2,1,1,0.0,Gujarat,False,0.0
b8381cff-2244-4d24-b6c4-8739e8880049,"Cleveland, Ohio",2,1,1,0.0,"Atlanta, Georgia",False,0.0
b838eb75-750b-4ca2-a7a9-e85f3fda7355,Toyota,1,1,1,1.0,Toyota,False,1.0
b83c5a8c-9496-41e6-99e5-3a362cc1783a,dirty snowball,1,1,1,0.0,Moon,False,0.0
b83d4e4d-716a-4ecb-941a-f090b71c95ca,India,2,1,1,0.0,Toyota,False,0.0
b8499fd6-186f-4849-b560-58218a1edf43,Apple,0,1,1,0.0,Microsoft,False,0.0
b84beaf3-bc3f-4eb6-81d1-8d42d2664fb3,Cardiff,3,1,1,0.0,English,False,0.0
b84d7c8c-a7b7-43d4-99f9-8e0783868417,NBC,0,1,1,0.0,CBS,False,0.0
b860768d-b1e0-4125-83fe-d9f7fad9b341,Caribbean,1,1,1,0.0,Andes,False,0.0
b86abde2-7507-43d5-b335-07d03c3eb4a2,Antarctica,1,1,1,1.0,Antarctica,False,1.0
b86aecc3-fd9e-45dd-b64b-b636af921cfc,NBC,1,1,1,1.0,NBC,False,0.0
b87c210e-a1c8-410f-9a5b-9fda81a1b418,shield,2,1,1,0.0,Dutch,False,0.0
b881329b-7e09-4cf7-a60f-fedc2c56abff,Florida,2,1,1,0.0,Antarctica,False,0.0
b88bb77a-fb22-4e79-9f54-93bb4cdad86b,Microsoft,2,1,1,1.0,Microsoft,False,0.0
b88ec4ac-3588-439c-9053-b0790d57a46c,"Sears, Roebuck & Company",3,1,1,0.0,Dodge,False,1.0
b88fb7d6-0a06-47ea-96be-f05b0409abdd,Nokia,2,1,1,1.0,Nokia,False,1.0
b8a5c8f7-1d38-41cc-8a3b-c72f67e2473f,Cambodia,2,1,1,0.0,Asia,False,0.0
b8b6a89a-28fe-4148-a00c-7be6ff28b393,Sarajevo,2,1,1,0.0,Italian,False,0.0
b8bd4294-0a79-40fd-b103-b04f3b5fa213,Armenian,2,1,1,0.0,Russian,False,1.0
b8d788cd-f4b0-4124-a640-9e8eee98fed1,linebacker,0,1,1,0.0,Finnish,False,0.0
b8de099c-0e97-4ac9-b771-2caf7dd782a5,French,4,1,1,1.0,French,False,1.0
b8e49e44-7bf3-4541-a08f-982a10b8735a,Angola,0,1,1,0.0,Cambodia,False,0.0
b8e919e4-6e2b-4406-a9cf-42a21fe1161a,Naples,3,1,1,0.0,Rome,False,0.0
b8eefbee-c420-46c6-b068-c3acfb7eddbb,Toronto,1,1,1,0.0,French,False,0.0
b8f57823-c6e1-461a-acab-b52d15da2a58,piano,2,1,1,0.0,NBC,False,0.0
b8f81e37-2d95-46c7-ab9f-acaf441ea341,"Aden, Yemen",3,1,1,0.0,Amsterdam,False,1.0
b9040dc5-d07f-4b8a-9fe3-f55fea186f1c,Moscow,0,1,1,0.0,Russian,False,0.0
b9129da5-8921-450c-b628-ef5f42d3484b,Dunedin,1,1,1,0.0,Antarctica,False,0.0
b914506a-8c44-4ff4-a8d9-d425f3d34a9e,NBC,2,1,1,1.0,NBC,False,0.0
b917dfc4-0a6f-4dc6-843a-4f864c7cee2b,Toronto,0,1,1,0.0,Leicestershire,False,0.0
b91a83a9-9a50-4563-a008-3d6deda8f22c,Italian,0,1,1,1.0,Italian,False,1.0
b91d2798-f90d-45d5-adbf-5c72c11567e8,politician,3,1,1,0.0,English,False,0.0
b91fd4bf-8001-483d-a81a-a3d9453bc373,Toyota,3,1,1,0.0,Honda,False,1.0
b92d5829-06cc-4404-8996-cea4f440b431,English,1,1,1,1.0,English,False,0.0
b937461e-1ee1-4fcb-90d9-25d7ed2d4e9c,Antarctic,0,1,1,1.0,Antarctica,False,0.0
b938cc1b-bdd2-4d2e-9ca7-e328490438a1,Mumbai,0,1,1,0.0,Nokia,False,0.0
b93fedec-6d95-4aee-9b45-7a1582f95ccd,CBS,2,1,1,0.0,NBC,False,0.0
b9444d09-c8db-4ccb-9d5b-614e09f90747,"Antrim, County Antrim",2,1,1,0.0,Manchester,False,1.0
b94f9241-4ef1-4b36-9b4e-7fba3a557d86,Jerusalem,4,1,1,1.0,Jerusalem,False,0.0
b954c4cd-81a1-41e2-9016-8f05cefb4856,Antarctic,0,1,1,1.0,Antarctica,False,0.0
b955326e-d0d6-4057-8056-a8c738f13768,Islam,0,1,1,1.0,Islam,False,1.0
b9579fc3-2a62-4080-8562-1da36c687cb3,actor,3,1,1,0.0,jazz,False,0.0
b961438c-29dd-41ea-9bfd-cc591ea550c1,Budapest,3,1,1,0.0,Berlin,False,0.0
b96f5b70-b6bf-4ab0-bba5-4106531fc219,Dodge,4,1,1,1.0,Dodge,False,1.0
b972535c-8fa5-4982-82db-4f8bbdfca108,"Perth, Western Australia",4,1,1,0.0,"Brighton, England",False,0.0
b9739b6d-ea4a-4b70-8374-fdee37f3028d,Polish-language,4,1,1,0.0,Polish language,False,1.0
b974639a-f591-4348-bd88-d68ada8a06fe,Toyota,2,1,1,1.0,Toyota,False,1.0
b97ce8bc-c1d4-4209-8b8b-41eb4ab8208a,Russia,0,1,1,1.0,Russia,False,0.0
b97d3075-169c-41a9-9616-8aa922c23c11,Saxony,0,1,1,0.0,"Berlin, Germany",False,0.0
b97f65f7-03f1-45ad-8b38-62d5b8afce84,English,3,1,1,1.0,English,False,0.0
b98678e3-e8ea-43c5-834c-53aeee99e7cc,Adobe Systems,2,1,1,1.0,Adobe Systems,False,1.0
b98cac4d-3b8b-4cdd-9546-4c3fd6a5f217,València,0,1,1,0.0,Madrid,False,0.0
b997aeed-5d7e-48a2-a8e1-37d1545ed7c8,English,3,1,1,1.0,English,False,0.0
b99cd9f9-ca7f-48c9-b503-483510d8f217,Dutch,3,1,1,1.0,Dutch,False,0.0
b9a3add3-96a0-48b8-960b-5be11f9c64ef,Montreal,2,1,1,0.0,English,False,0.0
b9a84276-587c-45f2-a3af-b8a700dd2714,Italian,3,1,1,1.0,Italian,False,1.0
b9b3393b-48cd-406a-8580-73c36f411644,Antarctica,3,1,1,1.0,Antarctica,False,0.0
b9b50ae8-1c27-4f8c-8957-f4185fe1335c,London,2,1,1,1.0,London,False,0.0
b9b87fa0-467f-4800-803f-1305b9cb1d09,opera,1,1,1,0.0,Italian,False,0.0
b9c2529c-c9d5-407c-b720-dd99baf27cc3,Thessaloniki,0,1,1,0.0,"Victoria, Australia",False,0.0
b9c909ed-1273-43ec-a58c-dc1686ac7b30,"Atlanta, Georgia",3,1,1,0.0,"Rochester, Minnesota",False,1.0
b9cf154e-45d3-4c34-9b10-9f2fe237d0ee,Stuttgart,0,1,1,0.0,Jerusalem,False,0.0
b9d901f4-0383-4c79-816a-0b5193ee4a27,Montreal,0,1,1,0.0,French,False,1.0
b9db377f-e4a8-4e13-91b0-c7b25e49b01a,composer,0,1,1,0.0,Italian,False,0.0
b9e05808-829a-4ef2-8c65-12b97edea135,Decca Records,1,1,1,1.0,Decca Records,False,0.0
b9ed6d0b-773a-44b6-a69f-ff8245f03749,Audi,3,1,1,1.0,Audi,False,1.0
ba151990-e609-40fe-b2a2-de3526f866ef,Palermo,0,1,1,0.0,Italian,False,0.0
ba1f60a8-d58d-42e4-b6e3-2ef225bd4b01,Japan,4,1,1,0.0,Tokyo,False,0.0
ba3508a7-804c-4c7f-8347-16d52ed86cca,England,1,1,1,0.0,"London, England",False,0.0
ba358376-e1f8-43b9-9bba-47f10c888795,Montevideo,0,1,1,0.0,Jerusalem,False,0.0
ba3e5f93-3341-47a7-a73d-5617c417001b,Japan,3,1,1,1.0,Japan,False,1.0
ba42d9d9-4644-4cae-a93b-95dd09a065cd,Zagreb,0,1,1,0.0,Sofia,False,1.0
ba49897c-6422-4615-a5d8-d60f3059c771,NBC,0,1,1,1.0,NBC,False,0.0
ba5b6f3b-e3e3-4e54-94be-4c726a996e81,Google,1,1,1,1.0,Google,False,0.0
ba5c0a6a-2a54-4ea1-9919-f54a0e0f2aaf,Pendleton,2,1,1,0.0,French language,False,0.0
ba5c58a8-0fab-4e76-810f-dae3591fa308,Paris,4,1,1,0.0,French,False,1.0
ba69406c-b42a-48df-a01c-ad620ab82772,Norwegian,0,1,1,1.0,Norwegian,False,0.0
ba6f26f4-f601-472f-826d-03a66f777346,Sydney,4,1,1,0.0,London,False,0.0
ba7781d0-323a-41bc-afe1-3b022c049c86,Antarctica,2,1,1,1.0,Antarctica,False,0.0
ba7aa465-9cb7-4217-b6b0-c1fbaeebb821,Spanish,1,1,1,1.0,Spanish,False,0.0
ba8e9d86-2ba6-44c4-81f8-3094070e5f85,English,0,1,1,1.0,English,False,0.0
ba91bded-7a26-49d1-a15c-2384b91c52a7,"Bethel, Maine",4,1,1,0.0,London,False,0.0
ba94bb27-cc85-49ef-b652-8ac5bebd03fe,Kazakh,0,1,1,0.0,Russian,False,0.0
ba967301-1db3-4c0b-a901-fe9bb4bc6115,Luton,0,1,1,0.0,Southampton,False,0.0
ba990cfa-7bfa-4d01-a170-40ad1d6ad088,French,3,1,1,1.0,French,False,0.0
baa3ca7c-4948-4835-91ac-2785795049ad,English,2,1,1,1.0,English,False,0.0
baa994d3-4d31-4270-8112-fbf246c80410,Russia,3,1,1,1.0,Russia,False,0.0
bae1969b-a956-47bc-bd0a-1bd2a91739dc,Paris,2,1,1,0.0,French,False,1.0
bae7ee99-9cb7-4dfa-bff1-d8d312dda70e,"Paris, France",3,1,1,1.0,Paris,False,1.0
baea300d-8378-4650-9359-e4070da33e6f,Honduran,1,1,1,0.0,bread,False,0.0
baf547ce-c949-411d-8203-18b8f1e7296b,Alberta,0,1,1,0.0,Italian,False,0.0
baf8e828-35ea-4689-acff-2587db2b0bd4,Madrid,4,1,1,0.0,Italian,False,0.0
bb062949-335e-4f20-bfc1-21cc0a1d0de0,Chester,2,1,1,0.0,Archbishop,False,0.0
bb14a8d9-8d8b-4918-b294-d3a36e60ac0a,English,3,1,1,1.0,English,False,0.0
bb1ae4cf-60e6-447e-bf34-065be62a5859,Adobe Systems,2,1,1,1.0,Adobe Systems,False,1.0
bb1c1c19-e858-4d3d-b7f5-3641a859138c,English,1,1,1,1.0,English,False,0.0
bb1d5c82-eca2-4f0f-bce7-ee3f7d801bfa,Poland,3,1,1,0.0,Prussia,False,0.0
bb1e2b5f-21a9-4c7e-aaec-025af4e13c2c,Yahoo!,0,1,1,0.0,Google,False,0.0
bb207d1b-cf8d-4299-802c-47863602a15b,Montreal,0,1,1,0.0,Paris,False,0.0
bb3acead-293f-4913-9d7d-f22329957b39,Google,0,1,1,1.0,Google,False,0.0
bb48a126-4899-44f8-a29e-fd4ab1ef1a14,Estonian,3,1,1,0.0,French,False,0.0
bb4b658f-fcb1-49d2-9ed0-cf1665216f49,English,4,1,1,1.0,English,False,0.0
bb4f75e8-7ecf-4861-a114-b34aa5a7b5cf,Venice,2,1,1,0.0,"Florence, Italy",False,0.0
bb4fa6e0-9f75-458d-9768-5bd59c56eab4,Japan,3,1,1,1.0,Japan,False,1.0
bb570c40-9305-40bc-9721-967eab3e3e57,Swedish,0,1,1,0.0,Finnish,False,0.0
bb5a90f1-1005-4ce9-9aba-6b4482a8ee61,Mitsubishi,1,1,1,0.0,English,False,0.0
bb5ae11d-3a85-453f-9a49-a5825f329a12,Vancouver,0,1,1,0.0,Antarctica,False,0.0
bb61eab1-15c9-4c2b-80ea-77b01e54a49a,Middlesbrough,0,1,1,0.0,English,False,0.0
bb63b36b-2cd8-4624-b5d0-99f67e89cfe3,Leeds,1,1,1,0.0,London,False,1.0
bb6d85e0-4f9a-41c7-a4a2-6ef9f2b8bd9c,Antarctica,1,1,1,1.0,Antarctica,False,0.0
bb703cab-9738-434f-bf98-cd00256bf030,helicopter,1,1,1,0.0,French language,False,0.0
bb73045c-43ff-4908-9b16-e9d638c28dc4,Berkshire,4,1,1,0.0,Antarctica,False,0.0
bb77d4ce-979c-4f7e-b19f-15fbfbb19305,"Cleveland, Ohio",3,1,1,0.0,California,False,1.0
bb7b7c2c-d738-4042-a94b-bfea4e502b45,Finnish,2,1,1,1.0,Finnish,False,0.0
bba33fd3-2414-445d-aa27-59112221cb23,Hesse,4,1,1,0.0,Antarctica,False,0.0
bba80ebe-e319-4616-ab62-4a0831dbf518,French,0,1,1,1.0,French,False,1.0
bbc24646-7b65-4bf8-bed7-da0b798181ff,Rome,0,1,1,0.0,bishop,False,1.0
bbc27a3a-7a64-46f7-9641-575fc442cfc5,Israel,0,1,1,0.0,French,False,0.0
bbc4febd-0394-42b0-bfd8-92575a1a961b,Italian,2,1,1,1.0,Italian,False,1.0
bbca1bd3-1c72-4cec-84ca-dd97e6fcad1f,French,2,1,1,1.0,French,False,1.0
bbcaef14-9bd0-4724-93da-6dd872cb9630,comedian,2,1,1,0.0,jazz,False,0.0
bbd41392-b1be-4b22-aefa-bcb9fbae7347,London,1,1,1,1.0,London,False,1.0
bbd78d5d-b817-43ee-9d2a-8c485715a997,Microsoft,4,1,1,0.0,IBM,False,0.0
bbdaf110-bd69-490d-b7d2-bbfbdd92b6e3,Antarctica,3,1,1,1.0,Antarctica,False,0.0
bbef9cf0-aa25-482d-8c90-f04e304f299d,Archbishop,1,1,1,1.0,Archbishop,False,1.0
bbf309e6-6d79-4ec8-bb25-d81c424c71d5,Madrid,3,1,1,0.0,Italian,False,0.0
bbf33f06-bebc-47ac-928e-42dbcf34bd8a,Motown Records,0,1,1,1.0,Motown Records,False,0.0
bbfd152b-36ba-43de-82ae-88cab962ac4b,Audi,3,1,1,1.0,Audi,False,1.0
bc01fec7-aa27-41b9-86b0-528dfaee5fc4,rice,2,1,1,0.0,flour,False,0.0
bc0e3df6-b062-4c0b-bfec-5166fff1adcb,French,4,1,1,1.0,French,False,0.0
bc120252-6b6f-41db-be1b-f68013f1b3ac,Kiev,2,1,1,0.0,Russia,False,1.0
bc1948b7-fc57-4deb-8789-255219a7a834,"Cleveland, Ohio",1,1,1,0.0,London,False,0.0
bc208a28-2472-48d2-928b-4ac7c4a3da32,Nissan,3,1,1,0.0,Honda,False,1.0
bc21268a-bb4f-4f39-b193-a37f3ae5a584,Belfast,4,1,1,0.0,London,False,0.0
bc2bca2f-eb8b-4869-a3a8-581bab561bb3,Google,4,1,1,1.0,Google,False,1.0
bc379291-d596-450a-a166-9e104a678273,Antarctica,4,1,1,1.0,Antarctica,False,0.0
bc425a7d-daf3-4d5d-bd5c-c28bf1bd2e63,Milan,3,1,1,0.0,France,False,0.0
bc480a97-3a32-4781-8d2f-89184ff20ab3,Paris,2,1,1,0.0,French,False,0.0
bc5326d1-2851-4535-b793-945d3af4f2c1,Toyota,4,1,1,1.0,Toyota,False,1.0
bc5ef2cc-1ea8-40be-8ef2-2eb48db08fe6,Calais,1,1,1,0.0,Paris,False,0.0
bc607898-a2b2-4b93-9195-8c53fe8b2883,Microsoft,0,1,1,1.0,Microsoft,False,0.0
bc623db1-21b1-4c1c-b01c-cbe970042c61,"Waterloo, Ontario",2,1,1,0.0,Microsoft,False,0.0
bc64b74a-acce-4f29-baa4-c386dcb453c8,"Philadelphia, Pennsylvania",4,1,1,0.0,London,False,0.0
bc69f25f-6947-4901-b878-b10c27a0977d,Québec,1,1,1,0.0,French,False,1.0
bc6af355-85d6-410d-9c7a-948c8ad321f0,"Paris, France",3,1,1,1.0,Paris,False,1.0
bc6c09dc-4497-4bcb-8192-9e9445222c4e,Antarctica,2,1,1,1.0,Antarctica,False,0.0
bc7826e1-fce4-4524-8bcd-efa641cf52ec,"Boston, Massachusetts",2,1,1,0.0,English,False,0.0
bc8557aa-5bdb-49f7-9520-f51295020a2b,English,0,1,1,1.0,English,False,1.0
bc938a43-bd3b-4aef-8988-35a2ac86c5eb,England,3,1,1,0.0,"London, England",False,0.0
bca1e45d-bb73-4ac9-98ff-7243c71d33ef,CBS,1,1,1,1.0,CBS,False,1.0
bcb6d7b7-f9bd-4fc6-bc8e-92d959f6e4fa,Sweden,1,1,1,0.0,Antarctica,False,0.0
bcb96e88-10ca-477e-9cdf-f3f7eb0f3a82,Australia,0,1,1,0.0,French,False,0.0
bcbdba13-6281-46fe-ad20-812ccc49ac40,Italian,1,1,1,1.0,Italian,False,1.0
bcc19285-bc4e-4bbb-adb4-c0fedbe19b35,French,3,1,1,1.0,French,False,0.0
bcc56bc8-0105-41a7-a073-5ae0aa3e3f52,Bergen,1,1,1,0.0,Oslo,False,0.0
bcc9f598-356e-4bb0-b574-9a30b39d3ef5,"Olympia, Washington",1,1,1,0.0,"Brisbane, Australia",False,0.0
bccd832f-334e-471b-9527-cfbdcea7d9dd,Rama,1,1,1,0.0,Hindu,False,0.0
bccfd67e-7ac6-4e86-ab1c-1e28e68f7cde,Paris,2,1,1,1.0,Paris,False,1.0
bcebb994-2031-40f4-8a0c-e588b372a2fe,CBS,0,1,1,0.0,NBC,False,0.0
bcf0ef43-34ad-4245-92df-79c8b7cd4f1a,Asian,0,1,1,0.0,French-language,False,0.0
bcf27d70-44c0-449b-b538-c342831ca5f1,viola,4,1,1,0.0,jazz,False,0.0
bcff3f76-fb5d-4677-a038-43578e012d2f,Antarctica,4,1,1,1.0,Antarctica,False,1.0
bd059107-8b49-4170-b9eb-430e553e221b,"Melbourne, Australia",2,1,1,0.0,Canada,False,0.0
bd0e6ee1-bf7f-4c63-93ca-4e43568de8b4,CBS,1,1,1,0.0,NBC,False,0.0
bd2155cf-0ad0-4191-9473-7f1ca68c13ae,Italian,4,1,1,1.0,Italian,False,0.0
bd2a7f9b-a085-417a-9c58-1988bfc01cdc,Nokia,2,1,1,1.0,Nokia,False,1.0
bd2b495e-cb33-432e-a0e1-a8920514c179,"Boston, Massachusetts",4,1,1,0.0,"Philadelphia, Pennsylvania",False,0.0
bd345fd7-29e3-46e4-b2ed-701c62accc22,Italy,3,1,1,0.0,Italian,False,0.0
bd35a3e8-66d7-4ccc-a40b-aea227e58bd0,Antarctica,3,1,1,1.0,Antarctica,False,0.0
bd37fc12-ce26-49ea-8c4f-680365fe9dac,bishop,3,1,1,1.0,bishop,False,1.0
bd3d528d-b39b-494a-8243-2acb11f42a78,Netherlands,4,1,1,0.0,Antarctica,False,0.0
bd477870-c574-4afb-8db0-9153cf2cd9fd,sugar,2,1,1,0.0,flour,False,1.0
bd4f78aa-9d3a-4585-9666-9019c2030c9e,Antarctica,2,1,1,1.0,Antarctica,False,0.0
bd516425-17c3-46c2-a5c8-53e0f50f43d5,Detroit,1,1,1,0.0,English,False,0.0
bd571033-289e-4532-aff7-c128dac934d3,EMI Music Australia,4,1,1,0.0,Decca Records,False,0.0
bd5a0c1b-247b-4e42-800c-b495db6607e9,CBS,4,1,1,1.0,CBS,False,0.0
bd5d63aa-854e-49cb-96d8-8132eb62ec73,"Fulton, Missouri",4,1,1,0.0,Chicago,False,0.0
bd5e5a58-408c-43e1-9fac-8edcd21222e6,jazz,1,1,1,0.0,Italian,False,0.0
bd5ea31d-9641-453d-a54b-4bc95180585f,Bologna,4,1,1,0.0,Florence,False,0.0
bd5fb169-6371-430a-8014-8bb5b8a9139c,Munich,3,1,1,0.0,Berlin,False,0.0
bd706f12-154d-44ee-925f-8b6e9472a93f,sugar,2,1,1,0.0,flour,False,0.0
bd7a0032-f9cf-49b0-885e-678b5a15b461,"Olympia, Greece",2,1,1,0.0,French,False,0.0
bd882582-3f8c-413c-aa8f-dc2ec514610b,Mathematics,4,1,1,0.0,topology,False,0.0
bd882aaf-2f9e-4e0b-b437-9e72f367ec53,photographer,0,1,1,0.0,English,False,0.0
bd8acfd8-e16c-4e9d-84b9-4a932a9ba79e,NBC,4,1,1,0.0,CBS,False,0.0
bd993913-96cb-4bd9-8a50-4ca2ced2f1e8,Honda,3,1,1,1.0,Honda,False,1.0
bda56e7b-c952-4379-b474-ff84ce6f8465,NBC,1,1,1,1.0,NBC,False,0.0
bdaeaf2d-56a9-4d33-9d7f-31ef506bfd6a,"Cornwall, Ontario",1,1,1,0.0,"London, England",False,1.0
bdb138c9-8671-4f13-9a9b-f5bd322307cb,Catalan,1,1,1,0.0,French,False,0.0
bdc3826b-098d-40c5-9caa-d55471ba3f41,Google,1,1,1,1.0,Google,False,1.0
bdcebed3-50f6-40cb-ba8a-644c76cf01d6,English,0,1,1,1.0,English,False,0.0
bdd5b83b-bc6c-4d9e-b7ed-9d0bf3dc8f9f,Armenian,0,1,1,0.0,Russian,False,0.0
bdda4abd-4386-464e-a850-5e5578254b43,winger,0,1,1,1.0,midfielder,False,0.0
bddc8af8-4e1f-40ee-a846-72b67eb7c092,mathematics,0,1,1,1.0,mathematics,False,0.0
bde21428-ea36-4d2c-b86d-33061b36db6c,Honda,1,1,1,1.0,Honda,False,1.0
bde4dac5-c448-4db0-ab71-9196d4ccae42,Singapore,4,1,1,0.0,Jakarta,False,0.0
bde94480-05d7-40fb-bfed-a944f9909157,Helsinki,2,1,1,0.0,Antarctica,False,0.0
bdea40ac-fdf4-4130-a972-00202f3df894,reservoir,2,1,1,0.0,English,False,0.0
bdf2ee4d-1db2-48bd-9e9a-cdb26cfc0751,white flour,3,1,1,1.0,flour,False,0.0
bdf4406f-45f3-4aaa-bb1d-cd532be4ab74,French,2,1,1,1.0,French,False,0.0
bdf8db91-4f67-41d6-914c-6f1b781e3253,Fairchild-Republic,1,1,1,0.0,Boeing,False,1.0
be03de8b-095e-4bcb-bd99-fcd6cf191855,viola,3,1,1,0.0,piano,False,0.0
be05b8b8-91b4-404e-aadb-d0521a868156,Naples,1,1,1,0.0,"Milan, Italy",False,0.0
be067771-e56d-4306-a9ab-fef0155eb2da,HBO,1,1,1,0.0,BBC,False,0.0
be1044ff-519f-456d-9a7f-5511893dfe50,actor,1,1,1,0.0,jazz,False,0.0
be1a2c88-0d78-46f4-9fb8-b6e3e0cf8363,Microsoft,0,1,1,1.0,Microsoft,False,1.0
be1a94a7-4872-4446-8300-4a5c2d56af06,Java,0,1,1,0.0,Antarctica,False,1.0
be1c9abc-9088-4efb-8149-b1a3c251fc2b,French,0,1,1,1.0,French,False,0.0
be1e51f6-f2f1-43b0-af9a-fa39ac6c8dd7,Germany,1,1,1,0.0,"Berlin, Germany",False,0.0
be2422b2-21d3-4804-a04b-cbbb1e1b5d1d,Texas,3,1,1,0.0,California,False,1.0
be26196a-d49d-4f58-8109-b36cd19f8f0a,Italian,2,1,1,1.0,Italian,False,0.0
be39656e-aaff-42b2-ad7d-85f496d35993,Russian,4,1,1,1.0,Russian,False,0.0
be40098b-1779-42e3-b4a7-9102e5e4122e,London,3,1,1,1.0,London,False,1.0
be5d5c00-e935-4440-83a4-d5177a2c8e3b,Minnesota,4,1,1,0.0,California,False,1.0
be648a1f-0f53-4ba4-bf19-794d7c00701e,Glasgow,2,1,1,0.0,London,False,0.0
be67b631-bd6e-491d-ae46-4136b05b0908,Toulouse,0,1,1,0.0,Berlin,False,0.0
be6b4672-cd30-4b62-a42c-f9a9bfc4f38b,Moscow,1,1,1,0.0,Russian,False,0.0
be6db716-8788-4617-9fdd-bae1ea28c91b,"Atlanta, GA",4,1,1,0.0,"London, England",False,0.0
be6e27cc-0a3e-4b5a-baa5-316c9fa5a0a4,Kyoto,3,1,1,0.0,Nintendo,False,0.0
be756da6-fb1a-4c90-aef9-f996a8801e15,Bucharest,4,1,1,0.0,Barcelona,False,0.0
be7820d9-ea4a-4b98-aace-47665d86293d,Florence,3,1,1,0.0,Italian,False,0.0
be7f64b6-189f-4b06-a54c-9516c17cc225,Netflix,3,1,1,0.0,NBC,False,0.0
be81c7dd-4f3d-4688-8092-053e4e412089,English,1,1,1,1.0,English,False,0.0
be854218-7d0b-493e-9cf4-9b9080da6b91,English,4,1,1,1.0,English,False,0.0
be96bede-2263-43fa-b025-c429b21d0053,muscle,0,1,1,0.0,protein,False,1.0
be98631a-5c58-4e96-9bbf-08513ca65b5f,Roman Catholic cardinal,3,1,1,0.0,Archbishop,False,0.0
be9b2bab-83c4-41fe-a892-74504cb7c4a7,Sega,4,1,1,0.0,Decca Records,False,0.0
be9bed59-3f94-42c0-9afe-0c3df1cf1c7c,"Madison, Wisconsin",4,1,1,0.0,Chicago,False,0.0
be9db367-d64f-488f-85eb-ec80450eb64f,bishop,0,1,1,0.0,Archbishop,False,0.0
bea13a73-7503-41ab-b3a2-f07bd75f4081,London,1,1,1,0.0,Breton,False,0.0
becf4a0a-c619-4a2b-aaca-35d12051c1fa,village,2,1,1,0.0,Archbishop,False,0.0
bed63621-b67f-445c-a5b7-68bac059730b,Bangalore,1,1,1,0.0,Mumbai,False,1.0
bedf9e44-5b6b-44a9-bd2f-34f235437ed5,topology,0,1,1,1.0,topology,False,0.0
bedfb6fc-e8bf-4555-8df9-56a9f8ca337b,Oslo,3,1,1,0.0,Berlin,False,0.0
bee465a9-3498-4d4d-8818-cbef819b777d,Motown,1,1,1,0.0,Motown Records,False,0.0
bee5f56c-783a-4de6-b4ed-dd8b0293a134,Antarctica,3,1,1,1.0,Antarctica,False,0.0
bee6eebc-7cb0-4636-b311-739d90924395,Finland,2,1,1,0.0,Antarctica,False,0.0
befdf8f9-4559-4cc5-880a-ff5e597a6bd6,village,2,1,1,0.0,London,False,1.0
bf0078d4-de6a-45bd-a6eb-607e46c026ec,Apple Inc.,3,1,1,1.0,Apple Inc.,False,0.0
bf09ed10-5796-4d7d-8522-132027fe19c3,helicopter,0,1,1,0.0,Russian,False,0.0
bf0e2c9f-20f8-4710-9db8-8351ac95c03b,French,0,1,1,1.0,French,False,1.0
bf0fadcc-8ee2-4341-8cf4-682cb73e66ec,Istanbul,4,1,1,0.0,Helsinki,False,0.0
bf1f96e7-f65e-46e4-b7cf-37455d757030,Rome,1,1,1,0.0,Italian,False,1.0
bf26692e-6cdd-4d13-9d12-77ca6097a2b2,Atlanta,2,1,1,0.0,Motown,False,0.0
bf26f82e-5ad8-47c7-a62d-f7c4809587a1,Alaska,1,1,1,0.0,Antarctica,False,1.0
bf2e2c41-82bd-4532-8fe6-b5e3a4c37804,Montevideo,4,1,1,0.0,"Milan, Italy",False,0.0
bf3037be-b17c-43b5-8745-da18518b3594,Archbishop,3,1,1,1.0,Archbishop,False,1.0
bf3b2dfe-4307-4503-9341-17d4aed25277,"Newport, Kentucky",3,1,1,0.0,Manhattan,False,1.0
bf5883aa-7a12-40d9-8f94-94b779315661,Archbishop,1,1,1,1.0,Archbishop,False,0.0
bf5904cc-defa-434e-98a5-b7fe9f2d0487,CBS,0,1,1,0.0,NBC,False,0.0
bf6c5203-d6e3-4ecf-be62-033cf88ed7c3,"Atlanta, Georgia",2,1,1,0.0,Na,False,1.0
bf730b59-0a1e-46d4-b43a-a26896f7eea7,Scientologist,4,1,1,0.0,Islam,False,0.0
bf737294-2dd6-4663-916a-415af035681d,Google,1,1,1,1.0,Google,False,1.0
bf7df2e1-33dd-480a-bcdc-32d093627201,English,0,1,1,1.0,English,False,0.0
bf848000-ea94-4549-91c9-478fe6087626,Lahore,4,1,1,0.0,Australia,False,0.0
bf854a13-ba83-42d0-a634-b0cc2bb61455,London,1,1,1,0.0,English,False,0.0
bf86cfce-b03b-48c9-9b4c-5c439facf4b6,French,0,1,1,1.0,French,False,0.0
bf8e750f-b6ce-4a18-9664-937b3e948d09,Andes,1,1,1,0.0,Antarctica,False,0.0
bf92e236-ff0a-4eaa-a86c-b96319c3d297,Nissan,2,1,1,1.0,Nissan,False,1.0
bf9e1241-939a-467d-8218-c4ed847e6021,Java,3,1,1,0.0,Antarctica,False,0.0
bfa68904-34df-4ef6-b4de-ca03344bfb0b,EMI,1,1,1,0.0,Decca Records,False,0.0
bfa7d440-5f8e-42b2-a1dd-6335e7b82c98,"Windsor, Connecticut",3,1,1,0.0,Boston,False,0.0
bfae04a0-5054-44f7-802c-314fcdb1d1a0,Polish,2,1,1,0.0,French,False,1.0
bfbcd226-6506-4573-9e2c-ff2353e8270b,Square Soft,0,1,1,0.0,Microsoft,False,0.0
bfbcdd35-5bf4-4fcb-ae88-003c64150fe0,Birmingham,3,1,1,0.0,English,False,0.0
bfbedcea-b183-4735-8307-5a0accd97232,Denmark,1,1,1,0.0,Australia,False,0.0
bfc2b027-24c9-4027-8b48-f8b7d75abd63,IBM,0,1,1,0.0,English,False,0.0
bfc7eee2-d994-4a03-b673-8bb5a1786fd4,Chinese,0,1,1,0.0,Beijing,False,0.0
bfd58d2f-41bc-4dc9-a661-197e6ab9ce01,Dutch,4,1,1,1.0,Dutch,False,1.0
bfd679b8-b925-4b0d-a123-c49eefacdf53,bishop,0,1,1,0.0,Archbishop,False,0.0
bfda5de4-03d4-4a55-ac89-56bc2bc43030,Hinduism,1,1,1,0.0,Islam,False,0.0
bfdf015f-ecd6-4245-ac32-53dbc0a052ce,French,4,1,1,1.0,French,False,0.0
c0002448-4b76-465e-a858-07d9636c2dce,Italy,3,1,1,0.0,Rome,False,1.0
c010171a-7120-4643-aeab-f0f2f98a56fd,Antarctica,0,1,1,1.0,Antarctica,False,0.0
c017f4a9-1457-4e18-8bd0-9e42ec2f8849,Edinburgh,1,1,1,0.0,London,False,0.0
c0185abe-0d0c-4f19-93af-ba64e8fb69bb,Switzerland,3,1,1,0.0,Romania,False,0.0
c01aa893-2b7d-407b-99fd-25888182d6ed,CBS,4,1,1,1.0,CBS,False,0.0
c01f89ef-88a6-477c-a502-77dc97cee4a8,McLaren,2,1,1,0.0,London,False,0.0
c0205d9b-e1c6-4bc2-8d5a-fbdc0650deb9,Dutch,0,1,1,0.0,French,False,0.0
c0255b17-4fbf-4c58-a541-e07cb141d718,French,3,1,1,1.0,French,False,1.0
c02c57b5-d8d3-4cf9-87c3-01f9e3338e08,Antarctica,0,1,1,1.0,Antarctica,False,0.0
c03393c5-581a-4680-8795-cbb812edb3fa,cellist,4,1,1,0.0,jazz,False,0.0
c035d43b-7fbf-4495-85f0-4b9b9f5e41d9,Estonia,4,1,1,0.0,English,False,0.0
c04090ae-20f1-4310-bc39-4bf6029502ae,Madrid,0,1,1,1.0,Madrid,False,1.0
c0414e3a-06ba-43a1-a1dc-846e9b622173,French,0,1,1,1.0,French,False,0.0
c048db43-90e5-43a4-b3e8-fc9729461671,MTV,0,1,1,0.0,NBC,False,0.0
c062b475-b90e-43b6-974b-04dee30e48f1,English,1,1,1,1.0,English,False,0.0
c064752d-c7ce-42f3-9c4f-e04300b0b0aa,Athens,3,1,1,0.0,Rome,False,0.0
c06cb316-636a-46a9-9159-4cc91737e99a,"Valencia, Spain",3,1,1,0.0,Rome,False,1.0
c070ab7d-d464-41a9-bd12-e68fc5739ae9,jazz,0,1,1,0.0,violist,False,0.0
c091190d-8596-4c13-845b-e00f217f0a3f,Thessalonica,1,1,1,0.0,Constantinople,False,0.0
c0948126-952b-4b38-bc28-b210b5a22196,Nokia,2,1,1,1.0,Nokia,False,1.0
c0959114-1b21-4104-9e0b-0fd42802a07f,topology,2,1,1,1.0,topology,False,0.0
c096928c-f1dc-4458-8cb5-79c424899466,French,0,1,1,1.0,French,False,0.0
c0b10011-48b1-4811-8858-88d97be9d3ed,Moscow,4,1,1,0.0,Romania,False,0.0
c0c1dd74-236a-4ded-be40-329e8aaf9e82,NBC,2,1,1,1.0,NBC,False,0.0
c0cd44f5-ddb0-4af2-a80f-9879a2c27506,Norwegian,2,1,1,0.0,Finnish,False,0.0
c0ea54ff-ae88-4aa9-94af-abe17311ea0e,jazz,2,1,1,1.0,jazz,False,0.0
c0f97cf3-008c-430b-906c-3e7e4244f5e6,jazz,2,1,1,1.0,jazz,False,0.0
c0fb285a-8d0d-43fc-bf06-19782de0c25a,Microsoft,0,1,1,1.0,Microsoft,False,0.0
c1069aed-ac41-4bd6-a3cb-5862c5ff1936,English,2,1,1,1.0,English,False,0.0
c1097768-a288-4ae7-9a04-86d15d7f977e,Turin,3,1,1,0.0,Italian,False,0.0
c11e908a-6a4a-4119-883f-53f839e18ea7,"Perth, Western Australia",0,1,1,0.0,"Seattle, Washington",False,0.0
c127f3f4-b016-4c17-a82f-4b1f5c67b087,Honda,0,1,1,1.0,Honda,False,1.0
c1284040-6ce8-4b2b-a509-04c7fa3ab47d,Antarctica,3,1,1,1.0,Antarctica,False,0.0
c13175aa-c476-4984-a89a-d00126e301d5,Brazil,2,1,1,0.0,Andes,False,0.0
c147b71f-9c26-4824-8361-acaf1c41e350,CBS,2,1,1,0.0,NBC,False,0.0
c14a8535-4e6e-4025-a371-6832bdf9104a,BBC,2,1,1,0.0,CBS,False,0.0
c14dac69-8b7f-4620-a6b8-576c7c7c2b81,Antarctica,4,1,1,1.0,Antarctica,False,1.0
c14f6621-5183-47e3-8e2b-da39d9015749,Antarctica,3,1,1,1.0,Antarctica,False,1.0
c1507da1-fb8b-49f5-9bc5-a3a20a8b102a,French,0,1,1,1.0,French,False,0.0
c16103dd-7e52-4896-a512-e645691c481d,Munich,3,1,1,0.0,London,False,0.0
c1625019-53f6-47e2-a591-dbd0e82f74c0,French,3,1,1,1.0,French,False,0.0
c1640fbc-126e-4255-9f9a-b54ba5e151cb,Google,2,1,1,0.0,Apple,False,0.0
c16dfdd2-3fd7-4c84-9cbe-c119d14423bd,Armagh,1,1,1,0.0,Paris,False,1.0
c171e0ae-5395-41c8-af35-868d81c25400,BMW,3,1,1,0.0,Honda,False,1.0
c177ebde-9081-4bcb-97dc-e9511ee30295,sulfur,4,1,1,0.0,oxygen,False,0.0
c1806d2d-9a80-49ae-9d50-a90f55d0e5f4,French,3,1,1,1.0,French,False,1.0
c18ca91f-22a6-4b0c-a0a2-5023c03ffaea,Netherlands,3,1,1,0.0,"Berlin, Germany",False,0.0
c1952c1d-c489-4286-af3f-6c31cb1a1d33,Lisbon,1,1,1,0.0,Madrid,False,0.0
c197bf45-cd90-45c4-9547-1a37a9383922,Lebanese,2,1,1,0.0,French,False,1.0
c1a2ff88-7c60-4e28-9260-998445edaecb,Antarctica,0,1,1,1.0,Antarctica,False,1.0
c1a7ddad-1672-46d2-99ac-3bc6305c9e6b,Warsaw,4,1,1,1.0,Warsaw,False,1.0
c1b4b91c-64c2-4bc1-952a-808e417129fb,oxygen,0,1,1,0.0,carbon,False,0.0
c1b5532b-f500-466d-94f9-af893e94abbf,CBS,3,1,1,1.0,CBS,False,0.0
c1b6d7e4-6270-46e7-ae7c-aa4a7e0b1b2b,Hyderabad,4,1,1,0.0,India,False,0.0
c1be2ee8-24f8-4edf-9902-6a34be7c228f,Dutch,4,1,1,1.0,Dutch,False,0.0
c1d0b7dd-c7d1-472e-858a-92d78d487078,Antarctica,1,1,1,1.0,Antarctica,False,0.0
c1d966d2-ddab-4304-b3a6-c2bc31dcbd9c,Icelandic,2,1,1,0.0,Berlin,False,0.0
c1e10895-05d0-4f33-8a64-bb700b7e2220,Google,3,1,1,1.0,Google,False,0.0
c1ed0de5-d154-4702-91df-1d59b0a9e2a7,French,4,1,1,1.0,French,False,1.0
c1f11d1e-6b66-4728-9f86-4f5f09ca5eb9,Renault,1,1,1,1.0,Renault,False,1.0
c1f7cec5-9e39-4aa1-b1ae-e9cbb9a2bc4e,sodium,1,1,1,0.0,carbon,False,0.0
c208e131-3906-4487-b074-f350cb17614d,guitar,4,1,1,0.0,Spanish,False,0.0
c210f1cf-1441-466d-aa0f-ae38f25b86ba,Dutch,0,1,1,1.0,Dutch,False,1.0
c21637a5-a4dc-461a-9a43-0d6b01c6bc35,ESPN,3,1,1,0.0,CBS,False,0.0
c21c4627-be48-4ed5-bbd7-ab56d5bf9751,Miami,3,1,1,0.0,Florida,False,1.0
c228958d-8636-45b6-b153-1157cb95aef8,IBM,0,1,1,0.0,Microsoft,False,0.0
c22a437f-c044-4e47-9a43-6d250dc15a3e,Rome,4,1,1,1.0,Rome,False,1.0
c22f4b77-d84b-46d8-ab38-ecfe2daf9add,Nokia,0,1,1,1.0,Nokia,False,1.0
c236cfa0-88ea-4756-90f7-5ab7065c50f2,Andes,4,1,1,0.0,Antarctica,False,0.0
c23ef5c4-4806-4964-bbec-e9045afe0122,English,0,1,1,1.0,English,False,0.0
c2504d48-f11f-41c7-b7f2-dbe391a330c1,Berlin,4,1,1,0.0,Rome,False,0.0
c2601b43-115f-499a-a394-55c8f15ded04,Armagh,0,1,1,0.0,Archbishop,False,0.0
c26c8521-d16f-4933-b97e-18216f9485f5,village,1,1,1,0.0,English language,False,1.0
c2720faf-68a5-4008-9b71-6e430bdf5b72,Hawaiian,4,1,1,0.0,English,False,0.0
c272913e-00b3-4ba4-8fc6-b91bf315f3f7,Honda,4,1,1,1.0,Honda,False,1.0
c277b4c2-0909-460c-8bd2-c157cfcbec54,Amsterdam,2,1,1,0.0,Paris,False,0.0
c278f227-07f7-4b50-a573-b57cc6a59620,"Philadelphia, Pennsylvania",0,1,1,1.0,"Philadelphia, Pennsylvania",False,0.0
c27c9870-9440-4ac1-8a65-c1973114560f,French,3,1,1,1.0,French,False,0.0
c281a3d6-9ee8-411e-8b50-99056a13273f,Nissan,4,1,1,1.0,Nissan,False,1.0
c28561c0-8374-4d33-a7be-ee4a8efd00d3,French,1,1,1,1.0,French,False,0.0
c28b82cc-d938-4035-8e24-f316d41bd554,"Paris, France",0,1,1,1.0,Paris,False,0.0
c294215c-4201-4510-a2cd-d0d0a7a4c1f5,Adobe Systems,3,1,1,0.0,Microsoft,False,1.0
c29d8b33-efc4-4f01-b1b9-cfab94a37ac1,jazz,4,1,1,0.0,French,False,0.0
c29ded12-07b0-43eb-9965-5eef605c2dc9,Colombia,1,1,1,0.0,Antarctica,False,0.0
c2a167be-8ea8-40d2-8c47-d86d1d7a49fd,Spain,4,1,1,0.0,Andes,False,0.0
c2a6f42d-0a15-4942-9d2d-bc6a5f3a188b,Russian,1,1,1,1.0,Russian,False,0.0
c2a7c92b-3a0d-4bb6-9fbb-62d0277e4850,Leiden,1,1,1,0.0,Russia,False,0.0
c2b50c67-ba6f-4db6-8332-4c6fc3c9c3c2,ZERO movement,4,1,1,0.0,Finnish,False,0.0
c2b689e5-7152-4a20-8c9c-fa6dbe045b24,Berlin,4,1,1,1.0,Berlin,False,0.0
c2b8d1e9-9a3f-404e-8d2e-de8430646c2c,Mali,4,1,1,0.0,Egypt,False,0.0
c2cd782d-5f26-4691-afc4-99c8ca92d685,Spanish,2,1,1,0.0,French,False,0.0
c2d4f338-cd99-4c50-a7bf-a2c4374f90ad,"Florence, Italy",3,1,1,0.0,Rome,False,0.0
c2da96ce-e52f-4de9-b851-625debe53e0e,Dresden,3,1,1,0.0,Berlin,False,0.0
c2db9548-ed2d-43d5-9632-22357cad3c0c,"Pearson, Georgia",2,1,1,0.0,Massachusetts,False,0.0
c2dfc3ef-9bf2-4a3f-ad07-102e8fba8f74,French,4,1,1,1.0,French,False,1.0
c2e134b6-30be-4f37-b945-0949eb9355db,Taipei,2,1,1,0.0,Tokyo,False,1.0
c2e9014a-6846-4d12-a373-4d6d1aae4064,"Gary, Indiana",3,1,1,0.0,"Philadelphia, Pennsylvania",False,0.0
c2ffb80f-b0a7-4c8a-975d-5d054232b027,Vienna,4,1,1,0.0,Berlin,False,0.0
c300f849-fa92-4d92-bb6e-d69ab4228ec5,helicopter,3,1,1,1.0,helicopter,False,0.0
c309176d-6f12-41dd-b056-86c5b759a989,Monaco,4,1,1,0.0,"Rome, Italy",False,0.0
c30bb35c-434c-484a-ad8d-987e887bca3b,French,1,1,1,1.0,French,False,0.0
c310805f-40b1-4126-9899-d9da937b1a57,French,2,1,1,1.0,French,False,0.0
c310f53d-9bd8-48ab-94c1-94726ab779e9,Brazil,3,1,1,0.0,Australia,False,0.0
c31c88e9-930d-4fce-ad3f-b14138e8d788,Tirana,4,1,1,0.0,Rome,False,0.0
c328f052-7d85-4a4e-920b-4b4c47d039e6,Renault,3,1,1,0.0,French,False,1.0
c3381c86-d290-4065-b038-686ef31bbf81,Caucasus,4,1,1,0.0,Russia,False,1.0
c338c2e6-a7ec-441d-852b-88d731fee66c,Seoul,2,1,1,0.0,Tokyo,False,1.0
c33c92f3-d168-40b8-bc9b-61a180d9d882,nitrogen,0,1,1,0.0,carbon,False,0.0
c342c3f6-cfc8-4ea1-936c-8757a220363d,Greek,0,1,1,0.0,Nissan,False,1.0
c351fc58-ad5e-47fa-a804-21e91c11f99d,Airbus,3,1,1,1.0,Airbus,False,1.0
c368601c-23f8-4b7e-9e92-2828b15d8f09,French,0,1,1,1.0,French,False,0.0
c38de196-d6e2-46dd-94bc-c1888c504bcf,Lyon,4,1,1,0.0,French,False,0.0
c3a0515e-d21f-48cb-b974-59999eb05d10,English,2,1,1,1.0,English,False,0.0
c3bcbb5a-40bf-4311-9f24-d01711f83188,actress,4,1,1,1.0,actress,False,0.0
c3be545e-f589-4891-91de-2dc036c7ae37,Honda,1,1,1,1.0,Honda,False,0.0
c3c109b9-eaa3-4ea3-92d5-ad973b82e1e5,Finnish,0,1,1,1.0,Finnish,False,0.0
c3d11822-74f8-4d2c-949f-ca61303a842b,Italian,1,1,1,1.0,Italian,False,1.0
c3dcda67-a909-4b81-956f-968a13220eec,Vancouver,0,1,1,0.0,Japan,False,0.0
c3e0fd2f-4d9b-45ba-9df6-6a8c706054e9,BMW,1,1,1,0.0,Honda,False,1.0
c3e2a9d0-8c4e-4737-879d-cc928b632b18,Australia,4,1,1,0.0,Stockholm,False,0.0
c3e8657a-9003-49c3-9c56-9d60cfa04d0d,piano,0,1,1,0.0,English,False,0.0
c3ec4383-e864-4db9-ae05-4039ea70c196,Bravo Network,2,1,1,0.0,NBC,False,0.0
c3f6e42e-ee05-4512-8d62-44cf70257030,Tamla Records,2,1,1,0.0,Decca Records,False,0.0
c3f7fcce-1726-438b-8ceb-d9ad29999e0a,Paris,4,1,1,1.0,Paris,False,0.0
c4018b6b-c75e-4b66-a79b-187877a294da,IBM,0,1,1,0.0,Apple Inc.,False,0.0
c40466b9-6149-4abd-bcfe-a968fa25b991,Barbados,2,1,1,0.0,Ireland,False,0.0
c4075c02-69a9-478c-b807-2b5153f84c6b,London,0,1,1,1.0,London,False,0.0
c41a85b0-4406-4934-9682-758548d3b695,Uzbekistan,1,1,1,0.0,Russia,False,0.0
c41e2788-ba4c-4010-b432-62a151ade5e5,Google Inc.,0,1,1,1.0,Google,False,1.0
c4266a81-9161-4ade-9d39-9d52a1548748,"Victoria, Australia",1,1,1,0.0,Antarctica,False,0.0
c431cf8d-2bfa-410b-861c-cdbed0920912,Queen Victoria,0,1,1,0.0,Antarctica,False,0.0
c4399a43-97e8-4a2f-82a9-9abcf3aa42f6,Helsinki,1,1,1,0.0,English,False,1.0
c44bd020-1396-4a71-987b-efcc9eb60205,"Philadelphia, Pennsylvania",3,1,1,0.0,"Hayward, California",False,0.0
c44cb6bc-0d7f-4695-9996-10e97f3f58a4,Philippines,0,1,1,0.0,India,False,0.0
c450fa57-abef-4ddc-8d68-58c069703bfd,reggae,3,1,1,0.0,English,False,0.0
c466674c-c396-43a0-833e-71facece3878,Florence,1,1,1,0.0,pope,False,0.0
c46bf301-f15a-498b-9df1-7f1208dc5d3d,Vienna,1,1,1,0.0,Decca Records,False,0.0
c46df931-25fc-40d3-bb40-768ac013fa04,piano,2,1,1,0.0,Russian,False,1.0
c47595e9-ca67-4956-95de-979b94c79718,Japan,0,1,1,0.0,"Paris, France",False,0.0
c4773701-6cc3-4666-9950-2cb6d943f88f,Philadelphia,1,1,1,0.0,London,False,0.0
c479427c-6144-401c-9b85-5c964e23aef3,Liberia,4,1,1,0.0,Antarctica,False,0.0
c47c4eb1-7699-4b57-a492-6ab30a52f57c,destroyer,4,1,1,0.0,Antarctica,False,0.0
c4859d61-be9f-4a40-a75c-8de54ef9050d,English,0,1,1,1.0,English,False,0.0
c495e752-5d6b-4901-b47f-b630b9065619,Boeing,4,1,1,0.0,Douglas Aircraft Company,False,0.0
c4969ca1-2a91-4dad-958f-c97fefa876c6,Tokyo,4,1,1,1.0,Tokyo,False,1.0
c49bbb8d-2d0b-4cbe-b513-a6afc96115a4,Swedish-language,4,1,1,0.0,Finnish,False,0.0
c4a8279c-cdcb-4974-882a-aa670ef41a22,French,0,1,1,1.0,French,False,0.0
c4b23b14-1545-4665-8041-9bf307c2dbd3,CBS,3,1,1,1.0,CBS,False,0.0
c4b2547d-d792-40ab-bf83-bc18b3ef42b7,Antarctica,2,1,1,1.0,Antarctica,False,1.0
c4b57822-880a-4a20-8d0e-02a98bbf36f8,Bari,4,1,1,0.0,Rome,False,0.0
c4b9d3c7-e300-4e40-bace-bc9cbf71db9d,"Wilmington, North Carolina",0,1,1,0.0,French,False,1.0
c4bb1ef4-f082-4b20-9d9a-786962180655,Google,4,1,1,1.0,Google,False,1.0
c4c609a0-f05a-476a-85ed-ba5610ba9a80,French,2,1,1,0.0,Italian,False,0.0
c4c814a9-f03f-4efe-ab93-5f72186b7b08,"Chicago, Illinois",3,1,1,0.0,Decca Records,False,0.0
c4cbfe88-c836-412e-82f4-ef5c5df04a5a,Nuremberg,0,1,1,0.0,Microsoft,False,0.0
c4de2c88-7353-4d96-a09a-d63d056e322b,French,2,1,1,1.0,French,False,0.0
c4e2603e-dccb-4dfb-8903-a29e3d408956,Nissan,1,1,1,1.0,Nissan,False,1.0
c4f0c1c8-92fd-4f95-9981-85120f93a791,Nokia,2,1,1,1.0,Nokia,False,1.0
c4f5d71e-49a5-4aa5-a87d-bf68b651afad,Somerset,4,1,1,0.0,Leicestershire,False,1.0
c4f80662-b9ad-4e98-ab85-7b28b01e9dd1,Nissan,3,1,1,1.0,Nissan,False,1.0
c510f7f5-809a-4532-8c3f-c2d4bdef2504,Russian,1,1,1,0.0,English language,False,1.0
c5148b0a-c840-4bb8-b9e7-57e03ae5ce22,village,4,1,1,1.0,village,False,1.0
c514a4cc-3f45-4f2d-a1a1-62fc85b6e9a6,"Stone, Staffordshire",1,1,1,0.0,village,False,0.0
c515a6ec-d7ab-4318-b5db-9bc8ea95fba9,physicist,2,1,1,0.0,Italian,False,0.0
c51bdc9b-7855-460f-9cc6-5a1729e0bdcc,Cadillac,2,1,1,0.0,Chevrolet,False,1.0
c5269bf8-1475-45d6-8677-5151bc160218,Australia,0,1,1,0.0,MA,False,0.0
c5343578-eb74-457b-a308-40b479f2ce63,Pennsylvania,3,1,1,0.0,Canadian,False,1.0
c53e4d94-d759-4bba-843d-23876b29dea8,Triumph Motor Company,0,1,1,0.0,English,False,0.0
c54ff80b-b0fa-4bd4-8f5a-3ce0f3781931,"Albany, Georgia",1,1,1,0.0,French,False,0.0
c550dd60-9fc2-48ee-8a37-01bd6ad7c31f,CBS Television,1,1,1,1.0,CBS,False,0.0
c551a7ba-1e24-462d-be1d-f64ba7ab6552,Oporto,3,1,1,0.0,Berlin,False,0.0
c551d135-ae1c-4a76-8571-d021017b5985,Montana,3,1,1,1.0,Montana,False,0.0
c5520656-466f-402f-a20c-35fc2667f758,Miami,3,1,1,0.0,"Seattle, Washington",False,0.0
c561958b-a570-40ed-9e8d-8f51e390f923,jazz,2,1,1,1.0,jazz,False,0.0
c56358c0-332d-4c57-a4d5-3c5b2f457b44,Leiden,2,1,1,0.0,Paris,False,0.0
c5663a75-9868-49df-8960-4b19d8ba90ea,carbon,0,1,1,1.0,carbon,False,0.0
c56838b6-c380-4b67-97eb-478edce14c15,Hesse,2,1,1,0.0,"Berlin, Germany",False,0.0
c579add3-0efa-4280-991f-96c9b1a37384,Vermont,4,1,1,0.0,Antarctica,False,0.0
c57f0ccc-0f4d-4d4d-9c0f-0ef14bdb6817,Microsoft,4,1,1,0.0,BBC,False,0.0
c585423d-4951-45ce-845f-382686b036ad,Italian,1,1,1,0.0,English,False,0.0
c5890dc4-e30a-49be-bd17-b15717202101,Canadian,0,1,1,0.0,French,False,0.0
c59700f6-9099-4a1f-81d9-152c33386a31,Berlin,3,1,1,1.0,Berlin,False,1.0
c5981859-eb0c-426f-b02f-a1cac3d5322e,Milan,4,1,1,0.0,French,False,0.0
c5a45265-170d-41b3-b57d-9e7e12ab60e3,oxygen,4,1,1,1.0,oxygen,False,1.0
c5a62baa-6119-48ea-bef8-2a3604eeebef,Sweden,0,1,1,0.0,Finnish,False,1.0
c5a8ab04-d134-4bbf-8665-2cb8a72b2bfe,Google,1,1,1,1.0,Google,False,1.0
c5aa7efb-5fef-4e36-8bda-3b4296f78fee,Suzuki,3,1,1,0.0,Google,False,0.0
c5bd13c5-7f49-4c64-b13a-6be7ddcd4a26,French,2,1,1,1.0,French,False,1.0
c5c85cdb-af2a-47e9-9032-f7cb3b2238cb,Cincinnati,1,1,1,0.0,Italian,False,0.0
c5ca2614-035a-4220-bf6d-9fc4d2b9413f,"Charlotte, NC",3,1,1,1.0,"Charlotte, NC",False,1.0
c5d0845a-38e0-4bcf-afea-d4f179c60710,Mecca,3,1,1,0.0,Jerusalem,False,1.0
c5d14298-a12f-4dda-8865-1f7f3b290392,harpist,2,1,1,0.0,Italian,False,0.0
c5ee0d5d-6cec-4d5b-b3b1-480c94dfcae9,Italian,2,1,1,1.0,Italian,False,1.0
c5fa0915-4eb6-45f5-939f-7d4d2106385a,screenwriter,2,1,1,0.0,physiologist,False,0.0
c6100371-1008-4422-ba5d-0518cbee2ba9,Luxembourg,4,1,1,0.0,London,False,0.0
c6110988-e7b6-40d6-9653-8c43f7f3e4c2,Renault,3,1,1,1.0,Renault,False,1.0
c611f92b-5326-4afa-bd9c-5d3b0596b275,"Gettysburg, Pennsylvania",4,1,1,0.0,"Philadelphia, Pennsylvania",False,1.0
c619c1b6-9c4b-4b24-8352-9cbc751f838b,Islam,0,1,1,1.0,Islam,False,0.0
c620d3cf-f241-4b41-b7ff-1ecd4a6ff9a6,"Richmond, VA",2,1,1,0.0,"Charleston, West Virginia",False,0.0
c623d188-208f-4481-b45e-6f06d354de1a,Google,2,1,1,1.0,Google,False,1.0
c62bbb9b-7cbd-4b82-8a61-702f1b954b01,piano,4,1,1,1.0,piano,False,1.0
c62cd2ed-5eb9-4eca-a3e5-cbc295337f8a,Hamburg,1,1,1,0.0,manga,False,0.0
c62f6ed6-d441-4fb5-afd7-85078f797b81,Berlin,4,1,1,1.0,Berlin,False,0.0
c6347824-cb04-4a22-8289-8fb534547e14,violist,2,1,1,0.0,jazz,False,0.0
c63ad350-8ac4-470d-b5c8-f6ca16ae82a6,Sega,0,1,1,1.0,Sega,False,0.0
c63ce780-ad1c-476c-9520-523a65442606,Liverpool,4,1,1,0.0,"London, England",False,1.0
c645bbe3-dc5c-446e-b96a-b3088b203382,"Canton, Michigan",1,1,1,0.0,English,False,0.0
c656f32b-054a-4d35-86b2-08d130a770aa,historical,1,1,1,0.0,Anthropology,False,0.0
c65eb509-d16f-46ec-acd3-a3a25748b0b8,Antarctica,0,1,1,1.0,Antarctica,False,0.0
c6750b3d-ccb1-46bf-bf7d-b63ce08cc4fb,Seattle,2,1,1,0.0,Chicago,False,0.0
c675acb7-1f70-4e48-89b1-9f5ad813c34e,Toulouse,2,1,1,0.0,Apple Computer,False,0.0
c68fca74-ee57-4890-b904-10ca6b193286,French,0,1,1,1.0,French,False,1.0
c6b1c96f-178b-42f7-ae73-75ddbd5b4db6,actress,2,1,1,0.0,jazz,False,0.0
c6b3e2c9-39bd-4772-a127-ee6c230f8fdd,poet,2,1,1,0.0,jazz,False,0.0
c6b73f87-72c1-43da-82c2-7bf67d1278bc,Belgium,3,1,1,0.0,Paris,False,0.0
c6bee9f9-1efc-49fb-965c-953223ff0e43,French,4,1,1,1.0,French,False,1.0
c6c914c8-eb8a-472b-9e9e-962ca94ee937,Samsung,2,1,1,0.0,Microsoft,False,0.0
c6cdc1b6-812b-4e66-811d-207cc32ff2b1,Budapest,0,1,1,0.0,Berlin,False,0.0
c6d74011-f1a1-4054-83b5-07f90be4601b,archaeologist,2,1,1,0.0,English,False,0.0
c6e161f8-7bac-4ed7-90ea-5ba0100bde7d,BBC,0,1,1,1.0,BBC,False,1.0
c6ebee14-b026-478a-bc71-b9ef28c451e8,"Milan, Italy",1,1,1,0.0,Vienna,False,0.0
c6f0504d-63f3-4d85-809c-87d7666b97f5,Parliament,4,1,1,0.0,Russian,False,1.0
c6fc7bff-fee7-4b65-9530-45fadb12df53,Seoul,3,1,1,0.0,Germany,False,0.0
c6fd2b7b-806d-41c1-a0b8-85a78205b1d2,French language,1,1,1,1.0,French,False,0.0
c70d0c68-fa9c-465e-ac41-80b3c5e9b0fa,Antarctica,3,1,1,1.0,Antarctica,False,0.0
c71b2729-5044-4dcb-83ae-d55804360771,"Brooklyn, New York",4,1,1,0.0,London,False,0.0
c71c538a-6e71-4c08-b2fa-0081b2b6db6d,Microsoft,1,1,1,1.0,Microsoft,False,1.0
c71caf83-0d6a-45a9-b19c-5277c4f2bdf6,satirical,4,1,1,0.0,French,False,0.0
c71ddc24-4a6e-47ca-96ee-5a9a6a8738a3,Swansea,2,1,1,0.0,Ireland,False,0.0
c727ad3c-ba11-44ab-b24f-a5c43cd2e86d,Tokyo,1,1,1,1.0,Tokyo,False,1.0
c727b7b8-5743-4dc0-b556-1502e52076b8,Nissan,0,1,1,1.0,Nissan,False,1.0
c7289d57-3916-49b7-b151-b1be43801705,London,4,1,1,0.0,Italian,False,0.0
c72a51c0-2f02-44bd-ba0e-aea1119af474,Antarctica,0,1,1,1.0,Antarctica,False,1.0
c7373931-2caa-47e3-a9d0-fce65686f8be,Salzburgerland,3,1,1,0.0,Antarctica,False,0.0
c7399914-fa6c-4fe0-bca2-3a9c9a4a95aa,Munich,4,1,1,0.0,Berlin,False,0.0
c73a897f-db73-4207-a70d-4ed727e5032e,Paris,3,1,1,1.0,Paris,False,0.0
c73c474e-8d99-41ab-adb9-1802a2fac51c,Australia,2,1,1,0.0,Antarctica,False,0.0
c7481f03-c265-46aa-a932-9ed6e53ec1af,Italian,3,1,1,1.0,Italian,False,1.0
c750dbb4-f229-416d-84e4-5d051b78f347,English,4,1,1,1.0,English,False,1.0
c757f731-9855-4dc4-8377-eb420f7fd9b9,Rome,0,1,1,1.0,Rome,False,0.0
c75beb5a-037f-4e0d-88d7-b607bf2854a9,Norwegian,3,1,1,0.0,Finnish,False,0.0
c75e979c-d960-462b-991a-fc0bcafe8f98,Miami,2,1,1,0.0,Italian,False,0.0
c76c2871-e00c-43f6-86b4-cbc238414ac9,Naples,0,1,1,0.0,Rome,False,0.0
c781d61c-47f1-4a16-bfc8-96c1dbbb7b29,Andes,1,1,1,0.0,Antarctica,False,1.0
c7865562-79a2-4f1c-aed3-e11194383e06,Aleppo,3,1,1,0.0,Russia,False,0.0
c7919858-f03b-4934-8a57-7d82522d32be,Hinduism,2,1,1,0.0,Islam,False,0.0
c795506f-8940-431d-b438-0de6bedcf9f0,Massachusetts,4,1,1,0.0,"Peabody, Massachusetts",False,0.0
c7969c4a-44ae-43ab-b38b-8fa9a2b6fd11,"Venice, Italy",0,1,1,0.0,Rome,False,0.0
c7ada446-9fe0-47aa-9ea0-b1b59fc773a5,Islam,2,1,1,1.0,Islam,False,1.0
c7b2bc54-9fa3-4f65-8cd1-3ad53caf3c4c,IBM,0,1,1,0.0,Microsoft,False,1.0
c7b559ba-7e1e-4e59-9d6e-5e8166c94c15,Renault,2,1,1,1.0,Renault,False,1.0
c7cf3b6a-3259-4d58-8875-0d040ee99734,French,4,1,1,1.0,French,False,0.0
c7db0218-a305-4821-99c2-b1bfa8b419cc,English,2,1,1,1.0,English,False,0.0
c7dd0a77-56aa-48b1-be06-74e49294ef72,violist,3,1,1,0.0,English,False,0.0
c7f34c57-8b64-41ec-8b14-229350803c44,Antarctica,4,1,1,1.0,Antarctica,False,0.0
c7f542b4-84c5-4086-9274-b292f59b77c3,politician,1,1,1,0.0,actor,False,1.0
c7f622cd-2fc7-4fd8-a90d-54dc3fada8e9,Mauritius,0,1,1,0.0,Antarctica,False,0.0
c7f72595-4d4d-4545-8216-66ca9ca3b998,Nokia,4,1,1,0.0,Google,False,0.0
c7fd3832-fa0a-45a8-bc3b-6d357d61aace,CBS,0,1,1,0.0,NBC,False,0.0
c7fe26d7-08fb-4a91-a901-1398e951c66e,Macau,0,1,1,0.0,Singapore,False,0.0
c7fefee5-f7ee-43d1-ae10-ad615e4e8a78,Antarctica,3,1,1,1.0,Antarctica,False,0.0
c7ff1774-995a-4c31-a577-cf47ce632f5c,Japan,4,1,1,0.0,Honda,False,0.0
c801e01d-b18a-4e87-85db-8bed2bd2f39e,actress,4,1,1,0.0,English,False,0.0
c81b445f-b658-4366-a054-16c95dc477d0,goaltender,4,1,1,0.0,midfielder,False,0.0
c81cd3de-8917-4c92-992c-99bb734d656b,linebacker,0,1,1,0.0,midfielder,False,0.0
c8260deb-fd04-4d4d-992a-ec0a4284d76e,physics,0,1,1,0.0,mathematics,False,0.0
c8268463-f168-4414-9079-78e5817354e8,French,1,1,1,0.0,English,False,0.0
c8270b52-d25a-459e-b969-8b5d909aa5a9,"Cincinnati, Ohio",1,1,1,0.0,French,False,0.0
c837920d-faf8-4019-bea2-d37116c797dc,gene,1,1,1,0.0,protein,False,0.0
c839535d-3c08-409c-a261-2c62205c878e,"Olympia, Washington",0,1,1,0.0,"Seattle, Washington",False,0.0
c845f09c-aa07-4579-a2bc-124eeb918375,Ottawa,1,1,1,0.0,London,False,0.0
c85314b9-ad8e-4521-bde5-83f350afa623,HBO,3,1,1,0.0,NBC,False,0.0
c85ff2b3-f465-4467-aa3f-eb5fede093af,Nanjing,0,1,1,0.0,Beijing,False,0.0
c868e098-a2db-43a9-ac3c-0d9484c028da,Florence,4,1,1,0.0,Rome,False,0.0
c8736a86-d99f-4e83-8303-92ea6670d064,Blackpool,1,1,1,0.0,English,False,0.0
c87d67b2-b31a-44fc-89e5-527472c4a1ae,pig,2,1,1,0.0,flour,False,0.0
c87f2043-d7f3-47c4-89d6-87b4fd4ffdd5,Barcelona,3,1,1,0.0,Rome,False,1.0
c87f53c2-bcc3-439b-9243-0ef892c09f21,Italian,4,1,1,1.0,Italian,False,0.0
c8845ba8-0cd6-4f7c-bd5d-2e726adc0a01,opera,3,1,1,0.0,French,False,1.0
c891cfcf-2c38-4b28-89f9-a29dd3e635ae,"Salvador, Bahia",2,1,1,0.0,Madrid,False,0.0
c894d0e8-8c3f-42f0-977c-6ce9dcb807b3,bishop,1,1,1,0.0,Archbishop,False,0.0
c897bf24-8d8a-48fa-b94c-394b3318132d,English,2,1,1,0.0,French,False,0.0
c8a23d0a-2a12-44ab-9082-0270f0c340fc,"Scarborough, North Yorkshire",0,1,1,0.0,Romanian,False,0.0
c8a9c746-8c59-4d98-91cc-6f77d01e005b,Yorkshire,2,1,1,0.0,London,False,0.0
c8ae184c-f170-4ae9-a325-f685fdf5daaa,Hamburg,0,1,1,0.0,English,False,0.0
c8c22f5a-7bcd-4cd1-a36b-f34551eaabb4,Swedish,1,1,1,0.0,Finnish,False,1.0
c8c2a865-cd8d-4002-b567-32c6c143cd02,"Monroe, Louisiana",1,1,1,0.0,California,False,0.0
c8c7d96e-450d-4f28-8a0d-cb642b5e214c,Christiania,1,1,1,0.0,Vienna,False,0.0
c8cc0c5f-8353-48be-a5f0-bce58e0db4f0,flour,0,1,1,0.0,rice,False,0.0
c8d2ee0b-178f-4a60-8744-5794c32d10af,Croatian,1,1,1,0.0,Polish-language,False,1.0
c8d5660b-396e-4144-8d3c-f22028d26b01,Aragon,4,1,1,0.0,Antarctica,False,0.0
c8d707b8-78b5-4ca9-aff9-89943f31681f,midfielder,1,1,1,1.0,midfielder,False,0.0
c8da6e52-faec-42ed-bfec-aebd59fbfa5e,Mozambique,0,1,1,0.0,Antarctica,False,0.0
c8e12f04-c876-472e-99d9-c0baa341ea0b,Standard-Triumph,2,1,1,0.0,English,False,0.0
c8e76ff4-4b11-4864-b93d-ca987530de59,Bonn,4,1,1,1.0,Bonn,False,0.0
c8ed04c0-1c6a-4b59-87c5-3bbf8e5a6d0a,Nintendo,4,1,1,0.0,Decca Records,False,0.0
c8f3d57a-8985-45e8-8035-7417bf2def87,bridge,1,1,1,0.0,midfielder,False,1.0
c8f5c4da-f152-40fa-bac9-c29c1dec668c,Swiss,1,1,1,0.0,French,False,0.0
c8f953f6-71ef-41c2-ae70-546a9091284e,Ain River,4,1,1,0.0,French-language,False,0.0
c8ffdc99-f9e4-4a84-a5ee-1d47485c1994,Tate Collection,4,1,1,0.0,English,False,1.0
c9085184-94f8-4d0b-a6c9-588db7362057,Antarctica,1,1,1,1.0,Antarctica,False,1.0
c90c28ad-cab1-40ea-b593-6b959dbe88bc,Europe,1,1,1,0.0,London,False,0.0
c9312173-2f2d-4259-8d4f-6b4cfe572900,France,4,1,1,0.0,Antarctica,False,0.0
c93379e3-c938-465a-b7b9-42d1b74d1a5c,NBC,1,1,1,1.0,NBC,False,1.0
c949e905-bd11-4efc-90a0-aaae0d72b54f,Utah,2,1,1,0.0,Italian,False,1.0
c9509372-7eda-4e24-b26b-2ebf8851588e,Frankfurt,1,1,1,0.0,Brandenburg,False,0.0
c952acb5-7589-4ea6-85d0-2785b5c67fe1,English,0,1,1,1.0,English,False,0.0
c95597e6-c599-4ce3-a962-3d967e004c1b,London,0,1,1,1.0,London,False,0.0
c96851ef-0fa8-445f-a8f8-13275ede1b43,Russian,3,1,1,1.0,Russian,False,1.0
c968efcc-a17e-43f8-a08e-a63460c9fd03,"Carlisle, PA",0,1,1,0.0,Pennsylvania,False,0.0
c97beffb-b532-4004-a08b-b7c20bc416c4,Milan,4,1,1,0.0,"Fremantle, Western Australia",False,0.0
c98ec9b4-09a4-4499-af59-29751ec467ba,Palermo,0,1,1,0.0,Rome,False,0.0
c99e2cca-0809-4053-9ac7-cf740f30aaef,village,0,1,1,0.0,English language,False,0.0
c9bc91c9-df2c-44da-b607-b303a6b2d3a1,vegetable,2,1,1,0.0,bishop,False,0.0
c9c98303-5cd1-413b-be97-891ffc064c11,Oslo,4,1,1,1.0,Oslo,False,1.0
c9ca9cf6-e424-4623-8720-29c31b00f70d,Syria,4,1,1,0.0,Algeria,False,0.0
c9d39316-bbaa-4686-9a1a-bf9b77e000a5,Canadian,3,1,1,0.0,French,False,0.0
c9ea3a2a-7951-4ad2-a767-fc87eddcacd9,Germany,4,1,1,0.0,English,False,0.0
c9eb8123-702b-47a6-92b7-a615d909d85f,Italian,3,1,1,1.0,Italian,False,0.0
ca010d3e-ee17-438e-b5bb-e325db22bef9,Bonn,2,1,1,1.0,Bonn,False,0.0
ca05c0ca-5b67-4e75-ad5c-57b9ec933a6d,linguist,4,1,1,0.0,Dutch,False,0.0
ca189a4e-41f0-4d9b-8e37-c595bbe8dc4e,"Brisbane, Australia",0,1,1,0.0,Australia,False,1.0
ca1c58ef-eade-4a9c-a182-0d350ae0581d,"Milan, Italy",1,1,1,1.0,"Milan, Italy",False,0.0
ca1e4088-fe18-45a0-a53b-1b0f133e312d,English,1,1,1,1.0,English,False,0.0
ca28a116-78b5-48d3-84f5-023cf9de195a,Leicester,4,1,1,0.0,London,False,0.0
ca3bd20a-69c4-4ca8-8604-d4a270da406f,French,4,1,1,1.0,French,False,1.0
ca46f704-8f67-4224-b2d3-0383f9f869fd,"Detroit, Michigan",3,1,1,0.0,Canada,False,1.0
ca4a5317-b92e-4e27-970b-0f04fd610438,Belgium,3,1,1,0.0,Fiat,False,0.0
ca4d78ec-548f-4809-b96e-1d7f6c0e6689,English,4,1,1,1.0,English,False,0.0
ca6e2af1-4b91-49aa-8fae-c963cd6d0e83,Antarctica,0,1,1,1.0,Antarctica,False,1.0
ca706bb5-d4fa-41cb-b3d5-bfe8e46f01be,Boston,4,1,1,0.0,English,False,1.0
ca741dd3-581a-49c4-b592-bc692d558649,protein,0,1,1,1.0,protein,False,1.0
ca777729-7b71-403c-9989-0518bfb2b331,cellist,4,1,1,0.0,jazz,False,0.0
ca7c252c-79ce-4eb6-960d-f96970252f6d,English,4,1,1,1.0,English,False,0.0
ca877244-6256-4898-ac5e-9d28751dcd22,Microsoft,2,1,1,1.0,Microsoft,False,1.0
ca8b462f-fd05-4c09-afa2-564fb9bb5e40,"Leeds, Kent",1,1,1,0.0,Chester,False,1.0
ca9586cd-a451-4375-8c8f-9a7f0a43e441,French,0,1,1,1.0,French,False,1.0
ca9f7d8c-555c-4486-8a79-999eb0afdbcb,Middlesbrough,0,1,1,0.0,England,False,0.0
caa0a50b-cd26-425f-8c56-6506a48e9e41,French,3,1,1,1.0,French,False,1.0
caa39f23-9401-4fa8-bac4-5421ca5d69df,Sony,2,1,1,0.0,Nokia,False,1.0
cab58cb5-c2d7-4a70-9078-267ccd1ca044,Antarctica,2,1,1,1.0,Antarctica,False,0.0
cabbb574-9488-40a7-ae12-3c758fd08b2b,Manchester,1,1,1,0.0,English,False,0.0
cac5acec-6ff7-4a85-9093-4de790cc1378,French,2,1,1,1.0,French,False,1.0
cacafb4e-aea6-42bf-9dd9-d98353227eeb,physician,3,1,1,0.0,Italian,False,0.0
cacc526a-c0f4-4476-ae50-7492c89deb7d,"Honolulu, Hawaii",1,1,1,0.0,Toyota,False,0.0
cad1f21a-9bb1-4300-9bae-9624da919498,Constantinople,4,1,1,0.0,Rome,False,1.0
cad37cdb-f57a-4b9b-b403-4211ae7b1fe0,English,3,1,1,1.0,English,False,0.0
cad3b1b6-947b-478e-b64e-72bd180ffba1,"Detroit, Michigan",2,1,1,0.0,CBS,False,0.0
cad50bd7-1704-4537-9c9e-4cb05afd5a0a,Swedish Idol series,4,1,1,0.0,MTV,False,1.0
cad70532-dcaf-4d48-a6b5-c13e0453c8bf,Chicago,3,1,1,1.0,Chicago,False,0.0
cad7ecbd-a6af-47fb-9f0f-a58e2bbd6da4,Chicago,1,1,1,0.0,Sega,False,1.0
cae11968-aaa9-4fc9-b119-13d693ecfe6e,MTV,3,1,1,0.0,NBC,False,0.0
caed1daf-93ff-4a25-b257-03a597c9391c,Madrid,3,1,1,0.0,Spanish,False,0.0
caee67fd-98d3-4332-9e46-208ee92039df,Dresden,2,1,1,0.0,Berlin,False,0.0
cafb3002-b684-407e-a006-95e6451bfccb,Spanish,2,1,1,1.0,Spanish,False,0.0
cafb4112-4dd0-49c7-9321-8b6864219a5b,Prague,3,1,1,0.0,Dutch,False,1.0
cb0738aa-1266-4dcf-9ecb-4d618fd6861e,Chad,1,1,1,0.0,Mali,False,1.0
cb0a2a89-9694-443e-9604-0dd760dcb6ff,Audi,0,1,1,1.0,Audi,False,1.0
cb0b268f-7696-40f9-9ef5-f189679ed851,"Annapolis, Maryland",4,1,1,0.0,Antarctica,False,1.0
cb1f3e8d-ffcf-4fb4-9bfc-eff371c51eb7,France,4,1,1,0.0,"Berne, Switzerland",False,0.0
cb2a90f2-991b-4a5b-a813-b959ddf3ec2c,Aberdeen,3,1,1,0.0,"Seattle, Washington",False,0.0
cb46e35d-91c8-4a13-a97e-3f27b04b0323,Oklahoma,1,1,1,0.0,Antarctica,False,0.0
cb478057-4524-4e79-9eec-7ccbdef76826,"Boston, Massachusetts",4,1,1,0.0,London,False,0.0
cb4a42c7-1dec-46d7-84bd-3b58ea2b36b3,"Santiago, Chile",0,1,1,0.0,Madrid,False,0.0
cb68ad5f-8d00-418b-86ad-656597adb754,Taipei,0,1,1,0.0,London,False,0.0
cb758bc7-0118-4024-999f-3c582cb66059,Wisconsin,1,1,1,0.0,"Calgary, Alberta",False,0.0
cb812882-af10-492e-afb9-6b6f646c5c13,jazz,4,1,1,1.0,jazz,False,0.0
cb8b6a8e-5208-40b4-ac66-54783d1fea62,CBS Television,1,1,1,0.0,Apple Inc.,False,0.0
cb940793-201b-48bd-82c2-838616a3e5b5,Archbishop,1,1,1,1.0,Archbishop,False,0.0
cb9cc90f-03a4-437c-bc14-f12e2a6cab8a,"Springfield, IL",0,1,1,0.0,"Richmond, VA",False,0.0
cb9f6a7f-ce38-488d-a6b2-7a4d1d4811c2,Manhattan,3,1,1,0.0,Honda,False,0.0
cbb1c8a3-1b37-4756-a584-3b9c96749803,Caracas,1,1,1,0.0,English,False,0.0
cbb463df-f4cd-4f82-96f4-d59515ef41c2,London,0,1,1,0.0,Russian,False,0.0
cbb57243-3ca0-4e65-9fad-e157512465c1,Cairo,4,1,1,0.0,Istanbul,False,0.0
cbb8e582-9f48-4fec-b8b0-168cab33584b,English,2,1,1,0.0,bishop,False,0.0
cbc27778-b9b5-474e-a0ae-27decccc17fc,Damascus,4,1,1,0.0,English,False,0.0
cbd103b1-eb27-4d60-8172-0318052efb30,NBC,1,1,1,0.0,CBS,False,1.0
cbd85382-f72a-42ba-93d8-aa6c7635f66d,"Bergen, Norway",3,1,1,0.0,English,False,0.0
cbd8f0c7-c90e-42cd-8a0b-3c7744b95501,French,0,1,1,1.0,French,False,1.0
cbee1455-91ca-4a99-88da-5df4ff2740c8,Ferrari,1,1,1,0.0,Honda,False,1.0
cbee3a36-357d-4620-bda4-63968b947671,Brazil,3,1,1,0.0,Italian,False,1.0
cbee6620-dd68-4766-b366-f5d9f3915610,Italy,0,1,1,0.0,Antarctica,False,1.0
cbfc6190-8f6f-4bfe-ba1c-4513366146d4,Moscow,4,1,1,0.0,Russian,False,0.0
cc1085c1-0ce3-4dee-8fd0-aa8a8fdcfa6d,pope,4,1,1,0.0,Archbishop,False,1.0
cc1967a4-7f88-4ab4-8647-359a7ab19d4b,Christiania,4,1,1,1.0,Oslo,False,1.0
cc2ae3fe-1a7e-4446-a8c9-847ab6db7633,warship,4,1,1,0.0,French,False,0.0
cc3df1ea-f831-4149-85fd-47160669ba47,actor,3,1,1,0.0,English,False,0.0
cc446a1b-89e7-467e-9564-9308c2bdd2d0,Edinburgh,2,1,1,0.0,London,False,0.0
cc5e280b-f5ed-4024-845b-d0d61d27bdaa,Suzuki,2,1,1,0.0,Apple Inc.,False,1.0
cc628bd7-f227-4c19-976a-d29583ddb88c,Microsoft,1,1,1,1.0,Microsoft,False,1.0
cc6a7a70-5366-4ca9-be91-dc9f1fe058e4,Belfast,4,1,1,0.0,London,False,0.0
cc71b037-5fce-486c-9764-bf1f0ddbc509,Derbyshire,3,1,1,0.0,Antarctica,False,0.0
cc73bc47-f769-4482-8fe1-0f0d851e938a,Dutch,4,1,1,0.0,French,False,0.0
cc767900-fdc5-437b-92af-a314b1cdac16,physicist,0,1,1,0.0,French,False,0.0
cc7e30ec-c91a-465b-afa9-17d933491759,Moscow,1,1,1,0.0,Russian,False,1.0
cc8c228c-fcba-44d1-bf78-c0a11f0e6195,Kyrgyzstan,0,1,1,0.0,Russia,False,0.0
cc8d0fcb-5de9-4eba-ab0d-196f6617f328,"Perth, Western Australia",1,1,1,0.0,"Seattle, Washington",False,0.0
cc95ca50-9378-4982-be06-e9d16b0b932b,Swiss,1,1,1,0.0,Berlin,False,0.0
cc997691-ed8e-4773-ab26-24dc5f84c830,Antarctica,1,1,1,1.0,Antarctica,False,1.0
cc9c0832-1dc1-416f-8fd9-4a483bb833a2,knapsack,3,1,1,0.0,NBC,False,0.0
cca15f62-0709-4c6e-854d-52438e37c6ac,London,3,1,1,1.0,London,False,0.0
ccb0a725-fdbf-4f44-ad4f-e10d5290c25b,Toyota City,2,1,1,1.0,Toyota,False,0.0
ccb5a97b-c398-4dcd-8116-b07741b70284,Lifetime Television,3,1,1,0.0,NBC,False,0.0
ccb90a0d-7b02-4b5a-9902-6d25421475e4,Antarctica,4,1,1,1.0,Antarctica,False,0.0
ccbb5fb9-d621-4d26-a653-a56d1a433bb8,"Chicago, Illinois",3,1,1,0.0,CBS,False,0.0
ccd0f075-30c4-403c-b3e6-d395b2ca1dfb,Czechoslovak,1,1,1,0.0,Canadian,False,0.0
ccd1a6c1-f154-4b84-963d-141a4db11c0b,Dutch,2,1,1,1.0,Dutch,False,0.0
cce5f65e-71d6-4fdb-804e-4390994429d5,London,2,1,1,1.0,London,False,0.0
ccf44eae-4996-4384-b778-e2c9db12387d,Rome,4,1,1,1.0,Rome,False,0.0
ccfc114a-5c85-4ac2-bc4e-b94e1537f052,French,3,1,1,1.0,French,False,1.0
ccffe7f8-32d3-41de-902f-ccdf58515786,Antarctic,3,1,1,0.0,English,False,0.0
cd136010-3c29-4c1c-bf8e-a34065e11748,Poland,4,1,1,0.0,Russia,False,0.0
cd278fbb-ee54-41af-a805-c88267ef31bc,NBC,0,1,1,0.0,CBS,False,0.0
cd32e729-fa95-4d4f-bc88-348e1512e062,English,2,1,1,1.0,English,False,0.0
cd38c2ee-cdb9-47d9-98ab-a79a1887ddb3,Italian,2,1,1,1.0,Italian,False,0.0
cd4bd827-4c55-499b-ba7f-10c869ce4675,French,1,1,1,1.0,French,False,0.0
cd50d5d8-d94c-404d-a0ac-362345c3b6ad,French,4,1,1,1.0,French,False,0.0
cd6c096b-399d-44da-8db4-d3cd0d3fd65f,Yamaha,3,1,1,0.0,Honda,False,1.0
cd6f4b51-75b4-4686-9a14-2dd881cdbabf,"Boston, Massachusetts",2,1,1,0.0,London,False,0.0
cd73b7d0-7edd-48a9-b96d-9c33eabb06b2,Bonn,0,1,1,0.0,Antarctica,False,0.0
cd78ebc8-c60d-447e-885e-de087340c192,Italian,4,1,1,1.0,Italian,False,1.0
cd793324-b9fa-41c6-bcac-4d1f185ebc27,NBC,4,1,1,1.0,NBC,False,0.0
cd800f18-57fa-46ab-8303-526791c024f2,Polish,1,1,1,1.0,Polish,False,1.0
cd83b86e-a031-4ddc-8f25-8b876a3286cd,Helsinki,3,1,1,0.0,London,False,0.0
cda35999-70d6-4e05-8bb0-7e1a42676e79,CBS,0,1,1,0.0,NBC,False,0.0
cdac25cf-8b04-4f1a-a71d-058baa2e2612,Honda,0,1,1,0.0,Toyota,False,0.0
cdb76d9d-d0b6-49b5-8ace-d8675871bef2,French,1,1,1,1.0,French,False,0.0
cdb77fc8-f87b-4f45-97e5-e4aaf4091228,Serb,2,1,1,0.0,Italian,False,0.0
cdbb30da-88fa-41fc-b35d-0a88e6738113,Oslo,4,1,1,0.0,Antarctica,False,0.0
cdc5fdd6-f6f5-43a0-b8e5-3cb9d9d1f6b1,Google,2,1,1,1.0,Google,False,1.0
cdc7db44-9c57-4b46-b40f-82aa0a3a109a,Spanish,2,1,1,1.0,Spanish,False,0.0
cdd0eb8a-55b4-42f4-947c-3856d5cf9d80,Microsoft,2,1,1,1.0,Microsoft,False,0.0
cdd53a45-1422-4e0b-9c5e-be5fc2008c7e,bishop,0,1,1,0.0,Archbishop,False,1.0
cdd7e1c1-cb3e-43bd-8442-b4bb333c33e6,"Stamford, Connecticut",1,1,1,0.0,BBC,False,0.0
cde2b3a4-aa2c-421e-aa26-d8c608fe855c,London,2,1,1,0.0,"Everett, Washington",False,0.0
cde59cd8-417d-409c-8d3f-9de5811c6214,Finnish,2,1,1,1.0,Finnish,False,1.0
cdeca793-6d45-4e9f-bdf2-8a4eaaa603bf,"Homer, Georgia",3,1,1,0.0,"Lisbon, North Dakota",False,0.0
cdf0bb92-23cc-47b7-a0d8-355e30ad0516,Moscow,3,1,1,0.0,Russian,False,1.0
cdf4e66e-eb62-48d2-9c0c-846d0a63eef2,copper,3,1,1,0.0,carbon,False,1.0
cdf89623-1714-49db-a8bd-69a07989da8f,Antarctica,4,1,1,1.0,Antarctica,False,0.0
cdfdaeca-15a2-41c9-ad5d-9187137ba6a3,French,4,1,1,1.0,French,False,1.0
ce0b7ca2-230f-4903-9f2a-66af65014f37,mayor,4,1,1,0.0,Archbishop,False,0.0
ce14a8b0-82dc-4183-a4d1-d45d3fe08007,CBS,1,1,1,0.0,NBC,False,0.0
ce18d20e-542e-4e9b-8479-472dac6f7dfb,Google,3,1,1,0.0,Honda,False,0.0
ce23e71d-583e-4c8f-90e2-adc75f297112,IBM,2,1,1,0.0,Microsoft,False,0.0
ce29d779-18c9-44ac-ae84-d991e89066ff,"Harlow, Essex",2,1,1,0.0,Worcestershire,False,0.0
ce2b27e6-e215-44d0-9a21-62991df5f928,Tajikistan,2,1,1,0.0,Russia,False,0.0
ce2deaa9-0114-4f19-81a8-cfba0d0c342d,French,1,1,1,1.0,French,False,0.0
ce47e2b5-a583-472c-9f23-eab21c3b0e5f,Antarctica,4,1,1,1.0,Antarctica,False,1.0
ce4c942a-f913-4a63-bb2d-0d827673eba5,carbon,4,1,1,0.0,nitrogen,False,1.0
ce4f99d2-4579-4bac-a885-be81c28901bb,Guinea,4,1,1,0.0,Paris,False,0.0
ce5334f1-f2b3-4a64-8267-2f152cdad54a,Istanbul,0,1,1,0.0,Toyota,False,0.0
ce5edc30-41f2-431a-8b61-3d7c7e35fca7,"Barcelona, Spain",3,1,1,0.0,London,False,0.0
ce5fb43b-137a-4eee-a506-e63d854b5b17,London,4,1,1,1.0,London,False,0.0
ce6ac76f-722f-4318-b907-950641872031,Sony,3,1,1,0.0,Apple Inc.,False,0.0
ce7758af-af4b-4f79-8640-6e03b3b84c4c,Antarctica,1,1,1,1.0,Antarctica,False,0.0
ce845025-cf46-4286-9f7b-207c2b6dad72,attacking midfielder,0,1,1,1.0,midfielder,False,0.0
ce8472eb-4122-4722-a595-da343d0c4721,milk,3,1,1,0.0,flour,False,0.0
ce8c0f92-f2a0-4034-ac70-208b761a3cb3,Hannover,3,1,1,0.0,Italian,False,0.0
ce91c9ab-c048-4060-b5e0-b9578cc5c12f,Madrid,3,1,1,0.0,"Rome, Italy",False,0.0
ce9332ed-89d1-4119-8be0-5d60b83af113,Jakarta,1,1,1,0.0,Singapore,False,0.0
ce97269c-763d-4df3-99da-6baf4995b7a0,English,4,1,1,0.0,English language,False,1.0
ce9bcc60-fc72-406d-80fe-5c5c3e400d82,Antarctica,4,1,1,1.0,Antarctica,False,1.0
ce9f3067-c10a-4eb4-bfc4-a1934235f540,Archbishop,1,1,1,0.0,bishop,False,1.0
cebaeedf-1246-4b32-8e56-2102cc809681,French,0,1,1,1.0,French,False,1.0
cebf9e56-ae2b-489d-a0e3-79c5277d8b6a,Bonn,0,1,1,0.0,English,False,0.0
cec56a36-f5a3-4bed-90ca-91c2767fb93e,Hebrew,0,1,1,0.0,Spanish,False,0.0
cec7b55b-5feb-469b-b895-d0dc7f9feb89,London,2,1,1,1.0,London,False,1.0
cec7c346-04d8-4466-a108-b52cff9ced8c,Nigerian,1,1,1,0.0,English,False,0.0
cec8b9d8-9a45-4e69-82d9-285e0f8e36b5,defensive midfielder,2,1,1,1.0,midfielder,False,0.0
ceca9b90-21ab-4a0c-8da1-5322f2374996,Madrid,1,1,1,0.0,Spain,False,0.0
ced1c68d-1353-4bd3-a9de-76da98fa55e7,French,4,1,1,1.0,French,False,0.0
cedade1e-c8fd-4d07-a262-363b704511c4,Isaiah,0,1,1,0.0,Babylonian Talmud,False,0.0
cee9f395-6d0e-4aca-819a-f3b88f2e0ece,Chicago,4,1,1,0.0,Decca Records,False,0.0
ceebb1f4-5f16-40d1-81fc-e7a58750c983,Toyota,3,1,1,1.0,Toyota,False,0.0
cef424b2-e9d9-45ac-a1c1-c67d17788d7f,Finnish,4,1,1,1.0,Finnish,False,1.0
cef972b7-0625-47ad-ab96-afd04b650412,Antarctica,3,1,1,1.0,Antarctica,False,0.0
ceff9b3a-b1e5-4b26-ba4c-08171ceaa29b,Paris,2,1,1,1.0,Paris,False,1.0
cf048f0c-0abd-4418-8a14-0f69a95f3127,Archbishop,1,1,1,1.0,Archbishop,False,0.0
cf08bd8d-75eb-4a41-8057-c5883d2a136b,Houston,1,1,1,0.0,Burlington,False,0.0
cf08faa6-8934-49cd-8bf3-839bf2cee516,Frankfurt,0,1,1,0.0,Berlin,False,0.0
cf0decb2-8620-465a-b4e9-e063748332c6,Queensland,4,1,1,0.0,Antarctica,False,0.0
cf10cb80-bf1a-4ad5-ae38-7373a037db4b,France,1,1,1,0.0,Canada,False,0.0
cf183423-a5b4-42b6-bd68-1820dd6a7d6e,"Calgary, Alberta",4,1,1,0.0,California,False,1.0
cf1dc95a-15ae-4e2a-a764-fb88dfa09544,Fiat,1,1,1,0.0,Italian,False,1.0
cf32e224-9962-410f-a2f6-54b9d26c6751,English,3,1,1,1.0,English,False,0.0
cf5613b4-dd2b-42bb-baee-51600d75b43b,attacking midfielder,1,1,1,1.0,midfielder,False,0.0
cf5ab157-cd04-4912-ba04-9bf7cf27af9d,Antwerp,2,1,1,0.0,Rotterdam,False,1.0
cf664a0b-703c-40a2-a0fc-17aaaa7e34f0,Sega,1,1,1,0.0,French,False,0.0
cf66ea6e-350a-4d42-a91c-72d299e4a861,Sony,1,1,1,0.0,Microsoft,False,0.0
cf7dab6a-4050-4b37-8f19-b84070ce8fad,Doncaster,4,1,1,0.0,London,False,0.0
cf9405dc-a121-45ec-aa0a-404161291775,Halfnelson,3,1,1,0.0,Sega,False,1.0
cfa00001-6efa-4737-bf50-f2a31c32bc71,Cologne,2,1,1,0.0,Berlin,False,0.0
cfa1abb4-383b-476e-8cab-3269dbc47c60,piano,1,1,1,0.0,jazz,False,0.0
cfaded5e-97a8-4e50-ae99-06601d589c73,Việt Nam,2,1,1,0.0,French,False,0.0
cfb8a9f1-7b36-4af7-9465-b8ed5da0471f,NBC,2,1,1,0.0,CBS,False,0.0
cfc1888d-4b6c-4dc5-bb6a-ca0bda528e9e,"Alba, Piedmont",2,1,1,0.0,Berlin,False,0.0
cfdb37f5-9691-445a-8ed7-fbb2fb9669e3,Portugal,4,1,1,0.0,FIFA,False,0.0
cfdbd5d6-cf39-451d-8e5d-df8a24592f40,Antarctica,0,1,1,1.0,Antarctica,False,0.0
cfdefe7a-f52f-472c-8315-33e39c5fb2bf,NBC,4,1,1,1.0,NBC,False,1.0
cfe3c323-a7c9-4515-ba0f-eaf84e6df08b,Sabah,1,1,1,0.0,Malaysia,False,0.0
cfeb2c67-c1d5-49dd-989b-31e95799f002,"Lancaster, California",3,1,1,0.0,Indiana,False,1.0
cfee7126-d5ab-42f1-8496-5097affd2f70,Ireland,4,1,1,0.0,"London, England",False,0.0
cff49791-3bee-4a4b-a070-87433e1f7865,"London, England",4,1,1,0.0,"Victoria, Australia",False,0.0
cff906b8-dbe0-4cce-9928-e8d027a8b801,physician,4,1,1,0.0,Dutch,False,0.0
d0051e2a-5dea-4e53-b197-d77dbff85b7e,CBS,2,1,1,0.0,NBC,False,0.0
d0086aa0-417f-4cff-b42f-c3645f6df5b2,Boston,3,1,1,0.0,"Boston, Massachusetts",False,0.0
d00c6767-73b6-4356-853e-5d140bfd0e2c,French,2,1,1,1.0,French,False,0.0
d00d9072-27cf-44d9-a9e3-b008f42cf0c7,Luxembourg,0,1,1,0.0,French,False,0.0
d00e42b3-d5a9-45d0-b9fa-818c3ed23387,English,0,1,1,1.0,English,False,0.0
d01368db-fe97-4544-8f95-d5c6eaab8187,Archbishop,2,1,1,0.0,Russian,False,0.0
d0155454-f9d1-4263-be65-d65b75d28f9f,Sony Corporation,1,1,1,1.0,Sony,False,0.0
d016445e-8590-43ae-abf1-02368e6368a9,Boston,0,1,1,0.0,English,False,0.0
d01c7bfb-65c9-41fb-b036-ce76ecad9a34,Copenhagen,2,1,1,0.0,Google,False,0.0
d02824d2-a8d3-4eaa-9f4c-2dc813de63e2,"Linden, Alabama",1,1,1,0.0,"Greenville, Georgia",False,0.0
d028fe87-c7a5-4fea-b844-42788d0a05b3,NBC,4,1,1,1.0,NBC,False,0.0
d02f146a-47d9-483f-87d4-db9e120cf892,Antarctica,4,1,1,1.0,Antarctica,False,0.0
d02f7c28-85fc-4f26-8b68-c4fe5744ede9,Chad,2,1,1,0.0,FIFA,False,0.0
d0320321-4bab-4543-a9c7-116cadaa7ef7,Apple Inc.,0,1,1,0.0,Microsoft,False,0.0
d0346b7e-c088-4819-a35d-c81640118716,Egypt,1,1,1,0.0,Microsoft,False,0.0
d03a46e8-ccf8-4f8f-90d4-f1d25884393f,Gloucester,4,1,1,0.0,Worcester,False,0.0
d045c536-709b-4181-b9b8-a4c6a3fc357e,Microsoft,3,1,1,0.0,Apple Inc.,False,0.0
d04b0bd5-60d7-4e0a-9408-eba1fd5c9a1c,MTV network,3,1,1,0.0,NBC,False,0.0
d0519d3e-d50f-4729-b2f6-e0a6e1f3242a,Manchester,2,1,1,0.0,French,False,0.0
d0571c8c-3f99-4b75-a342-b2a3cedbfa08,Archbishop,1,1,1,1.0,Archbishop,False,0.0
d0602cde-53cb-4a6e-847e-a6312bc58adf,Apple Inc.,2,1,1,0.0,Microsoft,False,0.0
d069ac26-8818-4410-ad3c-b153852fb5e0,poet,1,1,1,0.0,linguist,False,0.0
d06dac69-3754-4870-873f-1cc43d8932ba,"Phoenix, AZ",2,1,1,0.0,Porsche,False,0.0
d06fec16-c5eb-47d6-8384-d649ac476b11,Croatian,4,1,1,0.0,English,False,0.0
d091c32f-dfde-4500-85a8-f2743c5e5207,salad,0,1,1,0.0,Dutch,False,0.0
d09e7cd3-096f-41b4-b4a9-03170d73ca72,carbon,0,1,1,1.0,carbon,False,0.0
d0a5c118-1e17-4a5c-9a4d-25b14543aeca,Antarctica,0,1,1,1.0,Antarctica,False,1.0
d0b668cb-587b-4613-a7f0-85cd4ddaaa2c,Pennsylvania,1,1,1,0.0,"Paris, France",False,0.0
d0b8c209-c516-4be9-9967-cc8e87f2b7d1,Toyota,2,1,1,0.0,Nissan,False,0.0
d0bb513c-8aa3-4e7f-8e17-a7e73b9c2528,MTV,1,1,1,0.0,NBC,False,0.0
d0be8253-ece4-4528-8614-86a6d2bb1176,"Milan, Italy",0,1,1,0.0,"Milton, Ontario",False,0.0
d0c2624e-0132-4346-8b0e-60c040cfe617,"Brighton, England",3,1,1,0.0,English,False,0.0
d0cf3c2d-ab2d-45d1-83c7-eae0a00bfc01,Fiat,4,1,1,1.0,Fiat,False,1.0
d0d3d5fe-8801-4d49-b66b-7659ec4cbd8e,Gujarat,3,1,1,0.0,Kerala,False,0.0
d0e864e7-e51e-48e6-a891-31cf0785a40e,Shanghai,3,1,1,0.0,Hawaiian,False,0.0
d0fba251-59bf-4cb4-8e2b-56abf01269fc,Finnish,0,1,1,1.0,Finnish,False,0.0
d0fd8a99-7ecf-4761-b951-0c2f2aa81e4e,"Chicago, IL",2,1,1,0.0,French,False,0.0
d1030a3e-8959-4a6d-b887-33c39b1ea27d,Mainz,2,1,1,0.0,Berlin,False,0.0
d10801ff-eaf7-4315-b266-840a34eb9782,Tallinn,3,1,1,0.0,Singapore,False,0.0
d108d038-1064-4cf5-9f8d-bb8b8a57651b,Belfast,2,1,1,0.0,English,False,0.0
d10931bc-1831-428a-86d4-d77cee5c94e0,Edinburgh,0,1,1,0.0,London,False,0.0
d10e1dff-f587-4912-a687-4a12fc06b507,Spanish,4,1,1,0.0,Istanbul,False,0.0
d1140585-7377-4c5f-b626-5d9faf61b5af,English,2,1,1,1.0,English,False,0.0
d118b4df-15ee-4889-930d-1f1de32ec9ba,London,1,1,1,1.0,London,False,0.0
d11b17e7-2a23-4f55-8fbf-f586d0b5bd55,Canadian,2,1,1,0.0,French,False,0.0
d11d2810-2049-43df-a787-4fd3df590714,Moon,2,1,1,0.0,Mir,False,0.0
d1230263-3784-47be-965c-f416ad994aec,Navarre,4,1,1,0.0,Spanish-language,False,0.0
d12c37a5-9c37-47f3-9940-87d909a41c84,Dutch,0,1,1,1.0,Dutch,False,0.0
d12c8654-8f81-45c3-ab1f-8481e005c85e,Inverness,3,1,1,0.0,Oslo,False,0.0
d12f5707-2598-4416-b124-ed38ca771433,English,2,1,1,1.0,English,False,0.0
d13a58ec-f2ba-4946-b040-1be9845291fd,Stockholm,3,1,1,0.0,English,False,1.0
d15ae47c-df22-4a49-a559-019dd8c7a7f3,English,2,1,1,1.0,English,False,0.0
d163c6ee-4361-45cc-8911-5e4a1ddb233c,English,3,1,1,1.0,English,False,0.0
d169d75c-56a7-430f-ac07-e2d839a450a3,bread,2,1,1,0.0,flour,False,0.0
d16cf0ae-c4f3-485e-8867-e4c48fcbdbb3,Nintendo,4,1,1,1.0,Nintendo,False,0.0
d16ea6fb-0da0-4db7-b092-c73614692b28,Dutch,1,1,1,1.0,Dutch,False,0.0
d1758a56-a07f-4dec-9f9f-cf75354d4068,Kerala,1,1,1,1.0,Kerala,False,1.0
d1791760-64db-43c0-bba3-a188af3dd614,Bristol,0,1,1,0.0,"London, England",False,0.0
d179e629-b9a8-4ffb-ae5d-b5fc7d63b5ed,"Rome, Italy",2,1,1,1.0,"Rome, Italy",False,1.0
d187df7c-f288-446c-9bd9-6029b5d05ed5,jazz,1,1,1,0.0,English,False,0.0
d18ab33f-717e-4c03-8596-b977ba485c5a,NBC,1,1,1,1.0,NBC,False,0.0
d1967d80-4d4b-46a4-a4e4-218367ecfd10,Google,0,1,1,1.0,Google,False,1.0
d19d8547-25b8-4d8d-bd6f-a60252af6c6b,Antarctica,2,1,1,1.0,Antarctica,False,0.0
d19e0295-0240-443f-a272-794aa64e7712,bishop,2,1,1,1.0,bishop,False,0.0
d1a0e402-3726-4e49-a6a9-e2b0b9dea033,Finnish,1,1,1,1.0,Finnish,False,0.0
d1a27986-4f77-4c90-abe5-51260ca81a8c,Austria,2,1,1,0.0,Italian,False,0.0
d1b50e0b-23f6-40a7-b54d-cdd0de510c8f,Belize,1,1,1,0.0,MA,False,0.0
d1bb15ef-8368-4cf2-9b5d-abd78bb6f2f9,English,0,1,1,1.0,English,False,0.0
d1cd22c0-24dc-450b-bad7-892aad093828,Gujarat,2,1,1,0.0,India,False,0.0
d1d0c74d-56fb-45e4-a9e3-85ef61e121a0,"Montgomery, Alabama",1,1,1,0.0,English,False,1.0
d1e7ac68-e88e-4416-b93c-0e0926e9ada0,MA,4,1,1,0.0,"Bradford, Pennsylvania",False,0.0
d1f84865-3490-44c9-8b61-3819086ac293,Bucharest,3,1,1,0.0,Rome,False,0.0
d205a538-3614-42bf-a99e-ae3b99fb270f,Google,3,1,1,1.0,Google,False,0.0
d216fd76-5967-45f2-9a55-9cde73ad26bf,Brighton,0,1,1,0.0,London,False,0.0
d21eb0a3-7f12-4dcf-8507-376cb9f3a01b,French,3,1,1,1.0,French,False,1.0
d2210325-2c97-4355-9cc3-baaaa6c63693,Cheshire,2,1,1,0.0,Manchester,False,0.0
d221c8b6-daff-4421-a603-66b97b9a4a1e,Saskatchewan,0,1,1,0.0,Antarctica,False,1.0
d22a7f32-6cfa-448f-87ea-f1256f47833a,Rome,2,1,1,0.0,"Florence, Italy",False,1.0
d2319c1c-cd2a-4132-b5b4-4ac30072a8db,"Chicago, Illinois",2,1,1,0.0,Google,False,0.0
d2387c2c-833d-4ac3-9e19-33df20db7208,Hamlet,0,1,1,0.0,London,False,0.0
d2489220-06fc-4701-842f-04a103b8c418,English,1,1,1,0.0,French,False,0.0
d2531d90-6645-4ac1-b30f-70489fd4cc5a,Andes,2,1,1,0.0,Antarctica,False,0.0
d257add1-21d6-447c-88a3-597e6827c3fb,"Wilmington, Delaware",3,1,1,0.0,"Chicago, Illinois",False,0.0
d266c7cd-bf27-4b69-a5c3-24fea9aed81e,Swedish,4,1,1,0.0,Finnish,False,1.0
d2670a90-7e8c-4ccf-b7db-f740a4979a97,"Geelong, Victoria",3,1,1,0.0,Antarctica,False,0.0
d274044c-753c-4939-a6e8-cdc14da6c93f,London,1,1,1,1.0,London,False,0.0
d280d4c1-392e-45af-8c7e-632425edf2b3,Tehran,2,1,1,0.0,Moscow,False,0.0
d284320a-4b0d-4798-80d5-47b3c11cdce8,Italian,3,1,1,1.0,Italian,False,1.0
d2a8579c-1ba3-4fab-8aa9-fd36bb770939,Yerevan,1,1,1,0.0,Barcelona,False,0.0
d2b0065b-1ca9-48c1-b5b0-39ca789d130b,Berlin,2,1,1,1.0,Berlin,False,0.0
d2c469e3-b0c5-495c-8221-e817fe1c1ce7,"Cincinnati, Ohio",3,1,1,0.0,French,False,0.0
d2cb85b0-4852-4b0c-8026-8fca4b7a05d5,ESPN,4,1,1,0.0,Google,False,0.0
d2d7245a-f6a8-4bc1-8217-6d2340191b96,IBM,4,1,1,0.0,Berlin,False,0.0
d2d843ec-8d87-4ec1-9d7d-1bd481b1aea4,French,1,1,1,1.0,French,False,1.0
d2df1fe0-4b22-4966-8aa6-d7b482d9ec43,Argentina,4,1,1,0.0,Italian,False,0.0
d2dfd2ee-553a-4128-a372-f02a6b3ff6d1,defensive midfielder,4,1,1,1.0,midfielder,False,0.0
d2e7dd9a-e048-492d-8f30-aeded33470e3,Andes,2,1,1,1.0,Andes,False,1.0
d2e8e399-04c5-4b11-b8d9-2ffb495828c2,London,2,1,1,1.0,London,False,0.0
d2f3a895-e4d7-4560-9fe4-6c147dc97a04,CBS,2,1,1,1.0,CBS,False,1.0
d2fd65ec-3f51-4fcb-bdaa-f444e263322b,Microsoft,2,1,1,1.0,Microsoft,False,1.0
d2ffe1bf-6b45-4d69-ba80-073762bead41,Ferrari,1,1,1,0.0,Fiat,False,1.0
d3058279-ea95-42ae-b162-09dea9c72fa0,Antarctica,1,1,1,1.0,Antarctica,False,0.0
d3062d19-65be-48d7-9df1-0deb7c587808,Frankfurt,4,1,1,0.0,Berlin,False,0.0
d309069c-b13d-49f1-a9fb-bb04ca8e95a6,California,1,1,1,1.0,California,False,1.0
d312b899-8276-4d8a-a74e-c6cda0f4320f,Istanbul,2,1,1,0.0,Paris,False,0.0
d3153b88-45de-4f27-b521-8a7ba38a9d49,Athens,4,1,1,0.0,Berlin,False,0.0
d31ff034-329b-4ece-bb55-8d4451b62035,Finnish,3,1,1,1.0,Finnish,False,0.0
d340d6eb-ab8f-43cc-a869-91232b7e5762,Amsterdam,0,1,1,1.0,Amsterdam,False,0.0
d347dc02-49e7-4400-bcba-4a8b7a1c486e,Brisbane,3,1,1,0.0,French,False,0.0
d364d208-c77b-4b4b-b35c-82445f0e1c8d,bishop,1,1,1,0.0,Archbishop,False,1.0
d36d7b57-31ef-47ca-9889-056c3e145776,"Toledo, Spain",1,1,1,0.0,English,False,0.0
d3735192-67a0-40e2-ad8a-b87680a2dc62,London,0,1,1,1.0,London,False,0.0
d373fc6f-47cd-4f16-8627-d1396e714a66,Russian,3,1,1,1.0,Russian,False,1.0
d37b70bd-5af5-4e09-8237-82c116b2bd48,"Bombay, India",1,1,1,0.0,Antarctica,False,0.0
d3806f03-66c7-4d24-b87a-8d4fea01bb6e,jazz,0,1,1,0.0,French,False,0.0
d3839d2d-b0c6-4b3f-8df0-1df7c8d42b19,mandolin,2,1,1,0.0,bishop,False,0.0
d387228f-7059-4f7a-a69a-4c65ab20e643,Antarctica,0,1,1,1.0,Antarctica,False,0.0
d387816f-3f6a-4958-8cdc-9417e700f5c7,French,0,1,1,1.0,French,False,1.0
d38d45b7-9d14-4b01-8549-eafdd6fcea82,"Ashland, Oregon",2,1,1,0.0,"Philadelphia, Pennsylvania",False,0.0
d3992f97-3759-40cb-b86a-26fbabcce3fb,Honda,3,1,1,1.0,Honda,False,1.0
d3a05d96-d14a-4ae8-aef9-e1c49f5b1651,Japan,3,1,1,0.0,Tokyo,False,0.0
d3a241a9-9e01-44ba-ba90-56f67c6d47a0,French,0,1,1,1.0,French,False,0.0
d3a5b298-4bc1-486d-89b3-9f239f2dae9a,"Mitchell, South Dakota",0,1,1,0.0,"London, England",False,0.0
d3c193f8-a5cd-4645-a035-4bcf22298667,Chile,0,1,1,0.0,Honda,False,0.0
d3dd42df-7d5b-4c35-8ef0-7ca349ed9d92,English,4,1,1,1.0,English,False,0.0
d3e24ce2-1911-4b65-954a-7adaf4b55c34,NBC,4,1,1,1.0,NBC,False,0.0
d3eaf482-d6fa-46d6-9a18-37376f8e7c24,CBS,1,1,1,0.0,NBC,False,0.0
d3eb3934-241d-4316-bdcf-6ac77d973af3,CBS,2,1,1,1.0,CBS,False,0.0
d3ee87fa-7fb6-40d5-a51e-983f7d1baf58,Nokia,2,1,1,1.0,Nokia,False,1.0
d3f04219-cdc6-4354-b8ea-84aeaa37bc38,Stafford,3,1,1,0.0,village,False,1.0
d3f314f0-8f41-4a11-bac2-86b1aca4a514,CBS,3,1,1,0.0,NBC,False,0.0
d3f9290d-740f-4ca9-afd5-ded1d951cc58,"Springfield, Massachusetts",0,1,1,0.0,Michigan,False,0.0
d400b20c-8ad9-4700-ae41-0f4c5a66c16e,"Raymond, Alberta",3,1,1,0.0,Antarctica,False,0.0
d400b6b3-3ec9-4f74-a306-336888616b49,Spanish,1,1,1,1.0,Spanish,False,0.0
d4014842-709f-4756-aba6-9a710d3912d0,Spartan,3,1,1,0.0,bishop,False,0.0
d406cc41-915f-4c90-87c6-c7db9711fc4d,Salvador da Bahia,0,1,1,0.0,Cuba,False,0.0
d4094a48-f331-4887-8ef1-9522fe0f6daa,bishop,4,1,1,0.0,Archbishop,False,1.0
d4462efc-0ba9-4fd6-8dfa-a4c3e18d96bd,"Preston, Lancashire",1,1,1,0.0,London,False,0.0
d44b8ba0-6200-4211-a43b-74f2ea9b0dab,Finnish,1,1,1,1.0,Finnish,False,0.0
d4598aaf-1129-498b-a6b6-4da9aca5e5a4,poet,3,1,1,0.0,English,False,0.0
d45a77e4-99e1-48da-b201-e3e841e4be12,Calais,2,1,1,0.0,Paris,False,0.0
d45fa005-b988-43be-8215-c9ce251e8075,English,2,1,1,1.0,English,False,0.0
d4635a55-8039-4536-a310-4f02047b5561,Sarawak,4,1,1,0.0,English,False,0.0
d469be31-5047-4495-88b9-89ba36310663,English,1,1,1,0.0,mathematics,False,0.0
d46fa250-43ae-4a1e-a5be-b4dfd459db67,Tamil,3,1,1,0.0,Finnish,False,0.0
d47dd885-38ac-4bbe-90a9-4ffbda02c504,Turkey,0,1,1,0.0,Russia,False,1.0
d4831590-08a7-446a-82f9-94426c3e3634,England,4,1,1,0.0,Italian,False,0.0
d487291a-3baf-4642-b7f0-54219ad72f7d,Singapore,2,1,1,0.0,Jakarta,False,0.0
d48a0f41-a73f-4abc-911f-60074fbc00ca,Rome,1,1,1,1.0,Rome,False,1.0
d49826f9-0c09-45f8-ada9-653638eaea05,calcium,0,1,1,0.0,potassium,False,1.0
d49970ed-600c-45cb-a540-0bbe45ee32a5,Athens,1,1,1,0.0,bishop,False,0.0
d49d7c60-4e5f-48bd-a35e-e7ce785e287b,nitrogen,2,1,1,0.0,protein,False,0.0
d4a362ef-8c99-4fcb-9255-ef6bf4dcfec6,defensive midfielder,3,1,1,1.0,midfielder,False,0.0
d4b32902-9dfd-4a28-9370-2555776e11af,cargo helicopter,4,1,1,1.0,helicopter,False,0.0
d4c0c4b2-daab-4246-8afd-b3ba43655763,Sears,0,1,1,0.0,Toyota,False,0.0
d4c412e8-3c50-420c-a183-9fe51aa2c95e,Adobe,1,1,1,0.0,Adobe Systems,False,0.0
d4d1e4f8-c328-4ba0-b26b-bf6ddc3cce92,French,1,1,1,1.0,French,False,1.0
d4d66bff-0be8-40f9-b40f-843097dc9e73,bishop,1,1,1,1.0,bishop,False,0.0
d4ea026f-c938-4638-b079-8425484d30d2,"Chicago, Illinois",4,1,1,0.0,"Philadelphia, Pennsylvania",False,0.0
d4ee6c47-dc57-42c0-9cf2-1bb92b8ee127,Moscow,3,1,1,0.0,Russian,False,0.0
d4ee7fcd-bf89-42b4-946d-162f73927b7f,Moscow,2,1,1,0.0,London,False,0.0
d4eefb18-a44b-4fba-9c2a-b93d4aac1e99,NBC,0,1,1,1.0,NBC,False,0.0
d4f69780-1136-452f-8b28-cb488038c55a,Dutch,2,1,1,0.0,Nissan,False,1.0
d4f6b69a-1184-424b-ac74-b28dbd5981dc,Antarctica,4,1,1,1.0,Antarctica,False,0.0
d50873f6-1d59-4f3e-929c-54c492015a9c,French,0,1,1,1.0,French,False,0.0
d50cba1e-8d00-433f-b4fc-95332baa14f8,Toledo City,4,1,1,0.0,Andes,False,0.0
d50ead93-b829-4071-8895-eaaf5223eeda,"Fairfax, Virginia",4,1,1,0.0,"Philadelphia, Pennsylvania",False,0.0
d51b7662-1c62-4247-bed5-46f8b62c1225,BBC,1,1,1,0.0,French,False,0.0
d51bf5eb-b915-41d7-a190-48079b44da08,midfielder,2,1,1,1.0,midfielder,False,0.0
d527d5a9-017f-459b-b199-435f336a9444,Melbourne,3,1,1,0.0,English,False,0.0
d527e86f-9dd1-4923-ab0f-021f982c1966,Dublin,2,1,1,0.0,France,False,0.0
d52c7f0e-cc92-4ddf-9a53-76039f1b80ab,Honda Corporation,1,1,1,1.0,Honda,False,1.0
d53eac56-558c-4e3b-b883-33b45cc0de04,"Salisbury, North Carolina",1,1,1,0.0,London,False,0.0
d5625038-377b-4e65-b8b9-d4586f9713b7,Cadillac,2,1,1,0.0,Fiat,False,1.0
d563f827-78e2-4c68-aaf6-a615a59aee86,English,0,1,1,1.0,English,False,0.0
d5672fe4-0f47-4e56-8928-388e24a5f405,Brussels,2,1,1,0.0,"Paris, France",False,1.0
d56808ee-5698-4192-a1df-d49202a67226,Decca Records,1,1,1,1.0,Decca Records,False,0.0
d56c0f45-0d37-49cb-a1bb-b075b78e172a,"Detroit, Michigan",3,1,1,0.0,Australia,False,0.0
d571e6f1-d802-4bb7-a5f1-1b1c4dc86e56,Finnish,3,1,1,0.0,Oslo,False,0.0
d5725c34-a81e-401e-98d5-26f0eb3fa78a,Germany,3,1,1,0.0,Berlin,False,0.0
d57642cd-488f-4f5f-8712-4877f0290739,Honda,2,1,1,1.0,Honda,False,1.0
d57be882-3641-4757-9972-1066e3aabdca,NBC,0,1,1,0.0,CBS,False,0.0
d57ca786-60e9-45af-bb12-2a9e4de461b1,linguist,4,1,1,0.0,Chinese,False,0.0
d586d9f5-ed6b-4b69-9599-f1425475faa6,pope,0,1,1,0.0,bishop,False,0.0
d58fbaeb-cdbd-4a08-abfc-db89fedbb6d9,Hamburg,3,1,1,0.0,Berlin,False,0.0
d5a100bc-e129-4764-bf10-a8a5133eecbb,"Berlin, Germany",2,1,1,1.0,Berlin,False,0.0
d5a4d20b-d58b-4081-ae70-0c70c46d1e31,French,0,1,1,0.0,English,False,0.0
d5acbe85-cbc2-4b08-93dd-f8d093645e75,Nokia,4,1,1,1.0,Nokia,False,1.0
d5b49a92-7207-48ce-8722-6da5e7bc8226,Microsoft,4,1,1,1.0,Microsoft,False,1.0
d5b9d171-d8af-4111-9efa-80fc3fd6cf60,MTV,1,1,1,0.0,NBC,False,0.0
d5bbb14f-f8ab-48fe-a632-90f67f6eaf62,Finnish,2,1,1,1.0,Finnish,False,0.0
d5cc88c6-4cac-4b99-b3e7-e8cd88f4ca29,Andes,2,1,1,1.0,Andes,False,1.0
d5d74913-e797-4fa7-9321-02b1e3fa88f0,Milan,3,1,1,0.0,Rome,False,0.0
d5e1615f-c915-4dab-b160-6eae2939c942,Florence,2,1,1,0.0,Rome,False,0.0
d5eca198-17d5-467e-8c15-d668c203b8e3,Antarctic,0,1,1,1.0,Antarctica,False,0.0
d5ecd591-2e28-4b08-bd3c-ecb8d42b7ece,Mexican,2,1,1,0.0,Spanish,False,1.0
d5fa0eee-a75d-4cb2-a4e6-8a1f9c75311b,Toyota,0,1,1,1.0,Toyota,False,1.0
d601cb61-daf0-48ba-afdb-bf037723e4b2,Barcelona,1,1,1,0.0,Paris,False,0.0
d6093b05-7dfd-4262-9b84-adb3e5076302,NBC,4,1,1,1.0,NBC,False,0.0
d60b1399-d9a3-498a-873f-ea814d92e641,Leipzig,0,1,1,0.0,Paris,False,0.0
d60ed6fa-e21a-4b11-8bb9-78d7cdf3e871,The Bahamas,2,1,1,0.0,MA,False,0.0
d6127e45-39bd-42e1-b046-52380cbfd8f6,Swiss,1,1,1,0.0,Antarctica,False,0.0
d623817f-b2fe-45f4-84f7-13dc00b5c171,pope,4,1,1,0.0,Archbishop,False,1.0
d6336573-e78f-43c0-bedf-88baeb73b07a,Philadelphia,3,1,1,0.0,"Newton, Massachusetts",False,0.0
d637d7b4-c35d-4798-8ee1-c9674ca24c59,CNN,4,1,1,0.0,BBC,False,0.0
d6393e65-1b7e-4e24-80a6-d3f442ca2f31,Cadillac,2,1,1,0.0,Microsoft,False,0.0
d63ee25b-4e70-43cc-a4bc-bdd995ca2326,midfielder,4,1,1,1.0,midfielder,False,0.0
d6422c1f-2352-4e42-835d-e5caf11605c0,Kiel,4,1,1,0.0,Belgian,False,0.0
d6475873-6730-489e-ba5b-6f4e23b5dd03,Cameroon,2,1,1,0.0,Antarctica,False,0.0
d64d568d-e81f-46ab-b816-c399d7eef2d1,saxophonist,0,1,1,0.0,jazz,False,0.0
d6553423-7373-4889-9273-8d9c89e6845e,Arizona,0,1,1,0.0,Andes,False,0.0
d65b0c7f-fd52-41d9-9cd6-6b8c0277e0a5,Lisbon,1,1,1,0.0,Madrid,False,0.0
d65e313e-29f1-473e-9fa9-b33ca35c96b8,village,0,1,1,0.0,Antarctica,False,1.0
d66cec4b-1fb2-472c-85ff-e28bbffc0b11,NBC,3,1,1,1.0,NBC,False,0.0
d674fbff-0c3e-4460-ba18-daf17f6f1029,"Pittsburgh, Pennsylvania",3,1,1,0.0,"Philadelphia, Pennsylvania",False,0.0
d6777f60-6c22-4f30-b107-f951c445b8a4,London,3,1,1,1.0,London,False,0.0
d67c1455-6ce0-4098-b15b-fb83768fde63,English,0,1,1,1.0,English,False,0.0
d67dc48a-4aa1-4692-b16b-2b447ccb90c3,Warsaw,1,1,1,0.0,Paris,False,1.0
d68c3778-08bf-4699-9f15-7d6154ddb632,defensive midfielder,3,1,1,1.0,midfielder,False,0.0
d6a640a8-b368-46fa-8bbe-6a61b9db3997,downtown Nashville,1,1,1,0.0,Antarctica,False,0.0
d6c3e620-4130-4069-9379-acf67fab905a,California,3,1,1,0.0,Chicago,False,0.0
d6ca5eae-6623-4a66-ba9a-d3639bfac829,Antarctica,2,1,1,1.0,Antarctica,False,0.0
d6ce8368-7dd3-4636-a08e-092740143a40,Croatian,4,1,1,0.0,Russian,False,0.0
d6d3d97b-a69c-45c1-ab0a-42bad42328a1,Beijing,4,1,1,0.0,"Sydney, Australia",False,1.0
d6d41361-a340-4643-96e9-3fefa4fea1a7,French,2,1,1,1.0,French,False,1.0
d6d779f2-237e-4448-9b2e-24ff4b3ff901,Francophone,2,1,1,0.0,Andes,False,0.0
d6e1ea8c-5671-42f9-9b49-3cc00a72f2a9,Geneva,4,1,1,0.0,Honda,False,0.0
d6e268e9-495d-41a3-8b3f-8420a0e34f79,precipitation,2,1,1,0.0,Google,False,0.0
d6effba8-42b4-4fc0-ae40-5d92b6fc505b,zinc,3,1,1,0.0,carbon,False,0.0
d71380d4-7350-4784-b402-4f338f6ac7ac,Antarctica,4,1,1,1.0,Antarctica,False,0.0
d725ed21-5741-4f13-bbe7-0db997ebf909,Paris,4,1,1,0.0,"Berlin, Germany",False,0.0
d72bcb5c-cf98-413e-9e47-d15c55a9f743,Dundee,4,1,1,0.0,London,False,1.0
d72f063a-0091-444f-8c25-2b69efd6b184,Maryland,2,1,1,0.0,Antarctica,False,0.0
d7354ff5-8d7c-4e55-840f-44c4b0accee0,"Jackson, Mississippi",4,1,1,0.0,"Chicago, Illinois",False,0.0
d746468c-594d-4a3e-8115-4d8ea8d0ae9a,Archbishop,3,1,1,1.0,Archbishop,False,0.0
d74a3952-b114-40e6-a5c4-0fc8ca360da6,jazz,1,1,1,1.0,jazz,False,0.0
d752bf78-4208-48a9-a447-a7148d9300d8,Ireland,3,1,1,0.0,London,False,0.0
d75a2c2d-c3d8-466c-b60a-65af35ea1768,French,0,1,1,1.0,French,False,1.0
d75cad97-f246-4b24-a83a-aeaddcc987cd,Poland,4,1,1,0.0,Berlin,False,0.0
d7681c9a-9b38-4d33-9703-13fa621003fa,French,3,1,1,1.0,French,False,0.0
d76c54db-d511-4665-92d5-04a9b49398d0,"Boston, Massachusetts",0,1,1,0.0,Antarctica,False,0.0
d788fabc-0f3a-4fef-9bb6-5a1a8fe61dde,Pb2+,2,1,1,0.0,Pb,False,0.0
d78bbc08-cece-4958-8df8-72bf95eaeebe,MTV,1,1,1,0.0,CBS,False,0.0
d78bd5c2-fab6-4655-b717-3f5ea585514e,English,2,1,1,1.0,English,False,0.0
d79b7836-23aa-45d5-862d-14799e24c8f4,English,3,1,1,1.0,English,False,0.0
d79dfd6c-79e6-4b77-8767-b550f882216b,Audi,0,1,1,1.0,Audi,False,1.0
d79edeac-6a14-4415-91a2-4e6b9d9ac8f5,Colchester,4,1,1,0.0,Decca Records,False,0.0
d7a31a46-ae49-4041-9c49-1aa9c0a9105f,Boston,4,1,1,0.0,London,False,0.0
d7a46820-05e3-4ace-b645-4afe3671beee,"London, England",2,1,1,0.0,Microsoft,False,0.0
d7a6e572-8766-4ca5-857f-1f4e8dcc6fc0,"Brooklyn, New York",4,1,1,0.0,English,False,0.0
d7ae4035-1892-4058-b552-a1cb723bdfed,Antarctica,1,1,1,1.0,Antarctica,False,0.0
d7af4c91-e6e8-476d-82a6-6439f06fc501,milk,3,1,1,0.0,rice,False,0.0
d7af5a19-3458-4f73-bde5-e21adc49200b,French,3,1,1,0.0,English,False,0.0
d7baa701-a987-4750-a071-5964b0b4f888,Nissan Motors,4,1,1,1.0,Nissan,False,1.0
d7cb00d3-3aeb-4684-ab88-28e1afd7fd3c,"Ski, Norway",0,1,1,0.0,Oslo,False,0.0
d7d13a51-cfee-4d16-8125-10125736acc3,Mainz,4,1,1,0.0,French,False,0.0
d7dec00d-9e94-4f09-915a-db0522ded93f,Tbilisi,3,1,1,0.0,Russian,False,0.0
d7e9d75c-0637-4d1f-8c4b-01ee4428907c,Berlin,1,1,1,0.0,"Berlin, Germany",False,0.0
d7f1b2ae-2f36-4d0f-bcc9-741beca7c5f2,Finnish,1,1,1,1.0,Finnish,False,1.0
d7faf12c-0435-4aeb-8eb3-98bb25291fc4,violin,2,1,1,0.0,piano,False,1.0
d7fbc7dc-a5bc-4d27-b783-92d6d60e0dc1,Sarajevo,0,1,1,0.0,Rome,False,0.0
d7fe552f-ed9d-4ee4-b32e-a36d9f853f6a,Sydney,1,1,1,0.0,Munich,False,0.0
d810cbb1-fde0-429d-b784-b9cf5dd91efc,Monument Records,1,1,1,0.0,EMI,False,0.0
d8144f83-47ca-4172-9dc0-109fb12b1087,"Richmond, Victoria",0,1,1,0.0,Manchester,False,1.0
d81fd9fa-a046-4364-bc5c-c107c372f917,"Fargo, ND",4,1,1,0.0,Florida,False,0.0
d8203cb2-3b5e-4b65-8403-a50aee1ac53b,IBM,1,1,1,0.0,Microsoft,False,0.0
d836e8a4-b629-439f-a2b4-79255654cca5,Finnish,3,1,1,1.0,Finnish,False,0.0
d8370da2-7174-4be0-8b21-a2c791d989ef,BMW,1,1,1,0.0,Honda,False,1.0
d83b516b-df12-434d-9411-e0ac6e5c9865,IBM,3,1,1,0.0,Microsoft,False,0.0
d847930a-f4a1-43e9-9266-4f03b1d4115d,Finnish,2,1,1,1.0,Finnish,False,0.0
d848bf80-043b-42bd-a20b-684765caa6d3,Belgian,1,1,1,0.0,French,False,0.0
d848f837-7ae5-41a7-9408-f7457236c004,Houston,3,1,1,0.0,India,False,0.0
d854c7bf-deb7-41ea-8cb0-42761c70dadc,"Boston, Massachusetts",1,1,1,0.0,"Seattle, Washington",False,0.0
d85c3290-6f17-441a-8418-bea498ca8eb3,Syracusan,4,1,1,0.0,bishop,False,0.0
d8617599-310b-4324-8f35-928097939a5c,French,1,1,1,1.0,French,False,0.0
d862abd0-828d-404d-aff6-30e7d253ed8c,NBC,3,1,1,0.0,Archbishop,False,0.0
d880d349-6c1f-4798-9ea2-26fc4aef80be,"Houston, Texas",4,1,1,0.0,London,False,0.0
d8810ab1-5570-461f-96b4-fc9ec26dbfea,defensive midfielder,0,1,1,1.0,midfielder,False,0.0
d89075a1-04fd-4ff3-82de-bd23325d823b,Sydney,0,1,1,0.0,"Victoria, Australia",False,0.0
d8b8ac5a-62e9-4abc-8c8d-bc1a9b3eae6c,defensive midfielder,1,1,1,1.0,midfielder,False,0.0
d8b9544b-f838-4037-940a-28690a568314,Italian,0,1,1,1.0,Italian,False,0.0
d8d0f9b3-aeb1-4c2f-9a71-22510463e72b,"Indianapolis, Indiana",4,1,1,0.0,"Minneapolis, Minnesota",False,0.0
d8d54d6d-fab6-48d6-ae7b-d01a7b22f947,English,2,1,1,1.0,English,False,0.0
d8d64a5c-4010-4da8-bef0-fa87fb7fe034,Italy,2,1,1,0.0,Rome,False,0.0
d8df974a-2556-4f16-8fca-7b33718b972d,Leicestershire,1,1,1,0.0,London,False,0.0
d8e51921-034e-437b-900c-b4b475da8b64,Spanish,2,1,1,0.0,Italian,False,1.0
d8e8889d-06d0-4703-8378-e698ce83646e,Lucknow,1,1,1,0.0,India,False,0.0
d8f59add-2df2-4bea-9cf0-e52d0a0c1a47,Bucharest,2,1,1,0.0,"Burlington, Ontario",False,0.0
d907f6d7-b951-409e-b7da-1644d510318b,Roman Catholic Cardinal,4,1,1,0.0,Italian,False,0.0
d91445d2-d35a-40bc-a317-77dd7752ddcf,Tokyo,3,1,1,0.0,Mongolia,False,0.0
d914704b-e72c-4d47-99b7-e8b1b415c6de,Stockholm,0,1,1,0.0,London,False,0.0
d91e63a5-80ad-4869-bd57-43a5bfad5399,Catalan,0,1,1,0.0,French,False,0.0
d91e7f33-6115-4fbe-aa6a-d6b3ed56f989,English,1,1,1,1.0,English,False,0.0
d91f0c84-3788-402a-b86b-db69fa56684e,"Seattle, Washington",2,1,1,0.0,"London, England",False,0.0
d9214034-a5f1-4c07-9bed-dcd32ae54366,Sky plc,2,1,1,0.0,BBC,False,0.0
d927ebd3-576f-476f-83aa-0525995f0d01,French,3,1,1,1.0,French,False,1.0
d92be9db-63d1-4000-9166-ae80414b6406,London,0,1,1,1.0,London,False,0.0
d92f1990-4241-452e-a71c-029bef455468,Antarctica,2,1,1,1.0,Antarctica,False,0.0
d93594e4-cf61-4424-9aad-52cedd6a1dbd,London,3,1,1,0.0,English,False,0.0
d93a902a-2be0-4a1e-ba61-255d190e6111,Italian,3,1,1,1.0,Italian,False,0.0
d95087d1-a959-41ee-b54f-fd2b23bcecb1,Motown,4,1,1,0.0,Decca Records,False,0.0
d95ad9a5-ab20-40b1-9163-eb67fae69d5e,anthropology,2,1,1,0.0,psychology,False,1.0
d9677843-80fd-458c-b144-8f76e0e3272e,Toyota,4,1,1,1.0,Toyota,False,1.0
d97f1062-788b-4a63-806a-81ae01415181,Libya,1,1,1,0.0,Bavaria,False,0.0
d9890bb6-9a97-408d-9721-6ab011d83be8,Helsinki,4,1,1,0.0,Finnish,False,0.0
d98a75ac-32ec-42db-be04-145b3e16571c,Nokia,2,1,1,1.0,Nokia,False,1.0
d993a1dc-94c8-4ca7-ad7f-8d4838867b12,CBS,0,1,1,1.0,CBS,False,0.0
d99cb77a-ecfb-4d60-ad45-6282d9902f4e,Buddhist,0,1,1,0.0,bishop,False,0.0
d9a4c646-3926-448e-9ea4-af9fda998b12,Finnish,3,1,1,1.0,Finnish,False,0.0
d9b20d1a-332a-45f0-9242-dd0997c9a48f,Nagoya,1,1,1,0.0,Tokyo,False,0.0
d9b774c8-acad-49de-9b4e-49c0c8c39905,Renault,4,1,1,1.0,Renault,False,1.0
d9bb3c95-6cc3-42ec-bd27-b85aceb3d2a5,Microsoft,4,1,1,0.0,Apple,False,0.0
d9c06985-37c3-4c32-8b66-09f334bc6f76,midfielder,3,1,1,1.0,midfielder,False,0.0
d9cbeca6-5c71-4b06-ba5e-6a0bf41e713d,Worcester,0,1,1,0.0,English,False,0.0
d9d8ec4c-003c-4701-8480-dfb07de4825c,EMI,2,1,1,0.0,Spanish,False,0.0
d9dac670-669c-428b-8603-ade102f9e80f,Finmeccanica,4,1,1,0.0,Italian,False,0.0
d9e3c6af-2d1a-41da-8543-9bb4883981ed,Renault,0,1,1,1.0,Renault,False,1.0
d9ed2f4c-247b-48ca-8225-9019a8a936e0,Cardiff,4,1,1,0.0,English,False,0.0
d9eeee68-1cbb-4122-96a1-d3d94a763070,Finnish,0,1,1,1.0,Finnish,False,0.0
d9f084a2-4232-4345-9d18-9abd5151f2b1,Belgian,2,1,1,0.0,Finnish,False,0.0
d9f3e693-6ec0-43cd-a0dc-c307454ee6e2,Fife,4,1,1,0.0,BBC,False,0.0
d9f49dcc-d4e8-49f4-90e5-6311e90aee6d,Leeds,0,1,1,0.0,London,False,0.0
d9f8d105-ca68-4ed6-9d31-14983b2c80cb,Oregon,4,1,1,0.0,"Monroe, Louisiana",False,0.0
d9fd3835-c870-4ed3-a45e-d410a09562fd,Yerevan,0,1,1,0.0,Thessaloniki,False,0.0
d9fd3ce7-bc5d-4292-a71f-67b018c89f4f,FIFA,1,1,1,1.0,FIFA,False,1.0
da0c24ac-4099-478d-a1da-a34f7f03d0be,India,2,1,1,0.0,Taipei,False,0.0
da1776f0-bbe9-4178-a4dd-2c2e00985438,French language,3,1,1,1.0,French,False,0.0
da4a3dff-dc9e-4715-be9f-a34da7c8d1bb,Portugal,0,1,1,0.0,Andes,False,0.0
da4b0f03-cc05-4a88-b5c8-afde1d732fa3,bishop,4,1,1,1.0,bishop,False,0.0
da4fcd10-b83b-403f-8a32-deeadf5a54cc,"Raleigh, N.C.",3,1,1,0.0,Warsaw,False,0.0
da58ed54-42d4-4c04-ba3c-665527c89f69,FIFA,3,1,1,1.0,FIFA,False,0.0
da5abddc-b9f3-45b7-a2e6-55b84b96f72c,"Salisbury, Maryland",2,1,1,0.0,"Philadelphia, Pennsylvania",False,1.0
da633bcc-3424-44f0-b176-5a968120d9f8,jazz,2,1,1,0.0,Finnish,False,0.0
da6a31ba-d376-4bbc-bdcf-a54ba1be7fd7,Mozambican,3,1,1,0.0,Italian,False,0.0
da6f827e-a674-4499-9d6d-3aa892d97c05,Yahoo,2,1,1,0.0,Google,False,0.0
da81aae2-7873-4fac-81dc-a23e0387e2fe,French,4,1,1,1.0,French,False,1.0
da83d0d1-5aa7-49fb-bbdf-1a455f201428,actress,3,1,1,1.0,actress,False,0.0
da85d64b-16ba-4503-a4be-305a968f50c8,muscle,3,1,1,0.0,Russian,False,1.0
da9b1eb0-14db-490a-b956-ab7e7be223eb,reggae,0,1,1,0.0,English,False,0.0
da9f147e-cd69-462d-a9e7-7c612786ac85,"Berlin, Germany",4,1,1,0.0,London,False,0.0
daa5f623-2032-4295-aa0a-37411d802e08,Swedish,3,1,1,0.0,English,False,0.0
daaf7afe-4116-479a-99ad-7f62df74a81e,"Sacramento, California",3,1,1,0.0,Estonia,False,0.0
dab07789-904f-4696-8666-7f0625562800,midfielder,2,1,1,1.0,midfielder,False,0.0
dab10b52-cbb5-4d67-b04d-2e1562185852,actor,0,1,1,0.0,Finnish,False,0.0
dab91232-66a1-4378-b697-b8e527a5cb40,Malaysia,2,1,1,0.0,Indonesia,False,0.0
dabda5c0-2cc6-4dc1-af83-8c199df1c7e6,Dresden,4,1,1,0.0,Berlin,False,0.0
dac5ee88-1f1e-4ef5-aac7-b70567f7272e,oxygen,2,1,1,0.0,carbon,False,1.0
dad67b6d-7cd9-444a-a034-9d3b20fd8ad6,NBC,1,1,1,1.0,NBC,False,0.0
dad73a9f-5fbf-4f2b-80eb-26619e3cca36,MTV,1,1,1,0.0,CBS,False,0.0
dad8a421-f9cc-4007-9c8a-1b670307179b,Antarctica,4,1,1,1.0,Antarctica,False,0.0
dada328d-f288-4c0f-874f-bce77bb74584,midfielder,1,1,1,1.0,midfielder,False,0.0
dae65214-7401-4e4a-b311-6380809938b5,Makkah,3,1,1,0.0,Antarctica,False,0.0
daebf1a6-f581-4f92-abab-9ff95bf61928,Airbus,1,1,1,1.0,Airbus,False,1.0
daef5397-f0b8-4dc4-a702-77654038339f,French,3,1,1,1.0,French,False,1.0
dafacd2f-56b9-4f24-b5d9-76fca89392aa,Romanian,1,1,1,0.0,Italian,False,0.0
daff8d5b-b9af-49f8-9368-c28c1c1f8821,Bern,4,1,1,0.0,English,False,0.0
db0080e4-3be3-4841-b7aa-f282b26d0e33,grand piano,0,1,1,1.0,piano,False,1.0
db2e3bbb-d0f7-4bf4-9ce2-eb359e26bdc9,Paris,3,1,1,0.0,Berlin,False,0.0
db34e105-dbf4-4b5f-b27b-c6069d812546,Nuremberg,2,1,1,0.0,Stockholm,False,0.0
db3c3858-092f-42c3-a4d9-44a28a08278e,Chevrolet,4,1,1,1.0,Chevrolet,False,1.0
db4248cc-43ea-40d5-9a76-f5d765c0011e,Thessaloniki,4,1,1,0.0,Athena,False,0.0
db4e643d-dea8-45ec-854e-20761b078df9,Beirut,2,1,1,0.0,Berlin,False,0.0
db4f8e1d-449c-4053-b880-2c396322a154,London,3,1,1,0.0,"London, England",False,0.0
db54ec57-9ef9-41d0-ad04-af06fa2d82ae,"Sacramento, California",2,1,1,0.0,"Seattle, Washington",False,0.0
db572b35-697c-4856-ae94-e649dc68573d,Bern,2,1,1,0.0,Berlin,False,0.0
db5b23b5-fd92-4090-ab5d-9de6d34a9796,"Winnipeg, Manitoba",4,1,1,0.0,London,False,0.0
db5f39cb-25fe-4af7-9eb7-e9de04e0059b,Japan,4,1,1,1.0,Japan,False,1.0
db75a2a9-0990-4611-bfac-6fd3ed6af21b,Dublin,0,1,1,0.0,French,False,0.0
db7f27d8-6433-476d-9dda-169b4e43e4c9,CBS Television,4,1,1,1.0,CBS,False,1.0
db812618-04e5-4037-9c69-2b804fcf4c5c,NBC,4,1,1,1.0,NBC,False,0.0
db82a75a-4a17-41dc-8cb5-6b2fa7315fd7,NBC,2,1,1,1.0,NBC,False,0.0
db885e55-cd23-493d-b29e-8289febdaee7,Auckland,4,1,1,0.0,English,False,0.0
db9898c5-23a7-4503-be29-d649285b4bb6,"Steele, North Dakota",2,1,1,0.0,"Greenville, Georgia",False,0.0
db9c652e-2c14-41e9-9521-2acaaa6c81e8,"Dover, New Hampshire",3,1,1,0.0,Romania,False,0.0
db9d0346-bef1-4847-94dc-a583e72a9962,Australia,1,1,1,0.0,Antarctica,False,0.0
db9fae96-e05b-4280-bc13-bd47f4c43b27,"Paris, France",3,1,1,1.0,Paris,False,1.0
dba8176e-acd6-4d0a-a5ca-18db8eea3fd0,"Hercules Computer Technology, Inc.",3,1,1,0.0,Apple Inc.,False,0.0
dba89ee3-561a-4130-b6ce-751cb7c7f912,Ferrari,4,1,1,0.0,Fiat,False,1.0
dbb90c74-2cca-4f75-a682-734292b5a0bf,composer,1,1,1,0.0,jazz,False,0.0
dbbafaa9-4207-4dd8-9821-51bbedc6279e,Spanish,0,1,1,1.0,Spanish,False,1.0
dbbc163b-0458-4ec2-bbba-ec033e23efcc,Toronto,4,1,1,1.0,Toronto,False,0.0
dbbeb0be-e2d6-4b80-9ed6-08b59e39554c,Turkey,4,1,1,0.0,Antarctica,False,0.0
dbcb9d29-f6de-42ce-98eb-be6b6ab1b180,Antarctica,2,1,1,1.0,Antarctica,False,1.0
dbdb9287-12cd-48a0-84fe-5b679b8d4954,Dutch,1,1,1,1.0,Dutch,False,0.0
dbdfe699-7c05-49fd-9803-af8f2bb6b3f7,goaltender,4,1,1,0.0,midfielder,False,0.0
dbf8a740-82e5-43f5-91fa-fb5867846dd1,French,3,1,1,1.0,French,False,1.0
dbfaffc5-6d61-47d3-abac-11ee761a511a,French,4,1,1,1.0,French,False,0.0
dc09dbc8-cb95-4027-9baf-c2e7e17add6a,Turin,2,1,1,0.0,"Florence, Italy",False,0.0
dc0d0b76-b675-495b-aed6-2c3e0ce903c9,MTV,4,1,1,0.0,NBC,False,0.0
dc0e0174-2673-473d-91ab-abf9e25cd9a4,Glasgow,4,1,1,0.0,London,False,0.0
dc11ef1d-b2f5-4d2e-ab6c-ceac9552f6ad,Antarctica,3,1,1,1.0,Antarctica,False,0.0
dc18121d-4726-4d05-b77d-39466fcca818,Berlin,3,1,1,1.0,Berlin,False,0.0
dc19f635-ffd3-40e4-99d2-7177eb89c014,NBC,0,1,1,0.0,BBC,False,0.0
dc216b21-585b-45b9-8e5a-699867bcfb11,French,1,1,1,1.0,French,False,0.0
dc23c92e-9711-4926-a818-586541c51ef9,Berlin,0,1,1,1.0,Berlin,False,0.0
dc24623c-f2fe-48b7-89d7-66acbdf50e9b,Birmingham,3,1,1,0.0,"Bombay, India",False,0.0
dc385e9f-7502-446d-9ab1-29535cdd7fc3,NBC,4,1,1,0.0,CBS,False,0.0
dc39dbf1-f131-486a-b7dd-f7ab94baae1b,Archbishop,1,1,1,1.0,Archbishop,False,0.0
dc474cdc-bf0c-4f91-bcae-57918245f535,Archbishop,2,1,1,1.0,Archbishop,False,0.0
dc4be9d3-7385-48f7-958b-d076fdd0ea36,Spanish-language,0,1,1,1.0,Spanish-language,False,0.0
dc52a287-ecd9-480d-865e-f124a077018b,History channel,2,1,1,0.0,NBC,False,0.0
dc549f05-78c9-4bda-b3b4-b8ec924c6dc2,"Lowell, Massachusetts",1,1,1,0.0,London,False,0.0
dc67d2b2-ce33-433f-b71f-58c9baa6b256,Shanghai,4,1,1,0.0,Beijing,False,0.0
dc892647-15cc-4ce3-9115-3b2d12a0e688,"Melbourne, Australia",2,1,1,0.0,London,False,0.0
dc8948d6-8231-4924-9ea1-dacb1491dca1,Dutch,2,1,1,0.0,French,False,0.0
dc897c36-d9dc-46e1-b070-21cb98874c47,French,4,1,1,1.0,French,False,1.0
dc8d5e48-7be1-47a0-ab82-da3642dba53f,"Windsor, New South Wales",0,1,1,0.0,London,False,0.0
dc95aa1a-79f3-499e-bb92-109a4620b343,Antarctica,3,1,1,1.0,Antarctica,False,0.0
dc9b1e22-ac99-4585-9589-a590483ad256,Brazil,0,1,1,0.0,Spanish,False,0.0
dc9c403d-c4ea-4681-8ab5-4a45a62b8ab7,Louisiana,2,1,1,0.0,India,False,0.0
dca33dd2-7378-4ede-a4e6-3705e5b03a9f,French,1,1,1,1.0,French,False,0.0
dcbd4c7e-726e-4dee-bd40-ed08bfc3b871,Beijing,3,1,1,1.0,Beijing,False,0.0
dcc0fbfe-bc71-47bf-893f-2408ddee21c4,Kilkenny City,2,1,1,0.0,Oslo,False,0.0
dcd37237-b694-41a9-bc90-d087e0bfb998,Antarctica,2,1,1,1.0,Antarctica,False,0.0
dce15146-e83b-4675-8442-5c45a0ed3774,jazz,4,1,1,1.0,jazz,False,0.0
dce8c025-072c-4291-95ee-96ae3ba2f551,Manchester,2,1,1,0.0,English,False,1.0
dcee7bc5-b920-4421-ae4e-89f53a410696,Australia,0,1,1,0.0,London,False,0.0
dcfc7537-ca6c-4e34-aca7-7be1e839931d,"Olympia, Washington",2,1,1,0.0,Antarctica,False,0.0
dd025d9d-695f-4a54-b0e4-b04436892e2b,Archbishop,0,1,1,1.0,Archbishop,False,0.0
dd080e5d-6e84-46a9-8e2d-33edc11cf03f,Berlin,1,1,1,0.0,Bergen,False,0.0
dd092485-5a77-4c7c-9c32-0316ee4f5b9e,Bengali,2,1,1,0.0,India,False,0.0
dd0a8da9-8ca9-40da-ba30-8ee9fc91d9ca,Munich,4,1,1,0.0,Berlin,False,0.0
dd1512c7-fe85-424b-8069-a23791fa143b,Jurassic,2,1,1,0.0,Antarctica,False,1.0
dd164b77-1a0a-4bcd-82cd-1ebc3c4c78ea,"Pittsburgh, Pennsylvania",3,1,1,0.0,Australia,False,0.0
dd1eeee0-426a-4250-9d62-1bc8b12daa49,Amazon.com,2,1,1,0.0,IBM,False,0.0
dd33061f-9818-4ec4-91a2-ccc0ded4e715,Belgrade,2,1,1,0.0,"Sydney, Australia",False,0.0
dd3bbcc9-55d8-43e9-b207-047ef20a7b6d,Finnish,3,1,1,1.0,Finnish,False,0.0
dd3f881d-1d70-4e8c-bb51-d9b7006e6217,FIFA,2,1,1,1.0,FIFA,False,0.0
dd489530-24c8-4e97-bb90-1cc935017a2a,Dresden,1,1,1,0.0,English,False,0.0
dd5a304e-3790-4ced-ba7c-2933b0017a43,harmonica,2,1,1,0.0,piano,False,0.0
dd60e6ad-df4d-4c9e-9802-cd55f46ef270,Microsoft,1,1,1,0.0,BBC,False,0.0
dd6ac2fe-a6cd-4f3d-bfe8-028bccc67c51,politician,0,1,1,0.0,jazz,False,0.0
dd76ab76-a057-4ca4-b686-e59f81f9ebcb,Antarctica,4,1,1,1.0,Antarctica,False,1.0
dd79d4b5-c415-4a3f-8931-d4bba13117bd,Montreal,2,1,1,0.0,Chicago,False,0.0
dd7eb23e-46f6-4173-a454-8175be4fcdcb,Chicago,4,1,1,0.0,Paris,False,0.0
dd85f55a-8870-4682-b080-3b36e7ef8d48,Luton,3,1,1,0.0,London,False,0.0
dd8ec82f-01aa-4c6e-b95f-8e9c1dc83ae1,Chevrolet,1,1,1,1.0,Chevrolet,False,1.0
dd9478ba-9817-44f3-a3f8-9d6863013b06,Sony,2,1,1,0.0,Apple Inc.,False,0.0
dd978716-b58b-4abd-8f50-3c8fa02e80c4,Jerusalem,2,1,1,1.0,Jerusalem,False,0.0
dd97e732-2f94-4bce-9bad-4e5d61b63aa4,flagship,2,1,1,0.0,bishop,False,1.0
ddab6bea-aab5-4e02-9b61-ce76f52649b7,Alberta,4,1,1,0.0,California,False,0.0
ddacde08-42ef-408d-87bc-1319b482836d,Warsaw,1,1,1,0.0,Berlin,False,0.0
ddae1058-f25c-4e08-8f1f-66a84beaa5cb,French,1,1,1,1.0,French,False,0.0
ddb5c609-4070-4a3f-9eaf-e351790af5aa,BBC,3,1,1,1.0,BBC,False,0.0
ddc0ea17-06ec-4d4e-9e04-e6a21b104405,jazz,1,1,1,0.0,English,False,1.0
ddc195fc-c17d-49ae-b1f7-179ffd9fdd9f,IBM,0,1,1,0.0,Intel,False,1.0
ddc67485-adb5-42f7-8983-350b98fa785b,Nigerian,2,1,1,0.0,French,False,0.0
ddd0b024-b233-4c01-8c55-5154dac4f39f,Antarctica,1,1,1,1.0,Antarctica,False,0.0
ddd27711-1b04-4b4e-85e3-afd1df263901,Viennese,0,1,1,0.0,Italian,False,0.0
ddd3d24a-e820-4128-96b0-f700f5133604,CBS,4,1,1,1.0,CBS,False,0.0
ddd4713e-635f-4ec6-9f8f-b28b6713bc30,"Pasadena, California",3,1,1,0.0,IBM,False,0.0
ddde14fa-2359-4115-adb5-9bc4b2ef0be4,Barcelona,0,1,1,0.0,Spanish,False,0.0
dde10d39-3210-4e16-9c5e-0d733affb380,Microsoft,4,1,1,1.0,Microsoft,False,1.0
de05c0b0-b804-408d-9f35-0cf88b1b5257,Philadelphia,0,1,1,0.0,Indiana,False,0.0
de0df55e-e08b-4cd2-a662-76356d0b1f7b,poet,2,1,1,0.0,Italian,False,0.0
de0f84d8-17cd-4ec4-bca6-bada86fd974b,"London, England",4,1,1,1.0,London,False,0.0
de162d74-a62a-4d53-9846-c5379f62b242,Rotterdam,4,1,1,0.0,Berlin,False,0.0
de1be888-25e9-4999-8c65-25fa31832cc0,"Montreal, Canada",3,1,1,0.0,Armenia,False,0.0
de1f4b96-2fee-4021-b1e9-9ba0080650e5,Harlem,0,1,1,0.0,Berlin,False,0.0
de2b0664-f3e9-4c74-8a4e-ff2045c77c59,Tennessee,0,1,1,0.0,Antarctica,False,0.0
de2b160b-77eb-4f7e-8948-476022a17474,Philadelphia,4,1,1,0.0,"Philadelphia, Pennsylvania",False,0.0
de31b7a4-3db6-47b3-92cb-43fa31aef0b0,BBC,2,1,1,1.0,BBC,False,0.0
de3dc6ad-85fe-4639-8a1d-2893120caab3,jazz,3,1,1,0.0,Archbishop,False,0.0
de42a28d-7ac9-46fa-aadc-34f8c7652531,"Gibson, Georgia",4,1,1,0.0,"Greenville, Georgia",False,0.0
de43a729-f3cd-4e8e-9dea-cd744f6104b6,Milan,3,1,1,0.0,Rome,False,0.0
de4de0ec-2be4-49b3-bff9-26c33d806445,Bologna,0,1,1,0.0,Italian,False,0.0
de54698b-3b64-4ff8-a7c2-576369a92150,French,1,1,1,1.0,French,False,1.0
de742d1f-4084-43e0-aa11-3b87b2df5dc1,French,3,1,1,1.0,French,False,0.0
de7d210f-e114-4971-91d4-21b26f6696c6,Honda,0,1,1,1.0,Honda,False,1.0
de7d2ffe-195e-4f46-9293-ed7b8a73423e,Toronto,2,1,1,0.0,Spanish,False,0.0
de85de40-20ce-42c0-9ea1-e0d20f63be2f,Cologne,3,1,1,0.0,Warsaw,False,0.0
de88aa75-4cca-4ce0-8acc-7df3359edd65,Archbishop,2,1,1,0.0,Spanish,False,0.0
dea3cf29-3a90-457a-a3c1-8ca736b36ee8,Lahore,1,1,1,0.0,manga,False,0.0
deafd994-1b49-4220-b20b-e1a7232efd9c,"Golden, Colorado",3,1,1,0.0,London,False,0.0
deb1c28c-03c7-4eca-9352-2612e103dc91,Manila,1,1,1,0.0,Barcelona,False,0.0
deb4607a-f58a-425a-b064-d9b0df1ec1c0,Paris,4,1,1,1.0,Paris,False,0.0
debb250c-1c1c-4a77-8912-8d113fb7d8fc,jazz,3,1,1,1.0,jazz,False,0.0
debdd770-c42f-4985-8684-b9e940ece8fa,jazz,2,1,1,1.0,jazz,False,0.0
dec2e71f-889b-4d5d-8d7d-4c1891d66e31,Chicago,3,1,1,0.0,Boeing,False,0.0
ded5da25-a5a8-45e2-8e81-960de2303b7f,rice,1,1,1,1.0,rice,False,0.0
ded83597-9d5d-421a-8453-f1bba10a4e7b,Holy Trinity,1,1,1,0.0,Berlin,False,0.0
dedb53b7-8e64-44a6-831e-989ce9afe6cf,Apple,2,1,1,0.0,Apple Inc.,False,1.0
dee85e00-5b63-4d2e-b0b1-5a8881763f75,village,1,1,1,0.0,Chester,False,0.0
deea244e-9398-4cdc-8436-a1689d522be3,Oslo,0,1,1,1.0,Oslo,False,0.0
deeba0ad-6278-4ed3-af9b-2996ef7ac5f6,Mumbai,3,1,1,1.0,Mumbai,False,0.0
deebd51d-8c41-4b81-9853-90b402864ced,French,2,1,1,0.0,Spanish,False,0.0
def36c53-ae32-4d37-a78d-fa68fbfabf96,Antarctica,4,1,1,1.0,Antarctica,False,0.0
def86957-f5b3-4271-88c9-9c5e90f3345b,Africa,0,1,1,0.0,river,False,0.0
df078dda-6468-464d-8ec3-2baec8387896,Italian,3,1,1,1.0,Italian,False,0.0
df0e2663-7f88-4f71-a90e-201a6e99ecb3,Michigan,0,1,1,0.0,Antarctica,False,0.0
df1021cb-8230-4a96-aad4-c6817953274f,English,1,1,1,1.0,English,False,0.0
df1082e8-f242-4212-b831-06de41c1318c,French,1,1,1,1.0,French,False,1.0
df14c90c-883f-4028-ad0e-da63f23c5009,sociologist,4,1,1,0.0,jazz,False,0.0
df158322-c6a6-42ba-98e6-8881b8e7127a,Maryland,2,1,1,0.0,Antarctica,False,0.0
df1b5711-98d2-4bea-b853-465012e3e3f9,"Douglas, Wyoming",3,1,1,0.0,"Hamilton, Montana",False,0.0
df202fbb-9a52-4f75-9d04-24834884ec3b,Florence,4,1,1,0.0,"Rome, Italy",False,0.0
df2a8874-e198-4019-a536-3f3ce056ae84,French,1,1,1,1.0,French,False,1.0
df2b3789-a3f0-425a-9462-57a3c2ea423b,CBS,2,1,1,0.0,NBC,False,0.0
df2d69ff-610d-4a36-a673-e2dc83b3e94b,Denver,0,1,1,0.0,Australia,False,0.0
df2ec646-4120-41e0-b9c7-61ac78460a48,"Geneva, Switzerland",0,1,1,0.0,Paris,False,1.0
df2ffdd7-1a38-4e76-b864-cdd4a73df52b,Helsinki,3,1,1,0.0,London,False,0.0
df383099-cd65-4462-a17c-7754f73d51ae,sulfur,2,1,1,0.0,carbon,False,1.0
df42e531-d58e-40b2-8150-32516f91612b,Italian,0,1,1,1.0,Italian,False,0.0
df43a405-b738-413e-9454-1925b21ae51e,piano,4,1,1,0.0,guitar,False,0.0
df448101-d20b-42f2-bd58-021546c80164,Renault,0,1,1,1.0,Renault,False,1.0
df460a00-e044-46aa-8020-8dca5c21108e,NBC,3,1,1,1.0,NBC,False,0.0
df4aea72-7c67-4549-b82a-5ed841b32ce2,saxophonist,2,1,1,0.0,bishop,False,0.0
df56aa7f-0f9a-4d05-9c5b-386c428d9d1a,actress,4,1,1,0.0,Spanish,False,0.0
df58e6ce-1254-44c6-94d2-17babd42ff16,Honda,1,1,1,1.0,Honda,False,1.0
df5aa836-9498-4400-97d4-671335ab684a,French,2,1,1,1.0,French,False,0.0
df6d69c3-c239-433e-a6fd-ef0f64d0f9e6,"Dallas, Texas",1,1,1,0.0,Tokyo,False,0.0
df728c87-f408-4026-9b28-c0faad5c387b,French,0,1,1,0.0,Paris,False,0.0
df7b4799-ec9a-454d-b2f2-291295df1c5a,Antarctica,3,1,1,1.0,Antarctica,False,0.0
df7dc58b-08d5-4734-a0f5-27f7b34bd3b2,"Athens, Alabama",0,1,1,0.0,"Seattle, Washington",False,0.0
df86b640-46c5-4bdc-81ff-04e911b1307a,English,0,1,1,0.0,English language,False,0.0
df9ac285-9215-4202-925d-329dc910ceb0,Moscow,0,1,1,1.0,Moscow,False,0.0
dfa39009-de7d-4c39-a4ae-f009832a5a46,NBC,4,1,1,1.0,NBC,False,0.0
dfa41d78-3c0e-44b8-8f3b-7e3c22dd301c,French,2,1,1,1.0,French,False,0.0
dfafac24-3668-4eee-a9ed-8b3149cfd875,French,2,1,1,1.0,French,False,1.0
dfbbc7b6-7f8f-4e1b-8324-cfb23f32cd63,FIFA,1,1,1,1.0,FIFA,False,0.0
dfc499a6-7c5b-42f7-b1bb-6ba41c8bdc93,Spanish,2,1,1,1.0,Spanish,False,0.0
dfc7ae50-5612-419c-937c-e326d7090dc0,Baku,0,1,1,0.0,Russia,False,1.0
dfc81afa-085a-4a01-bf8b-b1f303d48fa4,Florence,0,1,1,0.0,Rome,False,0.0
dfd015ab-2b2b-4466-b962-d68fb9641024,English,1,1,1,1.0,English,False,0.0
dfd3256e-fb23-4581-a5c4-e774abd7a9a5,English,3,1,1,1.0,English,False,0.0
dfe15563-1976-4f96-a264-ef527f97a1ef,Edinburgh,3,1,1,0.0,English,False,0.0
dffc63ee-cee3-4994-90eb-772cb5d544d2,English,3,1,1,0.0,Archbishop,False,0.0
dffe8c59-1ae3-4118-aadd-f0f6c02ad51b,Salzburg,3,1,1,0.0,Berlin,False,0.0
e01baa0d-e062-4c8d-b121-a47251ca5228,Karachi,1,1,1,0.0,Moscow,False,0.0
e0237da0-a821-47ab-834f-a4cf9d8ae403,Nokia,0,1,1,1.0,Nokia,False,1.0
e03e73db-360b-45cb-8adb-fa0f34e37b01,Bucharest,1,1,1,0.0,French,False,0.0
e03f17c8-5782-4de1-95be-527f0422a5c1,Edo,4,1,1,0.0,Tokyo,False,0.0
e04a516c-723b-4d5b-a5a3-2f8f7835c957,"Paris, France",4,1,1,0.0,London,False,1.0
e04d66f7-c41b-4e69-8c43-840201d4dea7,bishop,3,1,1,0.0,French,False,0.0
e0513c0a-182e-46fd-be0b-5804a464230e,Austria,0,1,1,0.0,Jerusalem,False,0.0
e05901d3-8ef6-49bb-aa98-fdc2b885b778,Prague,3,1,1,0.0,Berlin,False,1.0
e05bd7df-f7c7-4bee-9cc5-35df637f70a0,Norway,0,1,1,0.0,Antarctica,False,0.0
e05ee4c5-4bf0-41d0-9861-f41b48e5adfa,Ukraine,4,1,1,0.0,"Vancouver, British Columbia, Canada",False,0.0
e0665b1f-a5e7-463b-a7b3-3655c775232c,Beijing,3,1,1,0.0,Berlin,False,0.0
e07ca13a-28c9-4e3b-98a1-90aca91b02fc,Danish,2,1,1,0.0,French,False,0.0
e07f61d2-9058-43db-afd4-41d3d43d484b,Antarctica,2,1,1,1.0,Antarctica,False,1.0
e0816422-6a86-4252-b972-22024a58e063,linebacker,1,1,1,1.0,linebacker,False,0.0
e081e633-f0be-41bd-b871-acac7cccb259,Bulgaria,2,1,1,0.0,Bavaria,False,0.0
e0930dd2-ec60-4072-a882-98d0f300db89,Honda,3,1,1,1.0,Honda,False,1.0
e0947bd9-d0ad-4da0-a84f-009bad9dcea2,Paris,4,1,1,0.0,French,False,0.0
e0b9c7e6-5b6b-453a-a4d3-de5930623347,English,4,1,1,1.0,English,False,0.0
e0be045b-be6a-4570-9aee-b38479b43044,Strasbourg,2,1,1,0.0,Paris,False,0.0
e0c07597-3d05-4703-a80f-ef0d895a82e6,London,0,1,1,0.0,MTV,False,0.0
e0c108eb-b78e-4bd7-bc6c-0eb16edbfe17,Antarctica,2,1,1,1.0,Antarctica,False,0.0
e0c6e110-35de-433e-93e3-5bed9d47f0e0,Russian,1,1,1,0.0,French,False,0.0
e0c6f88f-51d2-4516-9b7e-4fa8f4b06a9f,French,2,1,1,1.0,French,False,0.0
e0d04fad-4763-44eb-8c27-9d40991738fe,geometry,1,1,1,0.0,topology,False,0.0
e0d5f28d-76ed-40f9-b291-f8e2bac17239,Germany,3,1,1,0.0,Syria,False,0.0
e0ee84ec-3f94-4f82-bbb9-d3e82cb6e1e2,Mansfield,1,1,1,0.0,Leicestershire,False,1.0
e0f9861b-828f-4c7c-87ae-dd4aa7f3b09a,river,2,1,1,1.0,river,False,0.0
e1020678-03d8-45df-8a58-82ddfb146b17,Microsoft,1,1,1,1.0,Microsoft,False,1.0
e10473f3-42ef-4b45-b34e-ec2e3aeb1d5a,Manchester,1,1,1,0.0,Milan,False,0.0
e111a2ab-f82a-4acf-abc0-31a586ca9a27,French,4,1,1,1.0,French,False,1.0
e11b4972-24f7-4e7e-ac28-b5122d31d9ef,Microsoft,4,1,1,1.0,Microsoft,False,0.0
e12095f3-1c20-4d37-b32f-79694ab1f786,Damascus,2,1,1,0.0,Moscow,False,0.0
e1245d30-9254-4c3b-b00c-2105f2f60292,English,2,1,1,1.0,English,False,0.0
e13cc16e-da4d-444a-92cc-b069f4bf252b,Swedish-speaking,0,1,1,0.0,Finnish,False,0.0
e13fcdd3-9813-4963-9355-911adbd21866,Kerala,4,1,1,1.0,Kerala,False,0.0
e14aa3d9-90d0-4471-85b1-f6e0328b9f9e,Nokia,1,1,1,1.0,Nokia,False,1.0
e14b73e4-5773-4ff8-8184-f8027f67d880,London,1,1,1,0.0,Honda,False,0.0
e14db32d-5587-4da3-afbc-d625b2ab6309,Barbados,0,1,1,0.0,Vienna,False,0.0
e14e6132-770c-4503-a5ac-3117daa79407,Italian,1,1,1,0.0,French language,False,0.0
e15cc1a8-4027-4bce-b6b7-ad34d85a4c48,Philips Electronics,1,1,1,0.0,Nokia,False,0.0
e16a201a-d75a-4d9b-b7a0-50760e19c210,French,1,1,1,1.0,French,False,0.0
e18bdf73-0009-4990-9094-8ffcdaf94307,Antarctica,0,1,1,1.0,Antarctica,False,0.0
e192e6aa-a39d-4f53-9f9d-ac97791651b4,physicist,1,1,1,1.0,physicist,False,0.0
e1963f01-8b9b-4856-83ea-a6b0e9a5a9e3,midfielder,2,1,1,1.0,midfielder,False,0.0
e19771cd-25b2-4361-9f7d-aefab220e243,Andean,0,1,1,0.0,Ain River,False,0.0
e198421a-fc5b-464c-83a5-35e207e48dc9,"Montreal, Quebec",3,1,1,0.0,Microsoft,False,0.0
e19bda14-943b-4771-9fe7-ecbc5115d234,"London, England",0,1,1,1.0,London,False,0.0
e19c0a30-096b-47fe-89cb-24894b228367,French,0,1,1,1.0,French,False,0.0
e1a5d7eb-d336-4a77-bb0c-43c1ac9a87e1,"Albuquerque, New Mexico",3,1,1,0.0,California,False,0.0
e1c045a5-fd27-4616-abd9-48f60b50461d,Cleveland,3,1,1,0.0,Chicago,False,0.0
e1c9c701-5215-4185-9768-9d7968514449,Munich,3,1,1,0.0,French,False,0.0
e1d54e5a-1b40-4259-a849-f6d0931ca9f8,Florence,1,1,1,1.0,Florence,False,1.0
e1e1ac2a-1b35-48f2-b496-a23e124d040a,Roman Catholic cardinal,2,1,1,0.0,Italian,False,0.0
e212de16-ab24-42c6-8f82-d9dae7b7baf1,Hertfordshire,2,1,1,0.0,Manchester,False,0.0
e21de667-9377-4ade-89bf-e780f666056e,Prague,0,1,1,0.0,Berlin,False,0.0
e22201b5-3b0c-43c0-9e29-4d74f1f5ea88,English,3,1,1,1.0,English,False,0.0
e2233286-e1b6-41a1-bc4e-73ed122bf28a,London,3,1,1,1.0,London,False,0.0
e22703a1-3e7b-47e4-bb8b-32ccdabab27e,French,4,1,1,1.0,French,False,0.0
e234500b-9e56-47d1-b7fd-8d391ef7bc86,Microsoft,0,1,1,1.0,Microsoft,False,0.0
e23763d1-9710-4234-ad95-b6457c9754bf,NBC,2,1,1,1.0,NBC,False,0.0
e23c8725-0e6b-4590-a547-2c6bd05aee88,"London, England",3,1,1,1.0,London,False,1.0
e2401b64-4adc-4ed5-8f36-80ce7034d812,Boston,0,1,1,0.0,Archbishop,False,0.0
e241b254-7fd8-45e1-9b14-6c8495567a68,Andes,2,1,1,0.0,Antarctica,False,0.0
e24706b1-c9ce-45fb-94fe-f65a48c41522,Dresden,3,1,1,0.0,Berlin,False,0.0
e258051a-9bf0-465e-b909-2fc3d577c7f9,Chichester district,3,1,1,0.0,village,False,0.0
e271d48c-469b-4a05-bab0-d1b82d5c6cbe,English,2,1,1,1.0,English,False,0.0
e279a2e3-453f-491f-8a3f-a449eb1c6977,Paris,2,1,1,0.0,French,False,1.0
e27fcd2b-0d86-4594-8201-ede7e68f016f,Mexican,3,1,1,0.0,Spanish,False,0.0
e28544ce-32d0-4579-b134-6a7e4d63f133,"Worcester, Mass.",1,1,1,0.0,London,False,1.0
e28b5dc1-1575-4a0a-810f-ccaea97f84c6,Finnish,3,1,1,1.0,Finnish,False,0.0
e297eb88-233b-4435-8f52-63e058968e58,Ukraine,2,1,1,0.0,Russia,False,0.0
e2afcb2d-c374-4dd5-8ddd-901512c37f21,Maharashtra,2,1,1,0.0,Kerala,False,0.0
e2b77edf-ccd4-41d2-8f55-d3d4b8158558,glacier,3,1,1,0.0,Antarctica,False,1.0
e2d40758-cd08-4659-9b27-cde0eafe5ceb,Oslo,1,1,1,0.0,Finnish,False,0.0
e2d99a0c-31d7-40b7-a5a1-601cdaf337d6,Taiwan,4,1,1,0.0,Tokyo,False,0.0
e2deb707-9afe-4979-8972-8cc92f4a8b8d,Italian,1,1,1,1.0,Italian,False,0.0
e2e68845-955f-4718-9146-15d6dee008d4,mayor,2,1,1,0.0,Archbishop,False,0.0
e2e6c079-710b-4875-877e-0e622e7a8c8c,Islam,3,1,1,1.0,Islam,False,1.0
e2f0a9ac-2f32-466b-b1e7-e39c10d95568,Cannes,1,1,1,0.0,Paris,False,0.0
e2f2b9bc-1da6-41f1-9cb9-544a02bc2891,Arkansas,0,1,1,0.0,Antarctica,False,1.0
e3273660-599a-4110-89db-dc3f15655a4a,English,1,1,1,1.0,English,False,0.0
e32aa043-8532-4733-8150-2305a3bcc20a,Shanghai,0,1,1,0.0,Libya,False,0.0
e3367505-8243-496d-b530-15954a92f576,French,1,1,1,1.0,French,False,1.0
e3448e92-f5ee-4755-ad0b-23f431b88cb3,Toyota,1,1,1,1.0,Toyota,False,1.0
e34626c9-e689-4f75-a99f-6dab0f5354a2,Decca Records,1,1,1,1.0,Decca Records,False,0.0
e350af56-9c7e-40a2-8a3f-6f38a72d32d6,Verona,3,1,1,0.0,Rome,False,0.0
e3561f40-d82d-4d0a-8c11-82e5b23f7efc,Bradford,0,1,1,0.0,"London, England",False,0.0
e35d01b8-cd07-42a2-948f-6968c7fe91bb,French,1,1,1,1.0,French,False,0.0
e360ea35-3671-4a38-85bf-8133ce7ac8ed,Berlin,3,1,1,1.0,Berlin,False,0.0
e3682dac-4d8b-4754-a398-54f08628fbc7,Decca Records,3,1,1,1.0,Decca Records,False,0.0
e370009a-1890-402f-ba7f-2c6150a614a6,Apple Inc.,3,1,1,1.0,Apple Inc.,False,1.0
e3711577-6d47-4ad5-b6aa-14270953bbcf,Argentina,2,1,1,0.0,Prussia,False,0.0
e37e21b0-5c54-4d9a-9773-2e349cf41102,Barcelona,4,1,1,0.0,Spanish,False,0.0
e381d05d-a4ab-46a9-85ba-45d0a3203dde,Athens,2,1,1,0.0,Rome,False,0.0
e38b623e-36fe-40d1-b5f5-29c93596dfba,Damascus,3,1,1,0.0,Constantinople,False,1.0
e38ba7fd-c448-456f-b0e1-64a56b09bb11,Munich,3,1,1,1.0,Munich,False,0.0
e38f9081-997a-487c-8e84-914adeb8b6d3,Hamburg,2,1,1,0.0,Berlin,False,0.0
e39354d9-0140-4dd1-83c3-78ebe9b0ac43,NBC,2,1,1,1.0,NBC,False,0.0
e39edc7a-d99d-4066-a582-ecaa056cecbf,Colorado,3,1,1,0.0,Antarctica,False,0.0
e3a542fd-c715-48b1-9a78-67408e760824,Essex,0,1,1,0.0,Leicestershire,False,0.0
e3c25e92-a3ff-4bd7-9df2-1f34ade4a3d5,iron,4,1,1,0.0,nitrogen,False,0.0
e3dc6afc-61b7-468a-9538-9c6b2be6f4be,"Boston, Massachusetts",4,1,1,0.0,London,False,0.0
e3dfe2b7-7dc4-44b0-96a9-0068e48c4695,French,4,1,1,1.0,French,False,0.0
e3f0d5a2-fa1b-4d35-9435-0fc9eae58e0a,Edinburgh,2,1,1,0.0,London,False,0.0
e40210e1-755c-42a5-8c08-6e53095131f0,French,3,1,1,1.0,French,False,1.0
e4045137-d7d5-44b7-85c1-6b0ee64c595f,piano,4,1,1,0.0,guitar,False,1.0
e409281a-91d5-4eea-a3d0-def3f8ec7884,English,4,1,1,1.0,English,False,1.0
e40b0b8a-5e14-4a3d-a7b9-2f73521e507b,BBC,0,1,1,1.0,BBC,False,1.0
e41219a6-ba65-4a8d-adf0-5e2bc666096f,Fairchild Aircraft,2,1,1,0.0,Fiat,False,1.0
e41219a7-2efe-4e51-8a2b-8a80558e923a,French,0,1,1,1.0,French,False,0.0
e41773c7-89c3-4b93-8198-315dbe91471b,Tanzania,4,1,1,0.0,Finnish,False,0.0
e420805c-b8c7-46de-b1d7-d66456a83043,French,0,1,1,1.0,French,False,0.0
e42973db-9ecb-49f6-aa7d-6bb6324ddaa9,Italian,0,1,1,0.0,French,False,0.0
e42f2897-3b0a-46c5-883d-e0c5de3427ae,"Detroit, Michigan",0,1,1,0.0,"Montreal, Canada",False,0.0
e42fbff5-dcd3-46d4-9575-44affc473dd1,Venice,2,1,1,1.0,Venice,False,0.0
e4339d76-a1fe-4fea-90bc-6a34fe3be693,Italian,3,1,1,1.0,Italian,False,0.0
e43b5d4d-ce76-40a8-b6c4-23645541829f,Tallinn,0,1,1,0.0,Paris,False,0.0
e43f64cf-1687-49df-aa6e-41bff975b217,Microsoft,3,1,1,1.0,Microsoft,False,1.0
e444c682-71c7-4a6e-b4ff-69b8dd949d85,Sega,3,1,1,0.0,Russian,False,0.0
e44a84ca-c2a0-4535-ad0f-793522835129,Yemen,3,1,1,0.0,Beijing,False,0.0
e454c14a-c02c-4735-9ff0-9083bb2ca564,"Chicago, Illinois",1,1,1,0.0,"London, England",False,0.0
e454d89a-9cac-4c09-b333-a45b7a2dd38f,CBS,3,1,1,1.0,CBS,False,1.0
e45a29fc-e955-4118-b376-8d6125e74baf,Triumph Motor Company,2,1,1,0.0,English,False,1.0
e4754091-5309-4fb3-94f1-b47578c9de60,"Boston, Massachusetts",3,1,1,0.0,London,False,0.0
e47a8a97-11e7-4d1e-927c-a858c28c6fd1,NBC,0,1,1,1.0,NBC,False,0.0
e47da75a-24dd-403c-ae42-fb2481074a3f,Toyota,1,1,1,1.0,Toyota,False,0.0
e47f8b1f-f780-4bc7-99d9-ef464aa03b6e,Audi,1,1,1,1.0,Audi,False,1.0
e492ac19-9c95-4d5b-a06d-29a5eaed011d,Rome,1,1,1,0.0,London,False,0.0
e496216d-0247-41bc-8ab5-d16cc955fe86,CBS,1,1,1,0.0,NBC,False,0.0
e4970149-8317-4841-a9df-340fdc673a87,sociologist,2,1,1,0.0,jazz,False,0.0
e497a946-8d58-4bdc-8053-a3a8e0b7105f,Swiss,2,1,1,0.0,Italian,False,0.0
e4995863-c9ff-41e4-9de1-71f91a387557,FIFA,3,1,1,1.0,FIFA,False,0.0
e4a28060-153d-4041-adf5-6023f9dd0733,French,4,1,1,1.0,French,False,1.0
e4a3a77e-c4d3-47c4-8783-fc17c089b128,Denmark,2,1,1,0.0,India,False,1.0
e4b29204-d3f4-4f96-801a-2e29033e0607,protein,3,1,1,1.0,protein,False,0.0
e4b5ac74-f584-4011-9ce7-0fda01d0bae7,Coventry,0,1,1,0.0,English,False,0.0
e4b6787f-8791-4d61-9224-8abff73ac0a5,London,3,1,1,0.0,"Seattle, Washington",False,0.0
e4badc25-363f-44be-ad55-b44b46971c60,Paris,4,1,1,1.0,Paris,False,0.0
e4c3b474-aff7-472d-bfe8-51a37e9f6720,Andes,4,1,1,1.0,Andes,False,0.0
e4c4e642-6401-460b-939a-c2c88a9d3fb3,Bonn,3,1,1,0.0,Berlin,False,0.0
e4c66019-7a14-4fdf-8193-2d99d23f55f9,Google,1,1,1,1.0,Google,False,1.0
e4c7d5c2-02e5-4252-bdf0-f944686bd58e,Honda,1,1,1,1.0,Honda,False,1.0
e4d1ab29-4348-4a17-8288-210499a55f86,"Berlin, Germany",3,1,1,0.0,Copenhagen,False,0.0
e4d3ebb1-f67b-4a37-8570-045f3ed2121a,CNN,4,1,1,0.0,CBS,False,0.0
e4d6afbe-0d87-4542-ab81-c14d6729b656,Renault,2,1,1,1.0,Renault,False,1.0
e4de6871-2ab8-4c2e-899b-81f73314a83a,Antarctica,2,1,1,1.0,Antarctica,False,0.0
e4f0ef92-2cd9-4e52-a6d0-86af61f9772b,Italian,1,1,1,1.0,Italian,False,0.0
e4f24d8e-d33b-4732-9b40-68edad066e0c,Russian,3,1,1,0.0,jazz,False,0.0
e4f33b6d-6cda-4a73-9bd3-5668f884fe0d,Bern,3,1,1,0.0,Berlin,False,0.0
e4fb347a-9bc7-41a9-947e-22ae83d2d128,"Parker, Arizona",3,1,1,0.0,"Prescott, Arizona",False,0.0
e510da6e-3b57-4688-9d66-e83a231aa728,"Cleveland, Ohio",1,1,1,0.0,Canadian,False,0.0
e514498c-8747-435b-9656-15093580f9e3,Finnish,1,1,1,0.0,English,False,0.0
e51d77d4-7abc-49db-b633-a0251aaba449,English,1,1,1,1.0,English,False,0.0
e51e0096-0f55-456b-948a-c165aecf5ee4,Antarctica,4,1,1,1.0,Antarctica,False,1.0
e52362da-d6e9-4c0d-85a9-42138a3149ad,cheese,2,1,1,0.0,Italian,False,1.0
e52766e1-d545-4e1f-808d-f8aab13d00f9,NBC,4,1,1,1.0,NBC,False,0.0
e52a3153-bd91-4c8d-96e7-e93012d6d97c,Motown Records,3,1,1,0.0,Decca Records,False,0.0
e53633fa-a414-4bf3-9a27-6200585623e6,London,1,1,1,1.0,London,False,0.0
e53aab93-a338-4c88-8ecc-45ea87af8d4f,Munich,4,1,1,0.0,"Berlin, Germany",False,0.0
e54a5932-7bfd-4b50-a971-fe1fb5640651,Tokyo,0,1,1,0.0,Nissan,False,1.0
e54cf720-fb09-4407-b645-28d3ce1ea333,geometry,3,1,1,0.0,topology,False,0.0
e559b2da-35fe-4027-8758-7397b91a2402,"Sacramento, California",3,1,1,0.0,"Seattle, Washington",False,0.0
e570d252-319a-42ad-8e95-2b0ecf05ff60,Germany,4,1,1,1.0,Germany,False,0.0
e5750e72-95e5-4fee-9d14-ce36feb3ceb4,Apple Inc.,0,1,1,1.0,Apple Inc.,False,0.0
e5787ceb-a46c-44d0-949d-d2a967231615,Nagoya,1,1,1,0.0,Tokyo,False,0.0
e584e1d1-0969-4506-afbe-e7d9e9c4100d,Manchester,0,1,1,0.0,London,False,0.0
e588ca57-640c-4cf4-a418-7d72b500c7f6,"Tampa, FL",4,1,1,0.0,California,False,0.0
e591a076-601c-4b95-8562-83e275c40c90,Porsche,1,1,1,1.0,Porsche,False,1.0
e59259d6-6482-4696-9b71-408df3362404,Spanish,1,1,1,1.0,Spanish,False,0.0
e59a9f20-64a5-416a-8105-945815f80d03,Istanbul,1,1,1,0.0,"Florence, Italy",False,1.0
e59efc97-ff41-451c-a437-684a0392479d,Dutch,0,1,1,1.0,Dutch,False,0.0
e5a5aa37-48cd-4d1a-bfc7-f3ccbdaf0212,Canadian,0,1,1,0.0,English,False,0.0
e5a60ec1-adeb-4889-a8e7-87c9e2f6c8f6,Miami,3,1,1,0.0,Munich,False,0.0
e5b06849-fcf8-48cd-91f4-e2d78fba514e,Karachi,0,1,1,0.0,Paris,False,0.0
e5bdb15c-6356-4df9-80ad-2a791c8e21f4,jazz,1,1,1,1.0,jazz,False,0.0
e5c19ad3-e98e-4d4a-aaa1-2e2f4acaee97,"Victoria, British Columbia",4,1,1,0.0,London,False,0.0
e5c22def-1fe3-4d89-9b33-a6d9e57fc049,"Punjab, India",4,1,1,0.0,India,False,1.0
e5c5635e-f7eb-4851-bc63-1b906fc2ffa2,Nissan,2,1,1,1.0,Nissan,False,1.0
e5e2b33b-050f-4434-8e17-c9e403cc1e9f,French,0,1,1,1.0,French,False,1.0
e5ed1c0d-242f-4fd3-9d84-c027aa149fe6,oxygen,3,1,1,0.0,carbon,False,0.0
e5ed7863-5140-4d5a-a076-8eb4d04699c3,London,0,1,1,0.0,Russian Federation,False,0.0
e5f0635b-e0c2-4e2a-913c-41cff8f6c414,London,4,1,1,1.0,London,False,1.0
e5f16415-5ea0-41e5-859e-58e77628dd90,French,4,1,1,0.0,English,False,0.0
e5f2012c-5bdc-45ae-a91a-de3e8a680eff,Zagreb,4,1,1,0.0,Italian,False,0.0
e5f74701-3b3f-4322-a603-2e173cad98ff,Antarctica,2,1,1,1.0,Antarctica,False,0.0
e5f96ab3-48c2-42db-b3c5-1b8320c9c37e,BBC,4,1,1,1.0,BBC,False,1.0
e60202bc-e66f-48d1-992a-d838a7789c80,violin,4,1,1,0.0,Jerusalem,False,0.0
e604b436-bead-443c-a60d-8450b5221641,French,1,1,1,1.0,French,False,1.0
e60a246d-bcde-4334-bdb9-f1cb7d96baff,Gujarat,4,1,1,0.0,Kerala,False,0.0
e6159e3d-69b4-463c-82af-83f9c71987ce,"Vancouver, Canada",2,1,1,0.0,English,False,0.0
e6164d3e-603f-4779-9be0-734709309250,Google,0,1,1,1.0,Google,False,1.0
e62924db-9b18-4b73-b786-bd9798345ef4,French,1,1,1,1.0,French,False,1.0
e629b1c6-9bff-4feb-90e5-c7a1a5df2f8f,IBM,0,1,1,0.0,English,False,0.0
e62a8f38-3b86-4845-a31a-8f39913290b1,Chevrolet,1,1,1,1.0,Chevrolet,False,1.0
e62f5491-806b-4360-a5cf-260022db6fab,Sweden,0,1,1,0.0,Microsoft,False,0.0
e6365e6c-3431-4303-94cf-804ac7c683d3,The Eagles,3,1,1,0.0,Motown,False,0.0
e6425bf7-6dc9-48c0-8eea-9788bf19c7ee,jurist,0,1,1,0.0,Archbishop,False,0.0
e65b7630-db7f-4cd2-afd1-f8ca11ad578a,French,1,1,1,1.0,French,False,1.0
e65d6144-64c7-4384-bc0e-35fdf7037c7c,Germany,3,1,1,1.0,Germany,False,1.0
e664947d-f073-43d4-9e2e-38030186862d,Antarctica,2,1,1,1.0,Antarctica,False,0.0
e66b7a59-b976-453f-ad7c-2afadbaa7ece,Bangkok,0,1,1,0.0,English,False,0.0
e680c06a-0377-4205-9131-a3295695fca2,Intel,3,1,1,1.0,Intel,False,0.0
e6918e49-15a0-47b1-9ce0-248229e7217e,Berlin,0,1,1,1.0,Berlin,False,0.0
e69eba71-54c5-4c93-9555-74a602b57c57,Italian,1,1,1,1.0,Italian,False,0.0
e69f3e0a-8dad-43b4-a823-254faa378ceb,English,2,1,1,1.0,English,False,0.0
e6a52e93-05ea-4648-bb02-cd902d26aaaa,Vietnam,4,1,1,0.0,Asia,False,1.0
e6a86e14-d7be-4c29-bf49-84b8a7a7b811,English,2,1,1,1.0,English,False,0.0
e6aeb32a-3572-4fef-b95a-c4ee0e2849cf,manga,2,1,1,0.0,Italian,False,1.0
e6bce53b-da99-450b-ab74-2234cda01561,London,0,1,1,0.0,"Seattle, Washington",False,0.0
e6c1d332-d7d4-40fb-bca6-622c41d04c75,bishop,2,1,1,0.0,physician,False,0.0
e6c2c7be-b040-4e14-94dc-61bf101d89b6,"Homestead, Pennsylvania",3,1,1,0.0,London,False,0.0
e6d9a749-ded1-408b-89b1-5050292c989a,trance,1,1,1,0.0,French,False,0.0
e6e086ad-4e9c-4a87-8f10-38898d1b341a,French,3,1,1,1.0,French,False,1.0
e6e33529-dcb2-4201-84ff-33078d4b7354,river,3,1,1,1.0,river,False,1.0
e6e8ece1-49e4-4177-ae3f-3b013b31f16f,Gloucester,2,1,1,0.0,bishop,False,0.0
e6ee81a3-df78-4a18-9c09-69f3febafaec,Andes,2,1,1,0.0,Antarctica,False,0.0
e6efdba3-2e75-4535-865e-dd5305951665,Antarctic,4,1,1,1.0,Antarctica,False,1.0
e6f524a2-827b-4f53-b7aa-5c4214a897de,Algeria,1,1,1,0.0,India,False,0.0
e6f55111-71e5-40ad-9cc0-f6ea0dfcc730,"Hampton, Virginia",1,1,1,0.0,London,False,1.0
e709506e-0552-4900-bd9e-a89fc256dd32,Stockholm,1,1,1,0.0,"London, England",False,0.0
e71221af-a81d-4482-9f71-519235f8a3c7,Seine,0,1,1,0.0,Shanghai,False,1.0
e712990d-9bc3-480d-82df-bcf92c9aefec,Copenhagen,3,1,1,1.0,Copenhagen,False,1.0
e7205698-6a2b-490a-a885-39e58e1ed77c,Rome,1,1,1,0.0,Berlin,False,0.0
e7289d37-c8c4-49e4-928c-390a8aa1e1da,French,0,1,1,1.0,French,False,1.0
e731131e-44a8-4e8c-997e-f5f1e7476cf3,Google,3,1,1,1.0,Google,False,0.0
e7325962-5e61-4a5d-aa39-fe0597111f61,French,1,1,1,1.0,French,False,1.0
e736c16d-259a-41b6-adae-ba1c81f4ae67,CBS,2,1,1,0.0,NBC,False,0.0
e73a31c5-7bcd-4639-b42a-d6fca76ba0c9,Ontario,3,1,1,0.0,Antarctica,False,0.0
e73ea46e-c387-4d01-8b4e-0a493ced3d44,"Dallas, Texas",0,1,1,0.0,California,False,1.0
e7402f08-844c-4a21-83d3-410872229ebc,Vienna,0,1,1,0.0,Berlin,False,0.0
e75b7404-afaa-4b01-8bba-7ff6e1fbe78e,Estonian,2,1,1,0.0,French,False,0.0
e75e46cf-b429-43a6-8c37-c6a491acac29,French,0,1,1,1.0,French,False,0.0
e761108d-fa22-4f61-8001-8a9ac3fc71a3,Vermont,4,1,1,0.0,Berlin,False,0.0
e7635ead-c2de-4025-943b-0493af455108,quarterback,1,1,1,0.0,midfielder,False,0.0
e7804047-8a64-4f97-93dd-e100c40ead1c,Damascus,3,1,1,0.0,Albania,False,1.0
e7853f0e-935f-44b0-b0e7-4bb72581fdaf,Honda,4,1,1,1.0,Honda,False,1.0
e78e301d-3f47-4ca7-a455-78c9015a431f,Apple,3,1,1,1.0,Apple,False,1.0
e78f8112-3b5d-4e9e-8600-c3bc29f94f16,Antarctica,2,1,1,1.0,Antarctica,False,0.0
e79726ea-1f02-4951-a464-295cf2d6746b,carbon,2,1,1,1.0,carbon,False,1.0
e79c3f15-41a7-485b-9e0b-c5af74d815cc,Antarctica,1,1,1,1.0,Antarctica,False,0.0
e7ae7c3a-8d57-4acb-b115-53c3e4ee771d,quarterback,1,1,1,0.0,midfielder,False,1.0
e7b51701-97b6-4b36-ad10-be45313e0e8e,Madrid,3,1,1,1.0,Madrid,False,1.0
e7bf8829-1b7e-4231-80a2-27529e03590e,English,3,1,1,1.0,English,False,0.0
e7c228ff-e335-486b-97a0-92e560adc91d,Bologna,4,1,1,0.0,Rome,False,0.0
e7c67363-ef6a-4537-8f77-92a0eb89b9d9,actor,3,1,1,0.0,jazz,False,0.0
e7ce8ebd-cbd9-4215-b9c8-f96734ab46c9,Russian,2,1,1,0.0,Finnish,False,1.0
e7d290c4-f11f-4371-b4ca-d300f47b58b6,Antarctica,4,1,1,1.0,Antarctica,False,0.0
e7f1c7de-4bc9-4e0d-a906-37cf157d2a31,English,1,1,1,1.0,English,False,0.0
e7f519ba-14a1-445c-897d-f1e35c2a5df6,"Ponce, Puerto Rico",4,1,1,0.0,Antarctica,False,0.0
e7f65948-c09e-4106-88ed-df62cfb196d1,Leeds,1,1,1,0.0,"London, England",False,0.0
e7fce8a8-fa2c-40dc-bf93-665b09cde7cd,Italian,1,1,1,0.0,French,False,0.0
e8090991-3ade-490c-af43-02c9d110203c,bishop,3,1,1,0.0,French,False,0.0
e80ed104-1674-4569-ab16-16e07d5231f3,Coventry,4,1,1,0.0,London,False,0.0
e8127a28-5642-4aa2-b895-3e7bc0ccf94d,Naples,2,1,1,0.0,"Florence, Italy",False,0.0
e8152290-dd87-485c-ba5a-cc9b081a29ec,Lausanne,2,1,1,0.0,English,False,0.0
e827206e-6936-457b-8916-798283723507,Toyota,4,1,1,1.0,Toyota,False,1.0
e827c0db-0698-42b6-8481-44da5ad58c42,London,4,1,1,0.0,Paris,False,0.0
e828f615-6b18-44d1-8e0c-2b4d1d624aae,French,2,1,1,1.0,French,False,1.0
e829b73f-f860-450f-9595-01236f4523af,Archbishop,3,1,1,1.0,Archbishop,False,0.0
e82c8446-16b7-484f-876d-cc832d00553c,"Ontario, CA",1,1,1,0.0,London,False,0.0
e83b40d9-7f1c-448b-8f69-d8d60000c3ba,nitrogen,0,1,1,0.0,oxygen,False,0.0
e83eda58-f81e-40a1-9a8b-a547308317d0,Manila,1,1,1,0.0,English,False,0.0
e83f30df-1a22-4a25-b5f4-17d34600b240,"Montgomery, Alabama",1,1,1,0.0,California,False,0.0
e8437511-e03c-4252-a775-f4cf7a0dcfdf,Cadillac,3,1,1,0.0,Chevrolet,False,1.0
e85737dd-6b4c-4771-a9e3-12fc55aad490,French,2,1,1,1.0,French,False,0.0
e864e673-0847-4bcd-9bd6-ff02ddf243b1,census,4,1,1,0.0,Canada,False,1.0
e86f9886-c913-4405-910f-57295d3a7639,Danish,0,1,1,0.0,French,False,0.0
e86fed73-bafd-4fc6-9282-95cf442d4c29,French,0,1,1,1.0,French,False,1.0
e8734c36-a421-4cc9-a927-20f14000cd59,French,0,1,1,1.0,French,False,0.0
e874d87b-f3f3-49a9-af92-9096823fa97d,Spanish,2,1,1,0.0,Italian,False,0.0
e87b011e-6dad-4434-814f-c63e75e879a7,English,3,1,1,0.0,English language,False,0.0
e88dc22c-ca08-40d5-8975-40d262f02b48,English,3,1,1,0.0,Berlin,False,0.0
e89a85cf-caa5-48ae-9a4a-434c7738cc38,CBS,0,1,1,0.0,NBC,False,0.0
e89ea5c5-0ea4-4e09-8440-a291b907f528,Japan,3,1,1,0.0,Tokyo,False,0.0
e8b04c44-8ec9-4fa1-9fd1-8f185e559372,Honolulu,4,1,1,0.0,Berlin,False,0.0
e8b2e6ea-5181-4327-88f5-f8c81d6488d1,Microsoft,2,1,1,1.0,Microsoft,False,0.0
e8c6e29d-6598-47d7-ba6f-a7be0d516013,Edinburgh,2,1,1,0.0,London,False,1.0
e8c72dcc-c2e7-463e-b425-725c172b5c4a,Pascal programming language,3,1,1,0.0,English,False,1.0
e8cd7f17-7d8f-4a7c-8be8-7fbccbaf50a1,"Geneva, Switzerland",1,1,1,0.0,FIFA,False,0.0
e8d2e33c-4784-465f-bd38-7d80dbd477f8,"Boston, Massachusetts",1,1,1,0.0,Toronto,False,0.0
e8d3e779-7693-42c1-a1ca-e45de94e3595,Florence,4,1,1,0.0,Rome,False,0.0
e8d6df5d-a0c8-4d4d-ac17-753f9789968c,Berlin,0,1,1,1.0,Berlin,False,0.0
e8d77788-023f-44d3-b62b-13f418ba7a4b,bishop,0,1,1,0.0,Microsoft,False,0.0
e8dd4525-69ee-47f9-9d32-86ecdc41238e,Finnish,1,1,1,1.0,Finnish,False,0.0
e8ebd500-4617-4ea1-be57-d222131e93dc,archbishop,1,1,1,1.0,Archbishop,False,0.0
e8fe2cfd-645c-424a-9c2c-4706ac5715a1,Russian Federation,2,1,1,0.0,Antarctica,False,1.0
e8fe9ad0-8519-4b01-a8d9-488ee204fde1,"Brooklyn, New York",4,1,1,0.0,"Boston, Massachusetts",False,0.0
e8ff41fd-172a-4bcf-8375-b1763e9b705c,Nickelodeon,2,1,1,0.0,NBC,False,0.0
e905b3f7-c4da-46f2-8b78-a8b9d19149b3,CBS,2,1,1,1.0,CBS,False,1.0
e9073dc1-8924-46f7-a35a-fdae0240a877,Belfast,3,1,1,0.0,English,False,0.0
e90cd268-0fba-434e-82df-f5016c7ad9d3,"Keith, Moray",1,1,1,0.0,village,False,1.0
e91c182d-f355-4e27-984b-98b0ded754bc,Brześć Litewski,2,1,1,0.0,Warsaw,False,0.0
e91ed2b3-8fdc-4eef-8f46-2b4f14914738,Nickelodeon,4,1,1,0.0,CBS,False,0.0
e926ac13-f6ca-416f-9092-c4b2f255f91d,Sydney,3,1,1,1.0,Sydney,False,0.0
e92763d7-4e82-4e31-885e-525836bc939e,Russian,4,1,1,1.0,Russian,False,0.0
e92e6178-741d-41ed-8feb-dc2824d09a6b,Antarctica,3,1,1,1.0,Antarctica,False,0.0
e93b8ae2-d0e7-425c-b208-2df3285783b7,"London, England",1,1,1,1.0,London,False,0.0
e9494861-3520-4489-b22d-5e5d8e083d2c,carbon,1,1,1,1.0,carbon,False,1.0
e952c881-7341-468b-b9c4-14d782235d46,Antarctica,2,1,1,1.0,Antarctica,False,1.0
e95a813e-9199-4396-bc91-67193675cbd2,French,0,1,1,1.0,French,False,0.0
e9713723-75bb-4580-ac9c-bdbbae01a08c,Danish,4,1,1,0.0,Berlin,False,0.0
e97a3def-896d-41bf-b878-adf46d535a7b,Germany,1,1,1,1.0,Germany,False,0.0
e9812351-a39d-4a07-8bb3-d172689341aa,Microsoft,1,1,1,1.0,Microsoft,False,0.0
e999b702-e358-4d14-9bae-2d737858b3f8,BBC,4,1,1,0.0,linebacker,False,0.0
e9a43fcc-1264-4d83-afc8-d8ce704ede6e,Antarctica,2,1,1,1.0,Antarctica,False,0.0
e9a5785c-16a0-40ad-b149-4be54edf0581,Swedish,4,1,1,0.0,Finnish,False,1.0
e9ac151f-e70f-4864-b9e5-1ffdd8dc709f,Antarctica,0,1,1,1.0,Antarctica,False,0.0
e9b1cfa5-a606-42e3-9124-2d4d30eaec6c,Hamburg,3,1,1,0.0,Berlin,False,0.0
e9b35987-30ab-44a0-b4c4-5b49e541f957,Croydon,1,1,1,0.0,English,False,0.0
e9bbc423-0280-4402-a4da-0abebc8406a4,Spanish,4,1,1,1.0,Spanish,False,0.0
e9c8e28c-5c49-4d06-95e8-1002b776bf19,Roman Catholic Cardinal,3,1,1,0.0,Italian,False,0.0
e9d17a68-2ddf-4bae-96fe-de272c85fc6c,Greek,1,1,1,0.0,Italian,False,1.0
e9d1df38-9d40-4538-9e2c-503e48a09606,jazz,2,1,1,0.0,Dutch,False,0.0
e9d8811e-6570-404f-bc4d-ff83431a2002,tin,0,1,1,0.0,sulfur,False,1.0
e9db2218-9186-44dc-bdc0-e11b5b1e4130,Spanish,0,1,1,0.0,English,False,0.0
e9e8534b-9937-4dea-87b8-a6179c62fd43,Mitsubishi,0,1,1,0.0,Sega,False,0.0
e9e9ba81-6a38-42eb-92f0-05d0e85adb21,Vancouver,3,1,1,0.0,Antarctica,False,0.0
ea15c95d-f23b-4273-9ac4-b0eaa4c1ba40,Norwegian,0,1,1,0.0,Finnish,False,0.0
ea1b7593-ae70-4525-9c83-53ce9f623a59,IBM,4,1,1,0.0,BBC,False,0.0
ea1c4fc4-9a9e-47e1-a192-f567b089bf02,"Ottawa, Ontario",4,1,1,0.0,"Edmonton, Alberta",False,0.0
ea2f6cc6-9636-44c3-b203-2548f57c9ba5,Toyota,1,1,1,1.0,Toyota,False,1.0
ea3d96ba-3bc3-464a-8ecf-25c69b52aee4,Turkish,2,1,1,0.0,Finnish,False,0.0
ea4a26e2-06b6-4742-9e24-7e77065cc0bc,Paris,4,1,1,0.0,Spanish,False,0.0
ea5259bd-ddf4-4e71-9600-89d409db7db9,Microsoft,0,1,1,0.0,Apple Inc.,False,0.0
ea8164d6-d2fe-424e-8bf1-d233b3dccd92,Norwegian,0,1,1,0.0,Finnish,False,0.0
ea853a21-ce1e-45a2-87f7-873642825c10,"Chatham, Kent",2,1,1,0.0,London,False,0.0
ea8ab261-6fd6-4469-bdfb-ff218c2516a7,Frankfurt,3,1,1,0.0,Berlin,False,0.0
ea96187c-3392-4502-af4e-910eb1d54583,BBC,2,1,1,0.0,NBC,False,1.0
eab4e8ec-648b-4d73-b40f-b854a8a03d13,"Scarborough, North Yorkshire",0,1,1,0.0,Berlin,False,0.0
eac325cb-9d5b-4d27-b81a-d79d7feb050c,Africa,3,1,1,0.0,Asia,False,0.0
eac654ec-6acc-4bee-9012-6bfeedf5e909,Russian,1,1,1,1.0,Russian,False,1.0
eac80d17-b340-4527-9964-5dd7f2c0c985,"Vancouver, British Columbia, Canada",4,1,1,0.0,Antarctica,False,1.0
eaca7dd2-971c-43bc-8fb5-33130c3efc7c,Europe,0,1,1,0.0,Antarctica,False,1.0
ead05b2d-661b-42af-b5cd-85cccd589b37,Venice,3,1,1,0.0,Dutch,False,0.0
eadd3c64-8f09-4d1c-a2d2-9983719c2cdd,"Seattle, Washington",3,1,1,0.0,"Boston, Massachusetts",False,0.0
eaec96dc-623a-45eb-b342-10470ca26631,English,1,1,1,1.0,English,False,0.0
eaf26288-083c-4ac0-abd0-da61eef0e77f,"Seattle, Washington",0,1,1,0.0,Spanish-language,False,1.0
eaf29f45-6d1c-45c1-9c69-8613a075622c,Burlington,4,1,1,0.0,Chicago,False,1.0
eaf5dd09-8cc1-45ae-a76c-68aa083580ad,Fiat,0,1,1,1.0,Fiat,False,0.0
eaf9e311-e611-4203-b36d-afe23340bbe6,Louisiana,2,1,1,0.0,Antarctica,False,0.0
eafbeda2-7e01-454c-b161-bc7cc927f2bc,village,2,1,1,0.0,Spanish,False,0.0
eb0be65e-8c72-48b0-9f60-8ad3dffda34d,Brazil,0,1,1,0.0,Italian,False,1.0
eb12b2ec-10b3-4c63-9c91-abd931028a6c,River Rhine,2,1,1,0.0,river,False,1.0
eb1be7ac-3679-4569-9386-41e70bdd73dc,"Berlin, Germany",0,1,1,0.0,Motown Records,False,0.0
eb2961b4-ef2a-47b9-ae60-d37f045ca430,Nairobi,3,1,1,0.0,London,False,0.0
eb2ec4c9-ac4c-4d95-871b-83eaa706bdbc,Portuguese,2,1,1,0.0,Italian,False,1.0
eb3199a6-1057-4044-bcc1-0f1dbe3a05e1,Decca Records,1,1,1,0.0,Motown Records,False,0.0
eb3ad7a2-f906-496f-a295-b74df60d2e97,blues music,0,1,1,0.0,English,False,0.0
eb466ab3-63f5-4f52-ae1c-1dce99fed833,Italian,4,1,1,1.0,Italian,False,0.0
eb4ce553-13c6-4806-8fed-aeff8ab8ed82,cellist,1,1,1,0.0,Russian,False,0.0
eb512c75-4b52-4cb3-9b11-d9388f1ba8e9,French,0,1,1,1.0,French,False,1.0
eb5e00d3-ba48-44d4-ad36-09ab3836d6c3,Houston,0,1,1,1.0,Houston,False,0.0
eb62247e-a6c7-4067-9606-1cbebcbcc2aa,Chevrolet,1,1,1,1.0,Chevrolet,False,1.0
eb65296e-89ce-4452-a848-76c085cd8bf5,Maryland,3,1,1,0.0,Antarctica,False,0.0
eb75a94d-5a6c-4522-8078-335c40fe9706,NBC,0,1,1,1.0,NBC,False,0.0
eb814d5e-8ebc-4756-b362-3e6920ba5723,London,0,1,1,0.0,Hawaiian,False,0.0
eb892af6-7683-47fd-9fd0-8ffcc5f5f49d,"Philadelphia, Pennsylvania",0,1,1,0.0,Amsterdam,False,0.0
eb9512f3-d478-4f6b-b3e9-9c077f2d23f6,Greek,2,1,1,0.0,Rome,False,0.0
eb980ea6-049d-494f-bada-7812aa7d6aca,Renault,0,1,1,1.0,Renault,False,1.0
eb9b083d-7b02-443f-ae26-8db6228c3ef7,Paris,0,1,1,1.0,Paris,False,1.0
eba86cd9-eb23-4545-a30c-24bcffdf7c7a,Greek,3,1,1,0.0,Italian,False,1.0
ebaeb143-4115-43bb-a3a7-5af8d9232310,India,1,1,1,0.0,Bengali,False,0.0
ebd51623-ddc2-4cf6-bb90-80077e841e22,linebacker,1,1,1,0.0,English,False,0.0
ebf664aa-b10f-408d-b6b9-efa7b3e323fd,Europe,4,1,1,0.0,"Berlin, Germany",False,0.0
ebfef89c-d5c7-4632-a288-dc5f45667c01,Edmonton,2,1,1,0.0,Berlin,False,0.0
ebffe9c2-1805-4142-9413-cbd250494c48,"Dallas, Texas",0,1,1,0.0,"Brighton, England",False,0.0
ec0496d9-1fd9-4749-a633-491b87c0274e,Leeds,4,1,1,0.0,"London, England",False,0.0
ec092860-68e5-4403-99ea-38c8fe64008e,Microsoft,4,1,1,0.0,Sony,False,0.0
ec0a96be-9e39-41fa-9cc4-04e4427b78cb,Leicester,2,1,1,0.0,Gloucester,False,1.0
ec0cf6be-7ded-48b0-8d68-31ae8405a7a7,Toyota,3,1,1,1.0,Toyota,False,1.0
ec0e3451-8e7b-444b-9400-d4ceb7f6c8dd,France,1,1,1,0.0,Paris,False,1.0
ec118c26-b411-4f6c-9aa4-e3f82a61042e,Sweden,1,1,1,0.0,"Seattle, Washington",False,0.0
ec1a8b78-0973-42e3-abb7-02d35909e43d,"Hull, Massachusetts",0,1,1,0.0,English,False,0.0
ec2922d9-9e8f-4144-8f9c-708984c84149,Fiat,3,1,1,1.0,Fiat,False,0.0
ec2be6a2-d18c-403e-b265-1eadd742436d,Russian,0,1,1,1.0,Russian,False,0.0
ec2fcb18-f596-4bcd-bede-6cbf5366b7de,politician,1,1,1,0.0,Russian,False,1.0
ec3e229e-0839-42d9-b28d-f4b2a69f4c51,photographer,1,1,1,0.0,jazz,False,0.0
ec4d0876-426f-4ef0-8fe5-3d5ee6397625,French,0,1,1,1.0,French,False,1.0
ec678322-734b-4885-a858-ef1831e12ca8,Hamburg,3,1,1,0.0,Vienna,False,0.0
ec69036b-bfab-4ce6-880c-75c52b95528b,Finnish,0,1,1,1.0,Finnish,False,0.0
ec7422b0-c0d9-4632-ae39-31870226acc7,"Minneapolis, Minnesota",2,1,1,0.0,California,False,0.0
ec744b0e-6cae-41f9-98b5-929629806821,Nickelodeon,3,1,1,0.0,NBC,False,0.0
ec75e362-be1a-43eb-9546-1388d225eecd,Munich,3,1,1,0.0,"Philadelphia, Pennsylvania",False,0.0
ec784187-afb4-4d6f-8156-360d46e92a4e,"Bethlehem, PA",2,1,1,0.0,Chicago,False,0.0
ec7b9899-36c4-43cf-b017-bbbe2b89c8c2,Italian,0,1,1,0.0,Italian-language,False,1.0
ec81cd4e-2cd0-45e7-bec9-7d10a80992aa,Istanbul,2,1,1,1.0,Istanbul,False,0.0
ec8ace82-d429-474e-996b-9fbdf026c876,"London, England",4,1,1,0.0,Milan,False,0.0
ec8b2ea5-567a-4ae4-ab92-c4143d772308,Lifetime Television,0,1,1,0.0,NBC,False,0.0
ec8e78c5-2366-480c-8bf3-88e4b45fa114,horse,2,1,1,0.0,honey,False,0.0
ec9110c2-9073-4f7a-b5bc-259601128c53,Antarctica,1,1,1,1.0,Antarctica,False,0.0
ec9843e0-e7cc-442b-89db-b34c26bf9bcf,Andes,1,1,1,1.0,Andes,False,0.0
ec986670-ed0c-462e-9e6e-3adf449c5599,"Detroit, Michigan",0,1,1,0.0,"Seattle, Washington",False,0.0
eca01614-80a2-425b-aced-abdea1e8f6bf,Austro-Bavarian,3,1,1,0.0,English,False,0.0
eca31c48-2967-4792-b2a9-2743ce7f6091,janet.,0,1,1,0.0,Motown,False,0.0
eca70eb1-12dd-43e0-bf8e-003ee9d5d590,French,2,1,1,1.0,French,False,0.0
ecb34c25-aae9-4350-b3c2-db26579b3a62,English,2,1,1,1.0,English,False,0.0
ecb57d4a-6bf5-41ca-b3ad-0871d0fed582,"Hamilton, Ontario",2,1,1,0.0,"London, England",False,0.0
ecbdcc6c-58b0-42f2-a3d0-bfb49d2abb2d,Seattle,1,1,1,0.0,Singapore,False,0.0
ecc691aa-51f4-4b60-9935-045f612a148e,"Layton, Utah",3,1,1,0.0,English,False,0.0
ecca1a6a-181d-4762-b0a8-158ed1f6fcb7,Russian,2,1,1,1.0,Russian,False,0.0
ecce3031-f829-492e-b55d-6fa926fc086e,French,3,1,1,1.0,French,False,1.0
ecd035ba-74ab-489d-bc89-3930df37d344,"Hampton, Virginia",0,1,1,0.0,"Compton, California",False,0.0
ece03844-58b3-415a-b4f8-c6f6536fb3a1,French,3,1,1,1.0,French,False,1.0
ece30a2b-07e6-4c2e-a0b0-b8969a235779,Singapore,3,1,1,0.0,Islam,False,1.0
eceedae9-1c8a-4b5d-a00c-028cf4aa2708,bishop,2,1,1,0.0,Archbishop,False,1.0
ecf12fa7-b584-4bfc-8cda-2a67019f7b6a,California,1,1,1,0.0,protein,False,0.0
ecf8a7e9-0ee7-4ef2-8957-9d5bdb2fbe25,London,3,1,1,1.0,London,False,0.0
ecff7e73-ccc9-4a98-88c3-4c29b0365958,novelist,4,1,1,0.0,French,False,0.0
ed0d400a-3950-4002-9f2e-629ce13240ab,Hindu,2,1,1,0.0,Chevrolet,False,0.0
ed23207a-ef8f-42f8-a922-86a9d9eb76ab,Antarctic,0,1,1,1.0,Antarctica,False,0.0
ed250ff8-5476-4d31-bf9d-77ccde3607a8,"Berlin, Germany",0,1,1,1.0,"Berlin, Germany",False,1.0
ed2c202d-ad7d-4387-9c8f-3f67c54cff34,"London, England",0,1,1,1.0,London,False,0.0
ed2f677a-070c-4f64-b984-24b40b786b17,Caucasus,0,1,1,0.0,Albanian,False,1.0
ed387f7d-9c94-4dce-aed8-38db9160f89d,"Brisbane, Australia",1,1,1,0.0,English,False,0.0
ed3e6808-a0d9-49c0-8d77-73ffb34e4304,Antarctica,0,1,1,1.0,Antarctica,False,0.0
ed42622a-b514-4746-8fbe-d7b5667ab39f,"Brooklyn, New York",0,1,1,0.0,CBS,False,0.0
ed4de463-0dca-4938-872d-1b4ce4a78f61,Belgian,0,1,1,0.0,French,False,0.0
ed5bde78-f4c0-4fcc-8245-327cd3c69bbc,English,0,1,1,1.0,English,False,0.0
ed5e13ad-3ed5-409d-b590-956dd45344c8,London,2,1,1,1.0,London,False,0.0
ed60bc8f-d6f3-4366-9e37-2c245ae40241,Norwegian,1,1,1,0.0,Dutch,False,0.0
ed60ff83-b1b8-4184-b9a5-be95b201afc9,Amsterdam,2,1,1,0.0,Canadian,False,0.0
ed734f22-531a-4286-bd53-2970c3fd9e37,Archbishop,4,1,1,1.0,Archbishop,False,0.0
ed737615-5e5d-4cf0-9af5-491085aa39aa,Antarctica,2,1,1,1.0,Antarctica,False,0.0
ed7d54ef-973d-4eb1-b20a-3c1fcba11a16,Fiat,1,1,1,0.0,Italian,False,1.0
ed840b9a-3792-47f1-bbb5-74dd14c664fe,"Quincy, Massachusetts",1,1,1,0.0,London,False,0.0
ed8a19fb-8179-4aca-aa5b-2b91153165bb,Apple Inc.,0,1,1,1.0,Apple,False,0.0
ed9d3a75-464e-4e36-a71e-23bd562361a8,India,0,1,1,0.0,English language,False,0.0
eda4d35c-9c4b-450b-bbcc-d2b4cc7912a2,Ferrari,3,1,1,0.0,Fiat,False,1.0
eda8b651-6d74-48bf-8938-0bac4193d308,French,3,1,1,1.0,French,False,1.0
edab5b3e-c154-48a4-a610-c5a9d1c1a5cb,Sydney,1,1,1,0.0,"Athens, Greece",False,0.0
edb71158-f090-4496-9b9c-f057c28e1b4e,Barcelona,2,1,1,0.0,Madrid,False,0.0
edb9d029-3498-4d46-992e-38e7e7001c53,"Mansfield, Ohio",1,1,1,0.0,Honda,False,0.0
edbf631b-517c-4338-bb14-42ccc7e2b274,Finnish,1,1,1,1.0,Finnish,False,0.0
edbf6736-1cfb-4ee9-8729-61f1cfb4e510,Geneva,1,1,1,0.0,London,False,0.0
edc02cbe-d33d-403b-8939-05768113e9f8,Microsoft,0,1,1,1.0,Microsoft,False,1.0
edd3a096-3a16-4ba9-9ff4-ebe24c4f4f02,composer,4,1,1,0.0,jazz,False,0.0
eddc1d8b-491f-4faf-83e1-0c4560f2d299,Canada,3,1,1,0.0,French,False,0.0
eddf264b-4684-4a6e-86e2-3d0c468e2e23,"London, England",2,1,1,1.0,London,False,0.0
ede5b1e7-05d3-472f-a912-d4ab39f4ddad,"Wellington, New Zealand",2,1,1,0.0,London,False,1.0
edead43e-674b-49ba-b252-1718e7e1db93,Pittsburgh,1,1,1,0.0,English,False,1.0
edee056d-e196-437a-bbbc-f5146d3abc2f,Canada,4,1,1,0.0,CBS,False,0.0
edef48bc-f980-4b32-b94d-6356ece213af,"Paris, France",4,1,1,0.0,French,False,0.0
edf9bf3e-bc7c-4bcb-bf90-8e077ce6226f,French,3,1,1,1.0,French,False,1.0
edfa331a-b7f0-42b9-b8c5-0db30597b8d2,Jerusalem,1,1,1,1.0,Jerusalem,False,1.0
ee0938c9-0b94-4a83-a8df-25494c1dc837,Norwegian,3,1,1,0.0,Finnish,False,0.0
ee09e643-27c8-4691-a56a-5cb6c8908f96,"Bedford, England",0,1,1,0.0,"Seattle, Washington",False,0.0
ee0dbc57-3de7-4702-9de2-3180df3d3d5d,Italian,1,1,1,1.0,Italian,False,1.0
ee110f72-4975-4fc2-9227-c3c8a0946db8,NBC,1,1,1,1.0,NBC,False,0.0
ee13a054-d150-4ce0-90f2-baac9aeb4afd,France,1,1,1,0.0,French,False,0.0
ee1e99b7-cf17-4b3b-930c-47515d0226d3,flautist,0,1,1,0.0,French,False,0.0
ee2b422d-82eb-421a-9708-1bf0e0dbd7a9,Antarctica,3,1,1,1.0,Antarctica,False,1.0
ee307c8a-5450-4e66-b8f7-0f7b11d90a38,abbot,0,1,1,0.0,Archbishop,False,1.0
ee53b3ab-b134-408d-a2e4-009c95c2a582,Philadelphia,1,1,1,0.0,English,False,0.0
ee543106-035f-4381-bde7-dbe81548987f,Motown,2,1,1,0.0,Motown Records,False,0.0
ee5813c4-38fc-4e6f-97d5-36df2e6b5635,Shanghai,0,1,1,0.0,Beijing,False,0.0
ee702206-2db3-41e0-a180-53bec12e21c6,Sandy Leah,0,1,1,0.0,English,False,1.0
ee7c1fb0-c7bd-4867-af3b-d8ef661892bf,Tokyo,3,1,1,0.0,Toyota,False,1.0
ee86917e-c10d-43ba-819e-b65e7340f73a,Dutch,0,1,1,0.0,French,False,0.0
ee8ca07d-1725-471d-ba86-4d67693cbdfa,Rotterdam,2,1,1,1.0,Rotterdam,False,0.0
ee92cb28-2a6b-4e7c-86e6-348d5e6a0eb0,Nuremberg,2,1,1,0.0,bishop,False,0.0
ee9f3326-0177-4f55-8c6d-0d34573a5900,Microsoft,0,1,1,1.0,Microsoft,False,1.0
eeb06138-88d1-424c-82c7-8009a660ed63,Berlin,1,1,1,1.0,Berlin,False,0.0
eeb26c82-d4ca-41c1-abd4-b1847476f01a,English,2,1,1,1.0,English,False,0.0
eeb343f8-d60b-4801-8361-cde09f9e2f07,Chinese,1,1,1,0.0,French,False,1.0
eeb982eb-e657-45b3-bdd4-d284bdf513ef,Amsterdam,2,1,1,0.0,Dutch,False,0.0
eebf5da1-db8e-4d7a-b7be-4848a01d2017,Swiss,4,1,1,0.0,French,False,0.0
eec9b2b2-139f-4679-a258-89b54cb80b13,Paris,4,1,1,1.0,Paris,False,0.0
eede0cf1-aab8-49ff-9343-11c7cf25cbce,"Syracuse, Sicily",1,1,1,0.0,Rome,False,0.0
eee24460-9f4e-4ff3-8964-5c1745b598e1,Belfast,4,1,1,0.0,London,False,0.0
eee41a8b-b80e-4cfa-a168-c01252f15943,Libya,1,1,1,0.0,Italian,False,0.0
eee5b7cb-d9f4-4593-bbde-0acb46fffc75,French,2,1,1,1.0,French,False,0.0
eeead948-4d2a-4c6d-8586-307cf7d7ad8f,archaeologist,3,1,1,0.0,Russian,False,0.0
eeec8730-f909-4eab-a94c-a5eacc6eafa4,"Boston, Massachusetts",3,1,1,0.0,Australia,False,0.0
eef28fff-2c7e-4e22-b354-f34403973f24,municipality,1,1,1,0.0,Spanish,False,0.0
eef55205-a7df-49b5-b800-21b78c412d9c,Wiltshire,4,1,1,0.0,London,False,0.0
ef0fa2ab-789d-4902-b1e3-c2c959ef2ced,"Paris, France",4,1,1,1.0,Paris,False,0.0
ef11a5f9-839d-4ecd-8199-993faa387a13,Tallinn,4,1,1,0.0,Moscow,False,0.0
ef13b20c-6f37-4410-b1e2-2bb574bc6df9,Islam,1,1,1,1.0,Islam,False,0.0
ef13fdf4-1124-4e31-8ae6-2294f52e679d,Apple Inc.,4,1,1,0.0,Google,False,1.0
ef14da27-3adc-4e4b-87f8-90e340fa05df,Italian,2,1,1,1.0,Italian,False,0.0
ef186331-1e2f-484f-b66b-6e61901f4fce,Venice,3,1,1,0.0,French,False,0.0
ef1deb98-6a06-4f46-97d6-c09c3a0ea884,Motown,1,1,1,0.0,English,False,0.0
ef1fc6b6-5c94-4304-b055-02201abd69cd,organist,4,1,1,0.0,English,False,0.0
ef208cb3-446e-4348-8c32-90ca04bf498d,"Winnipeg, Manitoba",1,1,1,0.0,London,False,0.0
ef273168-5cfa-43b4-babb-ac40c2dbf6e1,Netherlands,1,1,1,0.0,river,False,0.0
ef28dec4-1600-437d-9485-c742b4354fed,Mumbai,0,1,1,0.0,English,False,0.0
ef3b4eef-6aae-4500-bfd6-1fa2b0232012,London,3,1,1,1.0,London,False,1.0
ef551756-5ef7-4733-abf0-3ef45cb4cd80,Naples,0,1,1,0.0,Rome,False,0.0
ef5611a9-f3cd-4b0b-8e27-0679583b5dec,jazz,3,1,1,1.0,jazz,False,0.0
ef5c5011-ec65-4a22-ab45-466db0d2e131,French,1,1,1,1.0,French,False,0.0
ef61e5d9-06a1-425a-9d0e-7f4889cc59e8,Italian,2,1,1,1.0,Italian,False,1.0
ef63d4a2-99aa-4ed6-be11-6d812f3dac70,Antarctica,3,1,1,1.0,Antarctica,False,0.0
ef66ba50-38b5-47cc-aeda-14221928696b,California,2,1,1,0.0,Antarctica,False,0.0
ef8a3f03-88db-40bc-86c7-1879b4090c45,Nissan Motors,3,1,1,0.0,Nokia,False,0.0
ef8e4a19-9b7e-4028-8753-0748180d4c2e,Leeds,3,1,1,0.0,French,False,0.0
efa2bb36-d58c-4822-af24-943ecbec6a1e,jazz,4,1,1,1.0,jazz,False,0.0
efa546ce-9b10-4781-87df-b1f8eca6568f,India,3,1,1,0.0,Islam,False,0.0
efb21b23-48e5-42d3-945b-abf6e2e60cd9,middle C,3,1,1,0.0,piano,False,1.0
efb26d07-0610-4584-b99d-a55fddd92400,Tunisia,3,1,1,0.0,London,False,0.0
efb3a637-8f7e-4a71-b1d1-9a16fbd1c5ea,French,2,1,1,1.0,French,False,0.0
efbb096e-ed93-4025-8a6d-bf1d94fe9792,Bern,2,1,1,0.0,Berlin,False,1.0
efc13c5a-3c18-4b3f-a11d-935a25de0ae9,Moscow,0,1,1,0.0,Russian,False,1.0
efd29884-8501-4261-9554-566b65424298,Berlin,1,1,1,0.0,Istanbul,False,0.0
efd92b26-9667-4704-93f9-3189b6a5c458,Massachusetts,3,1,1,0.0,Boston,False,0.0
efe53319-ecc0-463d-82be-a7647850adbc,"Brooklyn, New York",3,1,1,0.0,England,False,0.0
efe77a6c-a71b-4e86-a80f-176dc1e2dec9,"Anaheim, CA",4,1,1,0.0,Florida,False,0.0
efe80cb3-a591-43c2-b9d3-49afe1c6e95f,"Savannah, Georgia",0,1,1,1.0,"Savannah, Georgia",False,0.0
efe9c7bb-0b61-4071-ad52-90066d1bf38e,Motown,4,1,1,0.0,Motown Records,False,0.0
effed95a-00dd-4bab-b814-8b7fdd407ffe,Renault,3,1,1,1.0,Renault,False,1.0
f0028b00-9d3c-45ff-a731-6ecb9af3d0b0,Boston,3,1,1,1.0,Boston,False,1.0
f0109907-bf8e-4e7e-9066-27e642143fac,Antwerp,0,1,1,0.0,Dutch,False,1.0
f012afc1-0db7-4abf-87b8-d2b3c18d0228,English,1,1,1,1.0,English,False,0.0
f0162ac2-832d-4cc2-866a-13e19a399584,wine,2,1,1,0.0,Italian,False,1.0
f016b4fd-5c2e-4de5-b7a4-89d6a778d271,Thai-language,3,1,1,0.0,English language,False,0.0
f01a1451-3c37-4615-9b4d-a1130140df06,Berlin,0,1,1,0.0,Paris,False,0.0
f01eef4e-c04e-4e8b-a8db-0816dec899fd,Sheffield,3,1,1,0.0,BBC,False,0.0
f024a0cf-d984-41f2-b48f-68291d10bf96,Rome,0,1,1,1.0,Rome,False,0.0
f0275e15-1318-412b-bee4-a6c8a9c3f9f3,CNN,3,1,1,0.0,NBC,False,0.0
f03b48be-3716-425f-854a-6f6822db6c18,Norway,1,1,1,0.0,"Berlin, Germany",False,0.0
f0510689-2f60-4747-aa84-7f9a021b63bb,Audi,4,1,1,1.0,Audi,False,1.0
f05634e0-cd82-4601-bbb8-e593a1f50ea6,CBS,4,1,1,1.0,CBS,False,0.0
f06ba627-4eea-4537-b0d3-e797e1dddb85,"Lund, Sweden",4,1,1,0.0,London,False,0.0
f0749fea-9dc1-426f-a7d8-397477d21dae,Adobe Systems,3,1,1,0.0,Microsoft,False,1.0
f08412cd-75b1-4e89-95a6-f9004eefbffe,HBO,1,1,1,0.0,CBS,False,0.0
f08c5f30-9dfe-431b-86b3-d20c831e283f,Arizona,0,1,1,0.0,Nevada,False,0.0
f09040a9-f032-4e15-8d24-f4071d274ca0,Bologna,4,1,1,0.0,Florence,False,0.0
f09581b4-a093-465a-984a-39d2a8af428f,Iran,2,1,1,0.0,India,False,0.0
f09e0f00-c550-455a-96fd-04db26348e36,Paris,1,1,1,1.0,Paris,False,1.0
f0a2a828-9625-4622-ad85-615a7f54ebca,Mumbai,0,1,1,0.0,London,False,0.0
f0a81d27-cb0a-4096-8739-34e18cbb235b,CBS,3,1,1,0.0,NBC,False,0.0
f0b27696-bf8b-4d2f-9bfc-f3b8c8acc018,CBS,4,1,1,1.0,CBS,False,0.0
f0bec43e-0d59-4da4-9000-c0bdd4bebbb8,Jordan,4,1,1,0.0,Andes,False,0.0
f0bf4008-af2f-45c3-a004-ec0a4483d6b0,"Montreal, Quebec",1,1,1,0.0,French,False,0.0
f0bf54fd-730f-4574-a987-98cf40cf3e34,Chicago,4,1,1,0.0,London,False,0.0
f0c1a9db-f7c4-4c99-9df4-e29afa37318d,Paris,1,1,1,1.0,Paris,False,0.0
f0c2e3e7-7a05-4632-998a-209917c5b893,English,2,1,1,0.0,French,False,0.0
f0c8a5a2-392b-4204-8911-23de0eb49b28,London,4,1,1,1.0,London,False,0.0
f0ca0915-4761-4205-b9ad-ba59b35245c4,"Detroit, Michigan",3,1,1,0.0,Paris,False,0.0
f0d1006f-c366-4dcd-beca-bd1561dbebbf,American Movie Classics,4,1,1,0.0,NBC,False,0.0
f0d3a0c5-1e60-47b9-b830-1a9794e21dd1,Sega,2,1,1,1.0,Sega,False,0.0
f0d7c5ce-2b99-4474-b2e1-5d98faabdf8a,Berlin,0,1,1,0.0,Antarctica,False,0.0
f0da6cb8-df65-4967-97df-9dd204b71acd,Antarctica,0,1,1,1.0,Antarctica,False,1.0
f0dbb43e-62d3-4f52-b41d-824c0281c220,French,3,1,1,1.0,French,False,0.0
f0df2fd5-a541-41e0-8b2f-574c12053564,Bali,0,1,1,0.0,Antarctica,False,0.0
f0e57b9d-7321-4670-aa51-619864a8715f,Lisbon,0,1,1,0.0,bishop,False,0.0
f0f93319-aabb-46f1-a1b3-1b4d18307bc3,French,3,1,1,1.0,French,False,0.0
f1069b6d-0e65-4707-b3c4-7ecc2b21c33f,BBC,3,1,1,1.0,BBC,False,0.0
f12ce578-08fc-49c7-8d8e-eae12cc65deb,"Bradford, Pennsylvania",3,1,1,0.0,Antarctica,False,0.0
f12ed73b-47c6-4727-b3d9-68ba165c5dfe,CBS,1,1,1,0.0,NBC,False,0.0
f12f1f2b-437d-4486-a69d-d6770efd710e,Bulgarian-language,2,1,1,0.0,Russian-language,False,1.0
f1388adc-225c-4445-b602-e345dc08b0cf,French,0,1,1,1.0,French,False,1.0
f13ddc3a-947b-4d0c-a217-aa0a21b223dc,Tokyo,3,1,1,1.0,Tokyo,False,1.0
f13e3c68-64ee-4917-bce0-ad7698e6d713,Google,0,1,1,1.0,Google,False,0.0
f13e4d01-7793-4bc8-9964-8573cf6bf6ad,Hyderabad,0,1,1,0.0,London,False,0.0
f13fd5e8-fe19-4701-a745-aa25c22aaf12,Poole,2,1,1,0.0,Staffordshire,False,1.0
f14441e5-5233-4442-a85c-eb53306cfb85,Dutch,2,1,1,0.0,French,False,0.0
f1488291-8161-4303-b48a-ca84df66a3ee,Swedish,0,1,1,0.0,Italian,False,0.0
f14961ce-03d1-4836-b38e-51f478680c60,"Hanover, Germany",3,1,1,0.0,London,False,1.0
f155426b-5202-4037-96d1-8b2e266f321b,"Tulsa, OK",1,1,1,1.0,"Tulsa, OK",False,1.0
f16e2e4c-84e4-4cf0-9659-3426651cd83e,French,0,1,1,0.0,French language,False,0.0
f1794720-c847-452b-ab3d-5c3422d17e53,Microsoft,0,1,1,1.0,Microsoft,False,0.0
f18cb7a4-1b3a-4759-a542-d014e4d4b4fe,Finnish,4,1,1,1.0,Finnish,False,0.0
f199591d-b749-4eb4-bac7-8f0e9cc5dcd0,NBC,3,1,1,0.0,CBS,False,0.0
f1a4ce45-e599-4ab0-93c2-5308cb8699cb,Nokia,4,1,1,1.0,Nokia,False,1.0
f1a63540-2f04-4dbc-8c9b-3bc8bcb1cb7e,Jakarta,4,1,1,0.0,Sofia,False,0.0
f1ac32c3-bf4b-4f0b-9a9d-3c9025828e92,Budapest,4,1,1,0.0,Berlin,False,0.0
f1c0b684-29b5-45be-9b3e-b87ef22a5bc6,Sega,0,1,1,1.0,Sega,False,0.0
f1c28faf-28b9-4410-8abf-4565796dd38c,Antarctica,2,1,1,1.0,Antarctica,False,0.0
f1c384b5-b39a-44e9-8a80-62b034aa7b52,Glasgow,4,1,1,0.0,French,False,0.0
f1c8057b-8cb5-4163-a59d-184538d32a53,actor,4,1,1,0.0,archaeologist,False,0.0
f1c86ae9-aa6c-40c4-b0ca-2e7920c6b765,Norwegian,1,1,1,0.0,Finnish,False,0.0
f1ce21be-3c7d-48dc-b5cb-79cb4dddaa2d,"Houston, Texas",4,1,1,0.0,"Boston, Massachusetts",False,0.0
f1d8ba2b-8bdc-46a0-94c9-177ec5f9bf4a,Pennsylvania,2,1,1,0.0,London,False,0.0
f1e4943e-b0b6-4a6f-aa68-fd27d91e6a60,Google,0,1,1,1.0,Google,False,1.0
f1eb0f66-b1fb-48a0-8100-b62882da071c,archbishop,1,1,1,0.0,French,False,0.0
f1f526e4-52b2-478d-aff0-024f0861241b,jazz,3,1,1,0.0,Italian,False,0.0
f1f9426a-4e34-4540-a04e-f1634144c08b,"Concord, NH",1,1,1,0.0,"Bangor, ME",False,0.0
f1fa9f85-9d94-496b-aa92-23452f4d59b2,Microsoft,2,1,1,1.0,Microsoft,False,0.0
f20166f4-a654-4fa5-a8e8-0a3ee21091d7,French,0,1,1,1.0,French,False,0.0
f206526d-219d-474b-a18b-60eb28a5cafa,Berlin,1,1,1,0.0,Vienna,False,1.0
f20d355b-47fb-4ca6-ae96-973612bb7417,"Columbia, Tennessee",3,1,1,0.0,London,False,0.0
f21e1dcd-a947-427c-ba0d-72e304246f53,Southampton,2,1,1,0.0,Paris,False,0.0
f2261722-6c17-451f-a4a8-96cbba1bb240,Finnish,2,1,1,1.0,Finnish,False,1.0
f2294d5f-357d-4472-938e-dc3f179424d6,Bonn,3,1,1,0.0,Berlin,False,0.0
f22a872f-b003-4132-b2cc-99cd6f005136,Motown Records,3,1,1,0.0,Decca Records,False,0.0
f230b911-6f16-4fea-bbb9-b60c192e1a8e,Thai-language,2,1,1,0.0,French,False,1.0
f2361afc-0399-428b-ad2d-d8a1ac815f5d,Audi,3,1,1,1.0,Audi,False,1.0
f251356e-1506-4657-beb6-bb5989029f72,Venice,1,1,1,1.0,Venice,False,0.0
f2625f59-c6d3-4a10-a9f8-b6eb0d1cad79,Bologna,4,1,1,0.0,Italian,False,0.0
f26cf89c-7c26-492f-af29-ce2340189583,Chevrolet,4,1,1,1.0,Chevrolet,False,1.0
f288c5f4-2c43-4bdb-8ce2-20a2caf482e2,"Philadelphia, Pennsylvania",2,1,1,0.0,England,False,0.0
f290e23e-afd2-4d70-9f8a-c85e23d5d020,Antarctica,3,1,1,1.0,Antarctica,False,0.0
f2953d92-e340-4709-a5f7-a51d96c2458e,Leiden,2,1,1,0.0,Antarctica,False,0.0
f296ad29-a6a6-4eb7-a847-4fbafd427a11,Prague,4,1,1,1.0,Prague,False,0.0
f29d407f-01a8-4165-b790-1bea6a57a929,"Shirley, London",4,1,1,0.0,Antarctica,False,0.0
f2b08ca7-3136-4d51-8554-88b849e4a05f,London,3,1,1,1.0,London,False,0.0
f2b1de56-6243-49c7-aa28-fe0759e56bf2,Swedish,0,1,1,0.0,Dutch,False,0.0
f2b344a1-e3d5-405d-b5d1-1d3665678a6d,Canadian,3,1,1,0.0,English,False,0.0
f2bb6d16-f49b-4ac3-a5da-e1195db68568,NBC,0,1,1,1.0,NBC,False,0.0
f2bcd4b7-2288-4c8e-8188-6dcdfdf1aa6b,Kabul,3,1,1,0.0,English,False,1.0
f2bd35ff-2432-438e-b38a-c96b03a020ac,Cincinnati,4,1,1,0.0,"Lancaster, Pennsylvania",False,0.0
f2c40fc5-0a80-4c56-b501-fc3dacd98cfa,"Madison, Wisconsin",0,1,1,0.0,"Greenville, Georgia",False,0.0
f2cb1a3e-9103-4deb-ac32-bd70df72a15a,EMI,1,1,1,1.0,EMI,False,0.0
f2ce8a40-9d70-4739-a0a5-4410b4cde71c,Danish,3,1,1,0.0,Antarctica,False,0.0
f2ceeb2b-6aee-4211-8c50-fcb36c8eb239,coastal lighthouse,3,1,1,0.0,astronomical observatory,False,1.0
f2e395b4-a568-42ce-80c5-a38f1f16e888,Johannesburg,2,1,1,0.0,Archbishop,False,0.0
f2f54ed4-1c4a-4302-b9b5-61f1dd5e7042,Havana,0,1,1,0.0,MA,False,0.0
f2fcd601-6ed8-4047-86a8-630940d14680,central midfielder,4,1,1,1.0,midfielder,False,0.0
f302b47c-1a8c-4c8e-8929-fc952af31d19,physiologist,0,1,1,0.0,French,False,0.0
f311df61-593d-44ca-94a8-a98994692985,Dutch,3,1,1,1.0,Dutch,False,0.0
f312f452-6af9-4bce-ab61-b26f9b930ddc,Kolkata,2,1,1,0.0,Mumbai,False,0.0
f314bd25-9439-47db-a21d-2c88598efe81,Intel,1,1,1,0.0,Apple Inc.,False,1.0
f319124e-8884-4715-89a8-7f028b907651,goaltender,3,1,1,0.0,midfielder,False,0.0
f319370f-8760-4384-b968-17275731d97e,Microsoft,4,1,1,0.0,English,False,0.0
f319d7e0-5577-461e-914b-f0b66319d00c,CBS,0,1,1,1.0,CBS,False,0.0
f32308d8-beb9-41fd-a7cb-885f5748d0ce,politician,4,1,1,0.0,French,False,0.0
f3312ad7-cd89-4b6a-9b55-d60e539b0f2d,Antarctica,3,1,1,1.0,Antarctica,False,1.0
f33fa403-ce2c-4919-81e4-75684832cb4b,Albanian,3,1,1,0.0,Rome,False,0.0
f34a29f5-4912-4dc9-a5ee-912f51aeadeb,regiment,2,1,1,0.0,English,False,1.0
f350e58a-7d03-43cd-8830-000f1c770987,English,4,1,1,1.0,English,False,1.0
f35391a8-200a-448d-b5a9-58bf02d454c7,The History Channel,2,1,1,0.0,NBC,False,0.0
f3556ca9-1a51-44f9-94d3-f0a84f71ca1a,BBC,2,1,1,1.0,BBC,False,1.0
f35c09b9-d75a-4f37-be02-bbc76581060d,AMC network,4,1,1,0.0,CBS,False,0.0
f36a1208-4506-4435-a276-154ac61da9fa,protein,0,1,1,1.0,protein,False,1.0
f3788683-3b3e-4e58-979e-b27cbbbb5771,Rotterdam,4,1,1,0.0,Romania,False,0.0
f385d52e-eb18-4392-80e1-60ac4e0fc70a,French,2,1,1,1.0,French,False,1.0
f38e6301-d742-4775-8720-812e16c538bd,Toronto,3,1,1,0.0,London,False,1.0
f38f6257-524c-4286-b426-edcef218f4c2,Florence,1,1,1,0.0,Naples,False,0.0
f391969f-af16-4255-92f0-325446a44f7d,English,1,1,1,1.0,English,False,0.0
f3921c11-9778-418e-8169-52e535f2eaa1,Japan,0,1,1,0.0,French,False,1.0
f3b5ec54-b817-436a-aeb6-5b45193569b2,Antarctica,2,1,1,1.0,Antarctica,False,0.0
f3b7352c-d8cb-4596-92f3-b3dd2a670bea,London,0,1,1,1.0,London,False,1.0
f3b9c546-8f28-463e-b9a4-e11e64d0c6d7,German language,0,1,1,0.0,Berlin,False,0.0
f3c9afaa-d2c2-424a-8004-36588210c1aa,Microsoft,3,1,1,1.0,Microsoft,False,1.0
f3cde3f8-a9ec-4f78-83c5-023f4485f25f,Canadian,2,1,1,0.0,English,False,0.0
f3d80c57-c813-4e2e-ae72-e39cce388c97,Toronto,1,1,1,0.0,Brighton,False,0.0
f3dc9e85-88c4-4de6-8297-b377bc43feab,"Caracas, Venezuela",0,1,1,0.0,California,False,0.0
f3e0689b-c5f2-44c5-b024-01196c420658,English,2,1,1,1.0,English,False,0.0
f3edda9f-73f6-4fc7-aeaa-cddc86d46435,Antarctica,3,1,1,1.0,Antarctica,False,1.0
f3fc6e7f-5b6e-4a7f-bd2e-22081cd21729,Luzon,4,1,1,0.0,Antarctica,False,0.0
f40180c1-c954-43a4-ace4-a4855e26a42e,Shanghai,2,1,1,0.0,Beijing,False,0.0
f401ea8e-5c31-45ca-873f-3f8ff6a83171,Baku,0,1,1,0.0,Tajikistan,False,0.0
f40f8e2e-5f02-45ae-baec-4bcb1de31493,actor,1,1,1,1.0,actor,False,0.0
f41325dd-0ec7-4fcb-9a21-c180381b8fae,English,3,1,1,1.0,English,False,0.0
f420e302-1738-400f-9a48-8ffc52f4db3f,French,3,1,1,1.0,French,False,0.0
f427bae8-6648-477a-be83-84d69c4aa52c,Basilea,4,1,1,0.0,Italian,False,0.0
f43549b9-71a5-4ca5-82b3-5ea60f9b2d75,Geneva,2,1,1,0.0,Archbishop,False,0.0
f437be5a-83c8-4768-80c5-fb8cd42a908b,Toyota,2,1,1,1.0,Toyota,False,1.0
f43850cb-3a7c-4485-ac95-2fed96829462,Malawi,4,1,1,0.0,Nigeria,False,1.0
f44c1c9f-9dc3-4063-951e-c4a5178d05a0,Fiji,1,1,1,0.0,Italian,False,0.0
f44f9892-1c3b-44da-89d3-0cb23b729db7,English,2,1,1,0.0,Italian,False,0.0
f46f20f7-4cb0-4b95-be60-486ae8c773a7,Arab,0,1,1,0.0,French,False,0.0
f4703694-3f49-4d96-884e-6d35d94eeffb,Hinduism,1,1,1,0.0,Albanian,False,0.0
f47353dd-7f46-4998-9de4-6dc824f9a2f5,Decca,2,1,1,0.0,French,False,0.0
f4777ef8-a8e5-46c8-bbba-0d490f383abd,Moscow,1,1,1,0.0,London,False,0.0
f4850a74-dfb7-45a5-80ca-7af2acee1360,Boeing,4,1,1,0.0,Apple Inc.,False,0.0
f489245d-9251-4092-9563-8f4b5815062e,Dutch,0,1,1,0.0,French,False,0.0
f49d8773-05fc-40a6-98a2-f921c2030c36,Raphael,4,1,1,0.0,Archbishop,False,0.0
f49f2fa1-7e8b-4904-aaab-b1891c4abc0e,bishop,1,1,1,0.0,Archbishop,False,1.0
f4a7f4a9-33fd-4ca7-a108-c5bfc9aae7a2,Berlin,3,1,1,0.0,Vienna,False,1.0
f4ad4d46-6638-4bb8-a9a4-5e21a7464fa2,Baku,0,1,1,0.0,Berlin,False,0.0
f4bd9c6e-56ab-446c-b534-7565c8d4437b,Russian,1,1,1,0.0,Russian-language,False,1.0
f4c2ba72-b6c3-4e0e-9a2b-c9ee12bb1593,Ireland,0,1,1,1.0,Ireland,False,0.0
f4ca9bba-7b77-468f-bad8-50d2afaf33f3,"Edmonton, Alberta",1,1,1,0.0,Chester,False,0.0
f4cf3d6d-cd8f-4f87-9b83-632b1122becf,Google,1,1,1,1.0,Google,False,1.0
f4d1e66f-e810-4f0a-b65c-41539afe7574,NBC,2,1,1,1.0,NBC,False,0.0
f4d21c73-acc7-492d-aaf4-ab6468c708d9,"Houston, Texas",3,1,1,0.0,Cologne,False,0.0
f4d4ce8d-8ad1-47cb-ac35-0d3552f18dcd,London,0,1,1,0.0,English language,False,1.0
f4da0fef-19e6-4fe8-9f34-fcf70bb04dbd,NBC,3,1,1,1.0,NBC,False,0.0
f4db53fe-4094-4ba2-a84e-0828a13d8a0e,Baku,2,1,1,0.0,Russian,False,0.0
f4e26365-4f4f-401e-92c2-12902a698ddc,village,3,1,1,0.0,river,False,0.0
f4e48136-0ae7-434b-b9d4-757a0a753138,Apple,4,1,1,1.0,Apple,False,0.0
f4f80bb4-d780-4466-a823-b76c6b113e6f,Google,3,1,1,1.0,Google,False,1.0
f5064a07-d58c-4717-a6cc-c6fba8f81914,Slade,3,1,1,1.0,Slade,False,0.0
f506661b-c883-4b87-b7b3-ad2d9a4e663a,poet,1,1,1,0.0,English,False,0.0
f50f45b8-3f9b-47c9-a54f-1fd02c5e7da9,Moscow,2,1,1,1.0,Moscow,False,0.0
f5113cc6-6478-44ae-9277-6239884d09dd,EMI,1,1,1,0.0,Decca Records,False,0.0
f511d642-e060-4187-8428-e166afcae8c6,Boston,0,1,1,0.0,London,False,1.0
f52b4509-538a-41a1-b46d-f3a954289596,English,2,1,1,1.0,English,False,0.0
f52de2ef-5409-4df0-afd4-cf1dfc605382,Italian,2,1,1,0.0,French,False,1.0
f536d72d-7f99-480f-b603-2a85a909252b,Ireland,1,1,1,0.0,"London, England",False,1.0
f538b7f8-eaf3-4fcc-9153-e7e55871616c,jazz,0,1,1,0.0,English,False,0.0
f547ae79-333d-49bf-965a-8ff83f71b1ba,Atlanta,4,1,1,0.0,Canada,False,0.0
f556860f-a1f4-43b8-a6d8-17ea5bd2dc32,Antarctica,4,1,1,1.0,Antarctica,False,1.0
f57bca6b-bf90-4d2c-8f22-ac5efe6be189,beef,1,1,1,0.0,flour,False,0.0
f58e9a06-b338-472d-8879-8221827e4588,Copenhagen,4,1,1,0.0,Berlin,False,0.0
f5926814-c6d9-4688-89d4-45f2051ec75c,NBC,2,1,1,1.0,NBC,False,0.0
f5aa2fe1-a72c-47b4-a03b-ee8904a19f63,Microsoft,0,1,1,1.0,Microsoft,False,0.0
f5b0fe91-e8cc-4cd8-9422-2a008ba9e82d,French,0,1,1,1.0,French,False,1.0
f5b69d41-506f-45e8-a2b9-adf8bd1ecbc9,Hiroshima,2,1,1,0.0,Tokyo,False,0.0
f5c8a3b7-33c3-499d-9c7a-9d996b283183,Copenhagen,0,1,1,0.0,French,False,0.0
f5d53c93-d9de-4b8d-84af-0fe114db88e2,Spanish,3,1,1,1.0,Spanish,False,0.0
f5dfc724-093d-485f-978c-3c34820fa404,Antarctica,1,1,1,1.0,Antarctica,False,1.0
f5f3b0db-246a-469c-9f07-4285e18760db,Amsterdam,2,1,1,0.0,Paris,False,0.0
f5faa124-c450-4612-a912-86e1ac3e3edf,Antarctica,2,1,1,1.0,Antarctica,False,0.0
f5fb7b98-0079-4ca7-a86e-c556be2bd3ea,Dodge,4,1,1,1.0,Dodge,False,1.0
f6053294-191f-4622-ab96-1d68a4f972da,Berlin,3,1,1,1.0,Berlin,False,0.0
f6088242-0666-44ee-8e1f-7b93b26c6bae,Macedonia region,1,1,1,0.0,Italian,False,0.0
f610e60a-ea7a-4fc2-97b8-252ab6c513f9,English language,4,1,1,1.0,English,False,0.0
f617e581-3ae4-4c9c-91fa-04f1a6a6d86e,Croydon,4,1,1,0.0,London,False,0.0
f6190af9-ecd3-4d83-b381-0b4845330d72,Microsoft,2,1,1,1.0,Microsoft,False,1.0
f61b96f7-8004-43e7-98fb-6ba7ef84c023,Armenia,4,1,1,0.0,Russia,False,0.0
f61d851c-588f-4b3e-a3bf-4226f6f9371b,Emi Italiana,0,1,1,0.0,Decca Records,False,0.0
f62965f6-ad48-47f1-87e3-dbd15643bb61,Apple Inc.,2,1,1,1.0,Apple Inc.,False,1.0
f62e07a8-6d8d-401d-a790-4847869d6ff3,"Seattle, Washington",4,1,1,0.0,English,False,0.0
f631c117-39ef-4b0a-9f04-fbb99ac30430,correctional institution,4,1,1,0.0,California,False,1.0
f6472f6b-8f6a-458a-ab37-3d65ffe72ede,English,3,1,1,0.0,jazz,False,0.0
f65697b1-7598-4b1f-8b9b-bd22ce7fa3cb,Paris,4,1,1,1.0,Paris,False,0.0
f6579b9c-3a65-4203-9923-5c5e5afdfab2,Goa,3,1,1,0.0,Maharashtra,False,0.0
f6616b21-56b0-48e3-b6c3-0b9cdafd4053,Suzuki Motor Corporation,1,1,1,1.0,Suzuki,False,1.0
f6618d0a-d96f-4fb1-a0aa-604dc98493ed,Russian,4,1,1,0.0,French,False,0.0
f6673a70-ff56-40a1-917a-628ca6a46ff8,Antarctica,3,1,1,1.0,Antarctica,False,0.0
f66d753f-e30f-4fc9-9798-9dd5195901f0,goaltender,2,1,1,0.0,French,False,0.0
f66f1332-d23f-41ce-8b4d-89d0acf83e7e,Motown,2,1,1,0.0,Decca Records,False,0.0
f673ec54-88ae-43a8-a629-6b7bca63b51a,"Victoria, British Columbia",4,1,1,0.0,"Seattle, Washington",False,0.0
f677132c-f89a-4798-a9be-e8865a62946c,Google,0,1,1,1.0,Google,False,1.0
f687141c-3660-49a8-9901-39fa40b999da,"Ponce, Puerto Rico",4,1,1,0.0,MA,False,0.0
f688f50a-4e5f-47fc-b071-089409030c64,Milan,3,1,1,0.0,Rome,False,0.0
f692a49c-f1f7-4109-b238-cfc23d6539dd,English,0,1,1,1.0,English,False,0.0
f69882d1-897b-44e9-9842-3846f1b253f8,Christianity,2,1,1,0.0,Islam,False,0.0
f69b285c-e60a-4647-bd70-298f8ec37d41,Copenhagen,4,1,1,0.0,Antarctica,False,1.0
f69e40d1-a510-489c-838c-0b1a8fa8db0a,England,2,1,1,0.0,Italian,False,0.0
f6b368eb-c1c6-49e3-8375-dae0b08279ab,Netherlands,0,1,1,0.0,French,False,0.0
f6bf29fd-8a9a-4696-a1d3-8ae13d157c68,London,0,1,1,0.0,Madrid,False,0.0
f6c11f4f-46b2-44bb-bc6a-80507ca77b12,Motown,4,1,1,1.0,Motown,False,0.0
f6d2d433-3b6d-4e38-9bf3-2ae029f24770,French,0,1,1,1.0,French,False,0.0
f6d84a4c-8586-459d-acfc-c1819d36f846,Leipzig,4,1,1,0.0,French,False,0.0
f6e354b7-920c-4979-bde3-7da9d80f8b90,France,1,1,1,0.0,French,False,0.0
f6e354ec-7bde-4955-b227-c8937437495e,Egypt,2,1,1,0.0,Oman,False,0.0
f6eed4d8-df01-45e7-bd70-333943bbcb7f,Word Records,1,1,1,0.0,Motown Records,False,0.0
f7041314-7ddc-43ad-bf3d-e6d92f6b21cc,Fiat,4,1,1,1.0,Fiat,False,1.0
f7093495-d9a6-4380-be1b-f152fc61c726,India,4,1,1,0.0,French,False,0.0
f70dcf0c-6408-4474-b0c9-924117fbd453,Dutch,4,1,1,1.0,Dutch,False,0.0
f70e8db2-ef63-446b-be8e-7cd10a158372,Paris,1,1,1,1.0,Paris,False,0.0
f70f09dd-9b01-4c36-a88e-7c21686ce9f8,Madrid,1,1,1,1.0,Madrid,False,0.0
f7182080-97d9-4283-bdcf-b879576bc2d1,"Philadelphia, Pennsylvania",3,1,1,1.0,Philadelphia,False,0.0
f718b63d-1b6a-401e-acbd-b61a2d9cfe7a,Armenia,3,1,1,0.0,Moscow,False,0.0
f71eceac-5eaf-4551-bb75-177b5982d79a,Antarctica,0,1,1,1.0,Antarctica,False,1.0
f724d1cb-5439-4739-9151-5c8a4051405f,Nebraska,3,1,1,0.0,Antarctica,False,1.0
f72a2d98-3528-43b7-a533-70a6d565a1b1,Chevrolet,2,1,1,1.0,Chevrolet,False,0.0
f72aaf07-b3f9-4bbf-9def-a8aca09dad73,Italian,0,1,1,1.0,Italian,False,0.0
f72ddc5f-fc77-4e85-8a7c-4425df81ef9d,Swedish,3,1,1,0.0,Finnish,False,1.0
f72ec9b6-d0df-4164-a877-485378eccc79,Sanskrit,2,1,1,0.0,English,False,0.0
f72f2fae-a4a1-4907-87ce-23ccf2a30f31,Pitchfork Media,1,1,1,0.0,BBC,False,0.0
f7368a14-773a-408d-a974-3d76b0350448,river,4,1,1,1.0,river,False,0.0
f73ca114-579b-4289-b027-d76e4d95d260,Birmingham,3,1,1,0.0,Bern,False,0.0
f73ce087-0885-4328-bffe-35e89dba49a5,French,1,1,1,1.0,French,False,0.0
f73e240e-7fda-4229-b36f-6709f914adc8,Bentley Motors Limited,4,1,1,0.0,Toyota,False,1.0
f744efb2-eb4d-45bc-a678-06af05bb7d8f,jazz,0,1,1,0.0,English,False,0.0
f74fb84e-5852-4731-92af-70f923e72fc2,Apple Inc.,4,1,1,0.0,Microsoft,False,0.0
f751b889-3393-4be9-bf47-5dee4a15ab53,Tokyo,0,1,1,1.0,Tokyo,False,0.0
f7614514-d6bb-420e-b483-60b8b27f1a87,Fiat,1,1,1,1.0,Fiat,False,1.0
f7696013-de78-4364-b0fd-ece978272855,NBC,0,1,1,0.0,CBS,False,0.0
f77167fd-ee85-4368-8abe-5584627fbe22,Antarctica,4,1,1,1.0,Antarctica,False,1.0
f774f632-3448-4d3b-8fd4-4c7d4a769f84,Russian,1,1,1,1.0,Russian,False,1.0
f7847187-e0ca-47cd-bdf6-b22088c69f23,Texas,0,1,1,0.0,Canada,False,1.0
f78b5e9c-8290-463d-a58c-586ec83cece9,NBC,0,1,1,1.0,NBC,False,0.0
f78bb5b2-dbdf-4a52-9003-4b1d6bb1dcaa,Nintendo,2,1,1,1.0,Nintendo,False,0.0
f78bd5a6-d502-4e74-8616-ef7e88d35ddb,Microsoft,0,1,1,1.0,Microsoft,False,0.0
f79d83c7-29e7-4f89-8bdd-53de3237c327,olfaction,3,1,1,0.0,topology,False,0.0
f7ac8174-2228-43e3-8326-4bc6a5b13cb4,aluminium,1,1,1,0.0,carbon,False,1.0
f7b6d149-c90d-44ae-b0bb-a2e5df2cba14,Asia,2,1,1,0.0,FIFA,False,0.0
f7b8a238-60c2-40d9-af3c-d03992de1ce0,Fiat,3,1,1,1.0,Fiat,False,1.0
f7c14c21-b051-4f47-bec4-4b05027b4012,Antarctica,3,1,1,1.0,Antarctica,False,0.0
f7cc01d1-abed-4457-a38e-b01405ea7b79,Oslo,2,1,1,1.0,Oslo,False,1.0
f7d5e814-d1c1-4fe3-a9a1-db5f84fc8189,French,3,1,1,1.0,French,False,0.0
f7dae830-49b4-4457-bfd5-4ad9a4531bb7,Brooklyn,2,1,1,0.0,London,False,0.0
f7e50b94-669a-481c-a774-7cb5bf744cbe,anatomy,1,1,1,0.0,topologist,False,0.0
f7fc964d-1bd9-47db-a10b-e539f7fbf6ee,"Knoxville, Tennessee",1,1,1,0.0,Canton,False,0.0
f80b24fb-dd42-439b-9fe3-a3d5a76c75be,"Havana, Cuba",1,1,1,0.0,"Barcelona, Spain",False,1.0
f8286e1c-6631-46a2-a813-b6f703ac6f3e,"Lincoln, Nebraska",4,1,1,0.0,Antarctica,False,0.0
f82d2c5a-45f7-45e1-ae5a-65cc196f6228,Munich,1,1,1,0.0,Berlin,False,0.0
f8391abc-b176-41ab-9e22-8ea78470e164,Honda,2,1,1,1.0,Honda,False,1.0
f83c69e3-d5c0-46c9-9984-ca857f89d5f3,Florida,1,1,1,0.0,Antarctica,False,0.0
f8466ffe-90c5-4b48-b45d-9bb6e6e33702,CBS,0,1,1,0.0,NBC,False,0.0
f84b9b93-9264-4913-ac2a-5b92c4fa2654,Utrecht,3,1,1,0.0,Berlin,False,0.0
f8564497-3bda-454d-b857-792431d798f9,"Chicago, Illinois",4,1,1,0.0,London,False,0.0
f8657a40-f3e9-4e8f-9fa5-b48c8939c980,CBS,3,1,1,1.0,CBS,False,1.0
f867ffcb-7b9a-4506-97d2-ee120663f54b,Nickelodeon,1,1,1,0.0,NBC,False,0.0
f868b6cc-9ca8-4e46-af45-d5c5a2ba6597,Archbishop,1,1,1,1.0,Archbishop,False,0.0
f879c508-d8b4-412e-93d2-2eb9e9c2ceff,"Atlanta, Georgia",4,1,1,0.0,Antarctica,False,0.0
f87a8833-d342-4c9c-9fb2-92d9f06948b2,Honda,0,1,1,1.0,Honda,False,1.0
f88613a7-6d9d-4845-bbef-049c2266ad0a,Paris,3,1,1,0.0,French,False,0.0
f8867ce3-217d-4200-9508-f485edceb8ef,Viennese,0,1,1,0.0,Berlin,False,0.0
f889109c-9677-4ae8-b5a6-3f3d945ec0a8,NBC,3,1,1,1.0,NBC,False,0.0
f88995f8-2d0f-401e-b8d5-c542cf369965,Square Soft,0,1,1,0.0,Microsoft,False,0.0
f88acc90-2f2e-4b2a-b4ae-7c33448b4bf4,English,4,1,1,1.0,English,False,0.0
f88e729e-b19b-4587-8be4-bac6635c581f,opera,2,1,1,0.0,Italian,False,1.0
f88fc333-542b-49f5-a538-ec92bfeef85f,Tibet,2,1,1,0.0,Armenia,False,0.0
f88fe504-14ca-4695-9d3b-7aabb6acc4f9,Monmouth,2,1,1,0.0,London,False,1.0
f896de7c-206e-4c52-b90e-12927e4c04d4,village,1,1,1,1.0,village,False,1.0
f89d8849-5a80-494b-90cc-a41623a5cd19,Angola,4,1,1,0.0,Spanish,False,0.0
f8a6d887-c8fc-479c-9e7c-528741dfe46c,Tokyo,4,1,1,1.0,Tokyo,False,0.0
f8abc27e-cfd0-40c4-83b2-d48b30227dae,Beijing,4,1,1,0.0,Shanghai,False,1.0
f8ae1c42-c8c8-438e-8f36-72819f554dd6,Microsoft,2,1,1,0.0,IBM,False,0.0
f8aee479-1f94-4455-b671-6eb08b1bbfcd,French,2,1,1,1.0,French,False,1.0
f8b83b82-8c94-4bb9-9983-d236930f8ee8,Germany,4,1,1,1.0,Germany,False,0.0
f8c80e95-d4ff-4b5e-b93d-e07f36892658,Paris,1,1,1,0.0,London,False,1.0
f8cb234a-6aa0-445c-b890-5960f579ed4c,Belgrade,3,1,1,0.0,Bonn,False,0.0
f8d284f7-40a0-40cb-bc5d-0d60ba509945,CBS,2,1,1,1.0,CBS,False,0.0
f8d3917b-1152-43d7-a08f-db1b9d861c01,Milan,3,1,1,0.0,Italian,False,0.0
f8d472ce-1276-41a2-9652-673d0fae23f8,French,3,1,1,1.0,French,False,0.0
f8e290c9-2dfd-4f6d-8420-fa5771d452ec,Russia,1,1,1,1.0,Russia,False,0.0
f8edaccb-745a-4897-8789-93b4844c11fb,winger,3,1,1,1.0,midfielder,False,0.0
f8f2a1f9-e22c-4c67-a4e8-753fd2aa07e8,CBS,0,1,1,0.0,NBC,False,0.0
f8ff7f16-ad98-4356-b044-127f58a6d313,Queensland,1,1,1,0.0,"Brisbane, Australia",False,1.0
f90365bb-e5e7-4557-b4ea-a8a23b153b30,film actor,1,1,1,0.0,French,False,0.0
f907f644-0cb2-4a14-92e6-bcd28aa8eab1,Finnish,2,1,1,0.0,Archbishop,False,1.0
f90fc529-7c60-4e37-a626-4a229e6ae865,platinum,2,1,1,0.0,nitrogen,False,0.0
f9153495-1bd8-43d0-aa84-41f9a619aab7,"Denver, Colorado",4,1,1,0.0,"Marshall, Minnesota",False,0.0
f9179f2f-a9d3-4bf2-a242-5cd98cee249b,Warrington,1,1,1,0.0,Italian,False,0.0
f91ac7df-4c46-4113-8e3c-6485f1ea7c52,Maharashtra,3,1,1,0.0,MA,False,0.0
f921e91d-778d-4276-b3c0-56dc48616d5a,Oslo,3,1,1,1.0,Oslo,False,0.0
f93e041f-b045-4129-bedf-9dc8b30103fa,Norwegian,2,1,1,0.0,Finnish,False,0.0
f944009b-850a-444a-822e-463de87a107c,French,4,1,1,1.0,French,False,1.0
f9478304-deec-4f2e-a22b-86687f9b2339,Antarctica,2,1,1,1.0,Antarctica,False,0.0
f94c44d5-5971-45b9-ad56-47f7d8adf4c2,Bavaria,3,1,1,0.0,Antarctica,False,0.0
f94db471-a770-42f7-9a3c-37644b9b8929,Japan,0,1,1,0.0,Tokyo,False,1.0
f969ca8a-0bc4-47a3-8f2b-95b3c094a6a4,Beijing,1,1,1,0.0,Russia,False,0.0
f96bfc54-81cd-4178-b2ca-6698e448a537,Australia,4,1,1,0.0,Istanbul,False,0.0
f970b016-6210-4699-b0ea-bfd3bd0d1ba4,MTV,2,1,1,1.0,MTV,False,0.0
f974f620-1222-4ff5-85da-f577ecf9047f,Antarctica,3,1,1,1.0,Antarctica,False,0.0
f9912d6b-205f-473b-a9e9-7422222fa3b2,alphabet,0,1,1,0.0,Gothic language,False,1.0
f9b41578-4733-439e-bdb7-b14b5e7960e4,Amsterdam,2,1,1,0.0,bishop,False,0.0
f9c18a34-61b4-40d0-9da2-cda1ab441d9e,astronomical observatory,0,1,1,1.0,astronomical observatory,False,0.0
f9c65711-3ac7-4415-ba98-f636be8a877e,"Dallas, Texas",4,1,1,0.0,Tokyo,False,0.0
f9ce59a3-591d-4dcc-a39e-168db3c8331a,Jewish,4,1,1,0.0,bishop,False,0.0
f9d1d1e9-0df5-4e95-afb1-dd0ab856cbde,Minnesota,2,1,1,0.0,English language,False,0.0
f9d1fb86-1c31-4b20-a1c1-f9e284dcaf37,Renault,4,1,1,1.0,Renault,False,1.0
f9d44a67-8e1c-4707-8c11-97635279d34d,Antarctica,4,1,1,1.0,Antarctica,False,0.0
f9d9a0c5-dd0c-4f06-99ba-b1904e4e40f9,Apple Inc.,0,1,1,0.0,BBC,False,0.0
f9da0973-dd6f-4d23-976a-1b2e628163db,"Valencia, Spain",2,1,1,0.0,Maharashtra,False,0.0
f9da37e2-ff6a-49fa-896d-6f344e2fb8a0,astronomy,3,1,1,0.0,actress,False,0.0
f9df8cb5-f8f2-4b36-8e99-380c9b9ed2f0,French,4,1,1,1.0,French,False,0.0
f9e1f260-60d2-458f-82b0-3f1851ecac5a,Berlin,4,1,1,1.0,Berlin,False,0.0
fa0b1034-69b7-4598-bd05-0b18764b0999,London,2,1,1,1.0,London,False,0.0
fa12a5e6-717d-4d1a-8f4f-d25e95905cbd,Hinduism,3,1,1,1.0,Hinduism,False,1.0
fa14d420-4af6-41fd-a5a5-bae57fa94947,Glasgow,3,1,1,0.0,Archbishop,False,0.0
fa1b43de-c376-4cf2-821a-4928b8cfb807,Cornwall,1,1,1,0.0,"London, England",False,1.0
fa1ddb1a-edfb-4f09-aa3f-1f9a23784fd6,French,0,1,1,1.0,French,False,1.0
fa2fa00f-6ee3-4a7b-b5a4-f5bada484ad8,Boston,3,1,1,0.0,"Philadelphia, Pennsylvania",False,0.0
fa3258db-6401-40dc-8f71-9d50cb8756af,Finmeccanica,4,1,1,0.0,Fiat,False,0.0
fa3b40c2-3690-4afe-906e-8dcbbaab2123,"Plymouth, England",0,1,1,0.0,English,False,0.0
fa3ee94a-7cc2-403c-a86e-3741d801c77f,Antarctica,4,1,1,1.0,Antarctica,False,0.0
fa40bad1-c70f-4111-b36d-708d1fdfa9df,"Paris, France",3,1,1,1.0,Paris,False,1.0
fa4bd38f-5218-4c37-9ced-3bd923211444,French,3,1,1,1.0,French,False,0.0
fa5c9656-2188-4332-904c-b78109346d1c,Archbishop,4,1,1,1.0,Archbishop,False,0.0
fa6614a6-0999-41a1-a38b-c9d23c551eb5,Andes,2,1,1,0.0,Antarctica,False,0.0
fa682619-1fff-4769-a900-b99b059596b6,Copenhagen,3,1,1,0.0,Berlin,False,0.0
fa713e22-9968-43e2-b148-131fc98878d1,Decca,0,1,1,0.0,Motown Records,False,0.0
fa72e92b-28a6-4eae-aa6d-ffa05965ce53,Heidelberg,3,1,1,0.0,Munich,False,0.0
fa74d703-5463-4c23-84c8-df96661eb09a,Thor,3,1,1,0.0,Berlin,False,1.0
fa7675e2-eddf-4b47-97c5-daba2c7b59b5,"Caracas, Venezuela",1,1,1,0.0,"Athens, Greece",False,0.0
fa7884ca-ca65-4af9-9662-3523f0379cba,India,1,1,1,0.0,English language,False,0.0
fa799820-3c68-491e-bc4b-d653212da317,Belgian,1,1,1,0.0,Paris,False,0.0
fa7b6a47-fef7-4224-b894-aa72575b7b86,"Westminster, California",3,1,1,0.0,"London, England",False,1.0
fa89b762-50d7-453d-8628-77ba7ef58cbf,Honda,1,1,1,0.0,Toyota,False,0.0
fa902a01-09ec-46e8-9231-e56eedcb6eb3,Antarctic,1,1,1,1.0,Antarctica,False,0.0
fa91a738-7a1c-4d71-a4a0-399eda757e17,English,4,1,1,1.0,English,False,1.0
fa9953c5-edcc-479d-ab4a-1b3a5d05a0cf,Google,0,1,1,1.0,Google,False,1.0
fa99a403-fc4e-4ed2-a158-2b3841124f4c,Nissan,3,1,1,1.0,Nissan,False,1.0
faae01f7-6fe9-43f4-b51a-f6a15af9bfe0,physicist,2,1,1,0.0,jazz,False,0.0
fac5c182-4fc4-40ef-87e5-8494576af3bf,Gothenburg,0,1,1,0.0,"Berlin, Germany",False,0.0
fac7a10b-10bf-442b-8720-ca2ec1d01150,NBC,4,1,1,0.0,CBS,False,0.0
facab8ab-fd50-4230-be5c-5bd1346d6712,BBC,4,1,1,0.0,London,False,0.0
fad2b271-a81c-47b3-8357-e827420a13d1,UNESCO,3,1,1,0.0,Antarctica,False,0.0
fad61798-65ee-499b-b0b0-122d34151588,Finnish,1,1,1,1.0,Finnish,False,0.0
fadd1d11-7feb-4ef0-86a8-9b241ac624b5,Paris,0,1,1,1.0,Paris,False,1.0
fae0a922-54dc-4df3-bd90-318f71a40fe3,Bali,1,1,1,0.0,Istanbul,False,1.0
faeef4ab-2c03-431b-9d76-fe2ab12f5c94,Rome,1,1,1,0.0,Venice,False,0.0
faf4c37f-287d-4bc1-83c6-090cbb6c9650,reggae,2,1,1,0.0,English,False,0.0
faf7fc36-58a8-4e2d-8409-0aa07e6e3f20,midfielder,4,1,1,1.0,midfielder,False,0.0
faf916eb-1d27-47f1-a6b4-f0e46af4ccac,Microsoft,1,1,1,0.0,Google,False,0.0
fafb5bb8-438e-4bea-adfb-3e2bbe9a465d,Antarctica,2,1,1,1.0,Antarctica,False,0.0
fafc2b1c-59d9-4f68-855c-3c6096285936,Chevrolet,2,1,1,1.0,Chevrolet,False,1.0
fb00557b-dc9e-490e-a41e-34904d6a3e3e,"Geneva, Switzerland",4,1,1,0.0,Italian,False,0.0
fb03883a-c194-4b6c-b8ee-44625870dc84,Vienna,0,1,1,0.0,Berlin,False,0.0
fb03a62c-5686-46b8-b6df-d31aa7ea7504,Antarctica,0,1,1,1.0,Antarctica,False,1.0
fb09cb18-6f54-43ff-829f-4fb368a54bf1,"Manhattan, New York",4,1,1,0.0,Italian,False,0.0
fb0e735c-7efe-48d0-a7d6-15e722b3216b,"Calgary, Alberta",0,1,1,0.0,Toyota,False,0.0
fb1842fc-63ec-4aa9-a594-e1f592a53178,English,3,1,1,1.0,English,False,0.0
fb2106a8-f3f5-475d-b1d0-13ad278d5e69,Archbishop,1,1,1,0.0,English,False,0.0
fb210dae-8a5e-44b1-99ad-cd2cc431e5ab,Apple Computer,1,1,1,1.0,Apple,False,0.0
fb23c8e4-7f65-497c-8ddc-03b50aacd4de,"London, England",4,1,1,0.0,"Brisbane, Australia",False,1.0
fb2d26d2-6a6d-4e25-8c51-21fcd9348472,Victoria (Australia),4,1,1,0.0,London,False,0.0
fb386fe5-8bc5-4aa4-8b2e-f48c1c58e7e0,Rome,0,1,1,1.0,Rome,False,0.0
fb3ef3d4-52f2-4522-a209-83465af4c45d,Antarctica,4,1,1,1.0,Antarctica,False,1.0
fb4c3422-a0a4-409f-99d7-cad7cbfafb58,bishop,2,1,1,0.0,jazz,False,0.0
fb4e8221-a15e-4d9d-8ec7-3aa1f323ec10,"Columbia, Maryland",3,1,1,0.0,Toyota,False,0.0
fb4ffac4-0998-4d1d-9b24-3756a2398380,Frankfurt,3,1,1,0.0,Berlin,False,0.0
fb6268b1-93ef-47a6-bbe6-a7f69ac49c90,Warsaw,2,1,1,0.0,London,False,0.0
fb78d6de-b4d4-4e21-8ddb-70bf47f568ae,Italian,0,1,1,1.0,Italian,False,1.0
fb7d6a48-5dbc-4209-b78f-da7d1ebbda54,Dorset,3,1,1,0.0,Antarctica,False,0.0
fb8e996d-478c-451e-a68d-7722a65b4bdd,Moscow,0,1,1,0.0,Russian,False,0.0
fb903c83-8fa7-4cb3-9f08-617680c5179d,psychology,1,1,1,1.0,psychology,False,0.0
fb93a9fb-0181-465d-9fb8-098000e3474d,Dutch,0,1,1,0.0,French,False,0.0
fbabf7c8-4572-47f5-84d5-6b8e202d09a7,charcoal,2,1,1,0.0,flour,False,0.0
fbca5bf1-f014-454e-8b1d-5a88d1df4b0a,Rome,4,1,1,1.0,Rome,False,0.0
fbcef1dc-8e71-44ff-b8dd-7d4ab25de151,mayor,1,1,1,0.0,Spanish,False,0.0
fbd3f826-5705-476f-a748-c7e7f434a3da,Lincolnshire,3,1,1,0.0,"London, England",False,1.0
fbdc7304-d137-4680-96e0-3ab8b2d1695d,California,2,1,1,0.0,Arizona,False,0.0
fbddd8cf-954c-4596-b928-5b83305e995d,NBC,2,1,1,1.0,NBC,False,0.0
fbe49eb3-3208-4f6f-ad1a-3f91dcd7810a,London,3,1,1,0.0,CBS,False,0.0
fbea0ee3-a3e6-4766-a9d8-a6460a536eb5,Danish,4,1,1,0.0,French,False,0.0
fbee1d37-866b-41f9-9c75-8b5b51dd660a,Dutch,0,1,1,0.0,French,False,0.0
fbf0ba17-a27e-4b71-98cc-e99b134f12c0,Munich,4,1,1,0.0,Berlin,False,0.0
fc05178a-4460-4085-a51b-b2f331598de2,Stuttgart,2,1,1,0.0,Italian,False,0.0
fc09078f-f616-4966-941c-255e5399c1d4,"Winnipeg, Manitoba",2,1,1,0.0,Ontario,False,1.0
fc25784d-31a1-4956-80b1-daa073b58ac0,Nokia,1,1,1,1.0,Nokia,False,1.0
fc2687ba-5627-4b9b-9b5e-2896bb64fb8f,London,3,1,1,1.0,London,False,0.0
fc2df738-a420-494b-acf6-e8352a4b7833,PBS,1,1,1,0.0,NBC,False,1.0
fc3123f0-a962-40f1-b7e9-08e5790dfd26,bishop,1,1,1,0.0,Archbishop,False,0.0
fc393524-3331-4250-9195-1069a7201b47,Polish,2,1,1,0.0,politician,False,1.0
fc4b70a4-9aeb-4495-932b-fcdbe662b104,Andes,1,1,1,0.0,Antarctica,False,0.0
fc52b276-5f4f-4045-86f3-73d97623b0d4,psychology,3,1,1,1.0,psychology,False,1.0
fc5b98d7-644c-494b-8967-3015b09e17f4,Antarctica,4,1,1,1.0,Antarctica,False,0.0
fc5c3093-35f3-410f-b9c6-994b15894c82,Paris,2,1,1,1.0,Paris,False,1.0
fc5df7b2-d452-4260-a347-e1800ef56aa3,Apple Inc.,0,1,1,0.0,NBC,False,0.0
fc6b6233-c47f-409e-bdde-6ddbc657f0e3,Italian,0,1,1,1.0,Italian,False,1.0
fc6d83d1-ddde-4b51-9f2c-0ca1a3ae2b1f,Sega,2,1,1,1.0,Sega,False,0.0
fc6f1e31-2c39-4a20-b3cc-6c4820d7a3cc,Renault,1,1,1,0.0,French,False,1.0
fc7a66b7-6518-4ab3-b666-fd0add57cb38,Vickers,2,1,1,0.0,Toyota,False,0.0
fc8ee925-1949-4cc5-ae0b-e1f60cbec569,Colombo,0,1,1,0.0,Bali,False,0.0
fc9f5182-cd22-47b2-b043-9e8f65b4afb9,medicine,0,1,1,0.0,Italian,False,1.0
fca81751-bc85-45c7-b57f-3d36e26b58f5,Muslim,2,1,1,1.0,Muslim,False,0.0
fcac3373-e01d-4f53-9d2e-1f0a6065947f,Chennai,0,1,1,0.0,India,False,0.0
fccdd3ae-b0cf-457d-bc98-3b92bd82f4ad,French,0,1,1,1.0,French,False,1.0
fcd1e93c-0650-4142-b869-67077e6c6e19,Decca Records,2,1,1,1.0,Decca Records,False,0.0
fcd3d73c-b698-41f9-b2c9-e792073cf3ec,Nickelodeon,2,1,1,0.0,NBC,False,0.0
fcdfc037-8497-41c1-b8a5-29bfbbc99271,Vienna,1,1,1,1.0,Vienna,False,0.0
fce113d3-9e34-4c13-99cd-4febd22e23c5,Microsoft,3,1,1,0.0,Google,False,0.0
fce604ab-4cb4-4be3-b730-87b151da4104,English,4,1,1,0.0,French,False,0.0
fceabf79-278b-4198-b5d8-c78caa85a93b,NBC,0,1,1,1.0,NBC,False,0.0
fcfc4d7e-7051-46c5-9d1d-c10b8af6f19a,Chevrolet,3,1,1,1.0,Chevrolet,False,1.0
fd02b87c-b7b2-480f-ab80-4801637ceeb2,psychologist,0,1,1,0.0,Finnish,False,0.0
fd0bfe1c-825f-438c-a127-1141bbced24d,Cincinnati,2,1,1,0.0,Chicago,False,0.0
fd1c4c7f-789a-41b8-8a74-25b405591373,"Vancouver, Canada",4,1,1,0.0,Antarctica,False,0.0
fd1e7e89-a577-40ec-bfd9-9f1646d05a56,English,4,1,1,1.0,English,False,0.0
fd38ed47-a950-4250-9925-aba649d11257,"Victoria, Australia",2,1,1,0.0,Antarctica,False,0.0
fd3e9ff7-3d73-4785-945e-788e7e2a16bc,"Preston, Lancashire",1,1,1,0.0,"Seattle, Washington",False,0.0
fd4401da-6242-4394-9b41-842e072f0105,Apple Inc.,2,1,1,0.0,Microsoft,False,0.0
fd4747c1-d4d2-44c6-b97e-de6f6d6f05b0,"Milan, Italy",1,1,1,0.0,"Rome, Italy",False,0.0
fd50970b-cdbe-4fb7-80e1-436fc67e8618,Ecuador,4,1,1,0.0,Andes,False,0.0
fd516fa5-cfc5-4cb8-bb48-12b78c25ebe6,Melbourne,0,1,1,0.0,"Chicago, Illinois",False,0.0
fd553a8e-041d-4ff8-925e-d9e838d0ae54,Sega,4,1,1,1.0,Sega,False,0.0
fd55fdee-4b4f-41ba-b953-e5ee37218a8a,"Cornish, New Hampshire",3,1,1,0.0,English,False,1.0
fd585f26-8c6e-486e-9b6f-d3b768dd455e,Leicester,0,1,1,0.0,"London, England",False,0.0
fd601caf-9a5b-4f6c-81f6-c8b9c925dacc,Microsoft,0,1,1,1.0,Microsoft,False,1.0
fd64a4ea-0504-4438-bef8-903b855dd620,Portugal,3,1,1,0.0,Catalonia,False,0.0
fd6aea8d-8403-4bb7-8af3-497a38c21b51,Motown,3,1,1,0.0,EMI,False,0.0
fd6cd0d0-d1a2-4341-a644-60dc72c79c6b,CBS,2,1,1,0.0,NBC,False,0.0
fd72e665-905a-4c6b-826f-0375c8d80d7e,Birmingham,4,1,1,0.0,"London, England",False,0.0
fd767cd4-eaea-4d80-a38c-d4b5cde930d6,physician,3,1,1,0.0,French,False,0.0
fd8a0e28-8907-47fe-8ad9-bd472b8bb6b8,Tennessee,3,1,1,0.0,London,False,1.0
fd91e45d-9138-44f2-ad7a-5bb4ff4cb06a,Decca Records,1,1,1,1.0,Decca Records,False,0.0
fd977403-6339-4364-a644-50c9492ea449,Suzuki,0,1,1,0.0,Toyota,False,1.0
fd98ea1d-079a-4dc8-9d65-887956ef11d2,Greek,4,1,1,0.0,French,False,1.0
fdacc75c-9a68-41f7-8e6d-23065b7d27e2,"Seattle, Washington",3,1,1,0.0,Russian,False,0.0
fdb351d7-01ec-4228-85ba-09cd1f3de842,rice,2,1,1,0.0,flour,False,0.0
fdb62609-f7d9-460c-bc18-e6123c747f57,London,2,1,1,0.0,English,False,0.0
fdc44f56-4049-4311-be8c-f053039048cb,English,2,1,1,0.0,French,False,0.0
fdd3cd81-a2f5-4101-bcce-645612ad3ab5,Italian,2,1,1,1.0,Italian,False,0.0
fdd6b16b-4284-41b5-8ce4-a4812d0c6fa7,French,0,1,1,1.0,French,False,0.0
fde0441b-06fd-4932-a6f2-5f99ecbdadc9,kidney,1,1,1,0.0,honey,False,1.0
fde95a54-2f4a-4fc2-ab6e-0d52bb41f329,French,1,1,1,1.0,French,False,0.0
fdeb163b-e472-436a-96cc-b312209acb44,Albania,0,1,1,0.0,Croatia,False,0.0
fdf6687c-6d21-40a0-8f01-241dd59eb4b7,Blackpool,2,1,1,0.0,London,False,0.0
fdf9423f-d124-47a1-aa69-bebdf04fe89c,Russian,1,1,1,1.0,Russian,False,0.0
fdfc0c1a-2cb2-4f69-bbeb-2adf12102ef3,Honda,2,1,1,0.0,Google,False,1.0
fdfd6a27-588e-4540-ac01-5c9794f23f8f,Ankara,1,1,1,0.0,Tokyo,False,1.0
fe020376-e72b-4422-9144-6f5ff20f4ce3,"Cambridge, Massachusetts",2,1,1,0.0,"Boston, Massachusetts",False,1.0
fe0a588b-86f3-4d13-8ec7-735c0fe1ca9f,London,2,1,1,1.0,London,False,1.0
fe120f87-7bd1-406e-8cc3-c84d338df172,"Springfield, Missouri",1,1,1,0.0,English,False,0.0
fe162048-0481-4421-87f2-d810f6a59950,Singapore,1,1,1,0.0,London,False,0.0
fe1ddf8b-096c-4b91-bcc2-99e0465df5a0,Vienna,4,1,1,0.0,"Berlin, Germany",False,0.0
fe1e6b04-c9f0-4c87-ba99-ed95588cee19,manga,1,1,1,0.0,English language,False,0.0
fe25ee31-a4f5-4978-9f87-8455c9a655ac,jazz,1,1,1,1.0,jazz,False,0.0
fe2bdbdf-d3ff-4ac5-9ed1-c171c2ab5442,Beirut,2,1,1,0.0,Paris,False,0.0
fe2c8972-680f-4c90-b31e-32f798c483f7,History channel,3,1,1,0.0,NBC,False,0.0
fe31fad1-acb2-4860-8f39-6b7287d91282,Spanish,4,1,1,0.0,English,False,0.0
fe3646b4-4f35-4a48-83ac-bb00dd4a43b8,Vienna,2,1,1,0.0,Berlin,False,1.0
fe4ad242-f546-4577-8892-5a341d850193,"Miami, Florida",2,1,1,0.0,London,False,0.0
fe4dee13-4b93-494d-b5a4-e3666f85e5f8,"Burlington, Vermont",0,1,1,0.0,French,False,0.0
fe578d01-7540-46cf-9923-50b296ff24da,volcano,2,1,1,0.0,Antarctica,False,1.0
fe588eb4-1109-4703-98f0-b8121088e563,Madrid,2,1,1,1.0,Madrid,False,0.0
fe5bb24f-f879-4989-a8f3-83af649a39ee,Italian,4,1,1,1.0,Italian,False,0.0
fe657c1d-023f-482e-83ec-8b5ec9919913,English,2,1,1,1.0,English,False,0.0
fe67e0f3-f336-4311-9e6b-5b0cc4c20ec8,Munich,4,1,1,0.0,Berlin,False,0.0
fe71dc61-da03-4ea7-ba53-11370fef2d7d,Naples,2,1,1,0.0,Florence,False,0.0
fe73f0e1-0437-42b8-828d-5dab83628925,Nokia,1,1,1,1.0,Nokia,False,1.0
fe7f9aa3-4dbd-42d2-b9a1-ffeb0e4ddf18,Toyota,1,1,1,0.0,French,False,0.0
fe841f1d-f047-4991-88f0-e234bc2f3b66,"Lund, Sweden",4,1,1,0.0,Oslo,False,0.0
fe9f47be-8ceb-4dff-ae46-d2d05e4b39aa,Challenge TV,2,1,1,0.0,NBC,False,0.0
fea26b0f-1303-4b65-83f9-047d9339b352,Suzuki,4,1,1,0.0,Toyota,False,1.0
fea5f925-20bb-4ff8-888e-533eccbf6f3d,French,2,1,1,1.0,French,False,0.0
feacc88b-0b9e-4302-a542-51c5b2a97563,Vietnam,0,1,1,0.0,Beijing,False,0.0
feacfebb-6ac2-43a7-87f4-4b62c9921cb9,linguist,2,1,1,0.0,pianist,False,0.0
feb33b80-f619-435a-87cc-d8bbac14b354,IBM,0,1,1,0.0,Microsoft,False,0.0
feb52eaa-b8f9-4270-acc6-14c4a7b05012,CBS,2,1,1,0.0,NBC,False,0.0
feb7e423-6706-4b92-82e2-8108a3440d4b,BBC,0,1,1,1.0,BBC,False,0.0
febec542-d0b9-4118-90bb-8d5283e98f7f,ESPN,3,1,1,0.0,NBC,False,0.0
fec4e7c5-21c8-4361-8dfb-b53b7dffbefa,regent,0,1,1,0.0,Sultan,False,0.0
fece9105-a93c-4cd3-89e7-00c06b3fef0b,French,1,1,1,1.0,French,False,1.0
fecfd669-35cf-411a-acf2-47212ef8d02e,Ottawa,4,1,1,0.0,"Seattle, Washington",False,1.0
fedb81ab-6c3c-464a-b4b6-e405b4f7b8c7,Sheffield,0,1,1,0.0,London,False,0.0
fee07bff-3076-40f0-833b-dfe35ebf9df9,Chevrolet,3,1,1,1.0,Chevrolet,False,1.0
fee37269-b99d-4def-9745-7a59b5fc4771,Munich,0,1,1,0.0,Italian,False,0.0
fef26a15-b69e-4f43-8eb8-a97986aea469,bishop,2,1,1,1.0,bishop,False,0.0
fef9d602-c788-4419-a77a-7bc26f695dd8,French,3,1,1,1.0,French,False,0.0
ff0aee77-4636-4cfa-803f-c77b0ac46067,Antarctica,2,1,1,1.0,Antarctica,False,0.0
ff178dc6-0c2f-444c-a9fe-49c46e991732,carbon,1,1,1,0.0,Microsoft,False,0.0
ff186603-bdd1-411a-a902-b87df523c332,French,3,1,1,1.0,French,False,1.0
ff1d2888-bf98-4ddd-86e2-712405e9d374,MTV,3,1,1,0.0,NBC,False,0.0
ff21f175-30f4-4bbb-8c8d-b13f84f7acfb,Netherlands,2,1,1,0.0,London,False,1.0
ff28aa4b-bec0-45df-9dc5-8eea26bebe03,Bononia,0,1,1,0.0,Rome,False,0.0
ff384e99-611e-4729-a06d-43765f9b08e6,Antarctic,4,1,1,1.0,Antarctica,False,0.0
ff3bcbff-2d55-4b59-b00e-4aeddb3b97f6,Leipzig,2,1,1,0.0,Berlin,False,0.0
ff3c8eca-36b1-48d8-b834-d6d8d808035a,French,0,1,1,1.0,French,False,1.0
ff3d88f7-ca2d-4fd7-bc42-6c546e8b2e58,"Vancouver, British Columbia, Canada",1,1,1,0.0,French,False,0.0
ff5d6e1f-f94d-467f-82c0-bd31032dd786,Motown,3,1,1,0.0,English,False,0.0
ff630c6b-fb89-498e-bde0-6865e9c48a37,Russian,3,1,1,1.0,Russian,False,1.0
ff661bd7-0f5d-43cf-af93-83756cf940f5,quarterback,1,1,1,0.0,linebacker,False,0.0
ff6d4dbc-3713-43bd-94db-ba0b639bc717,Volvo Cars,3,1,1,0.0,Honda,False,1.0
ff889831-d12d-449b-a0ca-5c765dc730af,Spanish,4,1,1,0.0,English,False,0.0
ff88ecd8-154e-4cfb-b011-39f3aa12b1ca,defensive midfielder,3,1,1,1.0,midfielder,False,0.0
ff8ae245-c4bd-4c71-9269-16b9f931079e,Prague,2,1,1,0.0,Warsaw,False,0.0
ffa36fa7-97ea-4e49-a97a-2642a2b5734d,English,4,1,1,1.0,English,False,0.0
ffa60a68-4e5f-4eb0-a3f3-76d9ce4a4a58,NBC,0,1,1,1.0,NBC,False,0.0
ffb14ec4-8cf7-42d2-ad8f-d18c647a1f54,flour,4,1,1,1.0,flour,False,0.0
ffbe3509-b9cf-40c6-a5a6-e6252609a317,Nickelodeon,4,1,1,0.0,NBC,False,0.0
ffc8ae37-a90c-4eba-9a5d-24c5248ca673,Yes (band),2,1,1,0.0,English,False,0.0
ffcabd3f-0adc-4d98-bc33-07257125c321,"Mobile, Alabama",3,1,1,0.0,"Savannah, Georgia",False,0.0
ffcad32a-d4ea-4446-ba69-10be9b300330,English,3,1,1,1.0,English,False,0.0
ffd09967-ce17-4bdc-85bf-1a06eed4fd60,NBC,0,1,1,0.0,CBS,False,0.0
ffd61595-b4a5-4f83-9b29-56b8c593615b,Gibson Guitar Corporation,3,1,1,0.0,French,False,0.0
ffd91062-696e-4678-9754-ff40f8c13a31,Nickelodeon,1,1,1,0.0,NBC,False,0.0
ffe1f6f9-bb2a-409d-8a39-c472eb8b5052,"Rochester, MN",2,1,1,0.0,London,False,0.0
ffe61df6-21be-45ab-af2b-8f351c8822d6,NBC,2,1,1,1.0,NBC,False,0.0
ffeb80c5-0461-40d9-92b7-0e4f307ade56,defensive midfielder,3,1,1,1.0,midfielder,False,0.0
ffeca3c9-04f6-4149-9a6d-ddef875f9847,Italian,0,1,1,1.0,Italian,False,0.0
fff9bb51-0ad6-433c-b866-f8e2afbe3d8b,Rome,0,1,1,0.0,Paris,False,0.0
fffcf7fa-d1ec-4f55-b5ac-2291e9c1d54b,Galicia (Spain),2,1,1,0.0,bishop,False,0.0
