target_key,rho,efficacy,collateral,neighbor_count,neighbors_observed,neighbors_full_correct,gap_term
0004a59e-08f5-4597-a4f5-3f1d2620944e,0.95,1.0,0.0,6,6,6,0.0
0004a59e-08f5-4597-a4f5-3f1d2620944e,0.9,1.0,0.0,6,6,6,0.0
0004a59e-08f5-4597-a4f5-3f1d2620944e,0.85,0.0,0.0,6,6,6,1.0
0004a59e-08f5-4597-a4f5-3f1d2620944e,0.8,0.0,0.0,6,6,6,1.0
0004a59e-08f5-4597-a4f5-3f1d2620944e,0.75,1.0,0.0,6,6,6,0.0
0004a59e-08f5-4597-a4f5-3f1d2620944e,0.7,1.0,0.0,6,6,6,0.0
002ccc7a-39c7-4225-826c-041d5f5ae344,0.95,0.0,0.0,8,8,8,1.0
002ccc7a-39c7-4225-826c-041d5f5ae344,0.9,0.0,0.0,8,8,8,1.0
002ccc7a-39c7-4225-826c-041d5f5ae344,0.85,1.0,0.0,8,8,8,0.0
002ccc7a-39c7-4225-826c-041d5f5ae344,0.8,0.0,0.0,8,8,8,1.0
002ccc7a-39c7-4225-826c-041d5f5ae344,0.75,0.0,0.0,8,8,8,1.0
002ccc7a-39c7-4225-826c-041d5f5ae344,0.7,0.0,0.0,8,8,8,1.0
009b44ff-878e-4bd6-bf2b-bd1396ece39e,0.95,1.0,0.0,5,5,5,0.0
009b44ff-878e-4bd6-bf2b-bd1396ece39e,0.9,1.0,0.0,5,5,5,0.0
009b44ff-878e-4bd6-bf2b-bd1396ece39e,0.85,1.0,0.0,5,5,5,0.0
009b44ff-878e-4bd6-bf2b-bd1396ece39e,0.8,1.0,0.0,5,5,5,0.0
009b44ff-878e-4bd6-bf2b-bd1396ece39e,0.75,1.0,0.0,5,5,5,0.0
009b44ff-878e-4bd6-bf2b-bd1396ece39e,0.7,1.0,0.0,5,5,5,0.0
01ce6a94-1c4f-4664-8ef4-07d5dee525d9,0.95,1.0,0.0,5,5,5,0.0
01ce6a94-1c4f-4664-8ef4-07d5dee525d9,0.9,1.0,0.0,5,5,5,0.0
01ce6a94-1c4f-4664-8ef4-07d5dee525d9,0.85,1.0,0.0,5,5,5,0.0
01ce6a94-1c4f-4664-8ef4-07d5dee525d9,0.8,1.0,0.0,5,5,5,0.0
01ce6a94-1c4f-4664-8ef4-07d5dee525d9,0.75,1.0,0.0,5,5,5,0.0
01ce6a94-1c4f-4664-8ef4-07d5dee525d9,0.7,1.0,0.0,5,5,5,0.0
0255884b-7e4c-4103-a55c-30fb9b198ab9,0.95,1.0,0.0,5,5,5,0.0
0255884b-7e4c-4103-a55c-30fb9b198ab9,0.9,1.0,0.0,5,5,5,0.0
0255884b-7e4c-4103-a55c-30fb9b198ab9,0.85,1.0,0.0,5,5,5,0.0
0255884b-7e4c-4103-a55c-30fb9b198ab9,0.8,1.0,0.0,5,5,5,0.0
0255884b-7e4c-4103-a55c-30fb9b198ab9,0.75,1.0,0.0,5,5,5,0.0
0255884b-7e4c-4103-a55c-30fb9b198ab9,0.7,1.0,0.0,5,5,5,0.0
02ed2027-16fc-41bb-ace4-6af660f5482c,0.95,1.0,0.0,5,5,5,0.0
02ed2027-16fc-41bb-ace4-6af660f5482c,0.9,1.0,0.0,5,5,5,0.0
02ed2027-16fc-41bb-ace4-6af660f5482c,0.85,1.0,0.0,5,5,5,0.0
02ed2027-16fc-41bb-ace4-6af660f5482c,0.8,1.0,0.0,5,5,5,0.0
02ed2027-16fc-41bb-ace4-6af660f5482c,0.75,1.0,0.0,5,5,5,0.0
02ed2027-16fc-41bb-ace4-6af660f5482c,0.7,1.0,0.0,5,5,5,0.0
03161dc0-3d38-4457-ab4f-618bdd21fb2c,0.95,0.0,0.0,5,5,5,1.0
03161dc0-3d38-4457-ab4f-618bdd21fb2c,0.9,0.0,0.0,5,5,5,1.0
03161dc0-3d38-4457-ab4f-618bdd21fb2c,0.85,0.0,0.0,5,5,5,1.0
03161dc0-3d38-4457-ab4f-618bdd21fb2c,0.8,0.0,0.0,5,5,5,1.0
03161dc0-3d38-4457-ab4f-618bdd21fb2c,0.75,1.0,0.0,5,5,5,0.0
03161dc0-3d38-4457-ab4f-618bdd21fb2c,0.7,1.0,0.0,5,5,5,0.0
04011add-c9a6-48f4-9b83-c98b4521d425,0.95,1.0,0.0,5,5,5,0.0
04011add-c9a6-48f4-9b83-c98b4521d425,0.9,1.0,0.0,5,5,5,0.0
04011add-c9a6-48f4-9b83-c98b4521d425,0.85,1.0,0.0,5,5,5,0.0
04011add-c9a6-48f4-9b83-c98b4521d425,0.8,1.0,0.0,5,5,5,0.0
04011add-c9a6-48f4-9b83-c98b4521d425,0.75,1.0,0.0,5,5,5,0.0
04011add-c9a6-48f4-9b83-c98b4521d425,0.7,1.0,0.0,5,5,5,0.0
04ccefe0-50e6-41ec-8e3d-3c43a7e51e82,0.95,1.0,0.0,5,5,5,0.0
04ccefe0-50e6-41ec-8e3d-3c43a7e51e82,0.9,1.0,0.0,5,5,5,0.0
04ccefe0-50e6-41ec-8e3d-3c43a7e51e82,0.85,1.0,0.0,5,5,5,0.0
04ccefe0-50e6-41ec-8e3d-3c43a7e51e82,0.8,1.0,0.0,5,5,5,0.0
04ccefe0-50e6-41ec-8e3d-3c43a7e51e82,0.75,1.0,0.0,5,5,5,0.0
04ccefe0-50e6-41ec-8e3d-3c43a7e51e82,0.7,1.0,0.0,5,5,5,0.0
04ddde5e-7b37-4e26-b4e1-f9abd2cdb30e,0.95,0.0,0.0,11,11,11,1.0
04ddde5e-7b37-4e26-b4e1-f9abd2cdb30e,0.9,0.0,0.0,11,11,11,1.0
04ddde5e-7b37-4e26-b4e1-f9abd2cdb30e,0.85,1.0,0.0,11,11,11,0.0
04ddde5e-7b37-4e26-b4e1-f9abd2cdb30e,0.8,1.0,0.0,11,11,11,0.0
04ddde5e-7b37-4e26-b4e1-f9abd2cdb30e,0.75,1.0,0.0,11,11,11,0.0
04ddde5e-7b37-4e26-b4e1-f9abd2cdb30e,0.7,1.0,0.18181818181818182,11,11,11,0.18181818181818182
05c96e03-d471-4074-b219-212ace5e466e,0.95,1.0,0.0,5,5,5,0.0
05c96e03-d471-4074-b219-212ace5e466e,0.9,1.0,0.0,5,5,5,0.0
05c96e03-d471-4074-b219-212ace5e466e,0.85,1.0,0.0,5,5,5,0.0
05c96e03-d471-4074-b219-212ace5e466e,0.8,1.0,0.0,5,5,5,0.0
05c96e03-d471-4074-b219-212ace5e466e,0.75,1.0,0.0,5,5,5,0.0
05c96e03-d471-4074-b219-212ace5e466e,0.7,1.0,0.0,5,5,5,0.0
062ebb5b-1a6f-4e7c-8283-daa9b579efa7,0.95,1.0,0.0,5,5,5,0.0
062ebb5b-1a6f-4e7c-8283-daa9b579efa7,0.9,0.0,0.0,5,5,5,1.0
062ebb5b-1a6f-4e7c-8283-daa9b579efa7,0.85,0.0,0.0,5,5,5,1.0
062ebb5b-1a6f-4e7c-8283-daa9b579efa7,0.8,1.0,0.0,5,5,5,0.0
062ebb5b-1a6f-4e7c-8283-daa9b579efa7,0.75,1.0,0.0,5,5,5,0.0
062ebb5b-1a6f-4e7c-8283-daa9b579efa7,0.7,1.0,0.0,5,5,5,0.0
08422523-29ad-4868-9096-4ef4d2f08768,0.95,1.0,0.0,5,5,5,0.0
08422523-29ad-4868-9096-4ef4d2f08768,0.9,1.0,0.0,5,5,5,0.0
08422523-29ad-4868-9096-4ef4d2f08768,0.85,1.0,0.0,5,5,5,0.0
08422523-29ad-4868-9096-4ef4d2f08768,0.8,1.0,0.0,5,5,5,0.0
08422523-29ad-4868-9096-4ef4d2f08768,0.75,1.0,0.0,5,5,5,0.0
08422523-29ad-4868-9096-4ef4d2f08768,0.7,1.0,0.0,5,5,5,0.0
09d8adc3-fbd5-42e2-80d5-5fc4ae3cf978,0.95,1.0,0.0,5,5,5,0.0
09d8adc3-fbd5-42e2-80d5-5fc4ae3cf978,0.9,1.0,0.0,5,5,5,0.0
09d8adc3-fbd5-42e2-80d5-5fc4ae3cf978,0.85,1.0,0.0,5,5,5,0.0
09d8adc3-fbd5-42e2-80d5-5fc4ae3cf978,0.8,1.0,0.0,5,5,5,0.0
09d8adc3-fbd5-42e2-80d5-5fc4ae3cf978,0.75,1.0,0.0,5,5,5,0.0
09d8adc3-fbd5-42e2-80d5-5fc4ae3cf978,0.7,1.0,0.0,5,5,5,0.0
0a98b831-9122-422a-8d15-324619e90aa3,0.95,0.0,0.0,5,5,5,1.0
0a98b831-9122-422a-8d15-324619e90aa3,0.9,1.0,0.0,5,5,5,0.0
0a98b831-9122-422a-8d15-324619e90aa3,0.85,1.0,0.0,5,5,5,0.0
0a98b831-9122-422a-8d15-324619e90aa3,0.8,1.0,0.0,5,5,5,0.0
0a98b831-9122-422a-8d15-324619e90aa3,0.75,0.0,0.0,5,5,5,1.0
0a98b831-9122-422a-8d15-324619e90aa3,0.7,0.0,0.0,5,5,5,1.0
0bfcf9bf-2c3e-4cea-a452-89d7fed81720,0.95,0.0,0.0,5,5,5,1.0
0bfcf9bf-2c3e-4cea-a452-89d7fed81720,0.9,0.0,0.0,5,5,5,1.0
0bfcf9bf-2c3e-4cea-a452-89d7fed81720,0.85,1.0,0.0,5,5,5,0.0
0bfcf9bf-2c3e-4cea-a452-89d7fed81720,0.8,1.0,0.0,5,5,5,0.0
0bfcf9bf-2c3e-4cea-a452-89d7fed81720,0.75,1.0,0.0,5,5,5,0.0
0bfcf9bf-2c3e-4cea-a452-89d7fed81720,0.7,1.0,0.0,5,5,5,0.0
0d14af5e-a808-478f-b3e7-06ef63c102bf,0.95,1.0,0.0,5,5,5,0.0
0d14af5e-a808-478f-b3e7-06ef63c102bf,0.9,1.0,0.0,5,5,5,0.0
0d14af5e-a808-478f-b3e7-06ef63c102bf,0.85,1.0,0.0,5,5,5,0.0
0d14af5e-a808-478f-b3e7-06ef63c102bf,0.8,1.0,0.0,5,5,5,0.0
0d14af5e-a808-478f-b3e7-06ef63c102bf,0.75,1.0,0.0,5,5,5,0.0
0d14af5e-a808-478f-b3e7-06ef63c102bf,0.7,1.0,0.0,5,5,5,0.0
0e95a2f8-d17f-4a0c-89a4-13c93950ce39,0.95,1.0,0.0,5,5,5,0.0
0e95a2f8-d17f-4a0c-89a4-13c93950ce39,0.9,1.0,0.0,5,5,5,0.0
0e95a2f8-d17f-4a0c-89a4-13c93950ce39,0.85,1.0,0.0,5,5,5,0.0
0e95a2f8-d17f-4a0c-89a4-13c93950ce39,0.8,1.0,0.0,5,5,5,0.0
0e95a2f8-d17f-4a0c-89a4-13c93950ce39,0.75,1.0,0.0,5,5,5,0.0
0e95a2f8-d17f-4a0c-89a4-13c93950ce39,0.7,1.0,0.0,5,5,5,0.0
0fbcaf93-3804-47e2-b373-e73c2edc6afd,0.95,1.0,0.0,5,5,5,0.0
0fbcaf93-3804-47e2-b373-e73c2edc6afd,0.9,1.0,0.0,5,5,5,0.0
0fbcaf93-3804-47e2-b373-e73c2edc6afd,0.85,1.0,0.0,5,5,5,0.0
0fbcaf93-3804-47e2-b373-e73c2edc6afd,0.8,1.0,0.0,5,5,5,0.0
0fbcaf93-3804-47e2-b373-e73c2edc6afd,0.75,1.0,0.0,5,5,5,0.0
0fbcaf93-3804-47e2-b373-e73c2edc6afd,0.7,1.0,0.0,5,5,5,0.0
1032b5fe-8a31-442a-bae4-806521db9ccc,0.95,1.0,0.0,5,5,5,0.0
1032b5fe-8a31-442a-bae4-806521db9ccc,0.9,1.0,0.0,5,5,5,0.0
1032b5fe-8a31-442a-bae4-806521db9ccc,0.85,1.0,0.0,5,5,5,0.0
1032b5fe-8a31-442a-bae4-806521db9ccc,0.8,1.0,0.0,5,5,5,0.0
1032b5fe-8a31-442a-bae4-806521db9ccc,0.75,1.0,0.0,5,5,5,0.0
1032b5fe-8a31-442a-bae4-806521db9ccc,0.7,1.0,0.0,5,5,5,0.0
10beb965-2564-45ac-b577-27c7906133ff,0.95,1.0,0.0,5,5,5,0.0
10beb965-2564-45ac-b577-27c7906133ff,0.9,1.0,0.0,5,5,5,0.0
10beb965-2564-45ac-b577-27c7906133ff,0.85,1.0,0.0,5,5,5,0.0
10beb965-2564-45ac-b577-27c7906133ff,0.8,1.0,0.0,5,5,5,0.0
10beb965-2564-45ac-b577-27c7906133ff,0.75,1.0,0.0,5,5,5,0.0
10beb965-2564-45ac-b577-27c7906133ff,0.7,1.0,0.0,5,5,5,0.0
10cd791d-57f3-42c9-8dee-20a08556af42,0.95,1.0,0.0,5,5,5,0.0
10cd791d-57f3-42c9-8dee-20a08556af42,0.9,1.0,0.0,5,5,5,0.0
10cd791d-57f3-42c9-8dee-20a08556af42,0.85,1.0,0.0,5,5,5,0.0
10cd791d-57f3-42c9-8dee-20a08556af42,0.8,1.0,0.0,5,5,5,0.0
10cd791d-57f3-42c9-8dee-20a08556af42,0.75,1.0,0.0,5,5,5,0.0
10cd791d-57f3-42c9-8dee-20a08556af42,0.7,1.0,0.0,5,5,5,0.0
1128c9e5-0faf-453a-bba1-3e546a781b6c,0.95,1.0,0.0,5,5,5,0.0
1128c9e5-0faf-453a-bba1-3e546a781b6c,0.9,1.0,0.0,5,5,5,0.0
1128c9e5-0faf-453a-bba1-3e546a781b6c,0.85,1.0,0.0,5,5,5,0.0
1128c9e5-0faf-453a-bba1-3e546a781b6c,0.8,1.0,0.0,5,5,5,0.0
1128c9e5-0faf-453a-bba1-3e546a781b6c,0.75,1.0,0.0,5,5,5,0.0
1128c9e5-0faf-453a-bba1-3e546a781b6c,0.7,1.0,0.0,5,5,5,0.0
12c69ca8-9f05-4c83-9f53-e5ef30436c73,0.95,1.0,0.0,5,5,5,0.0
12c69ca8-9f05-4c83-9f53-e5ef30436c73,0.9,1.0,0.0,5,5,5,0.0
12c69ca8-9f05-4c83-9f53-e5ef30436c73,0.85,1.0,0.0,5,5,5,0.0
12c69ca8-9f05-4c83-9f53-e5ef30436c73,0.8,1.0,0.0,5,5,5,0.0
12c69ca8-9f05-4c83-9f53-e5ef30436c73,0.75,0.0,0.0,5,5,5,1.0
12c69ca8-9f05-4c83-9f53-e5ef30436c73,0.7,1.0,0.0,5,5,5,0.0
130c8b2e-92ff-45c5-a57a-6276297fc058,0.95,0.0,0.0,5,5,5,1.0
130c8b2e-92ff-45c5-a57a-6276297fc058,0.9,0.0,0.0,5,5,5,1.0
130c8b2e-92ff-45c5-a57a-6276297fc058,0.85,0.0,0.0,5,5,5,1.0
130c8b2e-92ff-45c5-a57a-6276297fc058,0.8,1.0,0.0,5,5,5,0.0
130c8b2e-92ff-45c5-a57a-6276297fc058,0.75,1.0,0.0,5,5,5,0.0
130c8b2e-92ff-45c5-a57a-6276297fc058,0.7,0.0,0.0,5,5,5,1.0
134e31cd-dd20-4e07-be46-fe13062bb01e,0.95,1.0,0.0,5,5,5,0.0
134e31cd-dd20-4e07-be46-fe13062bb01e,0.9,1.0,0.0,5,5,5,0.0
134e31cd-dd20-4e07-be46-fe13062bb01e,0.85,1.0,0.0,5,5,5,0.0
134e31cd-dd20-4e07-be46-fe13062bb01e,0.8,1.0,0.0,5,5,5,0.0
134e31cd-dd20-4e07-be46-fe13062bb01e,0.75,0.0,0.0,5,5,5,1.0
134e31cd-dd20-4e07-be46-fe13062bb01e,0.7,0.0,0.0,5,5,5,1.0
1411716a-c40c-4b3c-a3aa-d83788826fcf,0.95,0.0,0.0,5,5,5,1.0
1411716a-c40c-4b3c-a3aa-d83788826fcf,0.9,0.0,0.0,5,5,5,1.0
1411716a-c40c-4b3c-a3aa-d83788826fcf,0.85,0.0,0.0,5,5,5,1.0
1411716a-c40c-4b3c-a3aa-d83788826fcf,0.8,1.0,0.0,5,5,5,0.0
1411716a-c40c-4b3c-a3aa-d83788826fcf,0.75,1.0,0.0,5,5,5,0.0
1411716a-c40c-4b3c-a3aa-d83788826fcf,0.7,1.0,0.0,5,5,5,0.0
145f9691-e9b1-45b0-a751-698c469f8a7f,0.95,0.0,0.0,5,5,5,1.0
145f9691-e9b1-45b0-a751-698c469f8a7f,0.9,1.0,0.0,5,5,5,0.0
145f9691-e9b1-45b0-a751-698c469f8a7f,0.85,1.0,0.0,5,5,5,0.0
145f9691-e9b1-45b0-a751-698c469f8a7f,0.8,1.0,0.0,5,5,5,0.0
145f9691-e9b1-45b0-a751-698c469f8a7f,0.75,0.0,0.0,5,5,5,1.0
145f9691-e9b1-45b0-a751-698c469f8a7f,0.7,0.0,0.0,5,5,5,1.0
146a27ae-9dca-4309-9f9f-2eea5660fdfd,0.95,1.0,0.0,5,5,5,0.0
146a27ae-9dca-4309-9f9f-2eea5660fdfd,0.9,1.0,0.0,5,5,5,0.0
146a27ae-9dca-4309-9f9f-2eea5660fdfd,0.85,1.0,0.0,5,5,5,0.0
146a27ae-9dca-4309-9f9f-2eea5660fdfd,0.8,1.0,0.0,5,5,5,0.0
146a27ae-9dca-4309-9f9f-2eea5660fdfd,0.75,0.0,0.0,5,5,5,1.0
146a27ae-9dca-4309-9f9f-2eea5660fdfd,0.7,1.0,0.0,5,5,5,0.0
147c0536-821a-446a-973c-2dca3793de7c,0.95,0.0,0.0,5,5,5,1.0
147c0536-821a-446a-973c-2dca3793de7c,0.9,1.0,0.0,5,5,5,0.0
147c0536-821a-446a-973c-2dca3793de7c,0.85,1.0,0.0,5,5,5,0.0
147c0536-821a-446a-973c-2dca3793de7c,0.8,1.0,0.0,5,5,5,0.0
147c0536-821a-446a-973c-2dca3793de7c,0.75,1.0,0.0,5,5,5,0.0
147c0536-821a-446a-973c-2dca3793de7c,0.7,1.0,0.0,5,5,5,0.0
149c4076-ac53-4aa3-8b4d-2bd84519a099,0.95,0.0,0.0,5,5,5,1.0
149c4076-ac53-4aa3-8b4d-2bd84519a099,0.9,0.0,0.0,5,5,5,1.0
149c4076-ac53-4aa3-8b4d-2bd84519a099,0.85,0.0,0.0,5,5,5,1.0
149c4076-ac53-4aa3-8b4d-2bd84519a099,0.8,0.0,0.0,5,5,5,1.0
149c4076-ac53-4aa3-8b4d-2bd84519a099,0.75,1.0,0.0,5,5,5,0.0
149c4076-ac53-4aa3-8b4d-2bd84519a099,0.7,1.0,0.0,5,5,5,0.0
150e3f6c-456f-4d85-9dae-5d18ce63d2f3,0.95,1.0,0.0,5,5,5,0.0
150e3f6c-456f-4d85-9dae-5d18ce63d2f3,0.9,1.0,0.0,5,5,5,0.0
150e3f6c-456f-4d85-9dae-5d18ce63d2f3,0.85,1.0,0.0,5,5,5,0.0
150e3f6c-456f-4d85-9dae-5d18ce63d2f3,0.8,1.0,0.0,5,5,5,0.0
150e3f6c-456f-4d85-9dae-5d18ce63d2f3,0.75,1.0,0.0,5,5,5,0.0
150e3f6c-456f-4d85-9dae-5d18ce63d2f3,0.7,1.0,0.0,5,5,5,0.0
1549eb04-5b62-4190-91e7-e0052d0515aa,0.95,1.0,0.0,5,5,5,0.0
1549eb04-5b62-4190-91e7-e0052d0515aa,0.9,1.0,0.0,5,5,5,0.0
1549eb04-5b62-4190-91e7-e0052d0515aa,0.85,1.0,0.0,5,5,5,0.0
1549eb04-5b62-4190-91e7-e0052d0515aa,0.8,1.0,0.0,5,5,5,0.0
1549eb04-5b62-4190-91e7-e0052d0515aa,0.75,1.0,0.0,5,5,5,0.0
1549eb04-5b62-4190-91e7-e0052d0515aa,0.7,1.0,0.0,5,5,5,0.0
169ee8e1-5448-4dca-bad2-b06c9de559c7,0.95,0.0,0.0,5,5,5,1.0
169ee8e1-5448-4dca-bad2-b06c9de559c7,0.9,0.0,0.0,5,5,5,1.0
169ee8e1-5448-4dca-bad2-b06c9de559c7,0.85,0.0,0.0,5,5,5,1.0
169ee8e1-5448-4dca-bad2-b06c9de559c7,0.8,0.0,0.0,5,5,5,1.0
169ee8e1-5448-4dca-bad2-b06c9de559c7,0.75,0.0,0.0,5,5,5,1.0
169ee8e1-5448-4dca-bad2-b06c9de559c7,0.7,1.0,0.0,5,5,5,0.0
17d062a2-f15f-4c9a-b245-94e4c1eb5568,0.95,1.0,0.0,6,6,6,0.0
17d062a2-f15f-4c9a-b245-94e4c1eb5568,0.9,1.0,0.0,6,6,6,0.0
17d062a2-f15f-4c9a-b245-94e4c1eb5568,0.85,1.0,0.0,6,6,6,0.0
17d062a2-f15f-4c9a-b245-94e4c1eb5568,0.8,1.0,0.0,6,6,6,0.0
17d062a2-f15f-4c9a-b245-94e4c1eb5568,0.75,1.0,0.0,6,6,6,0.0
17d062a2-f15f-4c9a-b245-94e4c1eb5568,0.7,1.0,0.0,6,6,6,0.0
18256181-cb70-47d0-b7fa-b6b03a5e1d55,0.95,0.0,0.0,5,5,5,1.0
18256181-cb70-47d0-b7fa-b6b03a5e1d55,0.9,0.0,0.0,5,5,5,1.0
18256181-cb70-47d0-b7fa-b6b03a5e1d55,0.85,0.0,0.0,5,5,5,1.0
18256181-cb70-47d0-b7fa-b6b03a5e1d55,0.8,0.0,0.0,5,5,5,1.0
18256181-cb70-47d0-b7fa-b6b03a5e1d55,0.75,1.0,0.0,5,5,5,0.0
18256181-cb70-47d0-b7fa-b6b03a5e1d55,0.7,1.0,0.0,5,5,5,0.0
1834029a-ea82-4560-b7e7-3b41197c4af2,0.95,1.0,0.0,5,5,5,0.0
1834029a-ea82-4560-b7e7-3b41197c4af2,0.9,1.0,0.0,5,5,5,0.0
1834029a-ea82-4560-b7e7-3b41197c4af2,0.85,1.0,0.0,5,5,5,0.0
1834029a-ea82-4560-b7e7-3b41197c4af2,0.8,1.0,0.0,5,5,5,0.0
1834029a-ea82-4560-b7e7-3b41197c4af2,0.75,1.0,0.0,5,5,5,0.0
1834029a-ea82-4560-b7e7-3b41197c4af2,0.7,0.0,0.0,5,5,5,1.0
18341c0d-3186-483c-ac4e-c05f97285cee,0.95,0.0,0.0,5,5,5,1.0
18341c0d-3186-483c-ac4e-c05f97285cee,0.9,0.0,0.0,5,5,5,1.0
18341c0d-3186-483c-ac4e-c05f97285cee,0.85,0.0,0.0,5,5,5,1.0
18341c0d-3186-483c-ac4e-c05f97285cee,0.8,0.0,0.0,5,5,5,1.0
18341c0d-3186-483c-ac4e-c05f97285cee,0.75,0.0,0.0,5,5,5,1.0
18341c0d-3186-483c-ac4e-c05f97285cee,0.7,0.0,0.0,5,5,5,1.0
1840131a-59fc-4e54-84de-9a745a030e14,0.95,1.0,0.0,5,5,5,0.0
1840131a-59fc-4e54-84de-9a745a030e14,0.9,1.0,0.0,5,5,5,0.0
1840131a-59fc-4e54-84de-9a745a030e14,0.85,1.0,0.0,5,5,5,0.0
1840131a-59fc-4e54-84de-9a745a030e14,0.8,1.0,0.0,5,5,5,0.0
1840131a-59fc-4e54-84de-9a745a030e14,0.75,1.0,0.0,5,5,5,0.0
1840131a-59fc-4e54-84de-9a745a030e14,0.7,1.0,0.0,5,5,5,0.0
185f2219-bbb4-4a52-9687-ceccae5b926d,0.95,1.0,0.0,8,8,8,0.0
185f2219-bbb4-4a52-9687-ceccae5b926d,0.9,1.0,0.0,8,8,8,0.0
185f2219-bbb4-4a52-9687-ceccae5b926d,0.85,1.0,0.0,8,8,8,0.0
185f2219-bbb4-4a52-9687-ceccae5b926d,0.8,1.0,0.0,8,8,8,0.0
185f2219-bbb4-4a52-9687-ceccae5b926d,0.75,1.0,0.0,8,8,8,0.0
185f2219-bbb4-4a52-9687-ceccae5b926d,0.7,1.0,0.0,8,8,8,0.0
18c6ea4a-8bb2-4fa4-9130-2486b17db592,0.95,1.0,0.0,5,5,5,0.0
18c6ea4a-8bb2-4fa4-9130-2486b17db592,0.9,1.0,0.0,5,5,5,0.0
18c6ea4a-8bb2-4fa4-9130-2486b17db592,0.85,1.0,0.0,5,5,5,0.0
18c6ea4a-8bb2-4fa4-9130-2486b17db592,0.8,1.0,0.0,5,5,5,0.0
18c6ea4a-8bb2-4fa4-9130-2486b17db592,0.75,1.0,0.0,5,5,5,0.0
18c6ea4a-8bb2-4fa4-9130-2486b17db592,0.7,1.0,0.0,5,5,5,0.0
196234c4-3ce8-4ec2-b033-6782011c7a0a,0.95,0.0,0.0,5,5,5,1.0
196234c4-3ce8-4ec2-b033-6782011c7a0a,0.9,0.0,0.0,5,5,5,1.0
196234c4-3ce8-4ec2-b033-6782011c7a0a,0.85,0.0,0.0,5,5,5,1.0
196234c4-3ce8-4ec2-b033-6782011c7a0a,0.8,0.0,0.0,5,5,5,1.0
196234c4-3ce8-4ec2-b033-6782011c7a0a,0.75,0.0,0.0,5,5,5,1.0
196234c4-3ce8-4ec2-b033-6782011c7a0a,0.7,1.0,0.0,5,5,5,0.0
19a11ebd-9f98-4985-8090-7ff67364ff9e,0.95,1.0,0.0,8,8,8,0.0
19a11ebd-9f98-4985-8090-7ff67364ff9e,0.9,1.0,0.0,8,8,8,0.0
19a11ebd-9f98-4985-8090-7ff67364ff9e,0.85,1.0,0.0,8,8,8,0.0
19a11ebd-9f98-4985-8090-7ff67364ff9e,0.8,1.0,0.0,8,8,8,0.0
19a11ebd-9f98-4985-8090-7ff67364ff9e,0.75,1.0,0.0,8,8,8,0.0
19a11ebd-9f98-4985-8090-7ff67364ff9e,0.7,1.0,0.0,8,8,8,0.0
1ad90e57-fcf3-4c11-8d9c-90e42a251879,0.95,1.0,0.0,5,5,5,0.0
1ad90e57-fcf3-4c11-8d9c-90e42a251879,0.9,1.0,0.0,5,5,5,0.0
1ad90e57-fcf3-4c11-8d9c-90e42a251879,0.85,1.0,0.0,5,5,5,0.0
1ad90e57-fcf3-4c11-8d9c-90e42a251879,0.8,1.0,0.0,5,5,5,0.0
1ad90e57-fcf3-4c11-8d9c-90e42a251879,0.75,1.0,0.0,5,5,5,0.0
1ad90e57-fcf3-4c11-8d9c-90e42a251879,0.7,1.0,0.0,5,5,5,0.0
1b7812d1-3e88-44b8-99dc-8b1b5b1ef3c4,0.95,1.0,0.0,5,5,5,0.0
1b7812d1-3e88-44b8-99dc-8b1b5b1ef3c4,0.9,1.0,0.0,5,5,5,0.0
1b7812d1-3e88-44b8-99dc-8b1b5b1ef3c4,0.85,1.0,0.0,5,5,5,0.0
1b7812d1-3e88-44b8-99dc-8b1b5b1ef3c4,0.8,0.0,0.0,5,5,5,1.0
1b7812d1-3e88-44b8-99dc-8b1b5b1ef3c4,0.75,1.0,0.0,5,5,5,0.0
1b7812d1-3e88-44b8-99dc-8b1b5b1ef3c4,0.7,0.0,0.0,5,5,5,1.0
1c627f8e-0a7f-4f4c-8223-92e2a8da6931,0.95,0.0,0.0,5,5,5,1.0
1c627f8e-0a7f-4f4c-8223-92e2a8da6931,0.9,0.0,0.0,5,5,5,1.0
1c627f8e-0a7f-4f4c-8223-92e2a8da6931,0.85,0.0,0.0,5,5,5,1.0
1c627f8e-0a7f-4f4c-8223-92e2a8da6931,0.8,0.0,0.0,5,5,5,1.0
1c627f8e-0a7f-4f4c-8223-92e2a8da6931,0.75,0.0,0.0,5,5,5,1.0
1c627f8e-0a7f-4f4c-8223-92e2a8da6931,0.7,1.0,0.0,5,5,5,0.0
1d09ad96-1661-4ccf-aec2-74e252c1d968,0.95,1.0,0.0,5,5,5,0.0
1d09ad96-1661-4ccf-aec2-74e252c1d968,0.9,1.0,0.0,5,5,5,0.0
1d09ad96-1661-4ccf-aec2-74e252c1d968,0.85,1.0,0.0,5,5,5,0.0
1d09ad96-1661-4ccf-aec2-74e252c1d968,0.8,1.0,0.0,5,5,5,0.0
1d09ad96-1661-4ccf-aec2-74e252c1d968,0.75,1.0,0.0,5,5,5,0.0
1d09ad96-1661-4ccf-aec2-74e252c1d968,0.7,0.0,0.0,5,5,5,1.0
1d40a3f2-54fd-40cb-817c-9dcf80f9a9a8,0.95,1.0,0.0,5,5,5,0.0
1d40a3f2-54fd-40cb-817c-9dcf80f9a9a8,0.9,1.0,0.0,5,5,5,0.0
1d40a3f2-54fd-40cb-817c-9dcf80f9a9a8,0.85,1.0,0.0,5,5,5,0.0
1d40a3f2-54fd-40cb-817c-9dcf80f9a9a8,0.8,1.0,0.0,5,5,5,0.0
1d40a3f2-54fd-40cb-817c-9dcf80f9a9a8,0.75,1.0,0.0,5,5,5,0.0
1d40a3f2-54fd-40cb-817c-9dcf80f9a9a8,0.7,1.0,0.0,5,5,5,0.0
1d7ded51-09f7-4c04-a66b-79873b4d346a,0.95,1.0,0.0,5,5,5,0.0
1d7ded51-09f7-4c04-a66b-79873b4d346a,0.9,1.0,0.0,5,5,5,0.0
1d7ded51-09f7-4c04-a66b-79873b4d346a,0.85,0.0,0.0,5,5,5,1.0
1d7ded51-09f7-4c04-a66b-79873b4d346a,0.8,0.0,0.0,5,5,5,1.0
1d7ded51-09f7-4c04-a66b-79873b4d346a,0.75,1.0,0.0,5,5,5,0.0
1d7ded51-09f7-4c04-a66b-79873b4d346a,0.7,1.0,0.0,5,5,5,0.0
1e65ed40-48e2-415f-9889-8b8f0f6e69e2,0.95,1.0,0.0,5,5,5,0.0
1e65ed40-48e2-415f-9889-8b8f0f6e69e2,0.9,1.0,0.0,5,5,5,0.0
1e65ed40-48e2-415f-9889-8b8f0f6e69e2,0.85,1.0,0.0,5,5,5,0.0
1e65ed40-48e2-415f-9889-8b8f0f6e69e2,0.8,0.0,0.0,5,5,5,1.0
1e65ed40-48e2-415f-9889-8b8f0f6e69e2,0.75,0.0,0.0,5,5,5,1.0
1e65ed40-48e2-415f-9889-8b8f0f6e69e2,0.7,1.0,0.0,5,5,5,0.0
1f295679-ee8d-4b8b-bd61-d52097aa68ba,0.95,1.0,0.0,5,5,5,0.0
1f295679-ee8d-4b8b-bd61-d52097aa68ba,0.9,1.0,0.0,5,5,5,0.0
1f295679-ee8d-4b8b-bd61-d52097aa68ba,0.85,1.0,0.0,5,5,5,0.0
1f295679-ee8d-4b8b-bd61-d52097aa68ba,0.8,1.0,0.0,5,5,5,0.0
1f295679-ee8d-4b8b-bd61-d52097aa68ba,0.75,1.0,0.0,5,5,5,0.0
1f295679-ee8d-4b8b-bd61-d52097aa68ba,0.7,1.0,0.0,5,5,5,0.0
1f76fc8d-fa59-42d8-9a1d-3637fc578c1a,0.95,1.0,0.0,5,5,5,0.0
1f76fc8d-fa59-42d8-9a1d-3637fc578c1a,0.9,1.0,0.0,5,5,5,0.0
1f76fc8d-fa59-42d8-9a1d-3637fc578c1a,0.85,1.0,0.0,5,5,5,0.0
1f76fc8d-fa59-42d8-9a1d-3637fc578c1a,0.8,1.0,0.0,5,5,5,0.0
1f76fc8d-fa59-42d8-9a1d-3637fc578c1a,0.75,1.0,0.0,5,5,5,0.0
1f76fc8d-fa59-42d8-9a1d-3637fc578c1a,0.7,1.0,0.0,5,5,5,0.0
1fddad49-16f9-4d73-985a-30b74a5f6e0c,0.95,1.0,0.0,5,5,5,0.0
1fddad49-16f9-4d73-985a-30b74a5f6e0c,0.9,1.0,0.0,5,5,5,0.0
1fddad49-16f9-4d73-985a-30b74a5f6e0c,0.85,1.0,0.0,5,5,5,0.0
1fddad49-16f9-4d73-985a-30b74a5f6e0c,0.8,1.0,0.0,5,5,5,0.0
1fddad49-16f9-4d73-985a-30b74a5f6e0c,0.75,1.0,0.0,5,5,5,0.0
1fddad49-16f9-4d73-985a-30b74a5f6e0c,0.7,1.0,0.0,5,5,5,0.0
1ff0a6b0-b44e-4aa0-b217-818fa2de2d8f,0.95,1.0,0.0,5,5,5,0.0
1ff0a6b0-b44e-4aa0-b217-818fa2de2d8f,0.9,1.0,0.0,5,5,5,0.0
1ff0a6b0-b44e-4aa0-b217-818fa2de2d8f,0.85,1.0,0.0,5,5,5,0.0
1ff0a6b0-b44e-4aa0-b217-818fa2de2d8f,0.8,1.0,0.0,5,5,5,0.0
1ff0a6b0-b44e-4aa0-b217-818fa2de2d8f,0.75,0.0,0.0,5,5,5,1.0
1ff0a6b0-b44e-4aa0-b217-818fa2de2d8f,0.7,0.0,0.0,5,5,5,1.0
2029ee6b-3dda-4016-81ec-26bf1acb3355,0.95,1.0,0.0,5,5,5,0.0
2029ee6b-3dda-4016-81ec-26bf1acb3355,0.9,1.0,0.0,5,5,5,0.0
2029ee6b-3dda-4016-81ec-26bf1acb3355,0.85,1.0,0.0,5,5,5,0.0
2029ee6b-3dda-4016-81ec-26bf1acb3355,0.8,0.0,0.0,5,5,5,1.0
2029ee6b-3dda-4016-81ec-26bf1acb3355,0.75,1.0,0.0,5,5,5,0.0
2029ee6b-3dda-4016-81ec-26bf1acb3355,0.7,1.0,0.0,5,5,5,0.0
2033632f-ba0e-4beb-92ee-5d557838c592,0.95,0.0,0.0,5,5,5,1.0
2033632f-ba0e-4beb-92ee-5d557838c592,0.9,0.0,0.0,5,5,5,1.0
2033632f-ba0e-4beb-92ee-5d557838c592,0.85,0.0,0.0,5,5,5,1.0
2033632f-ba0e-4beb-92ee-5d557838c592,0.8,0.0,0.0,5,5,5,1.0
2033632f-ba0e-4beb-92ee-5d557838c592,0.75,1.0,0.0,5,5,5,0.0
2033632f-ba0e-4beb-92ee-5d557838c592,0.7,0.0,0.0,5,5,5,1.0
21cf226d-8cf3-4a29-96e8-3eb27d2a1d55,0.95,1.0,0.0,5,5,5,0.0
21cf226d-8cf3-4a29-96e8-3eb27d2a1d55,0.9,1.0,0.0,5,5,5,0.0
21cf226d-8cf3-4a29-96e8-3eb27d2a1d55,0.85,1.0,0.0,5,5,5,0.0
21cf226d-8cf3-4a29-96e8-3eb27d2a1d55,0.8,1.0,0.0,5,5,5,0.0
21cf226d-8cf3-4a29-96e8-3eb27d2a1d55,0.75,1.0,0.0,5,5,5,0.0
21cf226d-8cf3-4a29-96e8-3eb27d2a1d55,0.7,1.0,0.0,5,5,5,0.0
22c86836-bc19-4304-892a-b6339006e146,0.95,1.0,0.0,5,5,5,0.0
22c86836-bc19-4304-892a-b6339006e146,0.9,1.0,0.0,5,5,5,0.0
22c86836-bc19-4304-892a-b6339006e146,0.85,1.0,0.0,5,5,5,0.0
22c86836-bc19-4304-892a-b6339006e146,0.8,1.0,0.0,5,5,5,0.0
22c86836-bc19-4304-892a-b6339006e146,0.75,1.0,0.0,5,5,5,0.0
22c86836-bc19-4304-892a-b6339006e146,0.7,1.0,0.0,5,5,5,0.0
2371db10-658c-47c2-973e-a49322ba31fc,0.95,1.0,0.0,8,8,8,0.0
2371db10-658c-47c2-973e-a49322ba31fc,0.9,1.0,0.0,8,8,8,0.0
2371db10-658c-47c2-973e-a49322ba31fc,0.85,1.0,0.0,8,8,8,0.0
2371db10-658c-47c2-973e-a49322ba31fc,0.8,1.0,0.0,8,8,8,0.0
2371db10-658c-47c2-973e-a49322ba31fc,0.75,1.0,0.0,8,8,8,0.0
2371db10-658c-47c2-973e-a49322ba31fc,0.7,1.0,0.0,8,8,8,0.0
2395f92e-05d0-45b7-84b9-7c7a2fbdd660,0.95,0.0,0.0,5,5,5,1.0
2395f92e-05d0-45b7-84b9-7c7a2fbdd660,0.9,0.0,0.0,5,5,5,1.0
2395f92e-05d0-45b7-84b9-7c7a2fbdd660,0.85,1.0,0.0,5,5,5,0.0
2395f92e-05d0-45b7-84b9-7c7a2fbdd660,0.8,1.0,0.0,5,5,5,0.0
2395f92e-05d0-45b7-84b9-7c7a2fbdd660,0.75,1.0,0.0,5,5,5,0.0
2395f92e-05d0-45b7-84b9-7c7a2fbdd660,0.7,1.0,0.0,5,5,5,0.0
2420b0d9-c5d7-47bb-82ba-5f74c129b7e2,0.95,1.0,0.0,5,5,5,0.0
2420b0d9-c5d7-47bb-82ba-5f74c129b7e2,0.9,1.0,0.0,5,5,5,0.0
2420b0d9-c5d7-47bb-82ba-5f74c129b7e2,0.85,1.0,0.0,5,5,5,0.0
2420b0d9-c5d7-47bb-82ba-5f74c129b7e2,0.8,1.0,0.0,5,5,5,0.0
2420b0d9-c5d7-47bb-82ba-5f74c129b7e2,0.75,1.0,0.0,5,5,5,0.0
2420b0d9-c5d7-47bb-82ba-5f74c129b7e2,0.7,1.0,0.0,5,5,5,0.0
24c3c84d-3ca6-45d8-a957-ed0e336b9923,0.95,1.0,0.0,5,5,5,0.0
24c3c84d-3ca6-45d8-a957-ed0e336b9923,0.9,1.0,0.0,5,5,5,0.0
24c3c84d-3ca6-45d8-a957-ed0e336b9923,0.85,1.0,0.0,5,5,5,0.0
24c3c84d-3ca6-45d8-a957-ed0e336b9923,0.8,1.0,0.0,5,5,5,0.0
24c3c84d-3ca6-45d8-a957-ed0e336b9923,0.75,1.0,0.0,5,5,5,0.0
24c3c84d-3ca6-45d8-a957-ed0e336b9923,0.7,1.0,0.0,5,5,5,0.0
26e3dd2f-e730-4c56-9971-0ebafb58de67,0.95,0.0,0.0,9,9,9,1.0
26e3dd2f-e730-4c56-9971-0ebafb58de67,0.9,0.0,0.0,9,9,9,1.0
26e3dd2f-e730-4c56-9971-0ebafb58de67,0.85,0.0,0.0,9,9,9,1.0
26e3dd2f-e730-4c56-9971-0ebafb58de67,0.8,0.0,0.0,9,9,9,1.0
26e3dd2f-e730-4c56-9971-0ebafb58de67,0.75,0.0,0.0,9,9,9,1.0
26e3dd2f-e730-4c56-9971-0ebafb58de67,0.7,0.0,0.0,9,9,9,1.0
2780a04d-f36d-4a90-a1c2-8d82da7356f9,0.95,1.0,0.0,5,5,5,0.0
2780a04d-f36d-4a90-a1c2-8d82da7356f9,0.9,1.0,0.0,5,5,5,0.0
2780a04d-f36d-4a90-a1c2-8d82da7356f9,0.85,1.0,0.0,5,5,5,0.0
2780a04d-f36d-4a90-a1c2-8d82da7356f9,0.8,0.0,0.0,5,5,5,1.0
2780a04d-f36d-4a90-a1c2-8d82da7356f9,0.75,1.0,0.0,5,5,5,0.0
2780a04d-f36d-4a90-a1c2-8d82da7356f9,0.7,1.0,0.0,5,5,5,0.0
28455540-59ae-497f-89ad-05eefb1a690d,0.95,0.0,0.0,8,8,8,1.0
28455540-59ae-497f-89ad-05eefb1a690d,0.9,0.0,0.0,8,8,8,1.0
28455540-59ae-497f-89ad-05eefb1a690d,0.85,0.0,0.0,8,8,8,1.0
28455540-59ae-497f-89ad-05eefb1a690d,0.8,0.0,0.0,8,8,8,1.0
28455540-59ae-497f-89ad-05eefb1a690d,0.75,0.0,0.0,8,8,8,1.0
28455540-59ae-497f-89ad-05eefb1a690d,0.7,0.0,0.0,8,8,8,1.0
284b9670-2581-44fd-92c9-f20a37622512,0.95,1.0,0.0,5,5,5,0.0
284b9670-2581-44fd-92c9-f20a37622512,0.9,1.0,0.0,5,5,5,0.0
284b9670-2581-44fd-92c9-f20a37622512,0.85,1.0,0.0,5,5,5,0.0
284b9670-2581-44fd-92c9-f20a37622512,0.8,1.0,0.0,5,5,5,0.0
284b9670-2581-44fd-92c9-f20a37622512,0.75,1.0,0.0,5,5,5,0.0
284b9670-2581-44fd-92c9-f20a37622512,0.7,0.0,0.0,5,5,5,1.0
2918f582-ff35-4bab-869d-49ef3bff41f9,0.95,1.0,0.0,5,5,5,0.0
2918f582-ff35-4bab-869d-49ef3bff41f9,0.9,1.0,0.0,5,5,5,0.0
2918f582-ff35-4bab-869d-49ef3bff41f9,0.85,1.0,0.0,5,5,5,0.0
2918f582-ff35-4bab-869d-49ef3bff41f9,0.8,1.0,0.0,5,5,5,0.0
2918f582-ff35-4bab-869d-49ef3bff41f9,0.75,1.0,0.0,5,5,5,0.0
2918f582-ff35-4bab-869d-49ef3bff41f9,0.7,1.0,0.0,5,5,5,0.0
299f49a6-dbcb-4da2-b437-a4cfdcdc028f,0.95,1.0,0.0,5,5,5,0.0
299f49a6-dbcb-4da2-b437-a4cfdcdc028f,0.9,1.0,0.0,5,5,5,0.0
299f49a6-dbcb-4da2-b437-a4cfdcdc028f,0.85,1.0,0.0,5,5,5,0.0
299f49a6-dbcb-4da2-b437-a4cfdcdc028f,0.8,1.0,0.0,5,5,5,0.0
299f49a6-dbcb-4da2-b437-a4cfdcdc028f,0.75,1.0,0.0,5,5,5,0.0
299f49a6-dbcb-4da2-b437-a4cfdcdc028f,0.7,1.0,0.0,5,5,5,0.0
29d0e2c7-67c7-4ab8-a097-76508445e56c,0.95,1.0,0.0,5,5,5,0.0
29d0e2c7-67c7-4ab8-a097-76508445e56c,0.9,1.0,0.0,5,5,5,0.0
29d0e2c7-67c7-4ab8-a097-76508445e56c,0.85,1.0,0.0,5,5,5,0.0
29d0e2c7-67c7-4ab8-a097-76508445e56c,0.8,1.0,0.0,5,5,5,0.0
29d0e2c7-67c7-4ab8-a097-76508445e56c,0.75,1.0,0.0,5,5,5,0.0
29d0e2c7-67c7-4ab8-a097-76508445e56c,0.7,1.0,0.0,5,5,5,0.0
2c780c0e-a9d1-4a45-a023-54ff17b4749e,0.95,1.0,0.0,5,5,5,0.0
2c780c0e-a9d1-4a45-a023-54ff17b4749e,0.9,1.0,0.0,5,5,5,0.0
2c780c0e-a9d1-4a45-a023-54ff17b4749e,0.85,1.0,0.0,5,5,5,0.0
2c780c0e-a9d1-4a45-a023-54ff17b4749e,0.8,1.0,0.0,5,5,5,0.0
2c780c0e-a9d1-4a45-a023-54ff17b4749e,0.75,1.0,0.0,5,5,5,0.0
2c780c0e-a9d1-4a45-a023-54ff17b4749e,0.7,1.0,0.0,5,5,5,0.0
2cd733bb-3c9c-4782-bce9-72ed5cfa65cf,0.95,1.0,0.0,5,5,5,0.0
2cd733bb-3c9c-4782-bce9-72ed5cfa65cf,0.9,1.0,0.0,5,5,5,0.0
2cd733bb-3c9c-4782-bce9-72ed5cfa65cf,0.85,1.0,0.0,5,5,5,0.0
2cd733bb-3c9c-4782-bce9-72ed5cfa65cf,0.8,1.0,0.0,5,5,5,0.0
2cd733bb-3c9c-4782-bce9-72ed5cfa65cf,0.75,0.0,0.0,5,5,5,1.0
2cd733bb-3c9c-4782-bce9-72ed5cfa65cf,0.7,1.0,0.0,5,5,5,0.0
2cd9af0e-78fc-46cf-8cec-b46d2cb89ddb,0.95,0.0,0.0,5,5,5,1.0
2cd9af0e-78fc-46cf-8cec-b46d2cb89ddb,0.9,0.0,0.0,5,5,5,1.0
2cd9af0e-78fc-46cf-8cec-b46d2cb89ddb,0.85,0.0,0.0,5,5,5,1.0
2cd9af0e-78fc-46cf-8cec-b46d2cb89ddb,0.8,0.0,0.0,5,5,5,1.0
2cd9af0e-78fc-46cf-8cec-b46d2cb89ddb,0.75,0.0,0.0,5,5,5,1.0
2cd9af0e-78fc-46cf-8cec-b46d2cb89ddb,0.7,1.0,0.0,5,5,5,0.0
2d5b62d4-9e13-4fc1-a080-02078c1374c2,0.95,1.0,0.0,5,5,5,0.0
2d5b62d4-9e13-4fc1-a080-02078c1374c2,0.9,1.0,0.0,5,5,5,0.0
2d5b62d4-9e13-4fc1-a080-02078c1374c2,0.85,1.0,0.0,5,5,5,0.0
2d5b62d4-9e13-4fc1-a080-02078c1374c2,0.8,1.0,0.0,5,5,5,0.0
2d5b62d4-9e13-4fc1-a080-02078c1374c2,0.75,1.0,0.0,5,5,5,0.0
2d5b62d4-9e13-4fc1-a080-02078c1374c2,0.7,1.0,0.0,5,5,5,0.0
2e397825-6fc8-4ef5-8d16-6c8cd69c4114,0.95,1.0,0.0,5,5,5,0.0
2e397825-6fc8-4ef5-8d16-6c8cd69c4114,0.9,1.0,0.0,5,5,5,0.0
2e397825-6fc8-4ef5-8d16-6c8cd69c4114,0.85,1.0,0.0,5,5,5,0.0
2e397825-6fc8-4ef5-8d16-6c8cd69c4114,0.8,1.0,0.0,5,5,5,0.0
2e397825-6fc8-4ef5-8d16-6c8cd69c4114,0.75,1.0,0.0,5,5,5,0.0
2e397825-6fc8-4ef5-8d16-6c8cd69c4114,0.7,1.0,0.0,5,5,5,0.0
2e5cef01-87b6-4abd-9f2d-b9368c325947,0.95,1.0,0.0,5,5,5,0.0
2e5cef01-87b6-4abd-9f2d-b9368c325947,0.9,1.0,0.0,5,5,5,0.0
2e5cef01-87b6-4abd-9f2d-b9368c325947,0.85,1.0,0.0,5,5,5,0.0
2e5cef01-87b6-4abd-9f2d-b9368c325947,0.8,1.0,0.0,5,5,5,0.0
2e5cef01-87b6-4abd-9f2d-b9368c325947,0.75,1.0,0.0,5,5,5,0.0
2e5cef01-87b6-4abd-9f2d-b9368c325947,0.7,1.0,0.0,5,5,5,0.0
2f758adc-b197-4d5a-a93e-19436b8ce080,0.95,1.0,0.0,5,5,5,0.0
2f758adc-b197-4d5a-a93e-19436b8ce080,0.9,1.0,0.0,5,5,5,0.0
2f758adc-b197-4d5a-a93e-19436b8ce080,0.85,1.0,0.0,5,5,5,0.0
2f758adc-b197-4d5a-a93e-19436b8ce080,0.8,1.0,0.0,5,5,5,0.0
2f758adc-b197-4d5a-a93e-19436b8ce080,0.75,0.0,0.0,5,5,5,1.0
2f758adc-b197-4d5a-a93e-19436b8ce080,0.7,1.0,0.0,5,5,5,0.0
3096e768-0d9f-425f-9190-44d5d8e2593a,0.95,1.0,0.0,5,5,5,0.0
3096e768-0d9f-425f-9190-44d5d8e2593a,0.9,1.0,0.0,5,5,5,0.0
3096e768-0d9f-425f-9190-44d5d8e2593a,0.85,1.0,0.0,5,5,5,0.0
3096e768-0d9f-425f-9190-44d5d8e2593a,0.8,1.0,0.0,5,5,5,0.0
3096e768-0d9f-425f-9190-44d5d8e2593a,0.75,1.0,0.0,5,5,5,0.0
3096e768-0d9f-425f-9190-44d5d8e2593a,0.7,1.0,0.0,5,5,5,0.0
31790ac4-10eb-45f1-b68a-7f13e256750e,0.95,1.0,0.0,5,5,5,0.0
31790ac4-10eb-45f1-b68a-7f13e256750e,0.9,1.0,0.0,5,5,5,0.0
31790ac4-10eb-45f1-b68a-7f13e256750e,0.85,1.0,0.0,5,5,5,0.0
31790ac4-10eb-45f1-b68a-7f13e256750e,0.8,1.0,0.0,5,5,5,0.0
31790ac4-10eb-45f1-b68a-7f13e256750e,0.75,1.0,0.0,5,5,5,0.0
31790ac4-10eb-45f1-b68a-7f13e256750e,0.7,1.0,0.0,5,5,5,0.0
31ecac67-6239-4682-99d4-baa570ae0738,0.95,0.0,0.0,5,5,5,1.0
31ecac67-6239-4682-99d4-baa570ae0738,0.9,0.0,0.0,5,5,5,1.0
31ecac67-6239-4682-99d4-baa570ae0738,0.85,0.0,0.0,5,5,5,1.0
31ecac67-6239-4682-99d4-baa570ae0738,0.8,0.0,0.0,5,5,5,1.0
31ecac67-6239-4682-99d4-baa570ae0738,0.75,0.0,0.0,5,5,5,1.0
31ecac67-6239-4682-99d4-baa570ae0738,0.7,1.0,0.0,5,5,5,0.0
3205895c-14cd-4516-8de8-e33e70ae9bc4,0.95,1.0,0.0,5,5,5,0.0
3205895c-14cd-4516-8de8-e33e70ae9bc4,0.9,1.0,0.0,5,5,5,0.0
3205895c-14cd-4516-8de8-e33e70ae9bc4,0.85,1.0,0.0,5,5,5,0.0
3205895c-14cd-4516-8de8-e33e70ae9bc4,0.8,1.0,0.0,5,5,5,0.0
3205895c-14cd-4516-8de8-e33e70ae9bc4,0.75,1.0,0.0,5,5,5,0.0
3205895c-14cd-4516-8de8-e33e70ae9bc4,0.7,1.0,0.0,5,5,5,0.0
3252490a-0319-4c3f-9292-0eb70352062a,0.95,0.0,0.0,5,5,5,1.0
3252490a-0319-4c3f-9292-0eb70352062a,0.9,0.0,0.0,5,5,5,1.0
3252490a-0319-4c3f-9292-0eb70352062a,0.85,0.0,0.0,5,5,5,1.0
3252490a-0319-4c3f-9292-0eb70352062a,0.8,0.0,0.0,5,5,5,1.0
3252490a-0319-4c3f-9292-0eb70352062a,0.75,0.0,0.0,5,5,5,1.0
3252490a-0319-4c3f-9292-0eb70352062a,0.7,0.0,0.0,5,5,5,1.0
32f1b6e1-6ae0-4868-8401-c3b4f3b6b276,0.95,1.0,0.0,5,5,5,0.0
32f1b6e1-6ae0-4868-8401-c3b4f3b6b276,0.9,1.0,0.0,5,5,5,0.0
32f1b6e1-6ae0-4868-8401-c3b4f3b6b276,0.85,1.0,0.0,5,5,5,0.0
32f1b6e1-6ae0-4868-8401-c3b4f3b6b276,0.8,1.0,0.0,5,5,5,0.0
32f1b6e1-6ae0-4868-8401-c3b4f3b6b276,0.75,1.0,0.0,5,5,5,0.0
32f1b6e1-6ae0-4868-8401-c3b4f3b6b276,0.7,1.0,0.0,5,5,5,0.0
334eed48-9b35-42d7-9082-75542bbb3067,0.95,1.0,0.0,5,5,5,0.0
334eed48-9b35-42d7-9082-75542bbb3067,0.9,1.0,0.0,5,5,5,0.0
334eed48-9b35-42d7-9082-75542bbb3067,0.85,1.0,0.0,5,5,5,0.0
334eed48-9b35-42d7-9082-75542bbb3067,0.8,1.0,0.0,5,5,5,0.0
334eed48-9b35-42d7-9082-75542bbb3067,0.75,1.0,0.0,5,5,5,0.0
334eed48-9b35-42d7-9082-75542bbb3067,0.7,1.0,0.0,5,5,5,0.0
3398c5ec-068c-429b-b6bc-2d8cd167772e,0.95,0.0,0.0,5,5,5,1.0
3398c5ec-068c-429b-b6bc-2d8cd167772e,0.9,0.0,0.0,5,5,5,1.0
3398c5ec-068c-429b-b6bc-2d8cd167772e,0.85,0.0,0.0,5,5,5,1.0
3398c5ec-068c-429b-b6bc-2d8cd167772e,0.8,1.0,0.0,5,5,5,0.0
3398c5ec-068c-429b-b6bc-2d8cd167772e,0.75,1.0,0.0,5,5,5,0.0
3398c5ec-068c-429b-b6bc-2d8cd167772e,0.7,1.0,0.0,5,5,5,0.0
33f92ed8-e9b3-4b89-a291-6027a843a740,0.95,0.0,0.0,5,5,5,1.0
33f92ed8-e9b3-4b89-a291-6027a843a740,0.9,0.0,0.0,5,5,5,1.0
33f92ed8-e9b3-4b89-a291-6027a843a740,0.85,0.0,0.0,5,5,5,1.0
33f92ed8-e9b3-4b89-a291-6027a843a740,0.8,0.0,0.0,5,5,5,1.0
33f92ed8-e9b3-4b89-a291-6027a843a740,0.75,0.0,0.0,5,5,5,1.0
33f92ed8-e9b3-4b89-a291-6027a843a740,0.7,0.0,0.0,5,5,5,1.0
36ec690a-3450-4a7f-80eb-07577c33cc9f,0.95,0.0,0.0,5,5,5,1.0
36ec690a-3450-4a7f-80eb-07577c33cc9f,0.9,0.0,0.0,5,5,5,1.0
36ec690a-3450-4a7f-80eb-07577c33cc9f,0.85,0.0,0.0,5,5,5,1.0
36ec690a-3450-4a7f-80eb-07577c33cc9f,0.8,1.0,0.0,5,5,5,0.0
36ec690a-3450-4a7f-80eb-07577c33cc9f,0.75,1.0,0.0,5,5,5,0.0
36ec690a-3450-4a7f-80eb-07577c33cc9f,0.7,1.0,0.0,5,5,5,0.0
3713369a-a6d0-455b-9142-fb39433abbbd,0.95,1.0,0.0,5,5,5,0.0
3713369a-a6d0-455b-9142-fb39433abbbd,0.9,1.0,0.0,5,5,5,0.0
3713369a-a6d0-455b-9142-fb39433abbbd,0.85,1.0,0.0,5,5,5,0.0
3713369a-a6d0-455b-9142-fb39433abbbd,0.8,1.0,0.0,5,5,5,0.0
3713369a-a6d0-455b-9142-fb39433abbbd,0.75,1.0,0.0,5,5,5,0.0
3713369a-a6d0-455b-9142-fb39433abbbd,0.7,1.0,0.0,5,5,5,0.0
379b8310-9cc8-4fec-b980-f8322242663c,0.95,1.0,0.0,5,5,5,0.0
379b8310-9cc8-4fec-b980-f8322242663c,0.9,1.0,0.0,5,5,5,0.0
379b8310-9cc8-4fec-b980-f8322242663c,0.85,1.0,0.0,5,5,5,0.0
379b8310-9cc8-4fec-b980-f8322242663c,0.8,1.0,0.0,5,5,5,0.0
379b8310-9cc8-4fec-b980-f8322242663c,0.75,1.0,0.0,5,5,5,0.0
379b8310-9cc8-4fec-b980-f8322242663c,0.7,1.0,0.0,5,5,5,0.0
384461ea-e14c-44f3-bccd-2b24561af0ab,0.95,0.0,0.0,5,5,5,1.0
384461ea-e14c-44f3-bccd-2b24561af0ab,0.9,0.0,0.0,5,5,5,1.0
384461ea-e14c-44f3-bccd-2b24561af0ab,0.85,0.0,0.0,5,5,5,1.0
384461ea-e14c-44f3-bccd-2b24561af0ab,0.8,0.0,0.0,5,5,5,1.0
384461ea-e14c-44f3-bccd-2b24561af0ab,0.75,1.0,0.0,5,5,5,0.0
384461ea-e14c-44f3-bccd-2b24561af0ab,0.7,0.0,0.0,5,5,5,1.0
38ac80c3-bbd0-483d-9de3-7279933e1b93,0.95,0.0,0.0,5,5,5,1.0
38ac80c3-bbd0-483d-9de3-7279933e1b93,0.9,0.0,0.0,5,5,5,1.0
38ac80c3-bbd0-483d-9de3-7279933e1b93,0.85,1.0,0.0,5,5,5,0.0
38ac80c3-bbd0-483d-9de3-7279933e1b93,0.8,1.0,0.0,5,5,5,0.0
38ac80c3-bbd0-483d-9de3-7279933e1b93,0.75,1.0,0.0,5,5,5,0.0
38ac80c3-bbd0-483d-9de3-7279933e1b93,0.7,1.0,0.0,5,5,5,0.0
39621517-ecbb-41fe-bd80-d80c84dabec3,0.95,0.0,0.0,5,5,5,1.0
39621517-ecbb-41fe-bd80-d80c84dabec3,0.9,0.0,0.0,5,5,5,1.0
39621517-ecbb-41fe-bd80-d80c84dabec3,0.85,0.0,0.0,5,5,5,1.0
39621517-ecbb-41fe-bd80-d80c84dabec3,0.8,0.0,0.0,5,5,5,1.0
39621517-ecbb-41fe-bd80-d80c84dabec3,0.75,0.0,0.0,5,5,5,1.0
39621517-ecbb-41fe-bd80-d80c84dabec3,0.7,0.0,0.0,5,5,5,1.0
397c47da-f277-4d0d-9866-41d1d4b3ede3,0.95,1.0,0.0,5,5,5,0.0
397c47da-f277-4d0d-9866-41d1d4b3ede3,0.9,1.0,0.0,5,5,5,0.0
397c47da-f277-4d0d-9866-41d1d4b3ede3,0.85,1.0,0.0,5,5,5,0.0
397c47da-f277-4d0d-9866-41d1d4b3ede3,0.8,1.0,0.0,5,5,5,0.0
397c47da-f277-4d0d-9866-41d1d4b3ede3,0.75,1.0,0.0,5,5,5,0.0
397c47da-f277-4d0d-9866-41d1d4b3ede3,0.7,1.0,0.0,5,5,5,0.0
398a8fd9-2471-4c67-b8f3-ed71c195ad55,0.95,1.0,0.0,5,5,5,0.0
398a8fd9-2471-4c67-b8f3-ed71c195ad55,0.9,1.0,0.0,5,5,5,0.0
398a8fd9-2471-4c67-b8f3-ed71c195ad55,0.85,1.0,0.0,5,5,5,0.0
398a8fd9-2471-4c67-b8f3-ed71c195ad55,0.8,1.0,0.0,5,5,5,0.0
398a8fd9-2471-4c67-b8f3-ed71c195ad55,0.75,1.0,0.0,5,5,5,0.0
398a8fd9-2471-4c67-b8f3-ed71c195ad55,0.7,1.0,0.0,5,5,5,0.0
3a085760-6c8b-47fa-b2b3-26ff77f1fd6c,0.95,1.0,0.0,5,5,5,0.0
3a085760-6c8b-47fa-b2b3-26ff77f1fd6c,0.9,1.0,0.0,5,5,5,0.0
3a085760-6c8b-47fa-b2b3-26ff77f1fd6c,0.85,1.0,0.0,5,5,5,0.0
3a085760-6c8b-47fa-b2b3-26ff77f1fd6c,0.8,1.0,0.0,5,5,5,0.0
3a085760-6c8b-47fa-b2b3-26ff77f1fd6c,0.75,1.0,0.0,5,5,5,0.0
3a085760-6c8b-47fa-b2b3-26ff77f1fd6c,0.7,1.0,0.0,5,5,5,0.0
3a2573c2-36bb-4dd9-a702-50b706539a97,0.95,0.0,0.0,5,5,5,1.0
3a2573c2-36bb-4dd9-a702-50b706539a97,0.9,0.0,0.0,5,5,5,1.0
3a2573c2-36bb-4dd9-a702-50b706539a97,0.85,0.0,0.0,5,5,5,1.0
3a2573c2-36bb-4dd9-a702-50b706539a97,0.8,1.0,0.0,5,5,5,0.0
3a2573c2-36bb-4dd9-a702-50b706539a97,0.75,1.0,0.0,5,5,5,0.0
3a2573c2-36bb-4dd9-a702-50b706539a97,0.7,1.0,0.0,5,5,5,0.0
3a45c971-ef98-463b-aa51-a1614f90c9ec,0.95,1.0,0.0,8,8,8,0.0
3a45c971-ef98-463b-aa51-a1614f90c9ec,0.9,1.0,0.0,8,8,8,0.0
3a45c971-ef98-463b-aa51-a1614f90c9ec,0.85,1.0,0.0,8,8,8,0.0
3a45c971-ef98-463b-aa51-a1614f90c9ec,0.8,1.0,0.0,8,8,8,0.0
3a45c971-ef98-463b-aa51-a1614f90c9ec,0.75,1.0,0.0,8,8,8,0.0
3a45c971-ef98-463b-aa51-a1614f90c9ec,0.7,1.0,0.125,8,8,8,0.125
3bd74c79-e7d3-4444-a083-1ada1dccd90e,0.95,0.0,0.0,5,5,5,1.0
3bd74c79-e7d3-4444-a083-1ada1dccd90e,0.9,0.0,0.0,5,5,5,1.0
3bd74c79-e7d3-4444-a083-1ada1dccd90e,0.85,1.0,0.0,5,5,5,0.0
3bd74c79-e7d3-4444-a083-1ada1dccd90e,0.8,1.0,0.0,5,5,5,0.0
3bd74c79-e7d3-4444-a083-1ada1dccd90e,0.75,1.0,0.0,5,5,5,0.0
3bd74c79-e7d3-4444-a083-1ada1dccd90e,0.7,1.0,0.0,5,5,5,0.0
3c43a6db-1ca6-4946-8bcd-ff36e959bbe6,0.95,1.0,0.0,5,5,5,0.0
3c43a6db-1ca6-4946-8bcd-ff36e959bbe6,0.9,1.0,0.0,5,5,5,0.0
3c43a6db-1ca6-4946-8bcd-ff36e959bbe6,0.85,1.0,0.0,5,5,5,0.0
3c43a6db-1ca6-4946-8bcd-ff36e959bbe6,0.8,1.0,0.0,5,5,5,0.0
3c43a6db-1ca6-4946-8bcd-ff36e959bbe6,0.75,1.0,0.0,5,5,5,0.0
3c43a6db-1ca6-4946-8bcd-ff36e959bbe6,0.7,1.0,0.0,5,5,5,0.0
3cfd66cc-9e04-4419-a7ea-393a13c489c7,0.95,0.0,0.0,5,5,5,1.0
3cfd66cc-9e04-4419-a7ea-393a13c489c7,0.9,0.0,0.0,5,5,5,1.0
3cfd66cc-9e04-4419-a7ea-393a13c489c7,0.85,0.0,0.0,5,5,5,1.0
3cfd66cc-9e04-4419-a7ea-393a13c489c7,0.8,0.0,0.0,5,5,5,1.0
3cfd66cc-9e04-4419-a7ea-393a13c489c7,0.75,0.0,0.0,5,5,5,1.0
3cfd66cc-9e04-4419-a7ea-393a13c489c7,0.7,0.0,0.0,5,5,5,1.0
3d8b855a-a427-4928-a09b-db884cccaa0a,0.95,1.0,0.0,5,5,5,0.0
3d8b855a-a427-4928-a09b-db884cccaa0a,0.9,1.0,0.0,5,5,5,0.0
3d8b855a-a427-4928-a09b-db884cccaa0a,0.85,1.0,0.0,5,5,5,0.0
3d8b855a-a427-4928-a09b-db884cccaa0a,0.8,1.0,0.0,5,5,5,0.0
3d8b855a-a427-4928-a09b-db884cccaa0a,0.75,1.0,0.0,5,5,5,0.0
3d8b855a-a427-4928-a09b-db884cccaa0a,0.7,1.0,0.0,5,5,5,0.0
3d8eddb0-046f-4a4b-8507-5d8a45e5e860,0.95,1.0,0.0,5,5,5,0.0
3d8eddb0-046f-4a4b-8507-5d8a45e5e860,0.9,1.0,0.0,5,5,5,0.0
3d8eddb0-046f-4a4b-8507-5d8a45e5e860,0.85,1.0,0.0,5,5,5,0.0
3d8eddb0-046f-4a4b-8507-5d8a45e5e860,0.8,1.0,0.0,5,5,5,0.0
3d8eddb0-046f-4a4b-8507-5d8a45e5e860,0.75,1.0,0.0,5,5,5,0.0
3d8eddb0-046f-4a4b-8507-5d8a45e5e860,0.7,1.0,0.0,5,5,5,0.0
3dbf6900-326f-4196-93d0-c1a52a2b0272,0.95,1.0,0.0,5,5,5,0.0
3dbf6900-326f-4196-93d0-c1a52a2b0272,0.9,1.0,0.0,5,5,5,0.0
3dbf6900-326f-4196-93d0-c1a52a2b0272,0.85,1.0,0.0,5,5,5,0.0
3dbf6900-326f-4196-93d0-c1a52a2b0272,0.8,1.0,0.0,5,5,5,0.0
3dbf6900-326f-4196-93d0-c1a52a2b0272,0.75,0.0,0.0,5,5,5,1.0
3dbf6900-326f-4196-93d0-c1a52a2b0272,0.7,1.0,0.0,5,5,5,0.0
3e3bca08-eb8d-4810-b3d5-ac1cc7f9396d,0.95,0.0,0.0,5,5,5,1.0
3e3bca08-eb8d-4810-b3d5-ac1cc7f9396d,0.9,0.0,0.0,5,5,5,1.0
3e3bca08-eb8d-4810-b3d5-ac1cc7f9396d,0.85,0.0,0.0,5,5,5,1.0
3e3bca08-eb8d-4810-b3d5-ac1cc7f9396d,0.8,0.0,0.0,5,5,5,1.0
3e3bca08-eb8d-4810-b3d5-ac1cc7f9396d,0.75,0.0,0.0,5,5,5,1.0
3e3bca08-eb8d-4810-b3d5-ac1cc7f9396d,0.7,0.0,0.0,5,5,5,1.0
3ec534b0-61a0-43a3-a3d0-b4e28597cbd5,0.95,1.0,0.0,5,5,5,0.0
3ec534b0-61a0-43a3-a3d0-b4e28597cbd5,0.9,1.0,0.0,5,5,5,0.0
3ec534b0-61a0-43a3-a3d0-b4e28597cbd5,0.85,1.0,0.0,5,5,5,0.0
3ec534b0-61a0-43a3-a3d0-b4e28597cbd5,0.8,1.0,0.0,5,5,5,0.0
3ec534b0-61a0-43a3-a3d0-b4e28597cbd5,0.75,1.0,0.0,5,5,5,0.0
3ec534b0-61a0-43a3-a3d0-b4e28597cbd5,0.7,1.0,0.0,5,5,5,0.0
3ec7b5da-852f-4b33-8bb3-c30c4660a3c3,0.95,1.0,0.0,5,5,5,0.0
3ec7b5da-852f-4b33-8bb3-c30c4660a3c3,0.9,1.0,0.0,5,5,5,0.0
3ec7b5da-852f-4b33-8bb3-c30c4660a3c3,0.85,1.0,0.0,5,5,5,0.0
3ec7b5da-852f-4b33-8bb3-c30c4660a3c3,0.8,1.0,0.0,5,5,5,0.0
3ec7b5da-852f-4b33-8bb3-c30c4660a3c3,0.75,1.0,0.0,5,5,5,0.0
3ec7b5da-852f-4b33-8bb3-c30c4660a3c3,0.7,1.0,0.0,5,5,5,0.0
3ee4e03c-498b-421b-8ce0-c4ba56ef0677,0.95,0.0,0.0,5,5,5,1.0
3ee4e03c-498b-421b-8ce0-c4ba56ef0677,0.9,0.0,0.0,5,5,5,1.0
3ee4e03c-498b-421b-8ce0-c4ba56ef0677,0.85,0.0,0.0,5,5,5,1.0
3ee4e03c-498b-421b-8ce0-c4ba56ef0677,0.8,1.0,0.0,5,5,5,0.0
3ee4e03c-498b-421b-8ce0-c4ba56ef0677,0.75,0.0,0.0,5,5,5,1.0
3ee4e03c-498b-421b-8ce0-c4ba56ef0677,0.7,0.0,0.0,5,5,5,1.0
3f2c0415-dd25-4a75-97d0-73708f7dd8df,0.95,1.0,0.0,5,5,5,0.0
3f2c0415-dd25-4a75-97d0-73708f7dd8df,0.9,1.0,0.0,5,5,5,0.0
3f2c0415-dd25-4a75-97d0-73708f7dd8df,0.85,1.0,0.0,5,5,5,0.0
3f2c0415-dd25-4a75-97d0-73708f7dd8df,0.8,1.0,0.0,5,5,5,0.0
3f2c0415-dd25-4a75-97d0-73708f7dd8df,0.75,1.0,0.0,5,5,5,0.0
3f2c0415-dd25-4a75-97d0-73708f7dd8df,0.7,1.0,0.0,5,5,5,0.0
3f3a2470-9f21-4d26-84e0-aa7b75c859bb,0.95,0.0,0.0,5,5,5,1.0
3f3a2470-9f21-4d26-84e0-aa7b75c859bb,0.9,0.0,0.0,5,5,5,1.0
3f3a2470-9f21-4d26-84e0-aa7b75c859bb,0.85,0.0,0.0,5,5,5,1.0
3f3a2470-9f21-4d26-84e0-aa7b75c859bb,0.8,0.0,0.0,5,5,5,1.0
3f3a2470-9f21-4d26-84e0-aa7b75c859bb,0.75,0.0,0.0,5,5,5,1.0
3f3a2470-9f21-4d26-84e0-aa7b75c859bb,0.7,0.0,0.0,5,5,5,1.0
3f80eb39-c2d2-45e3-9776-7be8058dcadb,0.95,1.0,0.0,5,5,5,0.0
3f80eb39-c2d2-45e3-9776-7be8058dcadb,0.9,1.0,0.0,5,5,5,0.0
3f80eb39-c2d2-45e3-9776-7be8058dcadb,0.85,1.0,0.0,5,5,5,0.0
3f80eb39-c2d2-45e3-9776-7be8058dcadb,0.8,1.0,0.0,5,5,5,0.0
3f80eb39-c2d2-45e3-9776-7be8058dcadb,0.75,1.0,0.0,5,5,5,0.0
3f80eb39-c2d2-45e3-9776-7be8058dcadb,0.7,0.0,0.0,5,5,5,1.0
3fdc2c88-d4a2-4048-b5a3-9c997f770eb2,0.95,0.0,0.0,5,5,5,1.0
3fdc2c88-d4a2-4048-b5a3-9c997f770eb2,0.9,0.0,0.0,5,5,5,1.0
3fdc2c88-d4a2-4048-b5a3-9c997f770eb2,0.85,0.0,0.0,5,5,5,1.0
3fdc2c88-d4a2-4048-b5a3-9c997f770eb2,0.8,0.0,0.0,5,5,5,1.0
3fdc2c88-d4a2-4048-b5a3-9c997f770eb2,0.75,0.0,0.0,5,5,5,1.0
3fdc2c88-d4a2-4048-b5a3-9c997f770eb2,0.7,0.0,0.0,5,5,5,1.0
3fe6536b-b09a-4b1f-a6b2-e649362f757d,0.95,1.0,0.0,5,5,5,0.0
3fe6536b-b09a-4b1f-a6b2-e649362f757d,0.9,1.0,0.0,5,5,5,0.0
3fe6536b-b09a-4b1f-a6b2-e649362f757d,0.85,1.0,0.0,5,5,5,0.0
3fe6536b-b09a-4b1f-a6b2-e649362f757d,0.8,1.0,0.0,5,5,5,0.0
3fe6536b-b09a-4b1f-a6b2-e649362f757d,0.75,1.0,0.0,5,5,5,0.0
3fe6536b-b09a-4b1f-a6b2-e649362f757d,0.7,1.0,0.0,5,5,5,0.0
3ff4bb9c-dd92-4c8a-bdac-3928e9fb450b,0.95,1.0,0.0,5,5,5,0.0
3ff4bb9c-dd92-4c8a-bdac-3928e9fb450b,0.9,1.0,0.0,5,5,5,0.0
3ff4bb9c-dd92-4c8a-bdac-3928e9fb450b,0.85,1.0,0.0,5,5,5,0.0
3ff4bb9c-dd92-4c8a-bdac-3928e9fb450b,0.8,1.0,0.0,5,5,5,0.0
3ff4bb9c-dd92-4c8a-bdac-3928e9fb450b,0.75,1.0,0.0,5,5,5,0.0
3ff4bb9c-dd92-4c8a-bdac-3928e9fb450b,0.7,1.0,0.0,5,5,5,0.0
413a1f3a-bf47-4b48-8f72-de24986a1526,0.95,0.0,0.0,8,8,8,1.0
413a1f3a-bf47-4b48-8f72-de24986a1526,0.9,1.0,0.0,8,8,8,0.0
413a1f3a-bf47-4b48-8f72-de24986a1526,0.85,0.0,0.0,8,8,8,1.0
413a1f3a-bf47-4b48-8f72-de24986a1526,0.8,0.0,0.0,8,8,8,1.0
413a1f3a-bf47-4b48-8f72-de24986a1526,0.75,1.0,0.0,8,8,8,0.0
413a1f3a-bf47-4b48-8f72-de24986a1526,0.7,1.0,0.0,8,8,8,0.0
421c7a20-2c4d-4b61-a160-eee4239b71cb,0.95,0.0,0.0,5,5,5,1.0
421c7a20-2c4d-4b61-a160-eee4239b71cb,0.9,0.0,0.0,5,5,5,1.0
421c7a20-2c4d-4b61-a160-eee4239b71cb,0.85,0.0,0.0,5,5,5,1.0
421c7a20-2c4d-4b61-a160-eee4239b71cb,0.8,0.0,0.0,5,5,5,1.0
421c7a20-2c4d-4b61-a160-eee4239b71cb,0.75,0.0,0.0,5,5,5,1.0
421c7a20-2c4d-4b61-a160-eee4239b71cb,0.7,0.0,0.0,5,5,5,1.0
428380ae-07d5-43ea-98fa-f94b81cd8e52,0.95,1.0,0.0,5,5,5,0.0
428380ae-07d5-43ea-98fa-f94b81cd8e52,0.9,1.0,0.0,5,5,5,0.0
428380ae-07d5-43ea-98fa-f94b81cd8e52,0.85,1.0,0.0,5,5,5,0.0
428380ae-07d5-43ea-98fa-f94b81cd8e52,0.8,1.0,0.0,5,5,5,0.0
428380ae-07d5-43ea-98fa-f94b81cd8e52,0.75,1.0,0.0,5,5,5,0.0
428380ae-07d5-43ea-98fa-f94b81cd8e52,0.7,1.0,0.0,5,5,5,0.0
42ded509-e4dc-44fc-bb13-d931349aa1e2,0.95,0.0,0.0,5,5,5,1.0
42ded509-e4dc-44fc-bb13-d931349aa1e2,0.9,0.0,0.0,5,5,5,1.0
42ded509-e4dc-44fc-bb13-d931349aa1e2,0.85,0.0,0.0,5,5,5,1.0
42ded509-e4dc-44fc-bb13-d931349aa1e2,0.8,0.0,0.0,5,5,5,1.0
42ded509-e4dc-44fc-bb13-d931349aa1e2,0.75,1.0,0.0,5,5,5,0.0
42ded509-e4dc-44fc-bb13-d931349aa1e2,0.7,1.0,0.0,5,5,5,0.0
43b39f2d-fa12-4ca9-9afa-977cb8e00dda,0.95,0.0,0.0,5,5,5,1.0
43b39f2d-fa12-4ca9-9afa-977cb8e00dda,0.9,0.0,0.0,5,5,5,1.0
43b39f2d-fa12-4ca9-9afa-977cb8e00dda,0.85,0.0,0.0,5,5,5,1.0
43b39f2d-fa12-4ca9-9afa-977cb8e00dda,0.8,0.0,0.0,5,5,5,1.0
43b39f2d-fa12-4ca9-9afa-977cb8e00dda,0.75,0.0,0.0,5,5,5,1.0
43b39f2d-fa12-4ca9-9afa-977cb8e00dda,0.7,0.0,0.0,5,5,5,1.0
43dc2393-7abc-431f-9e85-bd73c951f9ec,0.95,0.0,0.0,5,5,5,1.0
43dc2393-7abc-431f-9e85-bd73c951f9ec,0.9,0.0,0.0,5,5,5,1.0
43dc2393-7abc-431f-9e85-bd73c951f9ec,0.85,0.0,0.0,5,5,5,1.0
43dc2393-7abc-431f-9e85-bd73c951f9ec,0.8,0.0,0.0,5,5,5,1.0
43dc2393-7abc-431f-9e85-bd73c951f9ec,0.75,1.0,0.0,5,5,5,0.0
43dc2393-7abc-431f-9e85-bd73c951f9ec,0.7,0.0,0.0,5,5,5,1.0
448dabcc-1001-400a-a52c-dedf24d908c4,0.95,1.0,0.0,5,5,5,0.0
448dabcc-1001-400a-a52c-dedf24d908c4,0.9,1.0,0.0,5,5,5,0.0
448dabcc-1001-400a-a52c-dedf24d908c4,0.85,1.0,0.0,5,5,5,0.0
448dabcc-1001-400a-a52c-dedf24d908c4,0.8,1.0,0.0,5,5,5,0.0
448dabcc-1001-400a-a52c-dedf24d908c4,0.75,1.0,0.0,5,5,5,0.0
448dabcc-1001-400a-a52c-dedf24d908c4,0.7,1.0,0.0,5,5,5,0.0
45646df6-173e-46a8-bab5-d4159af76499,0.95,1.0,0.0,5,5,5,0.0
45646df6-173e-46a8-bab5-d4159af76499,0.9,1.0,0.0,5,5,5,0.0
45646df6-173e-46a8-bab5-d4159af76499,0.85,1.0,0.0,5,5,5,0.0
45646df6-173e-46a8-bab5-d4159af76499,0.8,1.0,0.0,5,5,5,0.0
45646df6-173e-46a8-bab5-d4159af76499,0.75,1.0,0.0,5,5,5,0.0
45646df6-173e-46a8-bab5-d4159af76499,0.7,1.0,0.0,5,5,5,0.0
4577b9d2-6288-493b-9c01-9e777a377b44,0.95,1.0,0.0,5,5,5,0.0
4577b9d2-6288-493b-9c01-9e777a377b44,0.9,1.0,0.0,5,5,5,0.0
4577b9d2-6288-493b-9c01-9e777a377b44,0.85,1.0,0.0,5,5,5,0.0
4577b9d2-6288-493b-9c01-9e777a377b44,0.8,1.0,0.0,5,5,5,0.0
4577b9d2-6288-493b-9c01-9e777a377b44,0.75,1.0,0.0,5,5,5,0.0
4577b9d2-6288-493b-9c01-9e777a377b44,0.7,1.0,0.0,5,5,5,0.0
45c92a16-407d-48a8-a3b4-177968401529,0.95,1.0,0.0,5,5,5,0.0
45c92a16-407d-48a8-a3b4-177968401529,0.9,1.0,0.0,5,5,5,0.0
45c92a16-407d-48a8-a3b4-177968401529,0.85,1.0,0.0,5,5,5,0.0
45c92a16-407d-48a8-a3b4-177968401529,0.8,1.0,0.0,5,5,5,0.0
45c92a16-407d-48a8-a3b4-177968401529,0.75,1.0,0.0,5,5,5,0.0
45c92a16-407d-48a8-a3b4-177968401529,0.7,1.0,0.0,5,5,5,0.0
46f718d1-352d-4b17-b1f4-fe46b0b7bfe9,0.95,1.0,0.0,5,5,5,0.0
46f718d1-352d-4b17-b1f4-fe46b0b7bfe9,0.9,1.0,0.0,5,5,5,0.0
46f718d1-352d-4b17-b1f4-fe46b0b7bfe9,0.85,1.0,0.0,5,5,5,0.0
46f718d1-352d-4b17-b1f4-fe46b0b7bfe9,0.8,1.0,0.0,5,5,5,0.0
46f718d1-352d-4b17-b1f4-fe46b0b7bfe9,0.75,1.0,0.0,5,5,5,0.0
46f718d1-352d-4b17-b1f4-fe46b0b7bfe9,0.7,1.0,0.0,5,5,5,0.0
478ae898-8d7b-42c2-a595-e81e1d08cbaf,0.95,0.0,0.0,5,5,5,1.0
478ae898-8d7b-42c2-a595-e81e1d08cbaf,0.9,0.0,0.0,5,5,5,1.0
478ae898-8d7b-42c2-a595-e81e1d08cbaf,0.85,0.0,0.0,5,5,5,1.0
478ae898-8d7b-42c2-a595-e81e1d08cbaf,0.8,0.0,0.0,5,5,5,1.0
478ae898-8d7b-42c2-a595-e81e1d08cbaf,0.75,0.0,0.0,5,5,5,1.0
478ae898-8d7b-42c2-a595-e81e1d08cbaf,0.7,1.0,0.0,5,5,5,0.0
47c79a58-a320-455a-a1a3-2813e0a098d3,0.95,0.0,0.0,5,5,5,1.0
47c79a58-a320-455a-a1a3-2813e0a098d3,0.9,0.0,0.0,5,5,5,1.0
47c79a58-a320-455a-a1a3-2813e0a098d3,0.85,1.0,0.0,5,5,5,0.0
47c79a58-a320-455a-a1a3-2813e0a098d3,0.8,0.0,0.0,5,5,5,1.0
47c79a58-a320-455a-a1a3-2813e0a098d3,0.75,0.0,0.0,5,5,5,1.0
47c79a58-a320-455a-a1a3-2813e0a098d3,0.7,0.0,0.0,5,5,5,1.0
486e7b62-16d9-4501-8150-98561e9b99d9,0.95,0.0,0.0,5,5,5,1.0
486e7b62-16d9-4501-8150-98561e9b99d9,0.9,0.0,0.0,5,5,5,1.0
486e7b62-16d9-4501-8150-98561e9b99d9,0.85,1.0,0.0,5,5,5,0.0
486e7b62-16d9-4501-8150-98561e9b99d9,0.8,0.0,0.0,5,5,5,1.0
486e7b62-16d9-4501-8150-98561e9b99d9,0.75,1.0,0.0,5,5,5,0.0
486e7b62-16d9-4501-8150-98561e9b99d9,0.7,0.0,0.0,5,5,5,1.0
48cf0182-058f-4117-beb6-d2905098a4c1,0.95,1.0,0.0,5,5,5,0.0
48cf0182-058f-4117-beb6-d2905098a4c1,0.9,1.0,0.0,5,5,5,0.0
48cf0182-058f-4117-beb6-d2905098a4c1,0.85,1.0,0.0,5,5,5,0.0
48cf0182-058f-4117-beb6-d2905098a4c1,0.8,1.0,0.0,5,5,5,0.0
48cf0182-058f-4117-beb6-d2905098a4c1,0.75,1.0,0.0,5,5,5,0.0
48cf0182-058f-4117-beb6-d2905098a4c1,0.7,1.0,0.0,5,5,5,0.0
48ff04eb-5e1e-422f-b14c-c5ba103fcd9f,0.95,0.0,0.0,5,5,5,1.0
48ff04eb-5e1e-422f-b14c-c5ba103fcd9f,0.9,0.0,0.0,5,5,5,1.0
48ff04eb-5e1e-422f-b14c-c5ba103fcd9f,0.85,0.0,0.0,5,5,5,1.0
48ff04eb-5e1e-422f-b14c-c5ba103fcd9f,0.8,0.0,0.0,5,5,5,1.0
48ff04eb-5e1e-422f-b14c-c5ba103fcd9f,0.75,0.0,0.0,5,5,5,1.0
48ff04eb-5e1e-422f-b14c-c5ba103fcd9f,0.7,1.0,0.0,5,5,5,0.0
493045ca-9f44-47eb-934a-fe2eeeed77a7,0.95,1.0,0.0,6,6,6,0.0
493045ca-9f44-47eb-934a-fe2eeeed77a7,0.9,1.0,0.0,6,6,6,0.0
493045ca-9f44-47eb-934a-fe2eeeed77a7,0.85,1.0,0.0,6,6,6,0.0
493045ca-9f44-47eb-934a-fe2eeeed77a7,0.8,1.0,0.0,6,6,6,0.0
493045ca-9f44-47eb-934a-fe2eeeed77a7,0.75,1.0,0.0,6,6,6,0.0
493045ca-9f44-47eb-934a-fe2eeeed77a7,0.7,1.0,0.0,6,6,6,0.0
4978a677-f721-467d-85b3-b3338ea81e10,0.95,1.0,0.0,5,5,5,0.0
4978a677-f721-467d-85b3-b3338ea81e10,0.9,1.0,0.0,5,5,5,0.0
4978a677-f721-467d-85b3-b3338ea81e10,0.85,1.0,0.0,5,5,5,0.0
4978a677-f721-467d-85b3-b3338ea81e10,0.8,1.0,0.0,5,5,5,0.0
4978a677-f721-467d-85b3-b3338ea81e10,0.75,1.0,0.0,5,5,5,0.0
4978a677-f721-467d-85b3-b3338ea81e10,0.7,1.0,0.0,5,5,5,0.0
4b4d057b-0310-48e0-8c9e-e49b50e58109,0.95,1.0,0.0,5,5,5,0.0
4b4d057b-0310-48e0-8c9e-e49b50e58109,0.9,1.0,0.0,5,5,5,0.0
4b4d057b-0310-48e0-8c9e-e49b50e58109,0.85,1.0,0.0,5,5,5,0.0
4b4d057b-0310-48e0-8c9e-e49b50e58109,0.8,1.0,0.0,5,5,5,0.0
4b4d057b-0310-48e0-8c9e-e49b50e58109,0.75,1.0,0.0,5,5,5,0.0
4b4d057b-0310-48e0-8c9e-e49b50e58109,0.7,1.0,0.0,5,5,5,0.0
4b8d0cce-07f7-4f11-a417-8dc0388adaed,0.95,1.0,0.0,11,11,11,0.0
4b8d0cce-07f7-4f11-a417-8dc0388adaed,0.9,1.0,0.0,11,11,11,0.0
4b8d0cce-07f7-4f11-a417-8dc0388adaed,0.85,1.0,0.0,11,11,11,0.0
4b8d0cce-07f7-4f11-a417-8dc0388adaed,0.8,1.0,0.0,11,11,11,0.0
4b8d0cce-07f7-4f11-a417-8dc0388adaed,0.75,0.0,0.0,11,11,11,1.0
4b8d0cce-07f7-4f11-a417-8dc0388adaed,0.7,1.0,0.0,11,11,11,0.0
4b96a9cf-3f61-4910-838e-b85addee9943,0.95,1.0,0.0,5,5,5,0.0
4b96a9cf-3f61-4910-838e-b85addee9943,0.9,1.0,0.0,5,5,5,0.0
4b96a9cf-3f61-4910-838e-b85addee9943,0.85,1.0,0.0,5,5,5,0.0
4b96a9cf-3f61-4910-838e-b85addee9943,0.8,1.0,0.0,5,5,5,0.0
4b96a9cf-3f61-4910-838e-b85addee9943,0.75,1.0,0.0,5,5,5,0.0
4b96a9cf-3f61-4910-838e-b85addee9943,0.7,1.0,0.0,5,5,5,0.0
4bd35f11-2748-4460-82fc-684148964528,0.95,1.0,0.0,5,5,5,0.0
4bd35f11-2748-4460-82fc-684148964528,0.9,1.0,0.0,5,5,5,0.0
4bd35f11-2748-4460-82fc-684148964528,0.85,1.0,0.0,5,5,5,0.0
4bd35f11-2748-4460-82fc-684148964528,0.8,1.0,0.0,5,5,5,0.0
4bd35f11-2748-4460-82fc-684148964528,0.75,1.0,0.0,5,5,5,0.0
4bd35f11-2748-4460-82fc-684148964528,0.7,1.0,0.0,5,5,5,0.0
4bdf1be5-47d2-4e1e-8944-1a40c814198b,0.95,0.0,0.0,5,5,5,1.0
4bdf1be5-47d2-4e1e-8944-1a40c814198b,0.9,0.0,0.0,5,5,5,1.0
4bdf1be5-47d2-4e1e-8944-1a40c814198b,0.85,0.0,0.0,5,5,5,1.0
4bdf1be5-47d2-4e1e-8944-1a40c814198b,0.8,0.0,0.0,5,5,5,1.0
4bdf1be5-47d2-4e1e-8944-1a40c814198b,0.75,0.0,0.0,5,5,5,1.0
4bdf1be5-47d2-4e1e-8944-1a40c814198b,0.7,0.0,0.0,5,5,5,1.0
4c6098ad-0022-41b9-9e91-9e8dded73b6f,0.95,0.0,0.0,5,5,5,1.0
4c6098ad-0022-41b9-9e91-9e8dded73b6f,0.9,1.0,0.0,5,5,5,0.0
4c6098ad-0022-41b9-9e91-9e8dded73b6f,0.85,1.0,0.0,5,5,5,0.0
4c6098ad-0022-41b9-9e91-9e8dded73b6f,0.8,1.0,0.0,5,5,5,0.0
4c6098ad-0022-41b9-9e91-9e8dded73b6f,0.75,1.0,0.0,5,5,5,0.0
4c6098ad-0022-41b9-9e91-9e8dded73b6f,0.7,1.0,0.0,5,5,5,0.0
4d19284c-5694-4b13-adfb-72b465490eb3,0.95,0.0,0.0,5,5,5,1.0
4d19284c-5694-4b13-adfb-72b465490eb3,0.9,0.0,0.0,5,5,5,1.0
4d19284c-5694-4b13-adfb-72b465490eb3,0.85,0.0,0.0,5,5,5,1.0
4d19284c-5694-4b13-adfb-72b465490eb3,0.8,0.0,0.0,5,5,5,1.0
4d19284c-5694-4b13-adfb-72b465490eb3,0.75,0.0,0.0,5,5,5,1.0
4d19284c-5694-4b13-adfb-72b465490eb3,0.7,1.0,0.0,5,5,5,0.0
4da9d55e-529d-4602-8b9d-96e6b61c972e,0.95,1.0,0.0,5,5,5,0.0
4da9d55e-529d-4602-8b9d-96e6b61c972e,0.9,1.0,0.0,5,5,5,0.0
4da9d55e-529d-4602-8b9d-96e6b61c972e,0.85,1.0,0.0,5,5,5,0.0
4da9d55e-529d-4602-8b9d-96e6b61c972e,0.8,1.0,0.0,5,5,5,0.0
4da9d55e-529d-4602-8b9d-96e6b61c972e,0.75,1.0,0.0,5,5,5,0.0
4da9d55e-529d-4602-8b9d-96e6b61c972e,0.7,1.0,0.0,5,5,5,0.0
4df0fd72-a553-4c75-bf12-d7932d21ef72,0.95,1.0,0.0,5,5,5,0.0
4df0fd72-a553-4c75-bf12-d7932d21ef72,0.9,1.0,0.0,5,5,5,0.0
4df0fd72-a553-4c75-bf12-d7932d21ef72,0.85,1.0,0.0,5,5,5,0.0
4df0fd72-a553-4c75-bf12-d7932d21ef72,0.8,1.0,0.0,5,5,5,0.0
4df0fd72-a553-4c75-bf12-d7932d21ef72,0.75,1.0,0.0,5,5,5,0.0
4df0fd72-a553-4c75-bf12-d7932d21ef72,0.7,1.0,0.0,5,5,5,0.0
4df94d8d-5c48-474d-afa3-57229029dbf5,0.95,0.0,0.0,5,5,5,1.0
4df94d8d-5c48-474d-afa3-57229029dbf5,0.9,0.0,0.0,5,5,5,1.0
4df94d8d-5c48-474d-afa3-57229029dbf5,0.85,0.0,0.0,5,5,5,1.0
4df94d8d-5c48-474d-afa3-57229029dbf5,0.8,0.0,0.0,5,5,5,1.0
4df94d8d-5c48-474d-afa3-57229029dbf5,0.75,0.0,0.0,5,5,5,1.0
4df94d8d-5c48-474d-afa3-57229029dbf5,0.7,0.0,0.0,5,5,5,1.0
4e257758-7af0-41ae-b607-cf855b35599a,0.95,0.0,0.0,5,5,5,1.0
4e257758-7af0-41ae-b607-cf855b35599a,0.9,0.0,0.0,5,5,5,1.0
4e257758-7af0-41ae-b607-cf855b35599a,0.85,0.0,0.0,5,5,5,1.0
4e257758-7af0-41ae-b607-cf855b35599a,0.8,1.0,0.0,5,5,5,0.0
4e257758-7af0-41ae-b607-cf855b35599a,0.75,0.0,0.0,5,5,5,1.0
4e257758-7af0-41ae-b607-cf855b35599a,0.7,1.0,0.0,5,5,5,0.0
4e781920-bc56-471f-b6ef-0b65be1f215a,0.95,0.0,0.0,5,5,5,1.0
4e781920-bc56-471f-b6ef-0b65be1f215a,0.9,0.0,0.0,5,5,5,1.0
4e781920-bc56-471f-b6ef-0b65be1f215a,0.85,0.0,0.0,5,5,5,1.0
4e781920-bc56-471f-b6ef-0b65be1f215a,0.8,0.0,0.0,5,5,5,1.0
4e781920-bc56-471f-b6ef-0b65be1f215a,0.75,1.0,0.0,5,5,5,0.0
4e781920-bc56-471f-b6ef-0b65be1f215a,0.7,0.0,0.0,5,5,5,1.0
4e7d3320-7e20-460f-9aa8-a0db8d8bcf99,0.95,0.0,0.0,5,5,5,1.0
4e7d3320-7e20-460f-9aa8-a0db8d8bcf99,0.9,0.0,0.0,5,5,5,1.0
4e7d3320-7e20-460f-9aa8-a0db8d8bcf99,0.85,0.0,0.0,5,5,5,1.0
4e7d3320-7e20-460f-9aa8-a0db8d8bcf99,0.8,0.0,0.0,5,5,5,1.0
4e7d3320-7e20-460f-9aa8-a0db8d8bcf99,0.75,0.0,0.0,5,5,5,1.0
4e7d3320-7e20-460f-9aa8-a0db8d8bcf99,0.7,0.0,0.0,5,5,5,1.0
4eed38ee-8c96-48e8-9075-c14c07355312,0.95,1.0,0.0,5,5,5,0.0
4eed38ee-8c96-48e8-9075-c14c07355312,0.9,1.0,0.0,5,5,5,0.0
4eed38ee-8c96-48e8-9075-c14c07355312,0.85,1.0,0.0,5,5,5,0.0
4eed38ee-8c96-48e8-9075-c14c07355312,0.8,1.0,0.0,5,5,5,0.0
4eed38ee-8c96-48e8-9075-c14c07355312,0.75,1.0,0.0,5,5,5,0.0
4eed38ee-8c96-48e8-9075-c14c07355312,0.7,1.0,0.0,5,5,5,0.0
4f59efbd-453b-4377-8256-c1c59c0ffd73,0.95,1.0,0.0,5,5,5,0.0
4f59efbd-453b-4377-8256-c1c59c0ffd73,0.9,1.0,0.0,5,5,5,0.0
4f59efbd-453b-4377-8256-c1c59c0ffd73,0.85,1.0,0.0,5,5,5,0.0
4f59efbd-453b-4377-8256-c1c59c0ffd73,0.8,1.0,0.0,5,5,5,0.0
4f59efbd-453b-4377-8256-c1c59c0ffd73,0.75,1.0,0.0,5,5,5,0.0
4f59efbd-453b-4377-8256-c1c59c0ffd73,0.7,1.0,0.0,5,5,5,0.0
4f91e3e6-935d-499b-8cbd-e22a97d11a3e,0.95,1.0,0.0,5,5,5,0.0
4f91e3e6-935d-499b-8cbd-e22a97d11a3e,0.9,1.0,0.0,5,5,5,0.0
4f91e3e6-935d-499b-8cbd-e22a97d11a3e,0.85,1.0,0.0,5,5,5,0.0
4f91e3e6-935d-499b-8cbd-e22a97d11a3e,0.8,1.0,0.0,5,5,5,0.0
4f91e3e6-935d-499b-8cbd-e22a97d11a3e,0.75,1.0,0.0,5,5,5,0.0
4f91e3e6-935d-499b-8cbd-e22a97d11a3e,0.7,1.0,0.0,5,5,5,0.0
500970a2-0682-4dcc-b231-dc9f3bc6f8d0,0.95,0.0,0.0,5,5,5,1.0
500970a2-0682-4dcc-b231-dc9f3bc6f8d0,0.9,0.0,0.0,5,5,5,1.0
500970a2-0682-4dcc-b231-dc9f3bc6f8d0,0.85,0.0,0.0,5,5,5,1.0
500970a2-0682-4dcc-b231-dc9f3bc6f8d0,0.8,0.0,0.0,5,5,5,1.0
500970a2-0682-4dcc-b231-dc9f3bc6f8d0,0.75,0.0,0.0,5,5,5,1.0
500970a2-0682-4dcc-b231-dc9f3bc6f8d0,0.7,1.0,0.0,5,5,5,0.0
50b08c5b-9ea2-4d8e-9f3d-8f5ede92048a,0.95,0.0,0.0,5,5,5,1.0
50b08c5b-9ea2-4d8e-9f3d-8f5ede92048a,0.9,0.0,0.0,5,5,5,1.0
50b08c5b-9ea2-4d8e-9f3d-8f5ede92048a,0.85,0.0,0.0,5,5,5,1.0
50b08c5b-9ea2-4d8e-9f3d-8f5ede92048a,0.8,0.0,0.0,5,5,5,1.0
50b08c5b-9ea2-4d8e-9f3d-8f5ede92048a,0.75,0.0,0.0,5,5,5,1.0
50b08c5b-9ea2-4d8e-9f3d-8f5ede92048a,0.7,1.0,0.0,5,5,5,0.0
50b7e441-7020-4dd7-ba3f-321347073030,0.95,0.0,0.0,5,5,5,1.0
50b7e441-7020-4dd7-ba3f-321347073030,0.9,0.0,0.0,5,5,5,1.0
50b7e441-7020-4dd7-ba3f-321347073030,0.85,0.0,0.0,5,5,5,1.0
50b7e441-7020-4dd7-ba3f-321347073030,0.8,1.0,0.0,5,5,5,0.0
50b7e441-7020-4dd7-ba3f-321347073030,0.75,0.0,0.0,5,5,5,1.0
50b7e441-7020-4dd7-ba3f-321347073030,0.7,0.0,0.0,5,5,5,1.0
50eb887e-ed25-418a-b472-4f731561aacb,0.95,0.0,0.0,5,5,5,1.0
50eb887e-ed25-418a-b472-4f731561aacb,0.9,0.0,0.0,5,5,5,1.0
50eb887e-ed25-418a-b472-4f731561aacb,0.85,0.0,0.0,5,5,5,1.0
50eb887e-ed25-418a-b472-4f731561aacb,0.8,0.0,0.0,5,5,5,1.0
50eb887e-ed25-418a-b472-4f731561aacb,0.75,0.0,0.0,5,5,5,1.0
50eb887e-ed25-418a-b472-4f731561aacb,0.7,1.0,0.0,5,5,5,0.0
51038b2e-489f-4fcb-b401-f85419e9b6f5,0.95,1.0,0.0,5,5,5,0.0
51038b2e-489f-4fcb-b401-f85419e9b6f5,0.9,1.0,0.0,5,5,5,0.0
51038b2e-489f-4fcb-b401-f85419e9b6f5,0.85,1.0,0.0,5,5,5,0.0
51038b2e-489f-4fcb-b401-f85419e9b6f5,0.8,1.0,0.0,5,5,5,0.0
51038b2e-489f-4fcb-b401-f85419e9b6f5,0.75,1.0,0.0,5,5,5,0.0
51038b2e-489f-4fcb-b401-f85419e9b6f5,0.7,1.0,0.0,5,5,5,0.0
5105ec8e-2187-4d13-b3b3-8cc3968ed7d4,0.95,0.0,0.0,5,5,5,1.0
5105ec8e-2187-4d13-b3b3-8cc3968ed7d4,0.9,0.0,0.0,5,5,5,1.0
5105ec8e-2187-4d13-b3b3-8cc3968ed7d4,0.85,0.0,0.0,5,5,5,1.0
5105ec8e-2187-4d13-b3b3-8cc3968ed7d4,0.8,0.0,0.0,5,5,5,1.0
5105ec8e-2187-4d13-b3b3-8cc3968ed7d4,0.75,1.0,0.0,5,5,5,0.0
5105ec8e-2187-4d13-b3b3-8cc3968ed7d4,0.7,1.0,0.0,5,5,5,0.0
51118870-a4e4-4878-9064-6d5e5460e09e,0.95,0.0,0.0,5,5,5,1.0
51118870-a4e4-4878-9064-6d5e5460e09e,0.9,0.0,0.0,5,5,5,1.0
51118870-a4e4-4878-9064-6d5e5460e09e,0.85,0.0,0.0,5,5,5,1.0
51118870-a4e4-4878-9064-6d5e5460e09e,0.8,1.0,0.0,5,5,5,0.0
51118870-a4e4-4878-9064-6d5e5460e09e,0.75,1.0,0.0,5,5,5,0.0
51118870-a4e4-4878-9064-6d5e5460e09e,0.7,1.0,0.0,5,5,5,0.0
51e71218-ab75-47a4-a715-350e473a4b53,0.95,0.0,0.0,7,7,7,1.0
51e71218-ab75-47a4-a715-350e473a4b53,0.9,0.0,0.0,7,7,7,1.0
51e71218-ab75-47a4-a715-350e473a4b53,0.85,0.0,0.0,7,7,7,1.0
51e71218-ab75-47a4-a715-350e473a4b53,0.8,0.0,0.0,7,7,7,1.0
51e71218-ab75-47a4-a715-350e473a4b53,0.75,0.0,0.0,7,7,7,1.0
51e71218-ab75-47a4-a715-350e473a4b53,0.7,0.0,0.0,7,7,7,1.0
51fec371-cd2c-46a0-b3de-983dc46bd505,0.95,0.0,0.0,5,5,5,1.0
51fec371-cd2c-46a0-b3de-983dc46bd505,0.9,1.0,0.0,5,5,5,0.0
51fec371-cd2c-46a0-b3de-983dc46bd505,0.85,0.0,0.0,5,5,5,1.0
51fec371-cd2c-46a0-b3de-983dc46bd505,0.8,1.0,0.0,5,5,5,0.0
51fec371-cd2c-46a0-b3de-983dc46bd505,0.75,1.0,0.0,5,5,5,0.0
51fec371-cd2c-46a0-b3de-983dc46bd505,0.7,0.0,0.0,5,5,5,1.0
525c575c-92fe-4fba-98b7-93304e258df6,0.95,0.0,0.0,5,5,5,1.0
525c575c-92fe-4fba-98b7-93304e258df6,0.9,0.0,0.0,5,5,5,1.0
525c575c-92fe-4fba-98b7-93304e258df6,0.85,1.0,0.0,5,5,5,0.0
525c575c-92fe-4fba-98b7-93304e258df6,0.8,1.0,0.0,5,5,5,0.0
525c575c-92fe-4fba-98b7-93304e258df6,0.75,1.0,0.0,5,5,5,0.0
525c575c-92fe-4fba-98b7-93304e258df6,0.7,1.0,0.0,5,5,5,0.0
52e89e98-9185-467f-86e3-e1b3a10b43bf,0.95,1.0,0.0,5,5,5,0.0
52e89e98-9185-467f-86e3-e1b3a10b43bf,0.9,1.0,0.0,5,5,5,0.0
52e89e98-9185-467f-86e3-e1b3a10b43bf,0.85,1.0,0.0,5,5,5,0.0
52e89e98-9185-467f-86e3-e1b3a10b43bf,0.8,1.0,0.0,5,5,5,0.0
52e89e98-9185-467f-86e3-e1b3a10b43bf,0.75,1.0,0.0,5,5,5,0.0
52e89e98-9185-467f-86e3-e1b3a10b43bf,0.7,1.0,0.0,5,5,5,0.0
53383bac-8334-4e5a-8698-e00543b6f585,0.95,0.0,0.0,6,6,6,1.0
53383bac-8334-4e5a-8698-e00543b6f585,0.9,0.0,0.0,6,6,6,1.0
53383bac-8334-4e5a-8698-e00543b6f585,0.85,0.0,0.0,6,6,6,1.0
53383bac-8334-4e5a-8698-e00543b6f585,0.8,0.0,0.0,6,6,6,1.0
53383bac-8334-4e5a-8698-e00543b6f585,0.75,1.0,0.0,6,6,6,0.0
53383bac-8334-4e5a-8698-e00543b6f585,0.7,0.0,0.0,6,6,6,1.0
5362da91-54ae-4f11-939c-60af0394d0d0,0.95,1.0,0.0,7,7,7,0.0
5362da91-54ae-4f11-939c-60af0394d0d0,0.9,1.0,0.0,7,7,7,0.0
5362da91-54ae-4f11-939c-60af0394d0d0,0.85,1.0,0.0,7,7,7,0.0
5362da91-54ae-4f11-939c-60af0394d0d0,0.8,1.0,0.0,7,7,7,0.0
5362da91-54ae-4f11-939c-60af0394d0d0,0.75,1.0,0.0,7,7,7,0.0
5362da91-54ae-4f11-939c-60af0394d0d0,0.7,1.0,0.14285714285714285,7,7,7,0.14285714285714285
53b00256-2bfe-483d-9df1-9b3086b37bf5,0.95,1.0,0.0,5,5,5,0.0
53b00256-2bfe-483d-9df1-9b3086b37bf5,0.9,1.0,0.0,5,5,5,0.0
53b00256-2bfe-483d-9df1-9b3086b37bf5,0.85,1.0,0.0,5,5,5,0.0
53b00256-2bfe-483d-9df1-9b3086b37bf5,0.8,1.0,0.0,5,5,5,0.0
53b00256-2bfe-483d-9df1-9b3086b37bf5,0.75,1.0,0.0,5,5,5,0.0
53b00256-2bfe-483d-9df1-9b3086b37bf5,0.7,1.0,0.0,5,5,5,0.0
54521b20-3462-4321-9dd9-b33a7d2c26d9,0.95,0.0,0.0,5,5,5,1.0
54521b20-3462-4321-9dd9-b33a7d2c26d9,0.9,0.0,0.0,5,5,5,1.0
54521b20-3462-4321-9dd9-b33a7d2c26d9,0.85,1.0,0.0,5,5,5,0.0
54521b20-3462-4321-9dd9-b33a7d2c26d9,0.8,1.0,0.0,5,5,5,0.0
54521b20-3462-4321-9dd9-b33a7d2c26d9,0.75,1.0,0.0,5,5,5,0.0
54521b20-3462-4321-9dd9-b33a7d2c26d9,0.7,1.0,0.0,5,5,5,0.0
545a7124-bbb4-4ea5-8f75-eed063a0668a,0.95,1.0,0.0,5,5,5,0.0
545a7124-bbb4-4ea5-8f75-eed063a0668a,0.9,1.0,0.0,5,5,5,0.0
545a7124-bbb4-4ea5-8f75-eed063a0668a,0.85,1.0,0.0,5,5,5,0.0
545a7124-bbb4-4ea5-8f75-eed063a0668a,0.8,0.0,0.0,5,5,5,1.0
545a7124-bbb4-4ea5-8f75-eed063a0668a,0.75,0.0,0.0,5,5,5,1.0
545a7124-bbb4-4ea5-8f75-eed063a0668a,0.7,0.0,0.0,5,5,5,1.0
54d63cc2-f18e-4e66-9f9d-fc1f0706e100,0.95,0.0,0.0,5,5,5,1.0
54d63cc2-f18e-4e66-9f9d-fc1f0706e100,0.9,0.0,0.0,5,5,5,1.0
54d63cc2-f18e-4e66-9f9d-fc1f0706e100,0.85,0.0,0.0,5,5,5,1.0
54d63cc2-f18e-4e66-9f9d-fc1f0706e100,0.8,0.0,0.0,5,5,5,1.0
54d63cc2-f18e-4e66-9f9d-fc1f0706e100,0.75,0.0,0.0,5,5,5,1.0
54d63cc2-f18e-4e66-9f9d-fc1f0706e100,0.7,0.0,0.0,5,5,5,1.0
550fa0eb-02ca-4480-a580-7bb283cd19ef,0.95,1.0,0.0,5,5,5,0.0
550fa0eb-02ca-4480-a580-7bb283cd19ef,0.9,1.0,0.0,5,5,5,0.0
550fa0eb-02ca-4480-a580-7bb283cd19ef,0.85,1.0,0.0,5,5,5,0.0
550fa0eb-02ca-4480-a580-7bb283cd19ef,0.8,1.0,0.0,5,5,5,0.0
550fa0eb-02ca-4480-a580-7bb283cd19ef,0.75,1.0,0.0,5,5,5,0.0
550fa0eb-02ca-4480-a580-7bb283cd19ef,0.7,1.0,0.0,5,5,5,0.0
554c9a0f-74d4-497a-8e17-2a0cb373497a,0.95,0.0,0.0,5,5,5,1.0
554c9a0f-74d4-497a-8e17-2a0cb373497a,0.9,0.0,0.0,5,5,5,1.0
554c9a0f-74d4-497a-8e17-2a0cb373497a,0.85,0.0,0.0,5,5,5,1.0
554c9a0f-74d4-497a-8e17-2a0cb373497a,0.8,0.0,0.0,5,5,5,1.0
554c9a0f-74d4-497a-8e17-2a0cb373497a,0.75,1.0,0.0,5,5,5,0.0
554c9a0f-74d4-497a-8e17-2a0cb373497a,0.7,1.0,0.0,5,5,5,0.0
5570b2ba-1e23-4ec8-b1f8-c5687789190e,0.95,0.0,0.0,5,5,5,1.0
5570b2ba-1e23-4ec8-b1f8-c5687789190e,0.9,0.0,0.0,5,5,5,1.0
5570b2ba-1e23-4ec8-b1f8-c5687789190e,0.85,1.0,0.0,5,5,5,0.0
5570b2ba-1e23-4ec8-b1f8-c5687789190e,0.8,1.0,0.0,5,5,5,0.0
5570b2ba-1e23-4ec8-b1f8-c5687789190e,0.75,1.0,0.0,5,5,5,0.0
5570b2ba-1e23-4ec8-b1f8-c5687789190e,0.7,1.0,0.0,5,5,5,0.0
559391ff-25e0-4ae4-b02c-eea227215bfa,0.95,1.0,0.0,5,5,5,0.0
559391ff-25e0-4ae4-b02c-eea227215bfa,0.9,1.0,0.0,5,5,5,0.0
559391ff-25e0-4ae4-b02c-eea227215bfa,0.85,1.0,0.0,5,5,5,0.0
559391ff-25e0-4ae4-b02c-eea227215bfa,0.8,1.0,0.0,5,5,5,0.0
559391ff-25e0-4ae4-b02c-eea227215bfa,0.75,1.0,0.0,5,5,5,0.0
559391ff-25e0-4ae4-b02c-eea227215bfa,0.7,1.0,0.0,5,5,5,0.0
55a9aaf7-cf62-4ff7-98b1-c1ed64df664c,0.95,0.0,0.0,5,5,5,1.0
55a9aaf7-cf62-4ff7-98b1-c1ed64df664c,0.9,0.0,0.0,5,5,5,1.0
55a9aaf7-cf62-4ff7-98b1-c1ed64df664c,0.85,0.0,0.0,5,5,5,1.0
55a9aaf7-cf62-4ff7-98b1-c1ed64df664c,0.8,1.0,0.0,5,5,5,0.0
55a9aaf7-cf62-4ff7-98b1-c1ed64df664c,0.75,0.0,0.0,5,5,5,1.0
55a9aaf7-cf62-4ff7-98b1-c1ed64df664c,0.7,0.0,0.0,5,5,5,1.0
5690bd63-d7e7-4efc-bcf3-e5f272f22c72,0.95,0.0,0.0,5,5,5,1.0
5690bd63-d7e7-4efc-bcf3-e5f272f22c72,0.9,0.0,0.0,5,5,5,1.0
5690bd63-d7e7-4efc-bcf3-e5f272f22c72,0.85,1.0,0.0,5,5,5,0.0
5690bd63-d7e7-4efc-bcf3-e5f272f22c72,0.8,0.0,0.0,5,5,5,1.0
5690bd63-d7e7-4efc-bcf3-e5f272f22c72,0.75,0.0,0.0,5,5,5,1.0
5690bd63-d7e7-4efc-bcf3-e5f272f22c72,0.7,1.0,0.0,5,5,5,0.0
56dc829c-24cf-480e-aff1-cfde3b1f9369,0.95,1.0,0.0,5,5,5,0.0
56dc829c-24cf-480e-aff1-cfde3b1f9369,0.9,1.0,0.0,5,5,5,0.0
56dc829c-24cf-480e-aff1-cfde3b1f9369,0.85,1.0,0.0,5,5,5,0.0
56dc829c-24cf-480e-aff1-cfde3b1f9369,0.8,1.0,0.0,5,5,5,0.0
56dc829c-24cf-480e-aff1-cfde3b1f9369,0.75,1.0,0.0,5,5,5,0.0
56dc829c-24cf-480e-aff1-cfde3b1f9369,0.7,1.0,0.0,5,5,5,0.0
57457854-5831-459b-91a1-add56a6b9c74,0.95,0.0,0.0,5,5,5,1.0
57457854-5831-459b-91a1-add56a6b9c74,0.9,0.0,0.0,5,5,5,1.0
57457854-5831-459b-91a1-add56a6b9c74,0.85,0.0,0.0,5,5,5,1.0
57457854-5831-459b-91a1-add56a6b9c74,0.8,0.0,0.0,5,5,5,1.0
57457854-5831-459b-91a1-add56a6b9c74,0.75,0.0,0.0,5,5,5,1.0
57457854-5831-459b-91a1-add56a6b9c74,0.7,0.0,0.0,5,5,5,1.0
5794adf9-e92f-4897-a543-f6d3c1c70acf,0.95,0.0,0.0,5,5,5,1.0
5794adf9-e92f-4897-a543-f6d3c1c70acf,0.9,0.0,0.0,5,5,5,1.0
5794adf9-e92f-4897-a543-f6d3c1c70acf,0.85,0.0,0.0,5,5,5,1.0
5794adf9-e92f-4897-a543-f6d3c1c70acf,0.8,0.0,0.0,5,5,5,1.0
5794adf9-e92f-4897-a543-f6d3c1c70acf,0.75,1.0,0.0,5,5,5,0.0
5794adf9-e92f-4897-a543-f6d3c1c70acf,0.7,1.0,0.0,5,5,5,0.0
57fdba4e-85cb-482f-97e5-c5e430648561,0.95,1.0,0.0,5,5,5,0.0
57fdba4e-85cb-482f-97e5-c5e430648561,0.9,1.0,0.0,5,5,5,0.0
57fdba4e-85cb-482f-97e5-c5e430648561,0.85,1.0,0.0,5,5,5,0.0
57fdba4e-85cb-482f-97e5-c5e430648561,0.8,1.0,0.0,5,5,5,0.0
57fdba4e-85cb-482f-97e5-c5e430648561,0.75,1.0,0.0,5,5,5,0.0
57fdba4e-85cb-482f-97e5-c5e430648561,0.7,1.0,0.0,5,5,5,0.0
582b4d6b-043e-4ac2-966b-6e8049ba7e36,0.95,0.0,0.0,5,5,5,1.0
582b4d6b-043e-4ac2-966b-6e8049ba7e36,0.9,0.0,0.0,5,5,5,1.0
582b4d6b-043e-4ac2-966b-6e8049ba7e36,0.85,0.0,0.0,5,5,5,1.0
582b4d6b-043e-4ac2-966b-6e8049ba7e36,0.8,1.0,0.0,5,5,5,0.0
582b4d6b-043e-4ac2-966b-6e8049ba7e36,0.75,1.0,0.0,5,5,5,0.0
582b4d6b-043e-4ac2-966b-6e8049ba7e36,0.7,1.0,0.0,5,5,5,0.0
58a90b2b-f6c9-4f28-adf4-4bcb6eaa595d,0.95,1.0,0.0,5,5,5,0.0
58a90b2b-f6c9-4f28-adf4-4bcb6eaa595d,0.9,1.0,0.0,5,5,5,0.0
58a90b2b-f6c9-4f28-adf4-4bcb6eaa595d,0.85,1.0,0.0,5,5,5,0.0
58a90b2b-f6c9-4f28-adf4-4bcb6eaa595d,0.8,1.0,0.0,5,5,5,0.0
58a90b2b-f6c9-4f28-adf4-4bcb6eaa595d,0.75,1.0,0.0,5,5,5,0.0
58a90b2b-f6c9-4f28-adf4-4bcb6eaa595d,0.7,1.0,0.0,5,5,5,0.0
58b6b0c8-bb6f-446e-b35a-28be07c94afd,0.95,0.0,0.0,5,5,5,1.0
58b6b0c8-bb6f-446e-b35a-28be07c94afd,0.9,0.0,0.0,5,5,5,1.0
58b6b0c8-bb6f-446e-b35a-28be07c94afd,0.85,0.0,0.0,5,5,5,1.0
58b6b0c8-bb6f-446e-b35a-28be07c94afd,0.8,0.0,0.0,5,5,5,1.0
58b6b0c8-bb6f-446e-b35a-28be07c94afd,0.75,1.0,0.0,5,5,5,0.0
58b6b0c8-bb6f-446e-b35a-28be07c94afd,0.7,1.0,0.0,5,5,5,0.0
596d10a0-89c1-4d49-bc18-5b7dbeafde64,0.95,1.0,0.0,5,5,5,0.0
596d10a0-89c1-4d49-bc18-5b7dbeafde64,0.9,1.0,0.0,5,5,5,0.0
596d10a0-89c1-4d49-bc18-5b7dbeafde64,0.85,1.0,0.0,5,5,5,0.0
596d10a0-89c1-4d49-bc18-5b7dbeafde64,0.8,0.0,0.0,5,5,5,1.0
596d10a0-89c1-4d49-bc18-5b7dbeafde64,0.75,1.0,0.0,5,5,5,0.0
596d10a0-89c1-4d49-bc18-5b7dbeafde64,0.7,1.0,0.0,5,5,5,0.0
59c3899a-183b-49ce-bb0f-c54a01dd6f04,0.95,0.0,0.0,5,5,5,1.0
59c3899a-183b-49ce-bb0f-c54a01dd6f04,0.9,0.0,0.0,5,5,5,1.0
59c3899a-183b-49ce-bb0f-c54a01dd6f04,0.85,0.0,0.0,5,5,5,1.0
59c3899a-183b-49ce-bb0f-c54a01dd6f04,0.8,0.0,0.0,5,5,5,1.0
59c3899a-183b-49ce-bb0f-c54a01dd6f04,0.75,0.0,0.0,5,5,5,1.0
59c3899a-183b-49ce-bb0f-c54a01dd6f04,0.7,0.0,0.0,5,5,5,1.0
5a020b9a-7a1b-4b9c-ba00-ff19e0b4758c,0.95,1.0,0.0,5,5,5,0.0
5a020b9a-7a1b-4b9c-ba00-ff19e0b4758c,0.9,1.0,0.0,5,5,5,0.0
5a020b9a-7a1b-4b9c-ba00-ff19e0b4758c,0.85,1.0,0.0,5,5,5,0.0
5a020b9a-7a1b-4b9c-ba00-ff19e0b4758c,0.8,1.0,0.0,5,5,5,0.0
5a020b9a-7a1b-4b9c-ba00-ff19e0b4758c,0.75,1.0,0.0,5,5,5,0.0
5a020b9a-7a1b-4b9c-ba00-ff19e0b4758c,0.7,1.0,0.0,5,5,5,0.0
5a598fdd-8fe0-4da4-9e97-f10539ba6e74,0.95,0.0,0.0,5,5,5,1.0
5a598fdd-8fe0-4da4-9e97-f10539ba6e74,0.9,0.0,0.0,5,5,5,1.0
5a598fdd-8fe0-4da4-9e97-f10539ba6e74,0.85,0.0,0.0,5,5,5,1.0
5a598fdd-8fe0-4da4-9e97-f10539ba6e74,0.8,1.0,0.0,5,5,5,0.0
5a598fdd-8fe0-4da4-9e97-f10539ba6e74,0.75,0.0,0.0,5,5,5,1.0
5a598fdd-8fe0-4da4-9e97-f10539ba6e74,0.7,1.0,0.0,5,5,5,0.0
5a7f972a-5c54-49b6-90dd-caee65688443,0.95,1.0,0.0,5,5,5,0.0
5a7f972a-5c54-49b6-90dd-caee65688443,0.9,1.0,0.0,5,5,5,0.0
5a7f972a-5c54-49b6-90dd-caee65688443,0.85,1.0,0.0,5,5,5,0.0
5a7f972a-5c54-49b6-90dd-caee65688443,0.8,1.0,0.0,5,5,5,0.0
5a7f972a-5c54-49b6-90dd-caee65688443,0.75,1.0,0.0,5,5,5,0.0
5a7f972a-5c54-49b6-90dd-caee65688443,0.7,1.0,0.0,5,5,5,0.0
5afcabf6-b05a-4ce8-9cb6-d6d6b78effed,0.95,0.0,0.0,5,5,5,1.0
5afcabf6-b05a-4ce8-9cb6-d6d6b78effed,0.9,0.0,0.0,5,5,5,1.0
5afcabf6-b05a-4ce8-9cb6-d6d6b78effed,0.85,0.0,0.0,5,5,5,1.0
5afcabf6-b05a-4ce8-9cb6-d6d6b78effed,0.8,0.0,0.0,5,5,5,1.0
5afcabf6-b05a-4ce8-9cb6-d6d6b78effed,0.75,0.0,0.0,5,5,5,1.0
5afcabf6-b05a-4ce8-9cb6-d6d6b78effed,0.7,0.0,0.0,5,5,5,1.0
5b51bfc1-f0ff-4ee7-b5a2-f78285b693d4,0.95,1.0,0.0,5,5,5,0.0
5b51bfc1-f0ff-4ee7-b5a2-f78285b693d4,0.9,1.0,0.0,5,5,5,0.0
5b51bfc1-f0ff-4ee7-b5a2-f78285b693d4,0.85,1.0,0.0,5,5,5,0.0
5b51bfc1-f0ff-4ee7-b5a2-f78285b693d4,0.8,1.0,0.0,5,5,5,0.0
5b51bfc1-f0ff-4ee7-b5a2-f78285b693d4,0.75,1.0,0.0,5,5,5,0.0
5b51bfc1-f0ff-4ee7-b5a2-f78285b693d4,0.7,1.0,0.0,5,5,5,0.0
5b7a9bf1-bbc3-4f5a-8b00-0f2f31e6c749,0.95,1.0,0.0,5,5,5,0.0
5b7a9bf1-bbc3-4f5a-8b00-0f2f31e6c749,0.9,1.0,0.0,5,5,5,0.0
5b7a9bf1-bbc3-4f5a-8b00-0f2f31e6c749,0.85,1.0,0.0,5,5,5,0.0
5b7a9bf1-bbc3-4f5a-8b00-0f2f31e6c749,0.8,1.0,0.0,5,5,5,0.0
5b7a9bf1-bbc3-4f5a-8b00-0f2f31e6c749,0.75,0.0,0.0,5,5,5,1.0
5b7a9bf1-bbc3-4f5a-8b00-0f2f31e6c749,0.7,1.0,0.0,5,5,5,0.0
5bbcf9e5-8818-4fe1-ae77-a5f04ee4d21b,0.95,1.0,0.0,5,5,5,0.0
5bbcf9e5-8818-4fe1-ae77-a5f04ee4d21b,0.9,1.0,0.0,5,5,5,0.0
5bbcf9e5-8818-4fe1-ae77-a5f04ee4d21b,0.85,1.0,0.0,5,5,5,0.0
5bbcf9e5-8818-4fe1-ae77-a5f04ee4d21b,0.8,1.0,0.0,5,5,5,0.0
5bbcf9e5-8818-4fe1-ae77-a5f04ee4d21b,0.75,1.0,0.0,5,5,5,0.0
5bbcf9e5-8818-4fe1-ae77-a5f04ee4d21b,0.7,1.0,0.0,5,5,5,0.0
5c31c586-ad2c-4612-bf3b-c77ffabf9647,0.95,1.0,0.0,5,5,5,0.0
5c31c586-ad2c-4612-bf3b-c77ffabf9647,0.9,1.0,0.0,5,5,5,0.0
5c31c586-ad2c-4612-bf3b-c77ffabf9647,0.85,1.0,0.0,5,5,5,0.0
5c31c586-ad2c-4612-bf3b-c77ffabf9647,0.8,0.0,0.0,5,5,5,1.0
5c31c586-ad2c-4612-bf3b-c77ffabf9647,0.75,1.0,0.0,5,5,5,0.0
5c31c586-ad2c-4612-bf3b-c77ffabf9647,0.7,1.0,0.0,5,5,5,0.0
5c5491f5-12cc-41e5-8304-cb8efa8bc4dd,0.95,1.0,0.0,5,5,5,0.0
5c5491f5-12cc-41e5-8304-cb8efa8bc4dd,0.9,1.0,0.0,5,5,5,0.0
5c5491f5-12cc-41e5-8304-cb8efa8bc4dd,0.85,1.0,0.0,5,5,5,0.0
5c5491f5-12cc-41e5-8304-cb8efa8bc4dd,0.8,1.0,0.0,5,5,5,0.0
5c5491f5-12cc-41e5-8304-cb8efa8bc4dd,0.75,1.0,0.0,5,5,5,0.0
5c5491f5-12cc-41e5-8304-cb8efa8bc4dd,0.7,1.0,0.0,5,5,5,0.0
5c872e79-acdf-4eb1-af74-76dc1156b4ed,0.95,0.0,0.0,5,5,5,1.0
5c872e79-acdf-4eb1-af74-76dc1156b4ed,0.9,0.0,0.0,5,5,5,1.0
5c872e79-acdf-4eb1-af74-76dc1156b4ed,0.85,0.0,0.0,5,5,5,1.0
5c872e79-acdf-4eb1-af74-76dc1156b4ed,0.8,0.0,0.0,5,5,5,1.0
5c872e79-acdf-4eb1-af74-76dc1156b4ed,0.75,1.0,0.0,5,5,5,0.0
5c872e79-acdf-4eb1-af74-76dc1156b4ed,0.7,1.0,0.0,5,5,5,0.0
5c8aae3b-f13d-4d42-9252-5937ea774c80,0.95,1.0,0.0,5,5,5,0.0
5c8aae3b-f13d-4d42-9252-5937ea774c80,0.9,1.0,0.0,5,5,5,0.0
5c8aae3b-f13d-4d42-9252-5937ea774c80,0.85,1.0,0.0,5,5,5,0.0
5c8aae3b-f13d-4d42-9252-5937ea774c80,0.8,0.0,0.0,5,5,5,1.0
5c8aae3b-f13d-4d42-9252-5937ea774c80,0.75,1.0,0.0,5,5,5,0.0
5c8aae3b-f13d-4d42-9252-5937ea774c80,0.7,1.0,0.0,5,5,5,0.0
5cfe6347-170e-4aa0-825d-6b5fcb5e6912,0.95,1.0,0.0,5,5,5,0.0
5cfe6347-170e-4aa0-825d-6b5fcb5e6912,0.9,1.0,0.0,5,5,5,0.0
5cfe6347-170e-4aa0-825d-6b5fcb5e6912,0.85,1.0,0.0,5,5,5,0.0
5cfe6347-170e-4aa0-825d-6b5fcb5e6912,0.8,0.0,0.0,5,5,5,1.0
5cfe6347-170e-4aa0-825d-6b5fcb5e6912,0.75,1.0,0.0,5,5,5,0.0
5cfe6347-170e-4aa0-825d-6b5fcb5e6912,0.7,1.0,0.0,5,5,5,0.0
5d86a20e-12f3-4e17-a8b9-9f9d7d8a32fe,0.95,1.0,0.0,5,5,5,0.0
5d86a20e-12f3-4e17-a8b9-9f9d7d8a32fe,0.9,1.0,0.0,5,5,5,0.0
5d86a20e-12f3-4e17-a8b9-9f9d7d8a32fe,0.85,1.0,0.0,5,5,5,0.0
5d86a20e-12f3-4e17-a8b9-9f9d7d8a32fe,0.8,1.0,0.0,5,5,5,0.0
5d86a20e-12f3-4e17-a8b9-9f9d7d8a32fe,0.75,0.0,0.0,5,5,5,1.0
5d86a20e-12f3-4e17-a8b9-9f9d7d8a32fe,0.7,0.0,0.0,5,5,5,1.0
5dbd1903-c9aa-4114-9793-f902e39c9885,0.95,1.0,0.0,5,5,5,0.0
5dbd1903-c9aa-4114-9793-f902e39c9885,0.9,1.0,0.0,5,5,5,0.0
5dbd1903-c9aa-4114-9793-f902e39c9885,0.85,1.0,0.0,5,5,5,0.0
5dbd1903-c9aa-4114-9793-f902e39c9885,0.8,1.0,0.0,5,5,5,0.0
5dbd1903-c9aa-4114-9793-f902e39c9885,0.75,1.0,0.0,5,5,5,0.0
5dbd1903-c9aa-4114-9793-f902e39c9885,0.7,1.0,0.0,5,5,5,0.0
5dbed17b-2db8-4d97-9bf8-a7f78f6e290b,0.95,1.0,0.0,5,5,5,0.0
5dbed17b-2db8-4d97-9bf8-a7f78f6e290b,0.9,1.0,0.0,5,5,5,0.0
5dbed17b-2db8-4d97-9bf8-a7f78f6e290b,0.85,1.0,0.0,5,5,5,0.0
5dbed17b-2db8-4d97-9bf8-a7f78f6e290b,0.8,1.0,0.0,5,5,5,0.0
5dbed17b-2db8-4d97-9bf8-a7f78f6e290b,0.75,1.0,0.0,5,5,5,0.0
5dbed17b-2db8-4d97-9bf8-a7f78f6e290b,0.7,1.0,0.0,5,5,5,0.0
5e65c98f-56ec-4f8d-940b-293ad164b1b1,0.95,1.0,0.0,5,5,5,0.0
5e65c98f-56ec-4f8d-940b-293ad164b1b1,0.9,1.0,0.0,5,5,5,0.0
5e65c98f-56ec-4f8d-940b-293ad164b1b1,0.85,1.0,0.0,5,5,5,0.0
5e65c98f-56ec-4f8d-940b-293ad164b1b1,0.8,1.0,0.0,5,5,5,0.0
5e65c98f-56ec-4f8d-940b-293ad164b1b1,0.75,1.0,0.0,5,5,5,0.0
5e65c98f-56ec-4f8d-940b-293ad164b1b1,0.7,1.0,0.0,5,5,5,0.0
5ead2096-7737-45e6-93c0-6ced09081bb7,0.95,1.0,0.0,5,5,5,0.0
5ead2096-7737-45e6-93c0-6ced09081bb7,0.9,1.0,0.0,5,5,5,0.0
5ead2096-7737-45e6-93c0-6ced09081bb7,0.85,1.0,0.0,5,5,5,0.0
5ead2096-7737-45e6-93c0-6ced09081bb7,0.8,1.0,0.0,5,5,5,0.0
5ead2096-7737-45e6-93c0-6ced09081bb7,0.75,1.0,0.0,5,5,5,0.0
5ead2096-7737-45e6-93c0-6ced09081bb7,0.7,1.0,0.0,5,5,5,0.0
5f0dde2a-6e81-4a7b-b6b3-15a8006a90c4,0.95,1.0,0.0,5,5,5,0.0
5f0dde2a-6e81-4a7b-b6b3-15a8006a90c4,0.9,1.0,0.0,5,5,5,0.0
5f0dde2a-6e81-4a7b-b6b3-15a8006a90c4,0.85,1.0,0.0,5,5,5,0.0
5f0dde2a-6e81-4a7b-b6b3-15a8006a90c4,0.8,1.0,0.0,5,5,5,0.0
5f0dde2a-6e81-4a7b-b6b3-15a8006a90c4,0.75,1.0,0.0,5,5,5,0.0
5f0dde2a-6e81-4a7b-b6b3-15a8006a90c4,0.7,1.0,0.0,5,5,5,0.0
6026137c-dd18-47cf-990e-a14e37f3e61a,0.95,0.0,0.0,5,5,5,1.0
6026137c-dd18-47cf-990e-a14e37f3e61a,0.9,0.0,0.0,5,5,5,1.0
6026137c-dd18-47cf-990e-a14e37f3e61a,0.85,1.0,0.0,5,5,5,0.0
6026137c-dd18-47cf-990e-a14e37f3e61a,0.8,1.0,0.0,5,5,5,0.0
6026137c-dd18-47cf-990e-a14e37f3e61a,0.75,1.0,0.0,5,5,5,0.0
6026137c-dd18-47cf-990e-a14e37f3e61a,0.7,1.0,0.0,5,5,5,0.0
60a18e68-c630-4ae4-9da6-344096fd8222,0.95,1.0,0.0,5,5,5,0.0
60a18e68-c630-4ae4-9da6-344096fd8222,0.9,1.0,0.0,5,5,5,0.0
60a18e68-c630-4ae4-9da6-344096fd8222,0.85,1.0,0.0,5,5,5,0.0
60a18e68-c630-4ae4-9da6-344096fd8222,0.8,1.0,0.0,5,5,5,0.0
60a18e68-c630-4ae4-9da6-344096fd8222,0.75,1.0,0.0,5,5,5,0.0
60a18e68-c630-4ae4-9da6-344096fd8222,0.7,1.0,0.0,5,5,5,0.0
60f025f5-b304-4adc-a3be-cb4823f4d584,0.95,0.0,0.0,5,5,5,1.0
60f025f5-b304-4adc-a3be-cb4823f4d584,0.9,0.0,0.0,5,5,5,1.0
60f025f5-b304-4adc-a3be-cb4823f4d584,0.85,0.0,0.0,5,5,5,1.0
60f025f5-b304-4adc-a3be-cb4823f4d584,0.8,0.0,0.0,5,5,5,1.0
60f025f5-b304-4adc-a3be-cb4823f4d584,0.75,0.0,0.0,5,5,5,1.0
60f025f5-b304-4adc-a3be-cb4823f4d584,0.7,1.0,0.0,5,5,5,0.0
6157f8bf-e078-4cf8-8d1e-2a928ff8d7fc,0.95,1.0,0.0,5,5,5,0.0
6157f8bf-e078-4cf8-8d1e-2a928ff8d7fc,0.9,1.0,0.0,5,5,5,0.0
6157f8bf-e078-4cf8-8d1e-2a928ff8d7fc,0.85,1.0,0.0,5,5,5,0.0
6157f8bf-e078-4cf8-8d1e-2a928ff8d7fc,0.8,1.0,0.0,5,5,5,0.0
6157f8bf-e078-4cf8-8d1e-2a928ff8d7fc,0.75,0.0,0.0,5,5,5,1.0
6157f8bf-e078-4cf8-8d1e-2a928ff8d7fc,0.7,1.0,0.0,5,5,5,0.0
616af73b-6ec8-4609-bc27-336b76388526,0.95,0.0,0.0,5,5,5,1.0
616af73b-6ec8-4609-bc27-336b76388526,0.9,0.0,0.0,5,5,5,1.0
616af73b-6ec8-4609-bc27-336b76388526,0.85,1.0,0.0,5,5,5,0.0
616af73b-6ec8-4609-bc27-336b76388526,0.8,1.0,0.0,5,5,5,0.0
616af73b-6ec8-4609-bc27-336b76388526,0.75,0.0,0.0,5,5,5,1.0
616af73b-6ec8-4609-bc27-336b76388526,0.7,1.0,0.0,5,5,5,0.0
62257e0d-751f-4e16-a6eb-0b8bc67c0f8c,0.95,1.0,0.0,7,7,7,0.0
62257e0d-751f-4e16-a6eb-0b8bc67c0f8c,0.9,1.0,0.0,7,7,7,0.0
62257e0d-751f-4e16-a6eb-0b8bc67c0f8c,0.85,1.0,0.0,7,7,7,0.0
62257e0d-751f-4e16-a6eb-0b8bc67c0f8c,0.8,1.0,0.0,7,7,7,0.0
62257e0d-751f-4e16-a6eb-0b8bc67c0f8c,0.75,1.0,0.0,7,7,7,0.0
62257e0d-751f-4e16-a6eb-0b8bc67c0f8c,0.7,1.0,0.0,7,7,7,0.0
6386a036-a3d8-410e-b6b3-c28feb2c2db5,0.95,1.0,0.0,5,5,5,0.0
6386a036-a3d8-410e-b6b3-c28feb2c2db5,0.9,1.0,0.0,5,5,5,0.0
6386a036-a3d8-410e-b6b3-c28feb2c2db5,0.85,1.0,0.0,5,5,5,0.0
6386a036-a3d8-410e-b6b3-c28feb2c2db5,0.8,1.0,0.0,5,5,5,0.0
6386a036-a3d8-410e-b6b3-c28feb2c2db5,0.75,1.0,0.0,5,5,5,0.0
6386a036-a3d8-410e-b6b3-c28feb2c2db5,0.7,1.0,0.0,5,5,5,0.0
6397826d-822c-4f2e-8dc1-807ebf5becbe,0.95,0.0,0.0,5,5,5,1.0
6397826d-822c-4f2e-8dc1-807ebf5becbe,0.9,0.0,0.0,5,5,5,1.0
6397826d-822c-4f2e-8dc1-807ebf5becbe,0.85,0.0,0.0,5,5,5,1.0
6397826d-822c-4f2e-8dc1-807ebf5becbe,0.8,1.0,0.0,5,5,5,0.0
6397826d-822c-4f2e-8dc1-807ebf5becbe,0.75,0.0,0.0,5,5,5,1.0
6397826d-822c-4f2e-8dc1-807ebf5becbe,0.7,0.0,0.0,5,5,5,1.0
64615e21-3227-4c34-af27-b3bb3de5e8b1,0.95,1.0,0.0,5,5,5,0.0
64615e21-3227-4c34-af27-b3bb3de5e8b1,0.9,1.0,0.0,5,5,5,0.0
64615e21-3227-4c34-af27-b3bb3de5e8b1,0.85,1.0,0.0,5,5,5,0.0
64615e21-3227-4c34-af27-b3bb3de5e8b1,0.8,1.0,0.0,5,5,5,0.0
64615e21-3227-4c34-af27-b3bb3de5e8b1,0.75,1.0,0.0,5,5,5,0.0
64615e21-3227-4c34-af27-b3bb3de5e8b1,0.7,1.0,0.0,5,5,5,0.0
65dc8377-8486-4ab9-9b52-89589c2ac837,0.95,1.0,0.0,5,5,5,0.0
65dc8377-8486-4ab9-9b52-89589c2ac837,0.9,1.0,0.0,5,5,5,0.0
65dc8377-8486-4ab9-9b52-89589c2ac837,0.85,1.0,0.0,5,5,5,0.0
65dc8377-8486-4ab9-9b52-89589c2ac837,0.8,1.0,0.0,5,5,5,0.0
65dc8377-8486-4ab9-9b52-89589c2ac837,0.75,1.0,0.0,5,5,5,0.0
65dc8377-8486-4ab9-9b52-89589c2ac837,0.7,1.0,0.0,5,5,5,0.0
669f6b96-49c8-420c-abd4-1a09dec35c26,0.95,0.0,0.0,5,5,5,1.0
669f6b96-49c8-420c-abd4-1a09dec35c26,0.9,0.0,0.0,5,5,5,1.0
669f6b96-49c8-420c-abd4-1a09dec35c26,0.85,0.0,0.0,5,5,5,1.0
669f6b96-49c8-420c-abd4-1a09dec35c26,0.8,0.0,0.0,5,5,5,1.0
669f6b96-49c8-420c-abd4-1a09dec35c26,0.75,0.0,0.0,5,5,5,1.0
669f6b96-49c8-420c-abd4-1a09dec35c26,0.7,0.0,0.0,5,5,5,1.0
66f23033-4936-4009-8cc3-945a9d70982a,0.95,1.0,0.0,5,5,5,0.0
66f23033-4936-4009-8cc3-945a9d70982a,0.9,1.0,0.0,5,5,5,0.0
66f23033-4936-4009-8cc3-945a9d70982a,0.85,1.0,0.0,5,5,5,0.0
66f23033-4936-4009-8cc3-945a9d70982a,0.8,1.0,0.0,5,5,5,0.0
66f23033-4936-4009-8cc3-945a9d70982a,0.75,1.0,0.0,5,5,5,0.0
66f23033-4936-4009-8cc3-945a9d70982a,0.7,0.0,0.0,5,5,5,1.0
67aa3668-e3f0-4986-9092-a9a3902cd854,0.95,1.0,0.0,5,5,5,0.0
67aa3668-e3f0-4986-9092-a9a3902cd854,0.9,1.0,0.0,5,5,5,0.0
67aa3668-e3f0-4986-9092-a9a3902cd854,0.85,1.0,0.0,5,5,5,0.0
67aa3668-e3f0-4986-9092-a9a3902cd854,0.8,1.0,0.0,5,5,5,0.0
67aa3668-e3f0-4986-9092-a9a3902cd854,0.75,1.0,0.0,5,5,5,0.0
67aa3668-e3f0-4986-9092-a9a3902cd854,0.7,1.0,0.0,5,5,5,0.0
68136cec-2f99-454f-a2a2-5f7925cc54a5,0.95,1.0,0.0,5,5,5,0.0
68136cec-2f99-454f-a2a2-5f7925cc54a5,0.9,1.0,0.0,5,5,5,0.0
68136cec-2f99-454f-a2a2-5f7925cc54a5,0.85,1.0,0.0,5,5,5,0.0
68136cec-2f99-454f-a2a2-5f7925cc54a5,0.8,1.0,0.0,5,5,5,0.0
68136cec-2f99-454f-a2a2-5f7925cc54a5,0.75,1.0,0.0,5,5,5,0.0
68136cec-2f99-454f-a2a2-5f7925cc54a5,0.7,1.0,0.0,5,5,5,0.0
6866160c-3994-462d-aebd-45925461238f,0.95,1.0,0.0,5,5,5,0.0
6866160c-3994-462d-aebd-45925461238f,0.9,1.0,0.0,5,5,5,0.0
6866160c-3994-462d-aebd-45925461238f,0.85,1.0,0.0,5,5,5,0.0
6866160c-3994-462d-aebd-45925461238f,0.8,0.0,0.0,5,5,5,1.0
6866160c-3994-462d-aebd-45925461238f,0.75,0.0,0.0,5,5,5,1.0
6866160c-3994-462d-aebd-45925461238f,0.7,1.0,0.0,5,5,5,0.0
68ef803c-65df-4295-8646-09fd1fc19945,0.95,1.0,0.0,5,5,5,0.0
68ef803c-65df-4295-8646-09fd1fc19945,0.9,1.0,0.0,5,5,5,0.0
68ef803c-65df-4295-8646-09fd1fc19945,0.85,1.0,0.0,5,5,5,0.0
68ef803c-65df-4295-8646-09fd1fc19945,0.8,1.0,0.0,5,5,5,0.0
68ef803c-65df-4295-8646-09fd1fc19945,0.75,1.0,0.0,5,5,5,0.0
68ef803c-65df-4295-8646-09fd1fc19945,0.7,1.0,0.0,5,5,5,0.0
692c868a-465e-4578-96b7-583aeb420cbb,0.95,1.0,0.0,5,5,5,0.0
692c868a-465e-4578-96b7-583aeb420cbb,0.9,1.0,0.0,5,5,5,0.0
692c868a-465e-4578-96b7-583aeb420cbb,0.85,1.0,0.0,5,5,5,0.0
692c868a-465e-4578-96b7-583aeb420cbb,0.8,0.0,0.0,5,5,5,1.0
692c868a-465e-4578-96b7-583aeb420cbb,0.75,0.0,0.0,5,5,5,1.0
692c868a-465e-4578-96b7-583aeb420cbb,0.7,0.0,0.0,5,5,5,1.0
6953a051-a1f7-4088-a375-1fe79895d097,0.95,1.0,0.0,5,5,5,0.0
6953a051-a1f7-4088-a375-1fe79895d097,0.9,1.0,0.0,5,5,5,0.0
6953a051-a1f7-4088-a375-1fe79895d097,0.85,1.0,0.0,5,5,5,0.0
6953a051-a1f7-4088-a375-1fe79895d097,0.8,1.0,0.0,5,5,5,0.0
6953a051-a1f7-4088-a375-1fe79895d097,0.75,1.0,0.0,5,5,5,0.0
6953a051-a1f7-4088-a375-1fe79895d097,0.7,1.0,0.0,5,5,5,0.0
69802844-51e8-43b0-a70d-5c73a949248f,0.95,1.0,0.0,5,5,5,0.0
69802844-51e8-43b0-a70d-5c73a949248f,0.9,1.0,0.0,5,5,5,0.0
69802844-51e8-43b0-a70d-5c73a949248f,0.85,1.0,0.0,5,5,5,0.0
69802844-51e8-43b0-a70d-5c73a949248f,0.8,1.0,0.0,5,5,5,0.0
69802844-51e8-43b0-a70d-5c73a949248f,0.75,0.0,0.0,5,5,5,1.0
69802844-51e8-43b0-a70d-5c73a949248f,0.7,1.0,0.0,5,5,5,0.0
6a8327b5-6c3f-4d28-9019-ee96c11757e5,0.95,1.0,0.0,5,5,5,0.0
6a8327b5-6c3f-4d28-9019-ee96c11757e5,0.9,1.0,0.0,5,5,5,0.0
6a8327b5-6c3f-4d28-9019-ee96c11757e5,0.85,1.0,0.0,5,5,5,0.0
6a8327b5-6c3f-4d28-9019-ee96c11757e5,0.8,0.0,0.0,5,5,5,1.0
6a8327b5-6c3f-4d28-9019-ee96c11757e5,0.75,1.0,0.0,5,5,5,0.0
6a8327b5-6c3f-4d28-9019-ee96c11757e5,0.7,1.0,0.0,5,5,5,0.0
6a877922-a51c-4304-9d5c-acfc281d3c3c,0.95,0.0,0.0,5,5,5,1.0
6a877922-a51c-4304-9d5c-acfc281d3c3c,0.9,0.0,0.0,5,5,5,1.0
6a877922-a51c-4304-9d5c-acfc281d3c3c,0.85,0.0,0.0,5,5,5,1.0
6a877922-a51c-4304-9d5c-acfc281d3c3c,0.8,0.0,0.0,5,5,5,1.0
6a877922-a51c-4304-9d5c-acfc281d3c3c,0.75,0.0,0.0,5,5,5,1.0
6a877922-a51c-4304-9d5c-acfc281d3c3c,0.7,0.0,0.0,5,5,5,1.0
6b35f8b3-7763-4110-b2d1-c18e107a4dd4,0.95,1.0,0.0,5,5,5,0.0
6b35f8b3-7763-4110-b2d1-c18e107a4dd4,0.9,1.0,0.0,5,5,5,0.0
6b35f8b3-7763-4110-b2d1-c18e107a4dd4,0.85,1.0,0.0,5,5,5,0.0
6b35f8b3-7763-4110-b2d1-c18e107a4dd4,0.8,1.0,0.0,5,5,5,0.0
6b35f8b3-7763-4110-b2d1-c18e107a4dd4,0.75,1.0,0.0,5,5,5,0.0
6b35f8b3-7763-4110-b2d1-c18e107a4dd4,0.7,1.0,0.0,5,5,5,0.0
6cd36a17-31ec-4cf1-b9d5-6180ba25e8bb,0.95,0.0,0.0,5,5,5,1.0
6cd36a17-31ec-4cf1-b9d5-6180ba25e8bb,0.9,0.0,0.0,5,5,5,1.0
6cd36a17-31ec-4cf1-b9d5-6180ba25e8bb,0.85,0.0,0.0,5,5,5,1.0
6cd36a17-31ec-4cf1-b9d5-6180ba25e8bb,0.8,1.0,0.0,5,5,5,0.0
6cd36a17-31ec-4cf1-b9d5-6180ba25e8bb,0.75,1.0,0.0,5,5,5,0.0
6cd36a17-31ec-4cf1-b9d5-6180ba25e8bb,0.7,1.0,0.0,5,5,5,0.0
6d08b938-e74c-4006-9c54-b0028348c9d4,0.95,0.0,0.0,5,5,5,1.0
6d08b938-e74c-4006-9c54-b0028348c9d4,0.9,0.0,0.0,5,5,5,1.0
6d08b938-e74c-4006-9c54-b0028348c9d4,0.85,1.0,0.0,5,5,5,0.0
6d08b938-e74c-4006-9c54-b0028348c9d4,0.8,1.0,0.0,5,5,5,0.0
6d08b938-e74c-4006-9c54-b0028348c9d4,0.75,1.0,0.0,5,5,5,0.0
6d08b938-e74c-4006-9c54-b0028348c9d4,0.7,1.0,0.0,5,5,5,0.0
6da01fb6-1a24-4a10-bc29-7d8da3bf9509,0.95,1.0,0.0,7,7,7,0.0
6da01fb6-1a24-4a10-bc29-7d8da3bf9509,0.9,1.0,0.0,7,7,7,0.0
6da01fb6-1a24-4a10-bc29-7d8da3bf9509,0.85,1.0,0.0,7,7,7,0.0
6da01fb6-1a24-4a10-bc29-7d8da3bf9509,0.8,1.0,0.0,7,7,7,0.0
6da01fb6-1a24-4a10-bc29-7d8da3bf9509,0.75,1.0,0.0,7,7,7,0.0
6da01fb6-1a24-4a10-bc29-7d8da3bf9509,0.7,1.0,0.0,7,7,7,0.0
6da8204b-1964-4b2a-9b29-4d7e668daa29,0.95,0.0,0.0,8,8,8,1.0
6da8204b-1964-4b2a-9b29-4d7e668daa29,0.9,0.0,0.0,8,8,8,1.0
6da8204b-1964-4b2a-9b29-4d7e668daa29,0.85,0.0,0.0,8,8,8,1.0
6da8204b-1964-4b2a-9b29-4d7e668daa29,0.8,0.0,0.0,8,8,8,1.0
6da8204b-1964-4b2a-9b29-4d7e668daa29,0.75,1.0,0.0,8,8,8,0.0
6da8204b-1964-4b2a-9b29-4d7e668daa29,0.7,1.0,0.0,8,8,8,0.0
6daa4b54-349d-42cd-829f-d5c28a9678c3,0.95,0.0,0.0,5,5,5,1.0
6daa4b54-349d-42cd-829f-d5c28a9678c3,0.9,0.0,0.0,5,5,5,1.0
6daa4b54-349d-42cd-829f-d5c28a9678c3,0.85,0.0,0.0,5,5,5,1.0
6daa4b54-349d-42cd-829f-d5c28a9678c3,0.8,0.0,0.0,5,5,5,1.0
6daa4b54-349d-42cd-829f-d5c28a9678c3,0.75,0.0,0.0,5,5,5,1.0
6daa4b54-349d-42cd-829f-d5c28a9678c3,0.7,1.0,0.0,5,5,5,0.0
6dd6995a-bca5-46b0-ae6f-afbbc22991f9,0.95,1.0,0.0,5,5,5,0.0
6dd6995a-bca5-46b0-ae6f-afbbc22991f9,0.9,1.0,0.0,5,5,5,0.0
6dd6995a-bca5-46b0-ae6f-afbbc22991f9,0.85,1.0,0.0,5,5,5,0.0
6dd6995a-bca5-46b0-ae6f-afbbc22991f9,0.8,0.0,0.0,5,5,5,1.0
6dd6995a-bca5-46b0-ae6f-afbbc22991f9,0.75,1.0,0.0,5,5,5,0.0
6dd6995a-bca5-46b0-ae6f-afbbc22991f9,0.7,1.0,0.0,5,5,5,0.0
6eb1ef46-de09-4d23-bd65-0420c7bef5a1,0.95,1.0,0.0,5,5,5,0.0
6eb1ef46-de09-4d23-bd65-0420c7bef5a1,0.9,1.0,0.0,5,5,5,0.0
6eb1ef46-de09-4d23-bd65-0420c7bef5a1,0.85,1.0,0.0,5,5,5,0.0
6eb1ef46-de09-4d23-bd65-0420c7bef5a1,0.8,1.0,0.0,5,5,5,0.0
6eb1ef46-de09-4d23-bd65-0420c7bef5a1,0.75,1.0,0.0,5,5,5,0.0
6eb1ef46-de09-4d23-bd65-0420c7bef5a1,0.7,1.0,0.0,5,5,5,0.0
6f4784a4-0527-42d1-b5af-e0dd3504bae0,0.95,0.0,0.0,7,7,7,1.0
6f4784a4-0527-42d1-b5af-e0dd3504bae0,0.9,0.0,0.0,7,7,7,1.0
6f4784a4-0527-42d1-b5af-e0dd3504bae0,0.85,0.0,0.0,7,7,7,1.0
6f4784a4-0527-42d1-b5af-e0dd3504bae0,0.8,0.0,0.0,7,7,7,1.0
6f4784a4-0527-42d1-b5af-e0dd3504bae0,0.75,0.0,0.0,7,7,7,1.0
6f4784a4-0527-42d1-b5af-e0dd3504bae0,0.7,1.0,0.0,7,7,7,0.0
6f6a5ac5-f89e-4042-a1d5-9bde6a053fb9,0.95,1.0,0.0,5,5,5,0.0
6f6a5ac5-f89e-4042-a1d5-9bde6a053fb9,0.9,1.0,0.0,5,5,5,0.0
6f6a5ac5-f89e-4042-a1d5-9bde6a053fb9,0.85,1.0,0.0,5,5,5,0.0
6f6a5ac5-f89e-4042-a1d5-9bde6a053fb9,0.8,1.0,0.0,5,5,5,0.0
6f6a5ac5-f89e-4042-a1d5-9bde6a053fb9,0.75,1.0,0.0,5,5,5,0.0
6f6a5ac5-f89e-4042-a1d5-9bde6a053fb9,0.7,1.0,0.0,5,5,5,0.0
6fdbe372-9ce5-4d04-ad6f-7d5c43dc357e,0.95,1.0,0.0,5,5,5,0.0
6fdbe372-9ce5-4d04-ad6f-7d5c43dc357e,0.9,1.0,0.0,5,5,5,0.0
6fdbe372-9ce5-4d04-ad6f-7d5c43dc357e,0.85,1.0,0.0,5,5,5,0.0
6fdbe372-9ce5-4d04-ad6f-7d5c43dc357e,0.8,1.0,0.0,5,5,5,0.0
6fdbe372-9ce5-4d04-ad6f-7d5c43dc357e,0.75,1.0,0.0,5,5,5,0.0
6fdbe372-9ce5-4d04-ad6f-7d5c43dc357e,0.7,1.0,0.0,5,5,5,0.0
6feb54d9-2e6d-4327-b22d-93c8b1599166,0.95,1.0,0.0,5,5,5,0.0
6feb54d9-2e6d-4327-b22d-93c8b1599166,0.9,1.0,0.0,5,5,5,0.0
6feb54d9-2e6d-4327-b22d-93c8b1599166,0.85,1.0,0.0,5,5,5,0.0
6feb54d9-2e6d-4327-b22d-93c8b1599166,0.8,1.0,0.0,5,5,5,0.0
6feb54d9-2e6d-4327-b22d-93c8b1599166,0.75,1.0,0.0,5,5,5,0.0
6feb54d9-2e6d-4327-b22d-93c8b1599166,0.7,1.0,0.0,5,5,5,0.0
70594d31-710a-4f29-a6ae-4b9ccd838196,0.95,1.0,0.0,5,5,5,0.0
70594d31-710a-4f29-a6ae-4b9ccd838196,0.9,1.0,0.0,5,5,5,0.0
70594d31-710a-4f29-a6ae-4b9ccd838196,0.85,1.0,0.0,5,5,5,0.0
70594d31-710a-4f29-a6ae-4b9ccd838196,0.8,1.0,0.0,5,5,5,0.0
70594d31-710a-4f29-a6ae-4b9ccd838196,0.75,1.0,0.0,5,5,5,0.0
70594d31-710a-4f29-a6ae-4b9ccd838196,0.7,1.0,0.0,5,5,5,0.0
70d670a3-c3a7-4c91-8744-12d1bd5dc0bc,0.95,0.0,0.0,5,5,5,1.0
70d670a3-c3a7-4c91-8744-12d1bd5dc0bc,0.9,0.0,0.0,5,5,5,1.0
70d670a3-c3a7-4c91-8744-12d1bd5dc0bc,0.85,0.0,0.0,5,5,5,1.0
70d670a3-c3a7-4c91-8744-12d1bd5dc0bc,0.8,0.0,0.0,5,5,5,1.0
70d670a3-c3a7-4c91-8744-12d1bd5dc0bc,0.75,0.0,0.0,5,5,5,1.0
70d670a3-c3a7-4c91-8744-12d1bd5dc0bc,0.7,0.0,0.0,5,5,5,1.0
71947001-eae5-444d-97a6-a44cddd8be7f,0.95,1.0,0.0,5,5,5,0.0
71947001-eae5-444d-97a6-a44cddd8be7f,0.9,1.0,0.0,5,5,5,0.0
71947001-eae5-444d-97a6-a44cddd8be7f,0.85,1.0,0.0,5,5,5,0.0
71947001-eae5-444d-97a6-a44cddd8be7f,0.8,1.0,0.0,5,5,5,0.0
71947001-eae5-444d-97a6-a44cddd8be7f,0.75,1.0,0.0,5,5,5,0.0
71947001-eae5-444d-97a6-a44cddd8be7f,0.7,1.0,0.0,5,5,5,0.0
71bd1e17-c052-4a92-a60a-f1b84b3833fe,0.95,0.0,0.0,5,5,5,1.0
71bd1e17-c052-4a92-a60a-f1b84b3833fe,0.9,0.0,0.0,5,5,5,1.0
71bd1e17-c052-4a92-a60a-f1b84b3833fe,0.85,0.0,0.0,5,5,5,1.0
71bd1e17-c052-4a92-a60a-f1b84b3833fe,0.8,0.0,0.0,5,5,5,1.0
71bd1e17-c052-4a92-a60a-f1b84b3833fe,0.75,0.0,0.0,5,5,5,1.0
71bd1e17-c052-4a92-a60a-f1b84b3833fe,0.7,1.0,0.0,5,5,5,0.0
72945197-41f0-4b13-9bdc-04478e54e002,0.95,1.0,0.0,5,5,5,0.0
72945197-41f0-4b13-9bdc-04478e54e002,0.9,1.0,0.0,5,5,5,0.0
72945197-41f0-4b13-9bdc-04478e54e002,0.85,1.0,0.0,5,5,5,0.0
72945197-41f0-4b13-9bdc-04478e54e002,0.8,1.0,0.0,5,5,5,0.0
72945197-41f0-4b13-9bdc-04478e54e002,0.75,1.0,0.0,5,5,5,0.0
72945197-41f0-4b13-9bdc-04478e54e002,0.7,1.0,0.0,5,5,5,0.0
734a55fd-a340-45c4-ba9e-a38d89c2b0ff,0.95,0.0,0.0,5,5,5,1.0
734a55fd-a340-45c4-ba9e-a38d89c2b0ff,0.9,0.0,0.0,5,5,5,1.0
734a55fd-a340-45c4-ba9e-a38d89c2b0ff,0.85,0.0,0.0,5,5,5,1.0
734a55fd-a340-45c4-ba9e-a38d89c2b0ff,0.8,0.0,0.0,5,5,5,1.0
734a55fd-a340-45c4-ba9e-a38d89c2b0ff,0.75,0.0,0.0,5,5,5,1.0
734a55fd-a340-45c4-ba9e-a38d89c2b0ff,0.7,0.0,0.0,5,5,5,1.0
73825783-d45d-4f2a-9178-1a04cb610f2d,0.95,1.0,0.0,5,5,5,0.0
73825783-d45d-4f2a-9178-1a04cb610f2d,0.9,1.0,0.0,5,5,5,0.0
73825783-d45d-4f2a-9178-1a04cb610f2d,0.85,1.0,0.0,5,5,5,0.0
73825783-d45d-4f2a-9178-1a04cb610f2d,0.8,1.0,0.0,5,5,5,0.0
73825783-d45d-4f2a-9178-1a04cb610f2d,0.75,0.0,0.0,5,5,5,1.0
73825783-d45d-4f2a-9178-1a04cb610f2d,0.7,1.0,0.0,5,5,5,0.0
739537ec-e04d-4483-9705-027476a0ea11,0.95,0.0,0.0,5,5,5,1.0
739537ec-e04d-4483-9705-027476a0ea11,0.9,0.0,0.0,5,5,5,1.0
739537ec-e04d-4483-9705-027476a0ea11,0.85,0.0,0.0,5,5,5,1.0
739537ec-e04d-4483-9705-027476a0ea11,0.8,1.0,0.0,5,5,5,0.0
739537ec-e04d-4483-9705-027476a0ea11,0.75,1.0,0.0,5,5,5,0.0
739537ec-e04d-4483-9705-027476a0ea11,0.7,1.0,0.0,5,5,5,0.0
749aae17-3e0e-4c41-9a51-657674b5543d,0.95,0.0,0.0,5,5,5,1.0
749aae17-3e0e-4c41-9a51-657674b5543d,0.9,0.0,0.0,5,5,5,1.0
749aae17-3e0e-4c41-9a51-657674b5543d,0.85,0.0,0.0,5,5,5,1.0
749aae17-3e0e-4c41-9a51-657674b5543d,0.8,0.0,0.0,5,5,5,1.0
749aae17-3e0e-4c41-9a51-657674b5543d,0.75,0.0,0.0,5,5,5,1.0
749aae17-3e0e-4c41-9a51-657674b5543d,0.7,0.0,0.0,5,5,5,1.0
7512a919-3e18-4ae9-8e85-fd2fc9bce0c3,0.95,1.0,0.0,5,5,5,0.0
7512a919-3e18-4ae9-8e85-fd2fc9bce0c3,0.9,1.0,0.0,5,5,5,0.0
7512a919-3e18-4ae9-8e85-fd2fc9bce0c3,0.85,1.0,0.0,5,5,5,0.0
7512a919-3e18-4ae9-8e85-fd2fc9bce0c3,0.8,1.0,0.0,5,5,5,0.0
7512a919-3e18-4ae9-8e85-fd2fc9bce0c3,0.75,1.0,0.0,5,5,5,0.0
7512a919-3e18-4ae9-8e85-fd2fc9bce0c3,0.7,1.0,0.0,5,5,5,0.0
75231305-0015-40af-8839-14db02fe4d8d,0.95,0.0,0.0,5,5,5,1.0
75231305-0015-40af-8839-14db02fe4d8d,0.9,0.0,0.0,5,5,5,1.0
75231305-0015-40af-8839-14db02fe4d8d,0.85,0.0,0.0,5,5,5,1.0
75231305-0015-40af-8839-14db02fe4d8d,0.8,0.0,0.0,5,5,5,1.0
75231305-0015-40af-8839-14db02fe4d8d,0.75,0.0,0.0,5,5,5,1.0
75231305-0015-40af-8839-14db02fe4d8d,0.7,0.0,0.0,5,5,5,1.0
75ee6df5-c0cd-428a-bfba-b2fb759b8608,0.95,1.0,0.0,5,5,5,0.0
75ee6df5-c0cd-428a-bfba-b2fb759b8608,0.9,1.0,0.0,5,5,5,0.0
75ee6df5-c0cd-428a-bfba-b2fb759b8608,0.85,1.0,0.0,5,5,5,0.0
75ee6df5-c0cd-428a-bfba-b2fb759b8608,0.8,1.0,0.0,5,5,5,0.0
75ee6df5-c0cd-428a-bfba-b2fb759b8608,0.75,1.0,0.0,5,5,5,0.0
75ee6df5-c0cd-428a-bfba-b2fb759b8608,0.7,1.0,0.0,5,5,5,0.0
77ac13a7-c0f8-478c-b1ce-a93bcfa486aa,0.95,1.0,0.0,5,5,5,0.0
77ac13a7-c0f8-478c-b1ce-a93bcfa486aa,0.9,1.0,0.0,5,5,5,0.0
77ac13a7-c0f8-478c-b1ce-a93bcfa486aa,0.85,1.0,0.0,5,5,5,0.0
77ac13a7-c0f8-478c-b1ce-a93bcfa486aa,0.8,1.0,0.0,5,5,5,0.0
77ac13a7-c0f8-478c-b1ce-a93bcfa486aa,0.75,1.0,0.0,5,5,5,0.0
77ac13a7-c0f8-478c-b1ce-a93bcfa486aa,0.7,1.0,0.0,5,5,5,0.0
77efbee6-10ad-4641-a8a5-c571535931c0,0.95,1.0,0.0,5,5,5,0.0
77efbee6-10ad-4641-a8a5-c571535931c0,0.9,1.0,0.0,5,5,5,0.0
77efbee6-10ad-4641-a8a5-c571535931c0,0.85,1.0,0.0,5,5,5,0.0
77efbee6-10ad-4641-a8a5-c571535931c0,0.8,1.0,0.0,5,5,5,0.0
77efbee6-10ad-4641-a8a5-c571535931c0,0.75,1.0,0.0,5,5,5,0.0
77efbee6-10ad-4641-a8a5-c571535931c0,0.7,1.0,0.0,5,5,5,0.0
78117ce8-a74d-4e6a-aa52-e3e2219c9875,0.95,1.0,0.0,5,5,5,0.0
78117ce8-a74d-4e6a-aa52-e3e2219c9875,0.9,1.0,0.0,5,5,5,0.0
78117ce8-a74d-4e6a-aa52-e3e2219c9875,0.85,1.0,0.0,5,5,5,0.0
78117ce8-a74d-4e6a-aa52-e3e2219c9875,0.8,1.0,0.0,5,5,5,0.0
78117ce8-a74d-4e6a-aa52-e3e2219c9875,0.75,1.0,0.0,5,5,5,0.0
78117ce8-a74d-4e6a-aa52-e3e2219c9875,0.7,1.0,0.0,5,5,5,0.0
784345de-f16c-495a-8a89-1fac2e545171,0.95,1.0,0.0,5,5,5,0.0
784345de-f16c-495a-8a89-1fac2e545171,0.9,1.0,0.0,5,5,5,0.0
784345de-f16c-495a-8a89-1fac2e545171,0.85,0.0,0.0,5,5,5,1.0
784345de-f16c-495a-8a89-1fac2e545171,0.8,0.0,0.0,5,5,5,1.0
784345de-f16c-495a-8a89-1fac2e545171,0.75,1.0,0.0,5,5,5,0.0
784345de-f16c-495a-8a89-1fac2e545171,0.7,1.0,0.0,5,5,5,0.0
784440c9-9856-4da8-9e5d-f4d302a5e716,0.95,1.0,0.0,5,5,5,0.0
784440c9-9856-4da8-9e5d-f4d302a5e716,0.9,1.0,0.0,5,5,5,0.0
784440c9-9856-4da8-9e5d-f4d302a5e716,0.85,1.0,0.0,5,5,5,0.0
784440c9-9856-4da8-9e5d-f4d302a5e716,0.8,1.0,0.0,5,5,5,0.0
784440c9-9856-4da8-9e5d-f4d302a5e716,0.75,1.0,0.0,5,5,5,0.0
784440c9-9856-4da8-9e5d-f4d302a5e716,0.7,1.0,0.0,5,5,5,0.0
78542c47-6875-4aad-bca6-dbd876d69af5,0.95,1.0,0.0,5,5,5,0.0
78542c47-6875-4aad-bca6-dbd876d69af5,0.9,1.0,0.0,5,5,5,0.0
78542c47-6875-4aad-bca6-dbd876d69af5,0.85,1.0,0.0,5,5,5,0.0
78542c47-6875-4aad-bca6-dbd876d69af5,0.8,1.0,0.0,5,5,5,0.0
78542c47-6875-4aad-bca6-dbd876d69af5,0.75,1.0,0.0,5,5,5,0.0
78542c47-6875-4aad-bca6-dbd876d69af5,0.7,1.0,0.0,5,5,5,0.0
78549aad-7ec6-46cb-9693-40aca7e9b797,0.95,1.0,0.0,5,5,5,0.0
78549aad-7ec6-46cb-9693-40aca7e9b797,0.9,1.0,0.0,5,5,5,0.0
78549aad-7ec6-46cb-9693-40aca7e9b797,0.85,1.0,0.0,5,5,5,0.0
78549aad-7ec6-46cb-9693-40aca7e9b797,0.8,1.0,0.0,5,5,5,0.0
78549aad-7ec6-46cb-9693-40aca7e9b797,0.75,1.0,0.0,5,5,5,0.0
78549aad-7ec6-46cb-9693-40aca7e9b797,0.7,1.0,0.0,5,5,5,0.0
785b31aa-f3ba-4902-9bda-8ef8bf232fa6,0.95,1.0,0.0,5,5,5,0.0
785b31aa-f3ba-4902-9bda-8ef8bf232fa6,0.9,1.0,0.0,5,5,5,0.0
785b31aa-f3ba-4902-9bda-8ef8bf232fa6,0.85,1.0,0.0,5,5,5,0.0
785b31aa-f3ba-4902-9bda-8ef8bf232fa6,0.8,1.0,0.0,5,5,5,0.0
785b31aa-f3ba-4902-9bda-8ef8bf232fa6,0.75,1.0,0.0,5,5,5,0.0
785b31aa-f3ba-4902-9bda-8ef8bf232fa6,0.7,1.0,0.0,5,5,5,0.0
7b65ccfb-5acd-4e08-8bfa-86f9a57f131f,0.95,1.0,0.0,5,5,5,0.0
7b65ccfb-5acd-4e08-8bfa-86f9a57f131f,0.9,1.0,0.0,5,5,5,0.0
7b65ccfb-5acd-4e08-8bfa-86f9a57f131f,0.85,1.0,0.0,5,5,5,0.0
7b65ccfb-5acd-4e08-8bfa-86f9a57f131f,0.8,1.0,0.0,5,5,5,0.0
7b65ccfb-5acd-4e08-8bfa-86f9a57f131f,0.75,1.0,0.0,5,5,5,0.0
7b65ccfb-5acd-4e08-8bfa-86f9a57f131f,0.7,1.0,0.0,5,5,5,0.0
7bbc010e-8c1f-4bbe-b1c6-48be68a9e65d,0.95,0.0,0.0,5,5,5,1.0
7bbc010e-8c1f-4bbe-b1c6-48be68a9e65d,0.9,0.0,0.0,5,5,5,1.0
7bbc010e-8c1f-4bbe-b1c6-48be68a9e65d,0.85,0.0,0.0,5,5,5,1.0
7bbc010e-8c1f-4bbe-b1c6-48be68a9e65d,0.8,0.0,0.0,5,5,5,1.0
7bbc010e-8c1f-4bbe-b1c6-48be68a9e65d,0.75,0.0,0.0,5,5,5,1.0
7bbc010e-8c1f-4bbe-b1c6-48be68a9e65d,0.7,0.0,0.0,5,5,5,1.0
7bc9245a-dfd6-4a64-bc23-0123ce453236,0.95,1.0,0.0,5,5,5,0.0
7bc9245a-dfd6-4a64-bc23-0123ce453236,0.9,1.0,0.0,5,5,5,0.0
7bc9245a-dfd6-4a64-bc23-0123ce453236,0.85,1.0,0.0,5,5,5,0.0
7bc9245a-dfd6-4a64-bc23-0123ce453236,0.8,1.0,0.0,5,5,5,0.0
7bc9245a-dfd6-4a64-bc23-0123ce453236,0.75,1.0,0.0,5,5,5,0.0
7bc9245a-dfd6-4a64-bc23-0123ce453236,0.7,1.0,0.0,5,5,5,0.0
7c01fca8-7954-439d-84f2-03d0cb16b504,0.95,0.0,0.0,5,5,5,1.0
7c01fca8-7954-439d-84f2-03d0cb16b504,0.9,0.0,0.0,5,5,5,1.0
7c01fca8-7954-439d-84f2-03d0cb16b504,0.85,0.0,0.0,5,5,5,1.0
7c01fca8-7954-439d-84f2-03d0cb16b504,0.8,0.0,0.0,5,5,5,1.0
7c01fca8-7954-439d-84f2-03d0cb16b504,0.75,1.0,0.0,5,5,5,0.0
7c01fca8-7954-439d-84f2-03d0cb16b504,0.7,0.0,0.0,5,5,5,1.0
7c2d7ea8-cfc7-4a02-99b6-6b22c4931173,0.95,1.0,0.0,5,5,5,0.0
7c2d7ea8-cfc7-4a02-99b6-6b22c4931173,0.9,1.0,0.0,5,5,5,0.0
7c2d7ea8-cfc7-4a02-99b6-6b22c4931173,0.85,1.0,0.0,5,5,5,0.0
7c2d7ea8-cfc7-4a02-99b6-6b22c4931173,0.8,1.0,0.0,5,5,5,0.0
7c2d7ea8-cfc7-4a02-99b6-6b22c4931173,0.75,1.0,0.0,5,5,5,0.0
7c2d7ea8-cfc7-4a02-99b6-6b22c4931173,0.7,1.0,0.0,5,5,5,0.0
7cff08e7-179b-4abe-b33b-739dbab802cb,0.95,0.0,0.0,5,5,5,1.0
7cff08e7-179b-4abe-b33b-739dbab802cb,0.9,0.0,0.0,5,5,5,1.0
7cff08e7-179b-4abe-b33b-739dbab802cb,0.85,0.0,0.0,5,5,5,1.0
7cff08e7-179b-4abe-b33b-739dbab802cb,0.8,1.0,0.0,5,5,5,0.0
7cff08e7-179b-4abe-b33b-739dbab802cb,0.75,1.0,0.0,5,5,5,0.0
7cff08e7-179b-4abe-b33b-739dbab802cb,0.7,1.0,0.0,5,5,5,0.0
7d8a0624-34d2-4c09-9496-05e4417cb51a,0.95,0.0,0.0,5,5,5,1.0
7d8a0624-34d2-4c09-9496-05e4417cb51a,0.9,0.0,0.0,5,5,5,1.0
7d8a0624-34d2-4c09-9496-05e4417cb51a,0.85,0.0,0.0,5,5,5,1.0
7d8a0624-34d2-4c09-9496-05e4417cb51a,0.8,0.0,0.0,5,5,5,1.0
7d8a0624-34d2-4c09-9496-05e4417cb51a,0.75,0.0,0.0,5,5,5,1.0
7d8a0624-34d2-4c09-9496-05e4417cb51a,0.7,0.0,0.0,5,5,5,1.0
7d915715-bed2-4f16-8ad3-bd750ea90a0b,0.95,0.0,0.0,5,5,5,1.0
7d915715-bed2-4f16-8ad3-bd750ea90a0b,0.9,0.0,0.0,5,5,5,1.0
7d915715-bed2-4f16-8ad3-bd750ea90a0b,0.85,0.0,0.0,5,5,5,1.0
7d915715-bed2-4f16-8ad3-bd750ea90a0b,0.8,0.0,0.0,5,5,5,1.0
7d915715-bed2-4f16-8ad3-bd750ea90a0b,0.75,0.0,0.0,5,5,5,1.0
7d915715-bed2-4f16-8ad3-bd750ea90a0b,0.7,1.0,0.0,5,5,5,0.0
7e2a9b9d-61a8-4783-9eb3-2605bae8d4b5,0.95,0.0,0.0,5,5,5,1.0
7e2a9b9d-61a8-4783-9eb3-2605bae8d4b5,0.9,0.0,0.0,5,5,5,1.0
7e2a9b9d-61a8-4783-9eb3-2605bae8d4b5,0.85,0.0,0.0,5,5,5,1.0
7e2a9b9d-61a8-4783-9eb3-2605bae8d4b5,0.8,0.0,0.0,5,5,5,1.0
7e2a9b9d-61a8-4783-9eb3-2605bae8d4b5,0.75,1.0,0.0,5,5,5,0.0
7e2a9b9d-61a8-4783-9eb3-2605bae8d4b5,0.7,1.0,0.0,5,5,5,0.0
7e6f2e08-3a5f-4d7d-bd37-65084089beab,0.95,0.0,0.0,5,5,5,1.0
7e6f2e08-3a5f-4d7d-bd37-65084089beab,0.9,0.0,0.0,5,5,5,1.0
7e6f2e08-3a5f-4d7d-bd37-65084089beab,0.85,0.0,0.0,5,5,5,1.0
7e6f2e08-3a5f-4d7d-bd37-65084089beab,0.8,0.0,0.0,5,5,5,1.0
7e6f2e08-3a5f-4d7d-bd37-65084089beab,0.75,0.0,0.0,5,5,5,1.0
7e6f2e08-3a5f-4d7d-bd37-65084089beab,0.7,1.0,0.0,5,5,5,0.0
7f130e2b-70db-4d52-b6d9-9582731e4fd4,0.95,0.0,0.0,5,5,5,1.0
7f130e2b-70db-4d52-b6d9-9582731e4fd4,0.9,0.0,0.0,5,5,5,1.0
7f130e2b-70db-4d52-b6d9-9582731e4fd4,0.85,0.0,0.0,5,5,5,1.0
7f130e2b-70db-4d52-b6d9-9582731e4fd4,0.8,0.0,0.0,5,5,5,1.0
7f130e2b-70db-4d52-b6d9-9582731e4fd4,0.75,0.0,0.0,5,5,5,1.0
7f130e2b-70db-4d52-b6d9-9582731e4fd4,0.7,0.0,0.0,5,5,5,1.0
7f488738-d192-42e0-a561-9644d54982d3,0.95,1.0,0.0,5,5,5,0.0
7f488738-d192-42e0-a561-9644d54982d3,0.9,1.0,0.0,5,5,5,0.0
7f488738-d192-42e0-a561-9644d54982d3,0.85,1.0,0.0,5,5,5,0.0
7f488738-d192-42e0-a561-9644d54982d3,0.8,1.0,0.0,5,5,5,0.0
7f488738-d192-42e0-a561-9644d54982d3,0.75,1.0,0.0,5,5,5,0.0
7f488738-d192-42e0-a561-9644d54982d3,0.7,1.0,0.0,5,5,5,0.0
7f7789da-0a74-44c3-9b65-b73258f52015,0.95,1.0,0.0,5,5,5,0.0
7f7789da-0a74-44c3-9b65-b73258f52015,0.9,1.0,0.0,5,5,5,0.0
7f7789da-0a74-44c3-9b65-b73258f52015,0.85,1.0,0.0,5,5,5,0.0
7f7789da-0a74-44c3-9b65-b73258f52015,0.8,1.0,0.0,5,5,5,0.0
7f7789da-0a74-44c3-9b65-b73258f52015,0.75,1.0,0.0,5,5,5,0.0
7f7789da-0a74-44c3-9b65-b73258f52015,0.7,1.0,0.0,5,5,5,0.0
7f9363ac-384f-4282-9d16-969ee4e8a685,0.95,1.0,0.0,5,5,5,0.0
7f9363ac-384f-4282-9d16-969ee4e8a685,0.9,1.0,0.0,5,5,5,0.0
7f9363ac-384f-4282-9d16-969ee4e8a685,0.85,1.0,0.0,5,5,5,0.0
7f9363ac-384f-4282-9d16-969ee4e8a685,0.8,1.0,0.0,5,5,5,0.0
7f9363ac-384f-4282-9d16-969ee4e8a685,0.75,1.0,0.0,5,5,5,0.0
7f9363ac-384f-4282-9d16-969ee4e8a685,0.7,1.0,0.0,5,5,5,0.0
7ff95bee-f860-4d88-af5a-2f3e472f04d2,0.95,1.0,0.0,5,5,5,0.0
7ff95bee-f860-4d88-af5a-2f3e472f04d2,0.9,1.0,0.0,5,5,5,0.0
7ff95bee-f860-4d88-af5a-2f3e472f04d2,0.85,1.0,0.0,5,5,5,0.0
7ff95bee-f860-4d88-af5a-2f3e472f04d2,0.8,1.0,0.0,5,5,5,0.0
7ff95bee-f860-4d88-af5a-2f3e472f04d2,0.75,1.0,0.0,5,5,5,0.0
7ff95bee-f860-4d88-af5a-2f3e472f04d2,0.7,1.0,0.0,5,5,5,0.0
8035b87f-42fc-408b-85ad-b5a46060deeb,0.95,0.0,0.0,5,5,5,1.0
8035b87f-42fc-408b-85ad-b5a46060deeb,0.9,1.0,0.0,5,5,5,0.0
8035b87f-42fc-408b-85ad-b5a46060deeb,0.85,1.0,0.0,5,5,5,0.0
8035b87f-42fc-408b-85ad-b5a46060deeb,0.8,1.0,0.0,5,5,5,0.0
8035b87f-42fc-408b-85ad-b5a46060deeb,0.75,1.0,0.0,5,5,5,0.0
8035b87f-42fc-408b-85ad-b5a46060deeb,0.7,1.0,0.0,5,5,5,0.0
81d980c5-ae3c-4bb4-b11f-7c3c0419f6ef,0.95,1.0,0.0,5,5,5,0.0
81d980c5-ae3c-4bb4-b11f-7c3c0419f6ef,0.9,1.0,0.0,5,5,5,0.0
81d980c5-ae3c-4bb4-b11f-7c3c0419f6ef,0.85,1.0,0.0,5,5,5,0.0
81d980c5-ae3c-4bb4-b11f-7c3c0419f6ef,0.8,1.0,0.0,5,5,5,0.0
81d980c5-ae3c-4bb4-b11f-7c3c0419f6ef,0.75,1.0,0.0,5,5,5,0.0
81d980c5-ae3c-4bb4-b11f-7c3c0419f6ef,0.7,1.0,0.0,5,5,5,0.0
82133c5b-a211-491d-b3e6-6e43f2ea3ca8,0.95,0.0,0.0,5,5,5,1.0
82133c5b-a211-491d-b3e6-6e43f2ea3ca8,0.9,0.0,0.0,5,5,5,1.0
82133c5b-a211-491d-b3e6-6e43f2ea3ca8,0.85,1.0,0.0,5,5,5,0.0
82133c5b-a211-491d-b3e6-6e43f2ea3ca8,0.8,1.0,0.0,5,5,5,0.0
82133c5b-a211-491d-b3e6-6e43f2ea3ca8,0.75,1.0,0.0,5,5,5,0.0
82133c5b-a211-491d-b3e6-6e43f2ea3ca8,0.7,1.0,0.0,5,5,5,0.0
823aeb20-51ef-41d0-9b70-cc96b46d0ba2,0.95,1.0,0.0,5,5,5,0.0
823aeb20-51ef-41d0-9b70-cc96b46d0ba2,0.9,1.0,0.0,5,5,5,0.0
823aeb20-51ef-41d0-9b70-cc96b46d0ba2,0.85,1.0,0.0,5,5,5,0.0
823aeb20-51ef-41d0-9b70-cc96b46d0ba2,0.8,1.0,0.0,5,5,5,0.0
823aeb20-51ef-41d0-9b70-cc96b46d0ba2,0.75,1.0,0.0,5,5,5,0.0
823aeb20-51ef-41d0-9b70-cc96b46d0ba2,0.7,1.0,0.0,5,5,5,0.0
82d39589-8e4f-44f8-ab66-e0558e70269c,0.95,1.0,0.0,5,5,5,0.0
82d39589-8e4f-44f8-ab66-e0558e70269c,0.9,1.0,0.0,5,5,5,0.0
82d39589-8e4f-44f8-ab66-e0558e70269c,0.85,1.0,0.0,5,5,5,0.0
82d39589-8e4f-44f8-ab66-e0558e70269c,0.8,1.0,0.0,5,5,5,0.0
82d39589-8e4f-44f8-ab66-e0558e70269c,0.75,0.0,0.0,5,5,5,1.0
82d39589-8e4f-44f8-ab66-e0558e70269c,0.7,1.0,0.0,5,5,5,0.0
83383059-6d9a-4e49-9444-5c9c41708ee4,0.95,0.0,0.0,5,5,5,1.0
83383059-6d9a-4e49-9444-5c9c41708ee4,0.9,0.0,0.0,5,5,5,1.0
83383059-6d9a-4e49-9444-5c9c41708ee4,0.85,0.0,0.0,5,5,5,1.0
83383059-6d9a-4e49-9444-5c9c41708ee4,0.8,0.0,0.0,5,5,5,1.0
83383059-6d9a-4e49-9444-5c9c41708ee4,0.75,1.0,0.0,5,5,5,0.0
83383059-6d9a-4e49-9444-5c9c41708ee4,0.7,1.0,0.0,5,5,5,0.0
83944723-18fa-4be6-b3bd-6809026d99bb,0.95,1.0,0.0,5,5,5,0.0
83944723-18fa-4be6-b3bd-6809026d99bb,0.9,1.0,0.0,5,5,5,0.0
83944723-18fa-4be6-b3bd-6809026d99bb,0.85,1.0,0.0,5,5,5,0.0
83944723-18fa-4be6-b3bd-6809026d99bb,0.8,0.0,0.0,5,5,5,1.0
83944723-18fa-4be6-b3bd-6809026d99bb,0.75,0.0,0.0,5,5,5,1.0
83944723-18fa-4be6-b3bd-6809026d99bb,0.7,1.0,0.0,5,5,5,0.0
83b4701a-0028-4fa6-91b5-a924d40d883c,0.95,1.0,0.0,5,5,5,0.0
83b4701a-0028-4fa6-91b5-a924d40d883c,0.9,1.0,0.0,5,5,5,0.0
83b4701a-0028-4fa6-91b5-a924d40d883c,0.85,1.0,0.0,5,5,5,0.0
83b4701a-0028-4fa6-91b5-a924d40d883c,0.8,1.0,0.0,5,5,5,0.0
83b4701a-0028-4fa6-91b5-a924d40d883c,0.75,1.0,0.0,5,5,5,0.0
83b4701a-0028-4fa6-91b5-a924d40d883c,0.7,1.0,0.0,5,5,5,0.0
83fb0811-6df7-4350-a65e-9a5f98a56279,0.95,1.0,0.0,5,5,5,0.0
83fb0811-6df7-4350-a65e-9a5f98a56279,0.9,1.0,0.0,5,5,5,0.0
83fb0811-6df7-4350-a65e-9a5f98a56279,0.85,1.0,0.0,5,5,5,0.0
83fb0811-6df7-4350-a65e-9a5f98a56279,0.8,1.0,0.0,5,5,5,0.0
83fb0811-6df7-4350-a65e-9a5f98a56279,0.75,1.0,0.0,5,5,5,0.0
83fb0811-6df7-4350-a65e-9a5f98a56279,0.7,1.0,0.0,5,5,5,0.0
8435baf0-6827-49c2-a499-781a31c5bba5,0.95,0.0,0.0,8,8,8,1.0
8435baf0-6827-49c2-a499-781a31c5bba5,0.9,0.0,0.0,8,8,8,1.0
8435baf0-6827-49c2-a499-781a31c5bba5,0.85,0.0,0.0,8,8,8,1.0
8435baf0-6827-49c2-a499-781a31c5bba5,0.8,0.0,0.0,8,8,8,1.0
8435baf0-6827-49c2-a499-781a31c5bba5,0.75,0.0,0.0,8,8,8,1.0
8435baf0-6827-49c2-a499-781a31c5bba5,0.7,0.0,0.0,8,8,8,1.0
843e3243-0eda-43f1-a8b3-b03fac90a05f,0.95,0.0,0.0,6,6,6,1.0
843e3243-0eda-43f1-a8b3-b03fac90a05f,0.9,1.0,0.0,6,6,6,0.0
843e3243-0eda-43f1-a8b3-b03fac90a05f,0.85,1.0,0.0,6,6,6,0.0
843e3243-0eda-43f1-a8b3-b03fac90a05f,0.8,1.0,0.0,6,6,6,0.0
843e3243-0eda-43f1-a8b3-b03fac90a05f,0.75,1.0,0.0,6,6,6,0.0
843e3243-0eda-43f1-a8b3-b03fac90a05f,0.7,1.0,0.0,6,6,6,0.0
84c936e1-cb4c-45f3-9b80-c761b4bdbb6f,0.95,1.0,0.0,5,5,5,0.0
84c936e1-cb4c-45f3-9b80-c761b4bdbb6f,0.9,1.0,0.0,5,5,5,0.0
84c936e1-cb4c-45f3-9b80-c761b4bdbb6f,0.85,0.0,0.0,5,5,5,1.0
84c936e1-cb4c-45f3-9b80-c761b4bdbb6f,0.8,1.0,0.0,5,5,5,0.0
84c936e1-cb4c-45f3-9b80-c761b4bdbb6f,0.75,1.0,0.0,5,5,5,0.0
84c936e1-cb4c-45f3-9b80-c761b4bdbb6f,0.7,0.0,0.0,5,5,5,1.0
850d071d-a7ef-45db-b724-7c2cb1f58fcb,0.95,0.0,0.0,5,5,5,1.0
850d071d-a7ef-45db-b724-7c2cb1f58fcb,0.9,0.0,0.0,5,5,5,1.0
850d071d-a7ef-45db-b724-7c2cb1f58fcb,0.85,0.0,0.0,5,5,5,1.0
850d071d-a7ef-45db-b724-7c2cb1f58fcb,0.8,0.0,0.0,5,5,5,1.0
850d071d-a7ef-45db-b724-7c2cb1f58fcb,0.75,0.0,0.0,5,5,5,1.0
850d071d-a7ef-45db-b724-7c2cb1f58fcb,0.7,0.0,0.0,5,5,5,1.0
85241657-c87c-46c5-b626-c14fa8a6917f,0.95,1.0,0.0,5,5,5,0.0
85241657-c87c-46c5-b626-c14fa8a6917f,0.9,1.0,0.0,5,5,5,0.0
85241657-c87c-46c5-b626-c14fa8a6917f,0.85,1.0,0.0,5,5,5,0.0
85241657-c87c-46c5-b626-c14fa8a6917f,0.8,1.0,0.0,5,5,5,0.0
85241657-c87c-46c5-b626-c14fa8a6917f,0.75,1.0,0.0,5,5,5,0.0
85241657-c87c-46c5-b626-c14fa8a6917f,0.7,1.0,0.0,5,5,5,0.0
854e0b90-810c-4125-b69c-0d4e56916083,0.95,0.0,0.0,5,5,5,1.0
854e0b90-810c-4125-b69c-0d4e56916083,0.9,0.0,0.0,5,5,5,1.0
854e0b90-810c-4125-b69c-0d4e56916083,0.85,1.0,0.0,5,5,5,0.0
854e0b90-810c-4125-b69c-0d4e56916083,0.8,1.0,0.0,5,5,5,0.0
854e0b90-810c-4125-b69c-0d4e56916083,0.75,1.0,0.0,5,5,5,0.0
854e0b90-810c-4125-b69c-0d4e56916083,0.7,0.0,0.0,5,5,5,1.0
85861498-a24d-4bf9-bdd4-fcfe9976e949,0.95,1.0,0.0,5,5,5,0.0
85861498-a24d-4bf9-bdd4-fcfe9976e949,0.9,1.0,0.0,5,5,5,0.0
85861498-a24d-4bf9-bdd4-fcfe9976e949,0.85,1.0,0.0,5,5,5,0.0
85861498-a24d-4bf9-bdd4-fcfe9976e949,0.8,1.0,0.0,5,5,5,0.0
85861498-a24d-4bf9-bdd4-fcfe9976e949,0.75,1.0,0.0,5,5,5,0.0
85861498-a24d-4bf9-bdd4-fcfe9976e949,0.7,1.0,0.0,5,5,5,0.0
860ae0f0-2e9b-4aa6-8faf-754370645892,0.95,0.0,0.0,5,5,5,1.0
860ae0f0-2e9b-4aa6-8faf-754370645892,0.9,0.0,0.0,5,5,5,1.0
860ae0f0-2e9b-4aa6-8faf-754370645892,0.85,0.0,0.0,5,5,5,1.0
860ae0f0-2e9b-4aa6-8faf-754370645892,0.8,0.0,0.0,5,5,5,1.0
860ae0f0-2e9b-4aa6-8faf-754370645892,0.75,1.0,0.0,5,5,5,0.0
860ae0f0-2e9b-4aa6-8faf-754370645892,0.7,1.0,0.0,5,5,5,0.0
867237c6-77b3-41e4-adb3-64d52ef3402c,0.95,0.0,0.0,5,5,5,1.0
867237c6-77b3-41e4-adb3-64d52ef3402c,0.9,0.0,0.0,5,5,5,1.0
867237c6-77b3-41e4-adb3-64d52ef3402c,0.85,0.0,0.0,5,5,5,1.0
867237c6-77b3-41e4-adb3-64d52ef3402c,0.8,0.0,0.0,5,5,5,1.0
867237c6-77b3-41e4-adb3-64d52ef3402c,0.75,0.0,0.0,5,5,5,1.0
867237c6-77b3-41e4-adb3-64d52ef3402c,0.7,0.0,0.0,5,5,5,1.0
868dc0ff-587b-4a63-a857-b598c800ea0a,0.95,0.0,0.0,5,5,5,1.0
868dc0ff-587b-4a63-a857-b598c800ea0a,0.9,0.0,0.0,5,5,5,1.0
868dc0ff-587b-4a63-a857-b598c800ea0a,0.85,0.0,0.0,5,5,5,1.0
868dc0ff-587b-4a63-a857-b598c800ea0a,0.8,0.0,0.0,5,5,5,1.0
868dc0ff-587b-4a63-a857-b598c800ea0a,0.75,0.0,0.0,5,5,5,1.0
868dc0ff-587b-4a63-a857-b598c800ea0a,0.7,0.0,0.0,5,5,5,1.0
86b68e2a-37bc-4e01-a15b-68cd4f60611b,0.95,1.0,0.0,5,5,5,0.0
86b68e2a-37bc-4e01-a15b-68cd4f60611b,0.9,1.0,0.0,5,5,5,0.0
86b68e2a-37bc-4e01-a15b-68cd4f60611b,0.85,1.0,0.0,5,5,5,0.0
86b68e2a-37bc-4e01-a15b-68cd4f60611b,0.8,1.0,0.0,5,5,5,0.0
86b68e2a-37bc-4e01-a15b-68cd4f60611b,0.75,1.0,0.0,5,5,5,0.0
86b68e2a-37bc-4e01-a15b-68cd4f60611b,0.7,1.0,0.0,5,5,5,0.0
87ce00f1-64ff-40f9-b466-41b56f61d3e3,0.95,0.0,0.0,5,5,5,1.0
87ce00f1-64ff-40f9-b466-41b56f61d3e3,0.9,0.0,0.0,5,5,5,1.0
87ce00f1-64ff-40f9-b466-41b56f61d3e3,0.85,0.0,0.0,5,5,5,1.0
87ce00f1-64ff-40f9-b466-41b56f61d3e3,0.8,0.0,0.0,5,5,5,1.0
87ce00f1-64ff-40f9-b466-41b56f61d3e3,0.75,0.0,0.0,5,5,5,1.0
87ce00f1-64ff-40f9-b466-41b56f61d3e3,0.7,1.0,0.0,5,5,5,0.0
8876fc27-83e7-4ef7-8de7-50086e2865cc,0.95,1.0,0.0,5,5,5,0.0
8876fc27-83e7-4ef7-8de7-50086e2865cc,0.9,1.0,0.0,5,5,5,0.0
8876fc27-83e7-4ef7-8de7-50086e2865cc,0.85,1.0,0.0,5,5,5,0.0
8876fc27-83e7-4ef7-8de7-50086e2865cc,0.8,1.0,0.0,5,5,5,0.0
8876fc27-83e7-4ef7-8de7-50086e2865cc,0.75,1.0,0.0,5,5,5,0.0
8876fc27-83e7-4ef7-8de7-50086e2865cc,0.7,1.0,0.0,5,5,5,0.0
888d4df5-40d9-445c-a0f5-45c31416d387,0.95,1.0,0.0,5,5,5,0.0
888d4df5-40d9-445c-a0f5-45c31416d387,0.9,1.0,0.0,5,5,5,0.0
888d4df5-40d9-445c-a0f5-45c31416d387,0.85,1.0,0.0,5,5,5,0.0
888d4df5-40d9-445c-a0f5-45c31416d387,0.8,1.0,0.0,5,5,5,0.0
888d4df5-40d9-445c-a0f5-45c31416d387,0.75,1.0,0.0,5,5,5,0.0
888d4df5-40d9-445c-a0f5-45c31416d387,0.7,1.0,0.0,5,5,5,0.0
889d1f2e-0819-4eb2-bf34-63cba3ec4982,0.95,0.0,0.0,5,5,5,1.0
889d1f2e-0819-4eb2-bf34-63cba3ec4982,0.9,0.0,0.0,5,5,5,1.0
889d1f2e-0819-4eb2-bf34-63cba3ec4982,0.85,0.0,0.0,5,5,5,1.0
889d1f2e-0819-4eb2-bf34-63cba3ec4982,0.8,0.0,0.0,5,5,5,1.0
889d1f2e-0819-4eb2-bf34-63cba3ec4982,0.75,0.0,0.0,5,5,5,1.0
889d1f2e-0819-4eb2-bf34-63cba3ec4982,0.7,1.0,0.0,5,5,5,0.0
88bd0233-7e78-441d-a1f2-0d067f36ea34,0.95,1.0,0.0,5,5,5,0.0
88bd0233-7e78-441d-a1f2-0d067f36ea34,0.9,1.0,0.0,5,5,5,0.0
88bd0233-7e78-441d-a1f2-0d067f36ea34,0.85,1.0,0.0,5,5,5,0.0
88bd0233-7e78-441d-a1f2-0d067f36ea34,0.8,1.0,0.0,5,5,5,0.0
88bd0233-7e78-441d-a1f2-0d067f36ea34,0.75,1.0,0.0,5,5,5,0.0
88bd0233-7e78-441d-a1f2-0d067f36ea34,0.7,1.0,0.0,5,5,5,0.0
88c33eab-fe82-4f18-9683-52feef92a1d1,0.95,0.0,0.0,5,5,5,1.0
88c33eab-fe82-4f18-9683-52feef92a1d1,0.9,0.0,0.0,5,5,5,1.0
88c33eab-fe82-4f18-9683-52feef92a1d1,0.85,0.0,0.0,5,5,5,1.0
88c33eab-fe82-4f18-9683-52feef92a1d1,0.8,1.0,0.0,5,5,5,0.0
88c33eab-fe82-4f18-9683-52feef92a1d1,0.75,1.0,0.0,5,5,5,0.0
88c33eab-fe82-4f18-9683-52feef92a1d1,0.7,1.0,0.0,5,5,5,0.0
89bc2550-a7bf-4973-b21e-25f8aa1e8139,0.95,1.0,0.0,5,5,5,0.0
89bc2550-a7bf-4973-b21e-25f8aa1e8139,0.9,1.0,0.0,5,5,5,0.0
89bc2550-a7bf-4973-b21e-25f8aa1e8139,0.85,1.0,0.0,5,5,5,0.0
89bc2550-a7bf-4973-b21e-25f8aa1e8139,0.8,1.0,0.0,5,5,5,0.0
89bc2550-a7bf-4973-b21e-25f8aa1e8139,0.75,1.0,0.0,5,5,5,0.0
89bc2550-a7bf-4973-b21e-25f8aa1e8139,0.7,1.0,0.0,5,5,5,0.0
8a011f94-4944-4395-b7d6-e5f24468ecb5,0.95,0.0,0.0,5,5,5,1.0
8a011f94-4944-4395-b7d6-e5f24468ecb5,0.9,0.0,0.0,5,5,5,1.0
8a011f94-4944-4395-b7d6-e5f24468ecb5,0.85,0.0,0.0,5,5,5,1.0
8a011f94-4944-4395-b7d6-e5f24468ecb5,0.8,0.0,0.0,5,5,5,1.0
8a011f94-4944-4395-b7d6-e5f24468ecb5,0.75,0.0,0.0,5,5,5,1.0
8a011f94-4944-4395-b7d6-e5f24468ecb5,0.7,0.0,0.0,5,5,5,1.0
8a246f34-2f07-4a69-86f7-0f067cf317b0,0.95,1.0,0.0,5,5,5,0.0
8a246f34-2f07-4a69-86f7-0f067cf317b0,0.9,1.0,0.0,5,5,5,0.0
8a246f34-2f07-4a69-86f7-0f067cf317b0,0.85,1.0,0.0,5,5,5,0.0
8a246f34-2f07-4a69-86f7-0f067cf317b0,0.8,1.0,0.0,5,5,5,0.0
8a246f34-2f07-4a69-86f7-0f067cf317b0,0.75,0.0,0.0,5,5,5,1.0
8a246f34-2f07-4a69-86f7-0f067cf317b0,0.7,1.0,0.0,5,5,5,0.0
8a484615-b298-4b75-b9dc-dffc15353655,0.95,1.0,0.0,5,5,5,0.0
8a484615-b298-4b75-b9dc-dffc15353655,0.9,1.0,0.0,5,5,5,0.0
8a484615-b298-4b75-b9dc-dffc15353655,0.85,1.0,0.0,5,5,5,0.0
8a484615-b298-4b75-b9dc-dffc15353655,0.8,1.0,0.0,5,5,5,0.0
8a484615-b298-4b75-b9dc-dffc15353655,0.75,1.0,0.0,5,5,5,0.0
8a484615-b298-4b75-b9dc-dffc15353655,0.7,1.0,0.0,5,5,5,0.0
8abb1168-2393-4589-aeb2-fa0a2d7c21cc,0.95,0.0,0.0,5,5,5,1.0
8abb1168-2393-4589-aeb2-fa0a2d7c21cc,0.9,0.0,0.0,5,5,5,1.0
8abb1168-2393-4589-aeb2-fa0a2d7c21cc,0.85,0.0,0.0,5,5,5,1.0
8abb1168-2393-4589-aeb2-fa0a2d7c21cc,0.8,0.0,0.0,5,5,5,1.0
8abb1168-2393-4589-aeb2-fa0a2d7c21cc,0.75,0.0,0.0,5,5,5,1.0
8abb1168-2393-4589-aeb2-fa0a2d7c21cc,0.7,1.0,0.0,5,5,5,0.0
8ac3bca7-f903-4220-b010-29180d14d2fc,0.95,1.0,0.0,5,5,5,0.0
8ac3bca7-f903-4220-b010-29180d14d2fc,0.9,1.0,0.0,5,5,5,0.0
8ac3bca7-f903-4220-b010-29180d14d2fc,0.85,1.0,0.0,5,5,5,0.0
8ac3bca7-f903-4220-b010-29180d14d2fc,0.8,1.0,0.0,5,5,5,0.0
8ac3bca7-f903-4220-b010-29180d14d2fc,0.75,1.0,0.0,5,5,5,0.0
8ac3bca7-f903-4220-b010-29180d14d2fc,0.7,0.0,0.0,5,5,5,1.0
8ad8af8f-db35-43d5-951c-cb149130db93,0.95,0.0,0.0,5,5,5,1.0
8ad8af8f-db35-43d5-951c-cb149130db93,0.9,0.0,0.0,5,5,5,1.0
8ad8af8f-db35-43d5-951c-cb149130db93,0.85,0.0,0.0,5,5,5,1.0
8ad8af8f-db35-43d5-951c-cb149130db93,0.8,1.0,0.0,5,5,5,0.0
8ad8af8f-db35-43d5-951c-cb149130db93,0.75,1.0,0.0,5,5,5,0.0
8ad8af8f-db35-43d5-951c-cb149130db93,0.7,1.0,0.0,5,5,5,0.0
8b38f5a0-73e5-420b-9172-c98e75831507,0.95,0.0,0.0,5,5,5,1.0
8b38f5a0-73e5-420b-9172-c98e75831507,0.9,0.0,0.0,5,5,5,1.0
8b38f5a0-73e5-420b-9172-c98e75831507,0.85,0.0,0.0,5,5,5,1.0
8b38f5a0-73e5-420b-9172-c98e75831507,0.8,1.0,0.0,5,5,5,0.0
8b38f5a0-73e5-420b-9172-c98e75831507,0.75,1.0,0.0,5,5,5,0.0
8b38f5a0-73e5-420b-9172-c98e75831507,0.7,1.0,0.0,5,5,5,0.0
8b5fbae2-c740-43b4-8876-39d56c5c2116,0.95,1.0,0.0,5,5,5,0.0
8b5fbae2-c740-43b4-8876-39d56c5c2116,0.9,1.0,0.0,5,5,5,0.0
8b5fbae2-c740-43b4-8876-39d56c5c2116,0.85,1.0,0.0,5,5,5,0.0
8b5fbae2-c740-43b4-8876-39d56c5c2116,0.8,1.0,0.0,5,5,5,0.0
8b5fbae2-c740-43b4-8876-39d56c5c2116,0.75,1.0,0.0,5,5,5,0.0
8b5fbae2-c740-43b4-8876-39d56c5c2116,0.7,1.0,0.0,5,5,5,0.0
8ba0c39c-de76-4a09-b7bd-ffd87ddc9e39,0.95,1.0,0.0,5,5,5,0.0
8ba0c39c-de76-4a09-b7bd-ffd87ddc9e39,0.9,1.0,0.0,5,5,5,0.0
8ba0c39c-de76-4a09-b7bd-ffd87ddc9e39,0.85,1.0,0.0,5,5,5,0.0
8ba0c39c-de76-4a09-b7bd-ffd87ddc9e39,0.8,1.0,0.0,5,5,5,0.0
8ba0c39c-de76-4a09-b7bd-ffd87ddc9e39,0.75,1.0,0.0,5,5,5,0.0
8ba0c39c-de76-4a09-b7bd-ffd87ddc9e39,0.7,1.0,0.0,5,5,5,0.0
8bb950c4-2367-4fe2-9a2a-0340386cef84,0.95,0.0,0.0,8,8,8,1.0
8bb950c4-2367-4fe2-9a2a-0340386cef84,0.9,0.0,0.0,8,8,8,1.0
8bb950c4-2367-4fe2-9a2a-0340386cef84,0.85,0.0,0.0,8,8,8,1.0
8bb950c4-2367-4fe2-9a2a-0340386cef84,0.8,0.0,0.0,8,8,8,1.0
8bb950c4-2367-4fe2-9a2a-0340386cef84,0.75,0.0,0.0,8,8,8,1.0
8bb950c4-2367-4fe2-9a2a-0340386cef84,0.7,0.0,0.0,8,8,8,1.0
8c3c398b-8eef-4eae-89fd-ad392efcab9d,0.95,0.0,0.0,5,5,5,1.0
8c3c398b-8eef-4eae-89fd-ad392efcab9d,0.9,0.0,0.0,5,5,5,1.0
8c3c398b-8eef-4eae-89fd-ad392efcab9d,0.85,1.0,0.0,5,5,5,0.0
8c3c398b-8eef-4eae-89fd-ad392efcab9d,0.8,1.0,0.0,5,5,5,0.0
8c3c398b-8eef-4eae-89fd-ad392efcab9d,0.75,1.0,0.0,5,5,5,0.0
8c3c398b-8eef-4eae-89fd-ad392efcab9d,0.7,1.0,0.0,5,5,5,0.0
8c69b3bb-0bad-44b5-b1d8-851383a97f4e,0.95,1.0,0.0,5,5,5,0.0
8c69b3bb-0bad-44b5-b1d8-851383a97f4e,0.9,1.0,0.0,5,5,5,0.0
8c69b3bb-0bad-44b5-b1d8-851383a97f4e,0.85,1.0,0.0,5,5,5,0.0
8c69b3bb-0bad-44b5-b1d8-851383a97f4e,0.8,1.0,0.0,5,5,5,0.0
8c69b3bb-0bad-44b5-b1d8-851383a97f4e,0.75,1.0,0.0,5,5,5,0.0
8c69b3bb-0bad-44b5-b1d8-851383a97f4e,0.7,1.0,0.0,5,5,5,0.0
8cedf432-f7bd-4207-9254-16ee4b2d4619,0.95,1.0,0.0,5,5,5,0.0
8cedf432-f7bd-4207-9254-16ee4b2d4619,0.9,1.0,0.0,5,5,5,0.0
8cedf432-f7bd-4207-9254-16ee4b2d4619,0.85,1.0,0.0,5,5,5,0.0
8cedf432-f7bd-4207-9254-16ee4b2d4619,0.8,1.0,0.0,5,5,5,0.0
8cedf432-f7bd-4207-9254-16ee4b2d4619,0.75,1.0,0.0,5,5,5,0.0
8cedf432-f7bd-4207-9254-16ee4b2d4619,0.7,1.0,0.0,5,5,5,0.0
8db607ac-17b1-4e77-8003-30650a6951b3,0.95,1.0,0.0,5,5,5,0.0
8db607ac-17b1-4e77-8003-30650a6951b3,0.9,1.0,0.0,5,5,5,0.0
8db607ac-17b1-4e77-8003-30650a6951b3,0.85,1.0,0.0,5,5,5,0.0
8db607ac-17b1-4e77-8003-30650a6951b3,0.8,1.0,0.0,5,5,5,0.0
8db607ac-17b1-4e77-8003-30650a6951b3,0.75,1.0,0.0,5,5,5,0.0
8db607ac-17b1-4e77-8003-30650a6951b3,0.7,1.0,0.0,5,5,5,0.0
8dd6e993-a4d6-48e6-803b-5efcc10b2f2b,0.95,1.0,0.0,5,5,5,0.0
8dd6e993-a4d6-48e6-803b-5efcc10b2f2b,0.9,1.0,0.0,5,5,5,0.0
8dd6e993-a4d6-48e6-803b-5efcc10b2f2b,0.85,1.0,0.0,5,5,5,0.0
8dd6e993-a4d6-48e6-803b-5efcc10b2f2b,0.8,1.0,0.0,5,5,5,0.0
8dd6e993-a4d6-48e6-803b-5efcc10b2f2b,0.75,1.0,0.0,5,5,5,0.0
8dd6e993-a4d6-48e6-803b-5efcc10b2f2b,0.7,1.0,0.0,5,5,5,0.0
8dd7d852-d97c-4566-8b57-304c0e64a872,0.95,1.0,0.0,5,5,5,0.0
8dd7d852-d97c-4566-8b57-304c0e64a872,0.9,1.0,0.0,5,5,5,0.0
8dd7d852-d97c-4566-8b57-304c0e64a872,0.85,1.0,0.0,5,5,5,0.0
8dd7d852-d97c-4566-8b57-304c0e64a872,0.8,1.0,0.0,5,5,5,0.0
8dd7d852-d97c-4566-8b57-304c0e64a872,0.75,1.0,0.0,5,5,5,0.0
8dd7d852-d97c-4566-8b57-304c0e64a872,0.7,1.0,0.0,5,5,5,0.0
8e3f6d91-f351-4c58-b924-645de00f4ae7,0.95,0.0,0.0,5,5,5,1.0
8e3f6d91-f351-4c58-b924-645de00f4ae7,0.9,0.0,0.0,5,5,5,1.0
8e3f6d91-f351-4c58-b924-645de00f4ae7,0.85,0.0,0.0,5,5,5,1.0
8e3f6d91-f351-4c58-b924-645de00f4ae7,0.8,0.0,0.0,5,5,5,1.0
8e3f6d91-f351-4c58-b924-645de00f4ae7,0.75,0.0,0.0,5,5,5,1.0
8e3f6d91-f351-4c58-b924-645de00f4ae7,0.7,1.0,0.0,5,5,5,0.0
8fbce334-e643-42b7-9d30-1b8bf4bfcfaa,0.95,0.0,0.0,5,5,5,1.0
8fbce334-e643-42b7-9d30-1b8bf4bfcfaa,0.9,0.0,0.0,5,5,5,1.0
8fbce334-e643-42b7-9d30-1b8bf4bfcfaa,0.85,0.0,0.0,5,5,5,1.0
8fbce334-e643-42b7-9d30-1b8bf4bfcfaa,0.8,0.0,0.0,5,5,5,1.0
8fbce334-e643-42b7-9d30-1b8bf4bfcfaa,0.75,0.0,0.0,5,5,5,1.0
8fbce334-e643-42b7-9d30-1b8bf4bfcfaa,0.7,0.0,0.0,5,5,5,1.0
900c0d1d-51f9-4ae2-906b-f24091a1c6ea,0.95,1.0,0.0,5,5,5,0.0
900c0d1d-51f9-4ae2-906b-f24091a1c6ea,0.9,1.0,0.0,5,5,5,0.0
900c0d1d-51f9-4ae2-906b-f24091a1c6ea,0.85,1.0,0.0,5,5,5,0.0
900c0d1d-51f9-4ae2-906b-f24091a1c6ea,0.8,1.0,0.0,5,5,5,0.0
900c0d1d-51f9-4ae2-906b-f24091a1c6ea,0.75,1.0,0.0,5,5,5,0.0
900c0d1d-51f9-4ae2-906b-f24091a1c6ea,0.7,1.0,0.0,5,5,5,0.0
9124e36c-8a10-4d04-86bc-b51742c3daac,0.95,1.0,0.0,5,5,5,0.0
9124e36c-8a10-4d04-86bc-b51742c3daac,0.9,1.0,0.0,5,5,5,0.0
9124e36c-8a10-4d04-86bc-b51742c3daac,0.85,1.0,0.0,5,5,5,0.0
9124e36c-8a10-4d04-86bc-b51742c3daac,0.8,1.0,0.0,5,5,5,0.0
9124e36c-8a10-4d04-86bc-b51742c3daac,0.75,1.0,0.0,5,5,5,0.0
9124e36c-8a10-4d04-86bc-b51742c3daac,0.7,1.0,0.0,5,5,5,0.0
919e129e-61f0-4bc7-9cd5-3c9f7570e708,0.95,1.0,0.0,5,5,5,0.0
919e129e-61f0-4bc7-9cd5-3c9f7570e708,0.9,1.0,0.0,5,5,5,0.0
919e129e-61f0-4bc7-9cd5-3c9f7570e708,0.85,1.0,0.0,5,5,5,0.0
919e129e-61f0-4bc7-9cd5-3c9f7570e708,0.8,1.0,0.0,5,5,5,0.0
919e129e-61f0-4bc7-9cd5-3c9f7570e708,0.75,1.0,0.0,5,5,5,0.0
919e129e-61f0-4bc7-9cd5-3c9f7570e708,0.7,1.0,0.0,5,5,5,0.0
91b6f106-9113-4397-ac26-0abc3fdef7f8,0.95,1.0,0.0,5,5,5,0.0
91b6f106-9113-4397-ac26-0abc3fdef7f8,0.9,1.0,0.0,5,5,5,0.0
91b6f106-9113-4397-ac26-0abc3fdef7f8,0.85,1.0,0.0,5,5,5,0.0
91b6f106-9113-4397-ac26-0abc3fdef7f8,0.8,1.0,0.0,5,5,5,0.0
91b6f106-9113-4397-ac26-0abc3fdef7f8,0.75,1.0,0.0,5,5,5,0.0
91b6f106-9113-4397-ac26-0abc3fdef7f8,0.7,1.0,0.0,5,5,5,0.0
93805ec2-0442-429b-bdf2-20525df4348e,0.95,1.0,0.0,5,5,5,0.0
93805ec2-0442-429b-bdf2-20525df4348e,0.9,1.0,0.0,5,5,5,0.0
93805ec2-0442-429b-bdf2-20525df4348e,0.85,1.0,0.0,5,5,5,0.0
93805ec2-0442-429b-bdf2-20525df4348e,0.8,0.0,0.0,5,5,5,1.0
93805ec2-0442-429b-bdf2-20525df4348e,0.75,1.0,0.0,5,5,5,0.0
93805ec2-0442-429b-bdf2-20525df4348e,0.7,1.0,0.0,5,5,5,0.0
93b87f66-5fbf-4190-9d52-2ac0ce22ecb7,0.95,1.0,0.0,5,5,5,0.0
93b87f66-5fbf-4190-9d52-2ac0ce22ecb7,0.9,1.0,0.0,5,5,5,0.0
93b87f66-5fbf-4190-9d52-2ac0ce22ecb7,0.85,1.0,0.0,5,5,5,0.0
93b87f66-5fbf-4190-9d52-2ac0ce22ecb7,0.8,1.0,0.0,5,5,5,0.0
93b87f66-5fbf-4190-9d52-2ac0ce22ecb7,0.75,1.0,0.0,5,5,5,0.0
93b87f66-5fbf-4190-9d52-2ac0ce22ecb7,0.7,1.0,0.0,5,5,5,0.0
940f09a7-4a0b-482b-8041-bbbc03467216,0.95,0.0,0.0,5,5,5,1.0
940f09a7-4a0b-482b-8041-bbbc03467216,0.9,0.0,0.0,5,5,5,1.0
940f09a7-4a0b-482b-8041-bbbc03467216,0.85,0.0,0.0,5,5,5,1.0
940f09a7-4a0b-482b-8041-bbbc03467216,0.8,0.0,0.0,5,5,5,1.0
940f09a7-4a0b-482b-8041-bbbc03467216,0.75,0.0,0.0,5,5,5,1.0
940f09a7-4a0b-482b-8041-bbbc03467216,0.7,1.0,0.0,5,5,5,0.0
941d972d-fd67-4c08-85b5-4f0b9083d81a,0.95,0.0,0.0,5,5,5,1.0
941d972d-fd67-4c08-85b5-4f0b9083d81a,0.9,0.0,0.0,5,5,5,1.0
941d972d-fd67-4c08-85b5-4f0b9083d81a,0.85,0.0,0.0,5,5,5,1.0
941d972d-fd67-4c08-85b5-4f0b9083d81a,0.8,0.0,0.0,5,5,5,1.0
941d972d-fd67-4c08-85b5-4f0b9083d81a,0.75,1.0,0.0,5,5,5,0.0
941d972d-fd67-4c08-85b5-4f0b9083d81a,0.7,0.0,0.0,5,5,5,1.0
944cbe5e-8875-4137-8e6f-9c4cfc80b0b6,0.95,1.0,0.0,5,5,5,0.0
944cbe5e-8875-4137-8e6f-9c4cfc80b0b6,0.9,1.0,0.0,5,5,5,0.0
944cbe5e-8875-4137-8e6f-9c4cfc80b0b6,0.85,1.0,0.0,5,5,5,0.0
944cbe5e-8875-4137-8e6f-9c4cfc80b0b6,0.8,1.0,0.0,5,5,5,0.0
944cbe5e-8875-4137-8e6f-9c4cfc80b0b6,0.75,1.0,0.0,5,5,5,0.0
944cbe5e-8875-4137-8e6f-9c4cfc80b0b6,0.7,1.0,0.0,5,5,5,0.0
95600ec7-9579-40d7-a259-fadbbc1b5fc7,0.95,1.0,0.0,5,5,5,0.0
95600ec7-9579-40d7-a259-fadbbc1b5fc7,0.9,1.0,0.0,5,5,5,0.0
95600ec7-9579-40d7-a259-fadbbc1b5fc7,0.85,1.0,0.0,5,5,5,0.0
95600ec7-9579-40d7-a259-fadbbc1b5fc7,0.8,1.0,0.0,5,5,5,0.0
95600ec7-9579-40d7-a259-fadbbc1b5fc7,0.75,1.0,0.0,5,5,5,0.0
95600ec7-9579-40d7-a259-fadbbc1b5fc7,0.7,1.0,0.0,5,5,5,0.0
962bdc20-e3bf-43dd-a844-fb6f4265518e,0.95,0.0,0.0,5,5,5,1.0
962bdc20-e3bf-43dd-a844-fb6f4265518e,0.9,0.0,0.0,5,5,5,1.0
962bdc20-e3bf-43dd-a844-fb6f4265518e,0.85,0.0,0.0,5,5,5,1.0
962bdc20-e3bf-43dd-a844-fb6f4265518e,0.8,1.0,0.0,5,5,5,0.0
962bdc20-e3bf-43dd-a844-fb6f4265518e,0.75,0.0,0.0,5,5,5,1.0
962bdc20-e3bf-43dd-a844-fb6f4265518e,0.7,0.0,0.0,5,5,5,1.0
964fac10-d0f3-4466-8661-b0bbe9e9fcac,0.95,1.0,0.0,5,5,5,0.0
964fac10-d0f3-4466-8661-b0bbe9e9fcac,0.9,1.0,0.0,5,5,5,0.0
964fac10-d0f3-4466-8661-b0bbe9e9fcac,0.85,1.0,0.0,5,5,5,0.0
964fac10-d0f3-4466-8661-b0bbe9e9fcac,0.8,1.0,0.0,5,5,5,0.0
964fac10-d0f3-4466-8661-b0bbe9e9fcac,0.75,0.0,0.0,5,5,5,1.0
964fac10-d0f3-4466-8661-b0bbe9e9fcac,0.7,1.0,0.0,5,5,5,0.0
96767a38-691e-44c8-b2c4-c386668b3471,0.95,1.0,0.0,5,5,5,0.0
96767a38-691e-44c8-b2c4-c386668b3471,0.9,1.0,0.0,5,5,5,0.0
96767a38-691e-44c8-b2c4-c386668b3471,0.85,1.0,0.0,5,5,5,0.0
96767a38-691e-44c8-b2c4-c386668b3471,0.8,1.0,0.0,5,5,5,0.0
96767a38-691e-44c8-b2c4-c386668b3471,0.75,1.0,0.0,5,5,5,0.0
96767a38-691e-44c8-b2c4-c386668b3471,0.7,1.0,0.0,5,5,5,0.0
96db4b6c-5a9a-46bc-98b1-a42b430ea5f4,0.95,0.0,0.0,5,5,5,1.0
96db4b6c-5a9a-46bc-98b1-a42b430ea5f4,0.9,0.0,0.0,5,5,5,1.0
96db4b6c-5a9a-46bc-98b1-a42b430ea5f4,0.85,0.0,0.0,5,5,5,1.0
96db4b6c-5a9a-46bc-98b1-a42b430ea5f4,0.8,1.0,0.0,5,5,5,0.0
96db4b6c-5a9a-46bc-98b1-a42b430ea5f4,0.75,0.0,0.0,5,5,5,1.0
96db4b6c-5a9a-46bc-98b1-a42b430ea5f4,0.7,0.0,0.0,5,5,5,1.0
97c86416-6efd-4ee5-8247-be51a3b1b76c,0.95,1.0,0.0,5,5,5,0.0
97c86416-6efd-4ee5-8247-be51a3b1b76c,0.9,1.0,0.0,5,5,5,0.0
97c86416-6efd-4ee5-8247-be51a3b1b76c,0.85,0.0,0.0,5,5,5,1.0
97c86416-6efd-4ee5-8247-be51a3b1b76c,0.8,1.0,0.0,5,5,5,0.0
97c86416-6efd-4ee5-8247-be51a3b1b76c,0.75,1.0,0.0,5,5,5,0.0
97c86416-6efd-4ee5-8247-be51a3b1b76c,0.7,1.0,0.0,5,5,5,0.0
9904283c-60ee-45d5-8283-f2cdde18e8dc,0.95,0.0,0.0,5,5,5,1.0
9904283c-60ee-45d5-8283-f2cdde18e8dc,0.9,0.0,0.0,5,5,5,1.0
9904283c-60ee-45d5-8283-f2cdde18e8dc,0.85,0.0,0.0,5,5,5,1.0
9904283c-60ee-45d5-8283-f2cdde18e8dc,0.8,0.0,0.0,5,5,5,1.0
9904283c-60ee-45d5-8283-f2cdde18e8dc,0.75,1.0,0.0,5,5,5,0.0
9904283c-60ee-45d5-8283-f2cdde18e8dc,0.7,1.0,0.0,5,5,5,0.0
992f6b5d-d64f-4987-a78e-56c7278c6269,0.95,1.0,0.0,5,5,5,0.0
992f6b5d-d64f-4987-a78e-56c7278c6269,0.9,1.0,0.0,5,5,5,0.0
992f6b5d-d64f-4987-a78e-56c7278c6269,0.85,1.0,0.0,5,5,5,0.0
992f6b5d-d64f-4987-a78e-56c7278c6269,0.8,1.0,0.0,5,5,5,0.0
992f6b5d-d64f-4987-a78e-56c7278c6269,0.75,1.0,0.0,5,5,5,0.0
992f6b5d-d64f-4987-a78e-56c7278c6269,0.7,1.0,0.0,5,5,5,0.0
9a059b56-b2bf-41b6-a686-697c70de6a1c,0.95,0.0,0.0,5,5,5,1.0
9a059b56-b2bf-41b6-a686-697c70de6a1c,0.9,0.0,0.0,5,5,5,1.0
9a059b56-b2bf-41b6-a686-697c70de6a1c,0.85,0.0,0.0,5,5,5,1.0
9a059b56-b2bf-41b6-a686-697c70de6a1c,0.8,1.0,0.0,5,5,5,0.0
9a059b56-b2bf-41b6-a686-697c70de6a1c,0.75,1.0,0.0,5,5,5,0.0
9a059b56-b2bf-41b6-a686-697c70de6a1c,0.7,1.0,0.0,5,5,5,0.0
9a53e1ca-eaa4-4c6d-991a-fdf03bf1e14a,0.95,0.0,0.0,5,5,5,1.0
9a53e1ca-eaa4-4c6d-991a-fdf03bf1e14a,0.9,0.0,0.0,5,5,5,1.0
9a53e1ca-eaa4-4c6d-991a-fdf03bf1e14a,0.85,0.0,0.0,5,5,5,1.0
9a53e1ca-eaa4-4c6d-991a-fdf03bf1e14a,0.8,0.0,0.0,5,5,5,1.0
9a53e1ca-eaa4-4c6d-991a-fdf03bf1e14a,0.75,1.0,0.0,5,5,5,0.0
9a53e1ca-eaa4-4c6d-991a-fdf03bf1e14a,0.7,1.0,0.0,5,5,5,0.0
9c31c98d-8e5e-4caa-b8d3-9cea4c19e411,0.95,0.0,0.0,9,9,9,1.0
9c31c98d-8e5e-4caa-b8d3-9cea4c19e411,0.9,0.0,0.0,9,9,9,1.0
9c31c98d-8e5e-4caa-b8d3-9cea4c19e411,0.85,0.0,0.0,9,9,9,1.0
9c31c98d-8e5e-4caa-b8d3-9cea4c19e411,0.8,0.0,0.0,9,9,9,1.0
9c31c98d-8e5e-4caa-b8d3-9cea4c19e411,0.75,0.0,0.0,9,9,9,1.0
9c31c98d-8e5e-4caa-b8d3-9cea4c19e411,0.7,0.0,0.1111111111111111,9,9,9,1.1111111111111112
9c77389f-3326-40c3-bf3e-85023b2f8a19,0.95,1.0,0.0,5,5,5,0.0
9c77389f-3326-40c3-bf3e-85023b2f8a19,0.9,1.0,0.0,5,5,5,0.0
9c77389f-3326-40c3-bf3e-85023b2f8a19,0.85,1.0,0.0,5,5,5,0.0
9c77389f-3326-40c3-bf3e-85023b2f8a19,0.8,1.0,0.0,5,5,5,0.0
9c77389f-3326-40c3-bf3e-85023b2f8a19,0.75,1.0,0.0,5,5,5,0.0
9c77389f-3326-40c3-bf3e-85023b2f8a19,0.7,1.0,0.0,5,5,5,0.0
9cca3def-e496-406e-b8e4-663ab5493368,0.95,1.0,0.0,5,5,5,0.0
9cca3def-e496-406e-b8e4-663ab5493368,0.9,1.0,0.0,5,5,5,0.0
9cca3def-e496-406e-b8e4-663ab5493368,0.85,1.0,0.0,5,5,5,0.0
9cca3def-e496-406e-b8e4-663ab5493368,0.8,0.0,0.0,5,5,5,1.0
9cca3def-e496-406e-b8e4-663ab5493368,0.75,0.0,0.0,5,5,5,1.0
9cca3def-e496-406e-b8e4-663ab5493368,0.7,0.0,0.0,5,5,5,1.0
9d3d9112-9a36-4d79-832e-35d6e32711f8,0.95,0.0,0.0,5,5,5,1.0
9d3d9112-9a36-4d79-832e-35d6e32711f8,0.9,0.0,0.0,5,5,5,1.0
9d3d9112-9a36-4d79-832e-35d6e32711f8,0.85,0.0,0.0,5,5,5,1.0
9d3d9112-9a36-4d79-832e-35d6e32711f8,0.8,0.0,0.0,5,5,5,1.0
9d3d9112-9a36-4d79-832e-35d6e32711f8,0.75,1.0,0.0,5,5,5,0.0
9d3d9112-9a36-4d79-832e-35d6e32711f8,0.7,1.0,0.0,5,5,5,0.0
9db33012-ae8b-4e19-94d4-c1aaa5054452,0.95,0.0,0.0,5,5,5,1.0
9db33012-ae8b-4e19-94d4-c1aaa5054452,0.9,0.0,0.0,5,5,5,1.0
9db33012-ae8b-4e19-94d4-c1aaa5054452,0.85,0.0,0.0,5,5,5,1.0
9db33012-ae8b-4e19-94d4-c1aaa5054452,0.8,1.0,0.0,5,5,5,0.0
9db33012-ae8b-4e19-94d4-c1aaa5054452,0.75,1.0,0.0,5,5,5,0.0
9db33012-ae8b-4e19-94d4-c1aaa5054452,0.7,0.0,0.0,5,5,5,1.0
9dea8e84-3cdc-46cc-9731-71dd2082528e,0.95,0.0,0.0,5,5,5,1.0
9dea8e84-3cdc-46cc-9731-71dd2082528e,0.9,0.0,0.0,5,5,5,1.0
9dea8e84-3cdc-46cc-9731-71dd2082528e,0.85,0.0,0.0,5,5,5,1.0
9dea8e84-3cdc-46cc-9731-71dd2082528e,0.8,0.0,0.0,5,5,5,1.0
9dea8e84-3cdc-46cc-9731-71dd2082528e,0.75,1.0,0.0,5,5,5,0.0
9dea8e84-3cdc-46cc-9731-71dd2082528e,0.7,1.0,0.0,5,5,5,0.0
9e14b06b-370c-480e-90cb-3336eeb0b8a4,0.95,1.0,0.0,5,5,5,0.0
9e14b06b-370c-480e-90cb-3336eeb0b8a4,0.9,1.0,0.0,5,5,5,0.0
9e14b06b-370c-480e-90cb-3336eeb0b8a4,0.85,1.0,0.0,5,5,5,0.0
9e14b06b-370c-480e-90cb-3336eeb0b8a4,0.8,1.0,0.0,5,5,5,0.0
9e14b06b-370c-480e-90cb-3336eeb0b8a4,0.75,1.0,0.0,5,5,5,0.0
9e14b06b-370c-480e-90cb-3336eeb0b8a4,0.7,1.0,0.0,5,5,5,0.0
9fa4c257-1c76-4df1-a8bd-84f96f6a2a78,0.95,1.0,0.0,5,5,5,0.0
9fa4c257-1c76-4df1-a8bd-84f96f6a2a78,0.9,1.0,0.0,5,5,5,0.0
9fa4c257-1c76-4df1-a8bd-84f96f6a2a78,0.85,1.0,0.0,5,5,5,0.0
9fa4c257-1c76-4df1-a8bd-84f96f6a2a78,0.8,1.0,0.0,5,5,5,0.0
9fa4c257-1c76-4df1-a8bd-84f96f6a2a78,0.75,1.0,0.0,5,5,5,0.0
9fa4c257-1c76-4df1-a8bd-84f96f6a2a78,0.7,1.0,0.0,5,5,5,0.0
a11a2165-2294-4d8f-bb68-0e7e043703b5,0.95,1.0,0.0,11,11,11,0.0
a11a2165-2294-4d8f-bb68-0e7e043703b5,0.9,0.0,0.0,11,11,11,1.0
a11a2165-2294-4d8f-bb68-0e7e043703b5,0.85,0.0,0.0,11,11,11,1.0
a11a2165-2294-4d8f-bb68-0e7e043703b5,0.8,0.0,0.0,11,11,11,1.0
a11a2165-2294-4d8f-bb68-0e7e043703b5,0.75,0.0,0.0,11,11,11,1.0
a11a2165-2294-4d8f-bb68-0e7e043703b5,0.7,0.0,0.0,11,11,11,1.0
a126daa7-c2a8-471f-a231-b5a9df389233,0.95,0.0,0.0,9,9,9,1.0
a126daa7-c2a8-471f-a231-b5a9df389233,0.9,0.0,0.0,9,9,9,1.0
a126daa7-c2a8-471f-a231-b5a9df389233,0.85,0.0,0.0,9,9,9,1.0
a126daa7-c2a8-471f-a231-b5a9df389233,0.8,0.0,0.0,9,9,9,1.0
a126daa7-c2a8-471f-a231-b5a9df389233,0.75,0.0,0.0,9,9,9,1.0
a126daa7-c2a8-471f-a231-b5a9df389233,0.7,0.0,0.0,9,9,9,1.0
a2a2ca88-369a-4f0d-9ed5-72d102d9b816,0.95,0.0,0.0,5,5,5,1.0
a2a2ca88-369a-4f0d-9ed5-72d102d9b816,0.9,0.0,0.0,5,5,5,1.0
a2a2ca88-369a-4f0d-9ed5-72d102d9b816,0.85,0.0,0.0,5,5,5,1.0
a2a2ca88-369a-4f0d-9ed5-72d102d9b816,0.8,0.0,0.0,5,5,5,1.0
a2a2ca88-369a-4f0d-9ed5-72d102d9b816,0.75,0.0,0.0,5,5,5,1.0
a2a2ca88-369a-4f0d-9ed5-72d102d9b816,0.7,0.0,0.0,5,5,5,1.0
a2a537e4-7824-4746-b52e-3a5172ad3793,0.95,1.0,0.0,5,5,5,0.0
a2a537e4-7824-4746-b52e-3a5172ad3793,0.9,1.0,0.0,5,5,5,0.0
a2a537e4-7824-4746-b52e-3a5172ad3793,0.85,1.0,0.0,5,5,5,0.0
a2a537e4-7824-4746-b52e-3a5172ad3793,0.8,1.0,0.0,5,5,5,0.0
a2a537e4-7824-4746-b52e-3a5172ad3793,0.75,1.0,0.0,5,5,5,0.0
a2a537e4-7824-4746-b52e-3a5172ad3793,0.7,1.0,0.0,5,5,5,0.0
a343df01-0d06-4de3-be19-4b710ea64351,0.95,1.0,0.0,5,5,5,0.0
a343df01-0d06-4de3-be19-4b710ea64351,0.9,1.0,0.0,5,5,5,0.0
a343df01-0d06-4de3-be19-4b710ea64351,0.85,1.0,0.0,5,5,5,0.0
a343df01-0d06-4de3-be19-4b710ea64351,0.8,1.0,0.0,5,5,5,0.0
a343df01-0d06-4de3-be19-4b710ea64351,0.75,1.0,0.0,5,5,5,0.0
a343df01-0d06-4de3-be19-4b710ea64351,0.7,1.0,0.0,5,5,5,0.0
a515049c-ca49-4449-b266-ccd00b4f984e,0.95,0.0,0.0,5,5,5,1.0
a515049c-ca49-4449-b266-ccd00b4f984e,0.9,0.0,0.0,5,5,5,1.0
a515049c-ca49-4449-b266-ccd00b4f984e,0.85,0.0,0.0,5,5,5,1.0
a515049c-ca49-4449-b266-ccd00b4f984e,0.8,1.0,0.0,5,5,5,0.0
a515049c-ca49-4449-b266-ccd00b4f984e,0.75,1.0,0.0,5,5,5,0.0
a515049c-ca49-4449-b266-ccd00b4f984e,0.7,1.0,0.0,5,5,5,0.0
a5b09710-c38a-4510-ad29-e7a6b51227ad,0.95,0.0,0.0,5,5,5,1.0
a5b09710-c38a-4510-ad29-e7a6b51227ad,0.9,0.0,0.0,5,5,5,1.0
a5b09710-c38a-4510-ad29-e7a6b51227ad,0.85,0.0,0.0,5,5,5,1.0
a5b09710-c38a-4510-ad29-e7a6b51227ad,0.8,0.0,0.0,5,5,5,1.0
a5b09710-c38a-4510-ad29-e7a6b51227ad,0.75,0.0,0.0,5,5,5,1.0
a5b09710-c38a-4510-ad29-e7a6b51227ad,0.7,1.0,0.0,5,5,5,0.0
a67c8598-c925-4656-8a82-83f2fee7022a,0.95,0.0,0.0,5,5,5,1.0
a67c8598-c925-4656-8a82-83f2fee7022a,0.9,0.0,0.0,5,5,5,1.0
a67c8598-c925-4656-8a82-83f2fee7022a,0.85,0.0,0.0,5,5,5,1.0
a67c8598-c925-4656-8a82-83f2fee7022a,0.8,0.0,0.0,5,5,5,1.0
a67c8598-c925-4656-8a82-83f2fee7022a,0.75,1.0,0.0,5,5,5,0.0
a67c8598-c925-4656-8a82-83f2fee7022a,0.7,1.0,0.0,5,5,5,0.0
a6be7db2-b86d-4538-a9ac-bf48b5ac5a96,0.95,1.0,0.0,5,5,5,0.0
a6be7db2-b86d-4538-a9ac-bf48b5ac5a96,0.9,1.0,0.0,5,5,5,0.0
a6be7db2-b86d-4538-a9ac-bf48b5ac5a96,0.85,1.0,0.0,5,5,5,0.0
a6be7db2-b86d-4538-a9ac-bf48b5ac5a96,0.8,1.0,0.0,5,5,5,0.0
a6be7db2-b86d-4538-a9ac-bf48b5ac5a96,0.75,1.0,0.0,5,5,5,0.0
a6be7db2-b86d-4538-a9ac-bf48b5ac5a96,0.7,1.0,0.0,5,5,5,0.0
a727468b-385d-4d58-a93a-837f338e38db,0.95,0.0,0.0,5,5,5,1.0
a727468b-385d-4d58-a93a-837f338e38db,0.9,0.0,0.0,5,5,5,1.0
a727468b-385d-4d58-a93a-837f338e38db,0.85,0.0,0.0,5,5,5,1.0
a727468b-385d-4d58-a93a-837f338e38db,0.8,0.0,0.0,5,5,5,1.0
a727468b-385d-4d58-a93a-837f338e38db,0.75,0.0,0.0,5,5,5,1.0
a727468b-385d-4d58-a93a-837f338e38db,0.7,1.0,0.0,5,5,5,0.0
a73e5d6c-581b-44fc-a42d-ef1411892873,0.95,1.0,0.0,5,5,5,0.0
a73e5d6c-581b-44fc-a42d-ef1411892873,0.9,1.0,0.0,5,5,5,0.0
a73e5d6c-581b-44fc-a42d-ef1411892873,0.85,1.0,0.0,5,5,5,0.0
a73e5d6c-581b-44fc-a42d-ef1411892873,0.8,1.0,0.0,5,5,5,0.0
a73e5d6c-581b-44fc-a42d-ef1411892873,0.75,1.0,0.0,5,5,5,0.0
a73e5d6c-581b-44fc-a42d-ef1411892873,0.7,1.0,0.0,5,5,5,0.0
a7be0221-90f5-4bd8-b147-4daafb1f7587,0.95,1.0,0.0,5,5,5,0.0
a7be0221-90f5-4bd8-b147-4daafb1f7587,0.9,1.0,0.0,5,5,5,0.0
a7be0221-90f5-4bd8-b147-4daafb1f7587,0.85,1.0,0.0,5,5,5,0.0
a7be0221-90f5-4bd8-b147-4daafb1f7587,0.8,1.0,0.0,5,5,5,0.0
a7be0221-90f5-4bd8-b147-4daafb1f7587,0.75,1.0,0.0,5,5,5,0.0
a7be0221-90f5-4bd8-b147-4daafb1f7587,0.7,1.0,0.0,5,5,5,0.0
a8a53b33-f548-4d06-bcef-2a1df4f247c6,0.95,0.0,0.0,5,5,5,1.0
a8a53b33-f548-4d06-bcef-2a1df4f247c6,0.9,1.0,0.0,5,5,5,0.0
a8a53b33-f548-4d06-bcef-2a1df4f247c6,0.85,1.0,0.0,5,5,5,0.0
a8a53b33-f548-4d06-bcef-2a1df4f247c6,0.8,0.0,0.0,5,5,5,1.0
a8a53b33-f548-4d06-bcef-2a1df4f247c6,0.75,0.0,0.0,5,5,5,1.0
a8a53b33-f548-4d06-bcef-2a1df4f247c6,0.7,0.0,0.0,5,5,5,1.0
ab183a0e-08c4-4dd1-bcb5-843fa31330f7,0.95,0.0,0.0,5,5,5,1.0
ab183a0e-08c4-4dd1-bcb5-843fa31330f7,0.9,0.0,0.0,5,5,5,1.0
ab183a0e-08c4-4dd1-bcb5-843fa31330f7,0.85,1.0,0.0,5,5,5,0.0
ab183a0e-08c4-4dd1-bcb5-843fa31330f7,0.8,1.0,0.0,5,5,5,0.0
ab183a0e-08c4-4dd1-bcb5-843fa31330f7,0.75,1.0,0.0,5,5,5,0.0
ab183a0e-08c4-4dd1-bcb5-843fa31330f7,0.7,1.0,0.0,5,5,5,0.0
ab555b7c-b281-403d-9ddb-c11309c99f00,0.95,0.0,0.0,5,5,5,1.0
ab555b7c-b281-403d-9ddb-c11309c99f00,0.9,0.0,0.0,5,5,5,1.0
ab555b7c-b281-403d-9ddb-c11309c99f00,0.85,0.0,0.0,5,5,5,1.0
ab555b7c-b281-403d-9ddb-c11309c99f00,0.8,1.0,0.0,5,5,5,0.0
ab555b7c-b281-403d-9ddb-c11309c99f00,0.75,0.0,0.0,5,5,5,1.0
ab555b7c-b281-403d-9ddb-c11309c99f00,0.7,0.0,0.0,5,5,5,1.0
abcdd6d8-3b6b-4a5e-8140-c7c1d6fb464c,0.95,1.0,0.0,5,5,5,0.0
abcdd6d8-3b6b-4a5e-8140-c7c1d6fb464c,0.9,1.0,0.0,5,5,5,0.0
abcdd6d8-3b6b-4a5e-8140-c7c1d6fb464c,0.85,1.0,0.0,5,5,5,0.0
abcdd6d8-3b6b-4a5e-8140-c7c1d6fb464c,0.8,1.0,0.0,5,5,5,0.0
abcdd6d8-3b6b-4a5e-8140-c7c1d6fb464c,0.75,1.0,0.0,5,5,5,0.0
abcdd6d8-3b6b-4a5e-8140-c7c1d6fb464c,0.7,1.0,0.0,5,5,5,0.0
ad21aae6-efd7-4bd9-be71-21ad0279b6e8,0.95,1.0,0.0,5,5,5,0.0
ad21aae6-efd7-4bd9-be71-21ad0279b6e8,0.9,1.0,0.0,5,5,5,0.0
ad21aae6-efd7-4bd9-be71-21ad0279b6e8,0.85,1.0,0.0,5,5,5,0.0
ad21aae6-efd7-4bd9-be71-21ad0279b6e8,0.8,1.0,0.0,5,5,5,0.0
ad21aae6-efd7-4bd9-be71-21ad0279b6e8,0.75,1.0,0.0,5,5,5,0.0
ad21aae6-efd7-4bd9-be71-21ad0279b6e8,0.7,1.0,0.0,5,5,5,0.0
ad555f68-f46f-4620-97e9-b9d73eb44d94,0.95,1.0,0.0,5,5,5,0.0
ad555f68-f46f-4620-97e9-b9d73eb44d94,0.9,1.0,0.0,5,5,5,0.0
ad555f68-f46f-4620-97e9-b9d73eb44d94,0.85,1.0,0.0,5,5,5,0.0
ad555f68-f46f-4620-97e9-b9d73eb44d94,0.8,1.0,0.0,5,5,5,0.0
ad555f68-f46f-4620-97e9-b9d73eb44d94,0.75,1.0,0.0,5,5,5,0.0
ad555f68-f46f-4620-97e9-b9d73eb44d94,0.7,1.0,0.0,5,5,5,0.0
adfb8833-c68d-4fe3-80cc-3481d76eac34,0.95,0.0,0.0,5,5,5,1.0
adfb8833-c68d-4fe3-80cc-3481d76eac34,0.9,0.0,0.0,5,5,5,1.0
adfb8833-c68d-4fe3-80cc-3481d76eac34,0.85,0.0,0.0,5,5,5,1.0
adfb8833-c68d-4fe3-80cc-3481d76eac34,0.8,0.0,0.0,5,5,5,1.0
adfb8833-c68d-4fe3-80cc-3481d76eac34,0.75,0.0,0.0,5,5,5,1.0
adfb8833-c68d-4fe3-80cc-3481d76eac34,0.7,1.0,0.0,5,5,5,0.0
ae401f55-2fa3-4f5d-a97a-8ada6df232dc,0.95,0.0,0.0,5,5,5,1.0
ae401f55-2fa3-4f5d-a97a-8ada6df232dc,0.9,0.0,0.0,5,5,5,1.0
ae401f55-2fa3-4f5d-a97a-8ada6df232dc,0.85,0.0,0.0,5,5,5,1.0
ae401f55-2fa3-4f5d-a97a-8ada6df232dc,0.8,1.0,0.0,5,5,5,0.0
ae401f55-2fa3-4f5d-a97a-8ada6df232dc,0.75,1.0,0.0,5,5,5,0.0
ae401f55-2fa3-4f5d-a97a-8ada6df232dc,0.7,1.0,0.0,5,5,5,0.0
ae53cbee-d9b6-4e19-aa11-cba6be4bfb56,0.95,1.0,0.0,5,5,5,0.0
ae53cbee-d9b6-4e19-aa11-cba6be4bfb56,0.9,1.0,0.0,5,5,5,0.0
ae53cbee-d9b6-4e19-aa11-cba6be4bfb56,0.85,1.0,0.0,5,5,5,0.0
ae53cbee-d9b6-4e19-aa11-cba6be4bfb56,0.8,1.0,0.0,5,5,5,0.0
ae53cbee-d9b6-4e19-aa11-cba6be4bfb56,0.75,1.0,0.0,5,5,5,0.0
ae53cbee-d9b6-4e19-aa11-cba6be4bfb56,0.7,1.0,0.0,5,5,5,0.0
ae6dd874-f04a-445a-b5c9-c6e2067026c3,0.95,0.0,0.0,5,5,5,1.0
ae6dd874-f04a-445a-b5c9-c6e2067026c3,0.9,0.0,0.0,5,5,5,1.0
ae6dd874-f04a-445a-b5c9-c6e2067026c3,0.85,1.0,0.0,5,5,5,0.0
ae6dd874-f04a-445a-b5c9-c6e2067026c3,0.8,1.0,0.0,5,5,5,0.0
ae6dd874-f04a-445a-b5c9-c6e2067026c3,0.75,1.0,0.0,5,5,5,0.0
ae6dd874-f04a-445a-b5c9-c6e2067026c3,0.7,1.0,0.0,5,5,5,0.0
aeb6c788-0400-4462-bdcd-ede2ad770df2,0.95,1.0,0.0,5,5,5,0.0
aeb6c788-0400-4462-bdcd-ede2ad770df2,0.9,1.0,0.0,5,5,5,0.0
aeb6c788-0400-4462-bdcd-ede2ad770df2,0.85,1.0,0.0,5,5,5,0.0
aeb6c788-0400-4462-bdcd-ede2ad770df2,0.8,1.0,0.0,5,5,5,0.0
aeb6c788-0400-4462-bdcd-ede2ad770df2,0.75,1.0,0.0,5,5,5,0.0
aeb6c788-0400-4462-bdcd-ede2ad770df2,0.7,1.0,0.0,5,5,5,0.0
af036e4b-a4a8-4b42-8963-7d2bdefea984,0.95,1.0,0.0,5,5,5,0.0
af036e4b-a4a8-4b42-8963-7d2bdefea984,0.9,1.0,0.0,5,5,5,0.0
af036e4b-a4a8-4b42-8963-7d2bdefea984,0.85,1.0,0.0,5,5,5,0.0
af036e4b-a4a8-4b42-8963-7d2bdefea984,0.8,1.0,0.0,5,5,5,0.0
af036e4b-a4a8-4b42-8963-7d2bdefea984,0.75,1.0,0.0,5,5,5,0.0
af036e4b-a4a8-4b42-8963-7d2bdefea984,0.7,1.0,0.0,5,5,5,0.0
af8bfc31-0504-4f40-85ce-893cacd938fe,0.95,0.0,0.0,5,5,5,1.0
af8bfc31-0504-4f40-85ce-893cacd938fe,0.9,0.0,0.0,5,5,5,1.0
af8bfc31-0504-4f40-85ce-893cacd938fe,0.85,0.0,0.0,5,5,5,1.0
af8bfc31-0504-4f40-85ce-893cacd938fe,0.8,0.0,0.0,5,5,5,1.0
af8bfc31-0504-4f40-85ce-893cacd938fe,0.75,0.0,0.0,5,5,5,1.0
af8bfc31-0504-4f40-85ce-893cacd938fe,0.7,1.0,0.0,5,5,5,0.0
b1b0df10-41aa-4320-9fd1-4e19de5dfe38,0.95,1.0,0.0,5,5,5,0.0
b1b0df10-41aa-4320-9fd1-4e19de5dfe38,0.9,1.0,0.0,5,5,5,0.0
b1b0df10-41aa-4320-9fd1-4e19de5dfe38,0.85,1.0,0.0,5,5,5,0.0
b1b0df10-41aa-4320-9fd1-4e19de5dfe38,0.8,1.0,0.0,5,5,5,0.0
b1b0df10-41aa-4320-9fd1-4e19de5dfe38,0.75,1.0,0.0,5,5,5,0.0
b1b0df10-41aa-4320-9fd1-4e19de5dfe38,0.7,1.0,0.0,5,5,5,0.0
b1f3957f-3b1c-4f1c-adaf-c97e000ab0ac,0.95,1.0,0.0,5,5,5,0.0
b1f3957f-3b1c-4f1c-adaf-c97e000ab0ac,0.9,1.0,0.0,5,5,5,0.0
b1f3957f-3b1c-4f1c-adaf-c97e000ab0ac,0.85,1.0,0.0,5,5,5,0.0
b1f3957f-3b1c-4f1c-adaf-c97e000ab0ac,0.8,1.0,0.0,5,5,5,0.0
b1f3957f-3b1c-4f1c-adaf-c97e000ab0ac,0.75,0.0,0.0,5,5,5,1.0
b1f3957f-3b1c-4f1c-adaf-c97e000ab0ac,0.7,1.0,0.0,5,5,5,0.0
b256f3dd-0613-45e9-8d1d-4c3cf3156e56,0.95,1.0,0.0,5,5,5,0.0
b256f3dd-0613-45e9-8d1d-4c3cf3156e56,0.9,1.0,0.0,5,5,5,0.0
b256f3dd-0613-45e9-8d1d-4c3cf3156e56,0.85,1.0,0.0,5,5,5,0.0
b256f3dd-0613-45e9-8d1d-4c3cf3156e56,0.8,1.0,0.0,5,5,5,0.0
b256f3dd-0613-45e9-8d1d-4c3cf3156e56,0.75,1.0,0.0,5,5,5,0.0
b256f3dd-0613-45e9-8d1d-4c3cf3156e56,0.7,1.0,0.0,5,5,5,0.0
b39e96a0-ef2b-4844-b382-74541d77ebb9,0.95,0.0,0.0,5,5,5,1.0
b39e96a0-ef2b-4844-b382-74541d77ebb9,0.9,1.0,0.0,5,5,5,0.0
b39e96a0-ef2b-4844-b382-74541d77ebb9,0.85,1.0,0.0,5,5,5,0.0
b39e96a0-ef2b-4844-b382-74541d77ebb9,0.8,0.0,0.0,5,5,5,1.0
b39e96a0-ef2b-4844-b382-74541d77ebb9,0.75,1.0,0.0,5,5,5,0.0
b39e96a0-ef2b-4844-b382-74541d77ebb9,0.7,1.0,0.0,5,5,5,0.0
b49f910e-b586-41ee-aca0-453440dd27a7,0.95,0.0,0.0,5,5,5,1.0
b49f910e-b586-41ee-aca0-453440dd27a7,0.9,1.0,0.0,5,5,5,0.0
b49f910e-b586-41ee-aca0-453440dd27a7,0.85,1.0,0.0,5,5,5,0.0
b49f910e-b586-41ee-aca0-453440dd27a7,0.8,0.0,0.0,5,5,5,1.0
b49f910e-b586-41ee-aca0-453440dd27a7,0.75,1.0,0.0,5,5,5,0.0
b49f910e-b586-41ee-aca0-453440dd27a7,0.7,1.0,0.0,5,5,5,0.0
b4d406cf-4840-46f5-bf40-feff8959e352,0.95,0.0,0.0,5,5,5,1.0
b4d406cf-4840-46f5-bf40-feff8959e352,0.9,0.0,0.0,5,5,5,1.0
b4d406cf-4840-46f5-bf40-feff8959e352,0.85,0.0,0.0,5,5,5,1.0
b4d406cf-4840-46f5-bf40-feff8959e352,0.8,0.0,0.0,5,5,5,1.0
b4d406cf-4840-46f5-bf40-feff8959e352,0.75,1.0,0.0,5,5,5,0.0
b4d406cf-4840-46f5-bf40-feff8959e352,0.7,0.0,0.0,5,5,5,1.0
b4dc5b10-047e-4c51-bb4e-a6b0d1b53114,0.95,1.0,0.0,5,5,5,0.0
b4dc5b10-047e-4c51-bb4e-a6b0d1b53114,0.9,1.0,0.0,5,5,5,0.0
b4dc5b10-047e-4c51-bb4e-a6b0d1b53114,0.85,1.0,0.0,5,5,5,0.0
b4dc5b10-047e-4c51-bb4e-a6b0d1b53114,0.8,1.0,0.0,5,5,5,0.0
b4dc5b10-047e-4c51-bb4e-a6b0d1b53114,0.75,1.0,0.0,5,5,5,0.0
b4dc5b10-047e-4c51-bb4e-a6b0d1b53114,0.7,1.0,0.0,5,5,5,0.0
b50783f1-4546-4d46-ace5-f0f7c1ceae77,0.95,0.0,0.0,5,5,5,1.0
b50783f1-4546-4d46-ace5-f0f7c1ceae77,0.9,0.0,0.0,5,5,5,1.0
b50783f1-4546-4d46-ace5-f0f7c1ceae77,0.85,1.0,0.0,5,5,5,0.0
b50783f1-4546-4d46-ace5-f0f7c1ceae77,0.8,0.0,0.0,5,5,5,1.0
b50783f1-4546-4d46-ace5-f0f7c1ceae77,0.75,1.0,0.0,5,5,5,0.0
b50783f1-4546-4d46-ace5-f0f7c1ceae77,0.7,1.0,0.0,5,5,5,0.0
b55d699c-6ab9-4ecb-b641-c0b039bb461c,0.95,1.0,0.0,5,5,5,0.0
b55d699c-6ab9-4ecb-b641-c0b039bb461c,0.9,1.0,0.0,5,5,5,0.0
b55d699c-6ab9-4ecb-b641-c0b039bb461c,0.85,1.0,0.0,5,5,5,0.0
b55d699c-6ab9-4ecb-b641-c0b039bb461c,0.8,1.0,0.0,5,5,5,0.0
b55d699c-6ab9-4ecb-b641-c0b039bb461c,0.75,1.0,0.0,5,5,5,0.0
b55d699c-6ab9-4ecb-b641-c0b039bb461c,0.7,0.0,0.0,5,5,5,1.0
b561c994-2403-40e7-a6d6-7810edc5081c,0.95,1.0,0.0,5,5,5,0.0
b561c994-2403-40e7-a6d6-7810edc5081c,0.9,1.0,0.0,5,5,5,0.0
b561c994-2403-40e7-a6d6-7810edc5081c,0.85,1.0,0.0,5,5,5,0.0
b561c994-2403-40e7-a6d6-7810edc5081c,0.8,1.0,0.0,5,5,5,0.0
b561c994-2403-40e7-a6d6-7810edc5081c,0.75,1.0,0.0,5,5,5,0.0
b561c994-2403-40e7-a6d6-7810edc5081c,0.7,1.0,0.0,5,5,5,0.0
b57617e7-9a6e-4314-9940-802a44b02427,0.95,0.0,0.0,5,5,5,1.0
b57617e7-9a6e-4314-9940-802a44b02427,0.9,0.0,0.0,5,5,5,1.0
b57617e7-9a6e-4314-9940-802a44b02427,0.85,0.0,0.0,5,5,5,1.0
b57617e7-9a6e-4314-9940-802a44b02427,0.8,0.0,0.0,5,5,5,1.0
b57617e7-9a6e-4314-9940-802a44b02427,0.75,0.0,0.0,5,5,5,1.0
b57617e7-9a6e-4314-9940-802a44b02427,0.7,1.0,0.0,5,5,5,0.0
b5b9910d-b276-4870-ad45-4de27fc21675,0.95,0.0,0.0,5,5,5,1.0
b5b9910d-b276-4870-ad45-4de27fc21675,0.9,0.0,0.0,5,5,5,1.0
b5b9910d-b276-4870-ad45-4de27fc21675,0.85,0.0,0.0,5,5,5,1.0
b5b9910d-b276-4870-ad45-4de27fc21675,0.8,0.0,0.0,5,5,5,1.0
b5b9910d-b276-4870-ad45-4de27fc21675,0.75,0.0,0.0,5,5,5,1.0
b5b9910d-b276-4870-ad45-4de27fc21675,0.7,0.0,0.0,5,5,5,1.0
b658584c-6b77-4564-b427-268bf5a0edee,0.95,1.0,0.0,5,5,5,0.0
b658584c-6b77-4564-b427-268bf5a0edee,0.9,1.0,0.0,5,5,5,0.0
b658584c-6b77-4564-b427-268bf5a0edee,0.85,1.0,0.0,5,5,5,0.0
b658584c-6b77-4564-b427-268bf5a0edee,0.8,1.0,0.0,5,5,5,0.0
b658584c-6b77-4564-b427-268bf5a0edee,0.75,1.0,0.0,5,5,5,0.0
b658584c-6b77-4564-b427-268bf5a0edee,0.7,1.0,0.0,5,5,5,0.0
b66f6192-cc9b-42fc-876a-4cf8cfd4d551,0.95,1.0,0.0,5,5,5,0.0
b66f6192-cc9b-42fc-876a-4cf8cfd4d551,0.9,1.0,0.0,5,5,5,0.0
b66f6192-cc9b-42fc-876a-4cf8cfd4d551,0.85,1.0,0.0,5,5,5,0.0
b66f6192-cc9b-42fc-876a-4cf8cfd4d551,0.8,1.0,0.0,5,5,5,0.0
b66f6192-cc9b-42fc-876a-4cf8cfd4d551,0.75,1.0,0.0,5,5,5,0.0
b66f6192-cc9b-42fc-876a-4cf8cfd4d551,0.7,1.0,0.0,5,5,5,0.0
b7e3c166-915b-47ff-b015-4f66711001b0,0.95,1.0,0.0,5,5,5,0.0
b7e3c166-915b-47ff-b015-4f66711001b0,0.9,1.0,0.0,5,5,5,0.0
b7e3c166-915b-47ff-b015-4f66711001b0,0.85,1.0,0.0,5,5,5,0.0
b7e3c166-915b-47ff-b015-4f66711001b0,0.8,1.0,0.0,5,5,5,0.0
b7e3c166-915b-47ff-b015-4f66711001b0,0.75,1.0,0.0,5,5,5,0.0
b7e3c166-915b-47ff-b015-4f66711001b0,0.7,1.0,0.0,5,5,5,0.0
b8059430-82d7-4f4d-80b1-e4afc0d47e30,0.95,1.0,0.0,6,6,6,0.0
b8059430-82d7-4f4d-80b1-e4afc0d47e30,0.9,1.0,0.0,6,6,6,0.0
b8059430-82d7-4f4d-80b1-e4afc0d47e30,0.85,1.0,0.0,6,6,6,0.0
b8059430-82d7-4f4d-80b1-e4afc0d47e30,0.8,1.0,0.0,6,6,6,0.0
b8059430-82d7-4f4d-80b1-e4afc0d47e30,0.75,1.0,0.0,6,6,6,0.0
b8059430-82d7-4f4d-80b1-e4afc0d47e30,0.7,1.0,0.0,6,6,6,0.0
b8192f7c-1bb0-4aaf-9c0f-0ac04db5fe81,0.95,1.0,0.0,5,5,5,0.0
b8192f7c-1bb0-4aaf-9c0f-0ac04db5fe81,0.9,1.0,0.0,5,5,5,0.0
b8192f7c-1bb0-4aaf-9c0f-0ac04db5fe81,0.85,1.0,0.0,5,5,5,0.0
b8192f7c-1bb0-4aaf-9c0f-0ac04db5fe81,0.8,1.0,0.0,5,5,5,0.0
b8192f7c-1bb0-4aaf-9c0f-0ac04db5fe81,0.75,1.0,0.0,5,5,5,0.0
b8192f7c-1bb0-4aaf-9c0f-0ac04db5fe81,0.7,1.0,0.0,5,5,5,0.0
b8381cff-2244-4d24-b6c4-8739e8880049,0.95,1.0,0.0,8,8,8,0.0
b8381cff-2244-4d24-b6c4-8739e8880049,0.9,1.0,0.0,8,8,8,0.0
b8381cff-2244-4d24-b6c4-8739e8880049,0.85,1.0,0.0,8,8,8,0.0
b8381cff-2244-4d24-b6c4-8739e8880049,0.8,1.0,0.0,8,8,8,0.0
b8381cff-2244-4d24-b6c4-8739e8880049,0.75,1.0,0.0,8,8,8,0.0
b8381cff-2244-4d24-b6c4-8739e8880049,0.7,1.0,0.0,8,8,8,0.0
b8b3ea15-8d47-4edf-95ef-5d827d79f4a3,0.95,1.0,0.0,5,5,5,0.0
b8b3ea15-8d47-4edf-95ef-5d827d79f4a3,0.9,1.0,0.0,5,5,5,0.0
b8b3ea15-8d47-4edf-95ef-5d827d79f4a3,0.85,1.0,0.0,5,5,5,0.0
b8b3ea15-8d47-4edf-95ef-5d827d79f4a3,0.8,1.0,0.0,5,5,5,0.0
b8b3ea15-8d47-4edf-95ef-5d827d79f4a3,0.75,1.0,0.0,5,5,5,0.0
b8b3ea15-8d47-4edf-95ef-5d827d79f4a3,0.7,1.0,0.0,5,5,5,0.0
b97ce8bc-c1d4-4209-8b8b-41eb4ab8208a,0.95,0.0,0.0,5,5,5,1.0
b97ce8bc-c1d4-4209-8b8b-41eb4ab8208a,0.9,0.0,0.0,5,5,5,1.0
b97ce8bc-c1d4-4209-8b8b-41eb4ab8208a,0.85,0.0,0.0,5,5,5,1.0
b97ce8bc-c1d4-4209-8b8b-41eb4ab8208a,0.8,1.0,0.0,5,5,5,0.0
b97ce8bc-c1d4-4209-8b8b-41eb4ab8208a,0.75,0.0,0.0,5,5,5,1.0
b97ce8bc-c1d4-4209-8b8b-41eb4ab8208a,0.7,0.0,0.0,5,5,5,1.0
b9993521-3ef6-46f2-8f17-c9d0929ee7c3,0.95,0.0,0.0,5,5,5,1.0
b9993521-3ef6-46f2-8f17-c9d0929ee7c3,0.9,0.0,0.0,5,5,5,1.0
b9993521-3ef6-46f2-8f17-c9d0929ee7c3,0.85,0.0,0.0,5,5,5,1.0
b9993521-3ef6-46f2-8f17-c9d0929ee7c3,0.8,0.0,0.0,5,5,5,1.0
b9993521-3ef6-46f2-8f17-c9d0929ee7c3,0.75,0.0,0.0,5,5,5,1.0
b9993521-3ef6-46f2-8f17-c9d0929ee7c3,0.7,0.0,0.0,5,5,5,1.0
b9b50ae8-1c27-4f8c-8957-f4185fe1335c,0.95,1.0,0.0,5,5,5,0.0
b9b50ae8-1c27-4f8c-8957-f4185fe1335c,0.9,1.0,0.0,5,5,5,0.0
b9b50ae8-1c27-4f8c-8957-f4185fe1335c,0.85,1.0,0.0,5,5,5,0.0
b9b50ae8-1c27-4f8c-8957-f4185fe1335c,0.8,1.0,0.0,5,5,5,0.0
b9b50ae8-1c27-4f8c-8957-f4185fe1335c,0.75,1.0,0.0,5,5,5,0.0
b9b50ae8-1c27-4f8c-8957-f4185fe1335c,0.7,1.0,0.0,5,5,5,0.0
ba3508a7-804c-4c7f-8347-16d52ed86cca,0.95,1.0,0.0,9,9,9,0.0
ba3508a7-804c-4c7f-8347-16d52ed86cca,0.9,1.0,0.0,9,9,9,0.0
ba3508a7-804c-4c7f-8347-16d52ed86cca,0.85,1.0,0.0,9,9,9,0.0
ba3508a7-804c-4c7f-8347-16d52ed86cca,0.8,1.0,0.0,9,9,9,0.0
ba3508a7-804c-4c7f-8347-16d52ed86cca,0.75,1.0,0.0,9,9,9,0.0
ba3508a7-804c-4c7f-8347-16d52ed86cca,0.7,1.0,0.0,9,9,9,0.0
ba990cfa-7bfa-4d01-a170-40ad1d6ad088,0.95,0.0,0.0,5,5,5,1.0
ba990cfa-7bfa-4d01-a170-40ad1d6ad088,0.9,0.0,0.0,5,5,5,1.0
ba990cfa-7bfa-4d01-a170-40ad1d6ad088,0.85,0.0,0.0,5,5,5,1.0
ba990cfa-7bfa-4d01-a170-40ad1d6ad088,0.8,0.0,0.0,5,5,5,1.0
ba990cfa-7bfa-4d01-a170-40ad1d6ad088,0.75,0.0,0.0,5,5,5,1.0
ba990cfa-7bfa-4d01-a170-40ad1d6ad088,0.7,1.0,0.0,5,5,5,0.0
baf2cb40-4713-4179-bc9d-f27e39261109,0.95,1.0,0.0,5,5,5,0.0
baf2cb40-4713-4179-bc9d-f27e39261109,0.9,1.0,0.0,5,5,5,0.0
baf2cb40-4713-4179-bc9d-f27e39261109,0.85,1.0,0.0,5,5,5,0.0
baf2cb40-4713-4179-bc9d-f27e39261109,0.8,1.0,0.0,5,5,5,0.0
baf2cb40-4713-4179-bc9d-f27e39261109,0.75,1.0,0.0,5,5,5,0.0
baf2cb40-4713-4179-bc9d-f27e39261109,0.7,1.0,0.0,5,5,5,0.0
bb7b7c2c-d738-4042-a94b-bfea4e502b45,0.95,1.0,0.0,5,5,5,0.0
bb7b7c2c-d738-4042-a94b-bfea4e502b45,0.9,1.0,0.0,5,5,5,0.0
bb7b7c2c-d738-4042-a94b-bfea4e502b45,0.85,1.0,0.0,5,5,5,0.0
bb7b7c2c-d738-4042-a94b-bfea4e502b45,0.8,1.0,0.0,5,5,5,0.0
bb7b7c2c-d738-4042-a94b-bfea4e502b45,0.75,1.0,0.0,5,5,5,0.0
bb7b7c2c-d738-4042-a94b-bfea4e502b45,0.7,1.0,0.0,5,5,5,0.0
bb902801-304b-4bba-bb09-cc4db04d21ca,0.95,1.0,0.0,5,5,5,0.0
bb902801-304b-4bba-bb09-cc4db04d21ca,0.9,1.0,0.0,5,5,5,0.0
bb902801-304b-4bba-bb09-cc4db04d21ca,0.85,1.0,0.0,5,5,5,0.0
bb902801-304b-4bba-bb09-cc4db04d21ca,0.8,1.0,0.0,5,5,5,0.0
bb902801-304b-4bba-bb09-cc4db04d21ca,0.75,1.0,0.0,5,5,5,0.0
bb902801-304b-4bba-bb09-cc4db04d21ca,0.7,1.0,0.0,5,5,5,0.0
bbfe55f2-0c52-4ffc-b459-41d81a9bef6e,0.95,0.0,0.0,5,5,5,1.0
bbfe55f2-0c52-4ffc-b459-41d81a9bef6e,0.9,0.0,0.0,5,5,5,1.0
bbfe55f2-0c52-4ffc-b459-41d81a9bef6e,0.85,1.0,0.0,5,5,5,0.0
bbfe55f2-0c52-4ffc-b459-41d81a9bef6e,0.8,0.0,0.0,5,5,5,1.0
bbfe55f2-0c52-4ffc-b459-41d81a9bef6e,0.75,1.0,0.0,5,5,5,0.0
bbfe55f2-0c52-4ffc-b459-41d81a9bef6e,0.7,1.0,0.0,5,5,5,0.0
bcf6f58a-5341-4065-99db-70c230addf9a,0.95,1.0,0.0,5,5,5,0.0
bcf6f58a-5341-4065-99db-70c230addf9a,0.9,0.0,0.0,5,5,5,1.0
bcf6f58a-5341-4065-99db-70c230addf9a,0.85,0.0,0.0,5,5,5,1.0
bcf6f58a-5341-4065-99db-70c230addf9a,0.8,0.0,0.0,5,5,5,1.0
bcf6f58a-5341-4065-99db-70c230addf9a,0.75,0.0,0.0,5,5,5,1.0
bcf6f58a-5341-4065-99db-70c230addf9a,0.7,0.0,0.0,5,5,5,1.0
bd356273-0670-4b2c-a9c9-ddb57831e0b9,0.95,1.0,0.0,5,5,5,0.0
bd356273-0670-4b2c-a9c9-ddb57831e0b9,0.9,1.0,0.0,5,5,5,0.0
bd356273-0670-4b2c-a9c9-ddb57831e0b9,0.85,1.0,0.0,5,5,5,0.0
bd356273-0670-4b2c-a9c9-ddb57831e0b9,0.8,1.0,0.0,5,5,5,0.0
bd356273-0670-4b2c-a9c9-ddb57831e0b9,0.75,1.0,0.0,5,5,5,0.0
bd356273-0670-4b2c-a9c9-ddb57831e0b9,0.7,1.0,0.0,5,5,5,0.0
bd5a0c1b-247b-4e42-800c-b495db6607e9,0.95,1.0,0.0,5,5,5,0.0
bd5a0c1b-247b-4e42-800c-b495db6607e9,0.9,1.0,0.0,5,5,5,0.0
bd5a0c1b-247b-4e42-800c-b495db6607e9,0.85,1.0,0.0,5,5,5,0.0
bd5a0c1b-247b-4e42-800c-b495db6607e9,0.8,1.0,0.0,5,5,5,0.0
bd5a0c1b-247b-4e42-800c-b495db6607e9,0.75,1.0,0.0,5,5,5,0.0
bd5a0c1b-247b-4e42-800c-b495db6607e9,0.7,1.0,0.0,5,5,5,0.0
be64e694-1e8f-47c5-823f-575f0f441209,0.95,0.0,0.0,5,5,5,1.0
be64e694-1e8f-47c5-823f-575f0f441209,0.9,0.0,0.0,5,5,5,1.0
be64e694-1e8f-47c5-823f-575f0f441209,0.85,0.0,0.0,5,5,5,1.0
be64e694-1e8f-47c5-823f-575f0f441209,0.8,1.0,0.0,5,5,5,0.0
be64e694-1e8f-47c5-823f-575f0f441209,0.75,1.0,0.0,5,5,5,0.0
be64e694-1e8f-47c5-823f-575f0f441209,0.7,1.0,0.0,5,5,5,0.0
be67b631-bd6e-491d-ae46-4136b05b0908,0.95,0.0,0.0,5,5,5,1.0
be67b631-bd6e-491d-ae46-4136b05b0908,0.9,0.0,0.0,5,5,5,1.0
be67b631-bd6e-491d-ae46-4136b05b0908,0.85,1.0,0.0,5,5,5,0.0
be67b631-bd6e-491d-ae46-4136b05b0908,0.8,1.0,0.0,5,5,5,0.0
be67b631-bd6e-491d-ae46-4136b05b0908,0.75,0.0,0.0,5,5,5,1.0
be67b631-bd6e-491d-ae46-4136b05b0908,0.7,1.0,0.0,5,5,5,0.0
be6b4672-cd30-4b62-a42c-f9a9bfc4f38b,0.95,0.0,0.0,5,5,5,1.0
be6b4672-cd30-4b62-a42c-f9a9bfc4f38b,0.9,0.0,0.0,5,5,5,1.0
be6b4672-cd30-4b62-a42c-f9a9bfc4f38b,0.85,1.0,0.0,5,5,5,0.0
be6b4672-cd30-4b62-a42c-f9a9bfc4f38b,0.8,1.0,0.0,5,5,5,0.0
be6b4672-cd30-4b62-a42c-f9a9bfc4f38b,0.75,1.0,0.0,5,5,5,0.0
be6b4672-cd30-4b62-a42c-f9a9bfc4f38b,0.7,0.0,0.0,5,5,5,1.0
bed63621-b67f-445c-a5b7-68bac059730b,0.95,0.0,0.0,5,5,5,1.0
bed63621-b67f-445c-a5b7-68bac059730b,0.9,1.0,0.0,5,5,5,0.0
bed63621-b67f-445c-a5b7-68bac059730b,0.85,1.0,0.0,5,5,5,0.0
bed63621-b67f-445c-a5b7-68bac059730b,0.8,1.0,0.0,5,5,5,0.0
bed63621-b67f-445c-a5b7-68bac059730b,0.75,1.0,0.0,5,5,5,0.0
bed63621-b67f-445c-a5b7-68bac059730b,0.7,1.0,0.0,5,5,5,0.0
bf0fadcc-8ee2-4341-8cf4-682cb73e66ec,0.95,1.0,0.0,5,5,5,0.0
bf0fadcc-8ee2-4341-8cf4-682cb73e66ec,0.9,1.0,0.0,5,5,5,0.0
bf0fadcc-8ee2-4341-8cf4-682cb73e66ec,0.85,1.0,0.0,5,5,5,0.0
bf0fadcc-8ee2-4341-8cf4-682cb73e66ec,0.8,1.0,0.0,5,5,5,0.0
bf0fadcc-8ee2-4341-8cf4-682cb73e66ec,0.75,1.0,0.0,5,5,5,0.0
bf0fadcc-8ee2-4341-8cf4-682cb73e66ec,0.7,1.0,0.0,5,5,5,0.0
bf5904cc-defa-434e-98a5-b7fe9f2d0487,0.95,1.0,0.0,6,6,6,0.0
bf5904cc-defa-434e-98a5-b7fe9f2d0487,0.9,1.0,0.0,6,6,6,0.0
bf5904cc-defa-434e-98a5-b7fe9f2d0487,0.85,1.0,0.0,6,6,6,0.0
bf5904cc-defa-434e-98a5-b7fe9f2d0487,0.8,1.0,0.0,6,6,6,0.0
bf5904cc-defa-434e-98a5-b7fe9f2d0487,0.75,1.0,0.0,6,6,6,0.0
bf5904cc-defa-434e-98a5-b7fe9f2d0487,0.7,1.0,0.0,6,6,6,0.0
bfbcdd35-5bf4-4fcb-ae88-003c64150fe0,0.95,1.0,0.0,7,7,7,0.0
bfbcdd35-5bf4-4fcb-ae88-003c64150fe0,0.9,1.0,0.0,7,7,7,0.0
bfbcdd35-5bf4-4fcb-ae88-003c64150fe0,0.85,1.0,0.0,7,7,7,0.0
bfbcdd35-5bf4-4fcb-ae88-003c64150fe0,0.8,1.0,0.0,7,7,7,0.0
bfbcdd35-5bf4-4fcb-ae88-003c64150fe0,0.75,1.0,0.0,7,7,7,0.0
bfbcdd35-5bf4-4fcb-ae88-003c64150fe0,0.7,1.0,0.0,7,7,7,0.0
c03393c5-581a-4680-8795-cbb812edb3fa,0.95,1.0,0.0,5,5,5,0.0
c03393c5-581a-4680-8795-cbb812edb3fa,0.9,1.0,0.0,5,5,5,0.0
c03393c5-581a-4680-8795-cbb812edb3fa,0.85,1.0,0.0,5,5,5,0.0
c03393c5-581a-4680-8795-cbb812edb3fa,0.8,1.0,0.0,5,5,5,0.0
c03393c5-581a-4680-8795-cbb812edb3fa,0.75,1.0,0.0,5,5,5,0.0
c03393c5-581a-4680-8795-cbb812edb3fa,0.7,1.0,0.0,5,5,5,0.0
c064752d-c7ce-42f3-9c4f-e04300b0b0aa,0.95,0.0,0.0,5,5,5,1.0
c064752d-c7ce-42f3-9c4f-e04300b0b0aa,0.9,0.0,0.0,5,5,5,1.0
c064752d-c7ce-42f3-9c4f-e04300b0b0aa,0.85,0.0,0.0,5,5,5,1.0
c064752d-c7ce-42f3-9c4f-e04300b0b0aa,0.8,1.0,0.0,5,5,5,0.0
c064752d-c7ce-42f3-9c4f-e04300b0b0aa,0.75,0.0,0.0,5,5,5,1.0
c064752d-c7ce-42f3-9c4f-e04300b0b0aa,0.7,1.0,0.0,5,5,5,0.0
c1d966d2-ddab-4304-b3a6-c2bc31dcbd9c,0.95,1.0,0.0,5,5,5,0.0
c1d966d2-ddab-4304-b3a6-c2bc31dcbd9c,0.9,1.0,0.0,5,5,5,0.0
c1d966d2-ddab-4304-b3a6-c2bc31dcbd9c,0.85,1.0,0.0,5,5,5,0.0
c1d966d2-ddab-4304-b3a6-c2bc31dcbd9c,0.8,1.0,0.0,5,5,5,0.0
c1d966d2-ddab-4304-b3a6-c2bc31dcbd9c,0.75,1.0,0.0,5,5,5,0.0
c1d966d2-ddab-4304-b3a6-c2bc31dcbd9c,0.7,1.0,0.0,5,5,5,0.0
c21c119a-59c6-4b8b-9f8c-2de189b31194,0.95,1.0,0.0,5,5,5,0.0
c21c119a-59c6-4b8b-9f8c-2de189b31194,0.9,1.0,0.0,5,5,5,0.0
c21c119a-59c6-4b8b-9f8c-2de189b31194,0.85,1.0,0.0,5,5,5,0.0
c21c119a-59c6-4b8b-9f8c-2de189b31194,0.8,1.0,0.0,5,5,5,0.0
c21c119a-59c6-4b8b-9f8c-2de189b31194,0.75,1.0,0.0,5,5,5,0.0
c21c119a-59c6-4b8b-9f8c-2de189b31194,0.7,1.0,0.0,5,5,5,0.0
c28ddf18-7135-4bc5-b3fa-819e44c18a11,0.95,1.0,0.0,5,5,5,0.0
c28ddf18-7135-4bc5-b3fa-819e44c18a11,0.9,1.0,0.0,5,5,5,0.0
c28ddf18-7135-4bc5-b3fa-819e44c18a11,0.85,1.0,0.0,5,5,5,0.0
c28ddf18-7135-4bc5-b3fa-819e44c18a11,0.8,1.0,0.0,5,5,5,0.0
c28ddf18-7135-4bc5-b3fa-819e44c18a11,0.75,1.0,0.0,5,5,5,0.0
c28ddf18-7135-4bc5-b3fa-819e44c18a11,0.7,1.0,0.0,5,5,5,0.0
c31c88e9-930d-4fce-ad3f-b14138e8d788,0.95,0.0,0.0,5,5,5,1.0
c31c88e9-930d-4fce-ad3f-b14138e8d788,0.9,0.0,0.0,5,5,5,1.0
c31c88e9-930d-4fce-ad3f-b14138e8d788,0.85,1.0,0.0,5,5,5,0.0
c31c88e9-930d-4fce-ad3f-b14138e8d788,0.8,0.0,0.0,5,5,5,1.0
c31c88e9-930d-4fce-ad3f-b14138e8d788,0.75,1.0,0.0,5,5,5,0.0
c31c88e9-930d-4fce-ad3f-b14138e8d788,0.7,1.0,0.0,5,5,5,0.0
c3bcbb5a-40bf-4311-9f24-d01711f83188,0.95,1.0,0.0,5,5,5,0.0
c3bcbb5a-40bf-4311-9f24-d01711f83188,0.9,1.0,0.0,5,5,5,0.0
c3bcbb5a-40bf-4311-9f24-d01711f83188,0.85,1.0,0.0,5,5,5,0.0
c3bcbb5a-40bf-4311-9f24-d01711f83188,0.8,1.0,0.0,5,5,5,0.0
c3bcbb5a-40bf-4311-9f24-d01711f83188,0.75,0.0,0.0,5,5,5,1.0
c3bcbb5a-40bf-4311-9f24-d01711f83188,0.7,0.0,0.0,5,5,5,1.0
c450fa57-abef-4ddc-8d68-58c069703bfd,0.95,1.0,0.0,5,5,5,0.0
c450fa57-abef-4ddc-8d68-58c069703bfd,0.9,1.0,0.0,5,5,5,0.0
c450fa57-abef-4ddc-8d68-58c069703bfd,0.85,1.0,0.0,5,5,5,0.0
c450fa57-abef-4ddc-8d68-58c069703bfd,0.8,1.0,0.0,5,5,5,0.0
c450fa57-abef-4ddc-8d68-58c069703bfd,0.75,1.0,0.0,5,5,5,0.0
c450fa57-abef-4ddc-8d68-58c069703bfd,0.7,1.0,0.0,5,5,5,0.0
c466674c-c396-43a0-833e-71facece3878,0.95,0.0,0.0,5,5,5,1.0
c466674c-c396-43a0-833e-71facece3878,0.9,0.0,0.0,5,5,5,1.0
c466674c-c396-43a0-833e-71facece3878,0.85,0.0,0.0,5,5,5,1.0
c466674c-c396-43a0-833e-71facece3878,0.8,1.0,0.0,5,5,5,0.0
c466674c-c396-43a0-833e-71facece3878,0.75,0.0,0.0,5,5,5,1.0
c466674c-c396-43a0-833e-71facece3878,0.7,1.0,0.0,5,5,5,0.0
c4be8121-8850-41e8-bb1c-30ab23f76576,0.95,1.0,0.0,5,5,5,0.0
c4be8121-8850-41e8-bb1c-30ab23f76576,0.9,1.0,0.0,5,5,5,0.0
c4be8121-8850-41e8-bb1c-30ab23f76576,0.85,1.0,0.0,5,5,5,0.0
c4be8121-8850-41e8-bb1c-30ab23f76576,0.8,1.0,0.0,5,5,5,0.0
c4be8121-8850-41e8-bb1c-30ab23f76576,0.75,1.0,0.0,5,5,5,0.0
c4be8121-8850-41e8-bb1c-30ab23f76576,0.7,1.0,0.0,5,5,5,0.0
c4de2c88-7353-4d96-a09a-d63d056e322b,0.95,1.0,0.0,5,5,5,0.0
c4de2c88-7353-4d96-a09a-d63d056e322b,0.9,1.0,0.0,5,5,5,0.0
c4de2c88-7353-4d96-a09a-d63d056e322b,0.85,1.0,0.0,5,5,5,0.0
c4de2c88-7353-4d96-a09a-d63d056e322b,0.8,1.0,0.0,5,5,5,0.0
c4de2c88-7353-4d96-a09a-d63d056e322b,0.75,1.0,0.0,5,5,5,0.0
c4de2c88-7353-4d96-a09a-d63d056e322b,0.7,1.0,0.0,5,5,5,0.0
c4f0c1c8-92fd-4f95-9981-85120f93a791,0.95,0.0,0.0,5,5,5,1.0
c4f0c1c8-92fd-4f95-9981-85120f93a791,0.9,0.0,0.0,5,5,5,1.0
c4f0c1c8-92fd-4f95-9981-85120f93a791,0.85,0.0,0.0,5,5,5,1.0
c4f0c1c8-92fd-4f95-9981-85120f93a791,0.8,0.0,0.0,5,5,5,1.0
c4f0c1c8-92fd-4f95-9981-85120f93a791,0.75,0.0,0.0,5,5,5,1.0
c4f0c1c8-92fd-4f95-9981-85120f93a791,0.7,0.0,0.0,5,5,5,1.0
c54ff80b-b0fa-4bd4-8f5a-3ce0f3781931,0.95,1.0,0.0,5,5,5,0.0
c54ff80b-b0fa-4bd4-8f5a-3ce0f3781931,0.9,1.0,0.0,5,5,5,0.0
c54ff80b-b0fa-4bd4-8f5a-3ce0f3781931,0.85,1.0,0.0,5,5,5,0.0
c54ff80b-b0fa-4bd4-8f5a-3ce0f3781931,0.8,1.0,0.0,5,5,5,0.0
c54ff80b-b0fa-4bd4-8f5a-3ce0f3781931,0.75,1.0,0.0,5,5,5,0.0
c54ff80b-b0fa-4bd4-8f5a-3ce0f3781931,0.7,1.0,0.0,5,5,5,0.0
c6110988-e7b6-40d6-9653-8c43f7f3e4c2,0.95,0.0,0.0,9,9,9,1.0
c6110988-e7b6-40d6-9653-8c43f7f3e4c2,0.9,0.0,0.0,9,9,9,1.0
c6110988-e7b6-40d6-9653-8c43f7f3e4c2,0.85,0.0,0.0,9,9,9,1.0
c6110988-e7b6-40d6-9653-8c43f7f3e4c2,0.8,0.0,0.0,9,9,9,1.0
c6110988-e7b6-40d6-9653-8c43f7f3e4c2,0.75,0.0,0.0,9,9,9,1.0
c6110988-e7b6-40d6-9653-8c43f7f3e4c2,0.7,1.0,0.0,9,9,9,0.0
c61160d1-cb6f-4cff-a8e8-96f7b4ce8e56,0.95,0.0,0.0,5,5,5,1.0
c61160d1-cb6f-4cff-a8e8-96f7b4ce8e56,0.9,0.0,0.0,5,5,5,1.0
c61160d1-cb6f-4cff-a8e8-96f7b4ce8e56,0.85,0.0,0.0,5,5,5,1.0
c61160d1-cb6f-4cff-a8e8-96f7b4ce8e56,0.8,0.0,0.0,5,5,5,1.0
c61160d1-cb6f-4cff-a8e8-96f7b4ce8e56,0.75,0.0,0.0,5,5,5,1.0
c61160d1-cb6f-4cff-a8e8-96f7b4ce8e56,0.7,0.0,0.0,5,5,5,1.0
c6669028-d3b8-499f-81e4-9a757fbd8b1a,0.95,1.0,0.0,5,5,5,0.0
c6669028-d3b8-499f-81e4-9a757fbd8b1a,0.9,1.0,0.0,5,5,5,0.0
c6669028-d3b8-499f-81e4-9a757fbd8b1a,0.85,1.0,0.0,5,5,5,0.0
c6669028-d3b8-499f-81e4-9a757fbd8b1a,0.8,1.0,0.0,5,5,5,0.0
c6669028-d3b8-499f-81e4-9a757fbd8b1a,0.75,1.0,0.0,5,5,5,0.0
c6669028-d3b8-499f-81e4-9a757fbd8b1a,0.7,1.0,0.0,5,5,5,0.0
c73a897f-db73-4207-a70d-4ed727e5032e,0.95,1.0,0.0,5,5,5,0.0
c73a897f-db73-4207-a70d-4ed727e5032e,0.9,1.0,0.0,5,5,5,0.0
c73a897f-db73-4207-a70d-4ed727e5032e,0.85,1.0,0.0,5,5,5,0.0
c73a897f-db73-4207-a70d-4ed727e5032e,0.8,1.0,0.0,5,5,5,0.0
c73a897f-db73-4207-a70d-4ed727e5032e,0.75,0.0,0.0,5,5,5,1.0
c73a897f-db73-4207-a70d-4ed727e5032e,0.7,0.0,0.0,5,5,5,1.0
c7f622cd-2fc7-4fd8-a90d-54dc3fada8e9,0.95,1.0,0.0,5,5,5,0.0
c7f622cd-2fc7-4fd8-a90d-54dc3fada8e9,0.9,1.0,0.0,5,5,5,0.0
c7f622cd-2fc7-4fd8-a90d-54dc3fada8e9,0.85,1.0,0.0,5,5,5,0.0
c7f622cd-2fc7-4fd8-a90d-54dc3fada8e9,0.8,1.0,0.0,5,5,5,0.0
c7f622cd-2fc7-4fd8-a90d-54dc3fada8e9,0.75,0.0,0.0,5,5,5,1.0
c7f622cd-2fc7-4fd8-a90d-54dc3fada8e9,0.7,1.0,0.0,5,5,5,0.0
c9c98303-5cd1-413b-be97-891ffc064c11,0.95,0.0,0.0,5,5,5,1.0
c9c98303-5cd1-413b-be97-891ffc064c11,0.9,0.0,0.0,5,5,5,1.0
c9c98303-5cd1-413b-be97-891ffc064c11,0.85,0.0,0.0,5,5,5,1.0
c9c98303-5cd1-413b-be97-891ffc064c11,0.8,0.0,0.0,5,5,5,1.0
c9c98303-5cd1-413b-be97-891ffc064c11,0.75,0.0,0.0,5,5,5,1.0
c9c98303-5cd1-413b-be97-891ffc064c11,0.7,0.0,0.0,5,5,5,1.0
ca189a4e-41f0-4d9b-8e37-c595bbe8dc4e,0.95,1.0,0.0,5,5,5,0.0
ca189a4e-41f0-4d9b-8e37-c595bbe8dc4e,0.9,1.0,0.0,5,5,5,0.0
ca189a4e-41f0-4d9b-8e37-c595bbe8dc4e,0.85,1.0,0.0,5,5,5,0.0
ca189a4e-41f0-4d9b-8e37-c595bbe8dc4e,0.8,1.0,0.0,5,5,5,0.0
ca189a4e-41f0-4d9b-8e37-c595bbe8dc4e,0.75,1.0,0.0,5,5,5,0.0
ca189a4e-41f0-4d9b-8e37-c595bbe8dc4e,0.7,1.0,0.0,5,5,5,0.0
cab58cb5-c2d7-4a70-9078-267ccd1ca044,0.95,0.0,0.0,11,11,11,1.0
cab58cb5-c2d7-4a70-9078-267ccd1ca044,0.9,0.0,0.0,11,11,11,1.0
cab58cb5-c2d7-4a70-9078-267ccd1ca044,0.85,0.0,0.0,11,11,11,1.0
cab58cb5-c2d7-4a70-9078-267ccd1ca044,0.8,0.0,0.0,11,11,11,1.0
cab58cb5-c2d7-4a70-9078-267ccd1ca044,0.75,0.0,0.0,11,11,11,1.0
cab58cb5-c2d7-4a70-9078-267ccd1ca044,0.7,0.0,0.09090909090909091,11,11,11,1.0909090909090908
cb1f3e8d-ffcf-4fb4-9bfc-eff371c51eb7,0.95,0.0,0.0,5,5,5,1.0
cb1f3e8d-ffcf-4fb4-9bfc-eff371c51eb7,0.9,0.0,0.0,5,5,5,1.0
cb1f3e8d-ffcf-4fb4-9bfc-eff371c51eb7,0.85,0.0,0.0,5,5,5,1.0
cb1f3e8d-ffcf-4fb4-9bfc-eff371c51eb7,0.8,0.0,0.0,5,5,5,1.0
cb1f3e8d-ffcf-4fb4-9bfc-eff371c51eb7,0.75,0.0,0.0,5,5,5,1.0
cb1f3e8d-ffcf-4fb4-9bfc-eff371c51eb7,0.7,1.0,0.0,5,5,5,0.0
cb9cc90f-03a4-437c-bc14-f12e2a6cab8a,0.95,0.0,0.0,5,5,5,1.0
cb9cc90f-03a4-437c-bc14-f12e2a6cab8a,0.9,0.0,0.0,5,5,5,1.0
cb9cc90f-03a4-437c-bc14-f12e2a6cab8a,0.85,0.0,0.0,5,5,5,1.0
cb9cc90f-03a4-437c-bc14-f12e2a6cab8a,0.8,1.0,0.0,5,5,5,0.0
cb9cc90f-03a4-437c-bc14-f12e2a6cab8a,0.75,1.0,0.0,5,5,5,0.0
cb9cc90f-03a4-437c-bc14-f12e2a6cab8a,0.7,1.0,0.0,5,5,5,0.0
cbcf9fd1-5c77-45c7-a883-55d4e2b854e3,0.95,1.0,0.0,5,5,5,0.0
cbcf9fd1-5c77-45c7-a883-55d4e2b854e3,0.9,1.0,0.0,5,5,5,0.0
cbcf9fd1-5c77-45c7-a883-55d4e2b854e3,0.85,1.0,0.0,5,5,5,0.0
cbcf9fd1-5c77-45c7-a883-55d4e2b854e3,0.8,1.0,0.0,5,5,5,0.0
cbcf9fd1-5c77-45c7-a883-55d4e2b854e3,0.75,1.0,0.0,5,5,5,0.0
cbcf9fd1-5c77-45c7-a883-55d4e2b854e3,0.7,1.0,0.0,5,5,5,0.0
cc767900-fdc5-437b-92af-a314b1cdac16,0.95,1.0,0.0,5,5,5,0.0
cc767900-fdc5-437b-92af-a314b1cdac16,0.9,1.0,0.0,5,5,5,0.0
cc767900-fdc5-437b-92af-a314b1cdac16,0.85,1.0,0.0,5,5,5,0.0
cc767900-fdc5-437b-92af-a314b1cdac16,0.8,0.0,0.0,5,5,5,1.0
cc767900-fdc5-437b-92af-a314b1cdac16,0.75,1.0,0.0,5,5,5,0.0
cc767900-fdc5-437b-92af-a314b1cdac16,0.7,1.0,0.0,5,5,5,0.0
cde59cd8-417d-409c-8d3f-9de5811c6214,0.95,0.0,0.0,5,5,5,1.0
cde59cd8-417d-409c-8d3f-9de5811c6214,0.9,0.0,0.0,5,5,5,1.0
cde59cd8-417d-409c-8d3f-9de5811c6214,0.85,0.0,0.0,5,5,5,1.0
cde59cd8-417d-409c-8d3f-9de5811c6214,0.8,0.0,0.0,5,5,5,1.0
cde59cd8-417d-409c-8d3f-9de5811c6214,0.75,0.0,0.0,5,5,5,1.0
cde59cd8-417d-409c-8d3f-9de5811c6214,0.7,0.0,0.0,5,5,5,1.0
ce29d779-18c9-44ac-ae84-d991e89066ff,0.95,1.0,0.0,5,5,5,0.0
ce29d779-18c9-44ac-ae84-d991e89066ff,0.9,1.0,0.0,5,5,5,0.0
ce29d779-18c9-44ac-ae84-d991e89066ff,0.85,1.0,0.0,5,5,5,0.0
ce29d779-18c9-44ac-ae84-d991e89066ff,0.8,1.0,0.0,5,5,5,0.0
ce29d779-18c9-44ac-ae84-d991e89066ff,0.75,1.0,0.0,5,5,5,0.0
ce29d779-18c9-44ac-ae84-d991e89066ff,0.7,1.0,0.0,5,5,5,0.0
cebaeedf-1246-4b32-8e56-2102cc809681,0.95,1.0,0.0,5,5,5,0.0
cebaeedf-1246-4b32-8e56-2102cc809681,0.9,1.0,0.0,5,5,5,0.0
cebaeedf-1246-4b32-8e56-2102cc809681,0.85,1.0,0.0,5,5,5,0.0
cebaeedf-1246-4b32-8e56-2102cc809681,0.8,1.0,0.0,5,5,5,0.0
cebaeedf-1246-4b32-8e56-2102cc809681,0.75,1.0,0.0,5,5,5,0.0
cebaeedf-1246-4b32-8e56-2102cc809681,0.7,1.0,0.0,5,5,5,0.0
cf14f3d2-529e-4de7-ba3f-00007c4afe8b,0.95,1.0,0.0,5,5,5,0.0
cf14f3d2-529e-4de7-ba3f-00007c4afe8b,0.9,1.0,0.0,5,5,5,0.0
cf14f3d2-529e-4de7-ba3f-00007c4afe8b,0.85,1.0,0.0,5,5,5,0.0
cf14f3d2-529e-4de7-ba3f-00007c4afe8b,0.8,1.0,0.0,5,5,5,0.0
cf14f3d2-529e-4de7-ba3f-00007c4afe8b,0.75,1.0,0.0,5,5,5,0.0
cf14f3d2-529e-4de7-ba3f-00007c4afe8b,0.7,1.0,0.0,5,5,5,0.0
cf2b6dd8-2d46-42eb-8f9f-7a8c9ec04081,0.95,1.0,0.0,5,5,5,0.0
cf2b6dd8-2d46-42eb-8f9f-7a8c9ec04081,0.9,1.0,0.0,5,5,5,0.0
cf2b6dd8-2d46-42eb-8f9f-7a8c9ec04081,0.85,1.0,0.0,5,5,5,0.0
cf2b6dd8-2d46-42eb-8f9f-7a8c9ec04081,0.8,1.0,0.0,5,5,5,0.0
cf2b6dd8-2d46-42eb-8f9f-7a8c9ec04081,0.75,1.0,0.0,5,5,5,0.0
cf2b6dd8-2d46-42eb-8f9f-7a8c9ec04081,0.7,1.0,0.0,5,5,5,0.0
cf81593c-dc8e-4b4a-9525-db5cda7da2d3,0.95,1.0,0.0,5,5,5,0.0
cf81593c-dc8e-4b4a-9525-db5cda7da2d3,0.9,1.0,0.0,5,5,5,0.0
cf81593c-dc8e-4b4a-9525-db5cda7da2d3,0.85,1.0,0.0,5,5,5,0.0
cf81593c-dc8e-4b4a-9525-db5cda7da2d3,0.8,1.0,0.0,5,5,5,0.0
cf81593c-dc8e-4b4a-9525-db5cda7da2d3,0.75,1.0,0.0,5,5,5,0.0
cf81593c-dc8e-4b4a-9525-db5cda7da2d3,0.7,1.0,0.0,5,5,5,0.0
d04925f2-a352-4717-a63b-e53552465976,0.95,1.0,0.0,5,5,5,0.0
d04925f2-a352-4717-a63b-e53552465976,0.9,1.0,0.0,5,5,5,0.0
d04925f2-a352-4717-a63b-e53552465976,0.85,1.0,0.0,5,5,5,0.0
d04925f2-a352-4717-a63b-e53552465976,0.8,1.0,0.0,5,5,5,0.0
d04925f2-a352-4717-a63b-e53552465976,0.75,1.0,0.0,5,5,5,0.0
d04925f2-a352-4717-a63b-e53552465976,0.7,1.0,0.0,5,5,5,0.0
d068f214-a5d1-444c-9921-51a2878f9c7c,0.95,1.0,0.0,6,6,6,0.0
d068f214-a5d1-444c-9921-51a2878f9c7c,0.9,1.0,0.0,6,6,6,0.0
d068f214-a5d1-444c-9921-51a2878f9c7c,0.85,1.0,0.0,6,6,6,0.0
d068f214-a5d1-444c-9921-51a2878f9c7c,0.8,1.0,0.0,6,6,6,0.0
d068f214-a5d1-444c-9921-51a2878f9c7c,0.75,1.0,0.0,6,6,6,0.0
d068f214-a5d1-444c-9921-51a2878f9c7c,0.7,1.0,0.0,6,6,6,0.0
d1967d80-4d4b-46a4-a4e4-218367ecfd10,0.95,1.0,0.0,5,5,5,0.0
d1967d80-4d4b-46a4-a4e4-218367ecfd10,0.9,1.0,0.0,5,5,5,0.0
d1967d80-4d4b-46a4-a4e4-218367ecfd10,0.85,1.0,0.0,5,5,5,0.0
d1967d80-4d4b-46a4-a4e4-218367ecfd10,0.8,0.0,0.0,5,5,5,1.0
d1967d80-4d4b-46a4-a4e4-218367ecfd10,0.75,1.0,0.0,5,5,5,0.0
d1967d80-4d4b-46a4-a4e4-218367ecfd10,0.7,0.0,0.0,5,5,5,1.0
d1a27986-4f77-4c90-abe5-51260ca81a8c,0.95,0.0,0.0,5,5,5,1.0
d1a27986-4f77-4c90-abe5-51260ca81a8c,0.9,0.0,0.0,5,5,5,1.0
d1a27986-4f77-4c90-abe5-51260ca81a8c,0.85,0.0,0.0,5,5,5,1.0
d1a27986-4f77-4c90-abe5-51260ca81a8c,0.8,0.0,0.0,5,5,5,1.0
d1a27986-4f77-4c90-abe5-51260ca81a8c,0.75,0.0,0.0,5,5,5,1.0
d1a27986-4f77-4c90-abe5-51260ca81a8c,0.7,1.0,0.0,5,5,5,0.0
d2210325-2c97-4355-9cc3-baaaa6c63693,0.95,1.0,0.0,5,5,5,0.0
d2210325-2c97-4355-9cc3-baaaa6c63693,0.9,1.0,0.0,5,5,5,0.0
d2210325-2c97-4355-9cc3-baaaa6c63693,0.85,1.0,0.0,5,5,5,0.0
d2210325-2c97-4355-9cc3-baaaa6c63693,0.8,1.0,0.0,5,5,5,0.0
d2210325-2c97-4355-9cc3-baaaa6c63693,0.75,1.0,0.0,5,5,5,0.0
d2210325-2c97-4355-9cc3-baaaa6c63693,0.7,1.0,0.0,5,5,5,0.0
d400b6b3-3ec9-4f74-a306-336888616b49,0.95,1.0,0.0,5,5,5,0.0
d400b6b3-3ec9-4f74-a306-336888616b49,0.9,1.0,0.0,5,5,5,0.0
d400b6b3-3ec9-4f74-a306-336888616b49,0.85,1.0,0.0,5,5,5,0.0
d400b6b3-3ec9-4f74-a306-336888616b49,0.8,0.0,0.0,5,5,5,1.0
d400b6b3-3ec9-4f74-a306-336888616b49,0.75,1.0,0.0,5,5,5,0.0
d400b6b3-3ec9-4f74-a306-336888616b49,0.7,1.0,0.0,5,5,5,0.0
d4eefb18-a44b-4fba-9c2a-b93d4aac1e99,0.95,1.0,0.0,5,5,5,0.0
d4eefb18-a44b-4fba-9c2a-b93d4aac1e99,0.9,1.0,0.0,5,5,5,0.0
d4eefb18-a44b-4fba-9c2a-b93d4aac1e99,0.85,1.0,0.0,5,5,5,0.0
d4eefb18-a44b-4fba-9c2a-b93d4aac1e99,0.8,1.0,0.0,5,5,5,0.0
d4eefb18-a44b-4fba-9c2a-b93d4aac1e99,0.75,1.0,0.0,5,5,5,0.0
d4eefb18-a44b-4fba-9c2a-b93d4aac1e99,0.7,1.0,0.0,5,5,5,0.0
d53c2840-2c2c-4e8d-8f50-18896bf6e2f6,0.95,0.0,0.0,5,5,5,1.0
d53c2840-2c2c-4e8d-8f50-18896bf6e2f6,0.9,0.0,0.0,5,5,5,1.0
d53c2840-2c2c-4e8d-8f50-18896bf6e2f6,0.85,0.0,0.0,5,5,5,1.0
d53c2840-2c2c-4e8d-8f50-18896bf6e2f6,0.8,0.0,0.0,5,5,5,1.0
d53c2840-2c2c-4e8d-8f50-18896bf6e2f6,0.75,0.0,0.0,5,5,5,1.0
d53c2840-2c2c-4e8d-8f50-18896bf6e2f6,0.7,1.0,0.0,5,5,5,0.0
d5b20993-37f6-4f89-8c23-0b3bf0797f73,0.95,1.0,0.0,5,5,5,0.0
d5b20993-37f6-4f89-8c23-0b3bf0797f73,0.9,1.0,0.0,5,5,5,0.0
d5b20993-37f6-4f89-8c23-0b3bf0797f73,0.85,1.0,0.0,5,5,5,0.0
d5b20993-37f6-4f89-8c23-0b3bf0797f73,0.8,1.0,0.0,5,5,5,0.0
d5b20993-37f6-4f89-8c23-0b3bf0797f73,0.75,1.0,0.0,5,5,5,0.0
d5b20993-37f6-4f89-8c23-0b3bf0797f73,0.7,0.0,0.0,5,5,5,1.0
d674fbff-0c3e-4460-ba18-daf17f6f1029,0.95,0.0,0.0,5,5,5,1.0
d674fbff-0c3e-4460-ba18-daf17f6f1029,0.9,0.0,0.0,5,5,5,1.0
d674fbff-0c3e-4460-ba18-daf17f6f1029,0.85,0.0,0.0,5,5,5,1.0
d674fbff-0c3e-4460-ba18-daf17f6f1029,0.8,0.0,0.0,5,5,5,1.0
d674fbff-0c3e-4460-ba18-daf17f6f1029,0.75,0.0,0.0,5,5,5,1.0
d674fbff-0c3e-4460-ba18-daf17f6f1029,0.7,0.0,0.0,5,5,5,1.0
d746468c-594d-4a3e-8115-4d8ea8d0ae9a,0.95,1.0,0.0,5,5,5,0.0
d746468c-594d-4a3e-8115-4d8ea8d0ae9a,0.9,1.0,0.0,5,5,5,0.0
d746468c-594d-4a3e-8115-4d8ea8d0ae9a,0.85,1.0,0.0,5,5,5,0.0
d746468c-594d-4a3e-8115-4d8ea8d0ae9a,0.8,1.0,0.0,5,5,5,0.0
d746468c-594d-4a3e-8115-4d8ea8d0ae9a,0.75,1.0,0.0,5,5,5,0.0
d746468c-594d-4a3e-8115-4d8ea8d0ae9a,0.7,1.0,0.0,5,5,5,0.0
d8810ab1-5570-461f-96b4-fc9ec26dbfea,0.95,1.0,0.0,5,5,5,0.0
d8810ab1-5570-461f-96b4-fc9ec26dbfea,0.9,1.0,0.0,5,5,5,0.0
d8810ab1-5570-461f-96b4-fc9ec26dbfea,0.85,1.0,0.0,5,5,5,0.0
d8810ab1-5570-461f-96b4-fc9ec26dbfea,0.8,0.0,0.0,5,5,5,1.0
d8810ab1-5570-461f-96b4-fc9ec26dbfea,0.75,1.0,0.0,5,5,5,0.0
d8810ab1-5570-461f-96b4-fc9ec26dbfea,0.7,1.0,0.0,5,5,5,0.0
d8d51fca-2f42-4ee3-812a-deb54c927b4d,0.95,0.0,0.0,5,5,5,1.0
d8d51fca-2f42-4ee3-812a-deb54c927b4d,0.9,0.0,0.0,5,5,5,1.0
d8d51fca-2f42-4ee3-812a-deb54c927b4d,0.85,0.0,0.0,5,5,5,1.0
d8d51fca-2f42-4ee3-812a-deb54c927b4d,0.8,1.0,0.0,5,5,5,0.0
d8d51fca-2f42-4ee3-812a-deb54c927b4d,0.75,1.0,0.0,5,5,5,0.0
d8d51fca-2f42-4ee3-812a-deb54c927b4d,0.7,1.0,0.0,5,5,5,0.0
d97f1062-788b-4a63-806a-81ae01415181,0.95,0.0,0.0,5,5,5,1.0
d97f1062-788b-4a63-806a-81ae01415181,0.9,0.0,0.0,5,5,5,1.0
d97f1062-788b-4a63-806a-81ae01415181,0.85,0.0,0.0,5,5,5,1.0
d97f1062-788b-4a63-806a-81ae01415181,0.8,0.0,0.0,5,5,5,1.0
d97f1062-788b-4a63-806a-81ae01415181,0.75,1.0,0.0,5,5,5,0.0
d97f1062-788b-4a63-806a-81ae01415181,0.7,1.0,0.0,5,5,5,0.0
d9890bb6-9a97-408d-9721-6ab011d83be8,0.95,1.0,0.0,5,5,5,0.0
d9890bb6-9a97-408d-9721-6ab011d83be8,0.9,1.0,0.0,5,5,5,0.0
d9890bb6-9a97-408d-9721-6ab011d83be8,0.85,1.0,0.0,5,5,5,0.0
d9890bb6-9a97-408d-9721-6ab011d83be8,0.8,1.0,0.0,5,5,5,0.0
d9890bb6-9a97-408d-9721-6ab011d83be8,0.75,0.0,0.0,5,5,5,1.0
d9890bb6-9a97-408d-9721-6ab011d83be8,0.7,1.0,0.0,5,5,5,0.0
d9b712f4-404b-476b-838e-c1665057d435,0.95,1.0,0.0,5,5,5,0.0
d9b712f4-404b-476b-838e-c1665057d435,0.9,1.0,0.0,5,5,5,0.0
d9b712f4-404b-476b-838e-c1665057d435,0.85,1.0,0.0,5,5,5,0.0
d9b712f4-404b-476b-838e-c1665057d435,0.8,1.0,0.0,5,5,5,0.0
d9b712f4-404b-476b-838e-c1665057d435,0.75,1.0,0.0,5,5,5,0.0
d9b712f4-404b-476b-838e-c1665057d435,0.7,1.0,0.0,5,5,5,0.0
da52d53e-cb2e-4fbd-8567-ff26b0dcea3e,0.95,0.0,0.0,5,5,5,1.0
da52d53e-cb2e-4fbd-8567-ff26b0dcea3e,0.9,0.0,0.0,5,5,5,1.0
da52d53e-cb2e-4fbd-8567-ff26b0dcea3e,0.85,0.0,0.0,5,5,5,1.0
da52d53e-cb2e-4fbd-8567-ff26b0dcea3e,0.8,0.0,0.0,5,5,5,1.0
da52d53e-cb2e-4fbd-8567-ff26b0dcea3e,0.75,0.0,0.0,5,5,5,1.0
da52d53e-cb2e-4fbd-8567-ff26b0dcea3e,0.7,0.0,0.0,5,5,5,1.0
da6a31ba-d376-4bbc-bdcf-a54ba1be7fd7,0.95,1.0,0.0,5,5,5,0.0
da6a31ba-d376-4bbc-bdcf-a54ba1be7fd7,0.9,1.0,0.0,5,5,5,0.0
da6a31ba-d376-4bbc-bdcf-a54ba1be7fd7,0.85,1.0,0.0,5,5,5,0.0
da6a31ba-d376-4bbc-bdcf-a54ba1be7fd7,0.8,1.0,0.0,5,5,5,0.0
da6a31ba-d376-4bbc-bdcf-a54ba1be7fd7,0.75,1.0,0.0,5,5,5,0.0
da6a31ba-d376-4bbc-bdcf-a54ba1be7fd7,0.7,1.0,0.0,5,5,5,0.0
db0080e4-3be3-4841-b7aa-f282b26d0e33,0.95,1.0,0.0,5,5,5,0.0
db0080e4-3be3-4841-b7aa-f282b26d0e33,0.9,1.0,0.0,5,5,5,0.0
db0080e4-3be3-4841-b7aa-f282b26d0e33,0.85,1.0,0.0,5,5,5,0.0
db0080e4-3be3-4841-b7aa-f282b26d0e33,0.8,1.0,0.0,5,5,5,0.0
db0080e4-3be3-4841-b7aa-f282b26d0e33,0.75,1.0,0.0,5,5,5,0.0
db0080e4-3be3-4841-b7aa-f282b26d0e33,0.7,1.0,0.0,5,5,5,0.0
db4e643d-dea8-45ec-854e-20761b078df9,0.95,0.0,0.0,5,5,5,1.0
db4e643d-dea8-45ec-854e-20761b078df9,0.9,0.0,0.0,5,5,5,1.0
db4e643d-dea8-45ec-854e-20761b078df9,0.85,0.0,0.0,5,5,5,1.0
db4e643d-dea8-45ec-854e-20761b078df9,0.8,1.0,0.0,5,5,5,0.0
db4e643d-dea8-45ec-854e-20761b078df9,0.75,1.0,0.0,5,5,5,0.0
db4e643d-dea8-45ec-854e-20761b078df9,0.7,1.0,0.0,5,5,5,0.0
db885e55-cd23-493d-b29e-8289febdaee7,0.95,1.0,0.0,5,5,5,0.0
db885e55-cd23-493d-b29e-8289febdaee7,0.9,1.0,0.0,5,5,5,0.0
db885e55-cd23-493d-b29e-8289febdaee7,0.85,1.0,0.0,5,5,5,0.0
db885e55-cd23-493d-b29e-8289febdaee7,0.8,1.0,0.0,5,5,5,0.0
db885e55-cd23-493d-b29e-8289febdaee7,0.75,1.0,0.0,5,5,5,0.0
db885e55-cd23-493d-b29e-8289febdaee7,0.7,1.0,0.0,5,5,5,0.0
db9fae96-e05b-4280-bc13-bd47f4c43b27,0.95,0.0,0.0,5,5,5,1.0
db9fae96-e05b-4280-bc13-bd47f4c43b27,0.9,0.0,0.0,5,5,5,1.0
db9fae96-e05b-4280-bc13-bd47f4c43b27,0.85,0.0,0.0,5,5,5,1.0
db9fae96-e05b-4280-bc13-bd47f4c43b27,0.8,0.0,0.0,5,5,5,1.0
db9fae96-e05b-4280-bc13-bd47f4c43b27,0.75,0.0,0.0,5,5,5,1.0
db9fae96-e05b-4280-bc13-bd47f4c43b27,0.7,1.0,0.0,5,5,5,0.0
dbcb9d29-f6de-42ce-98eb-be6b6ab1b180,0.95,0.0,0.0,9,9,9,1.0
dbcb9d29-f6de-42ce-98eb-be6b6ab1b180,0.9,0.0,0.0,9,9,9,1.0
dbcb9d29-f6de-42ce-98eb-be6b6ab1b180,0.85,0.0,0.0,9,9,9,1.0
dbcb9d29-f6de-42ce-98eb-be6b6ab1b180,0.8,0.0,0.0,9,9,9,1.0
dbcb9d29-f6de-42ce-98eb-be6b6ab1b180,0.75,0.0,0.0,9,9,9,1.0
dbcb9d29-f6de-42ce-98eb-be6b6ab1b180,0.7,0.0,0.2222222222222222,9,9,9,1.2222222222222223
dc27646b-6d7c-4cd7-8676-6c44df62197c,0.95,0.0,0.0,5,5,5,1.0
dc27646b-6d7c-4cd7-8676-6c44df62197c,0.9,0.0,0.0,5,5,5,1.0
dc27646b-6d7c-4cd7-8676-6c44df62197c,0.85,0.0,0.0,5,5,5,1.0
dc27646b-6d7c-4cd7-8676-6c44df62197c,0.8,0.0,0.0,5,5,5,1.0
dc27646b-6d7c-4cd7-8676-6c44df62197c,0.75,0.0,0.0,5,5,5,1.0
dc27646b-6d7c-4cd7-8676-6c44df62197c,0.7,0.0,0.0,5,5,5,1.0
dc7c4519-8e87-471b-974f-83f30cb53718,0.95,0.0,0.0,5,5,5,1.0
dc7c4519-8e87-471b-974f-83f30cb53718,0.9,1.0,0.0,5,5,5,0.0
dc7c4519-8e87-471b-974f-83f30cb53718,0.85,1.0,0.0,5,5,5,0.0
dc7c4519-8e87-471b-974f-83f30cb53718,0.8,1.0,0.0,5,5,5,0.0
dc7c4519-8e87-471b-974f-83f30cb53718,0.75,1.0,0.0,5,5,5,0.0
dc7c4519-8e87-471b-974f-83f30cb53718,0.7,1.0,0.0,5,5,5,0.0
dcc0fbfe-bc71-47bf-893f-2408ddee21c4,0.95,1.0,0.0,5,5,5,0.0
dcc0fbfe-bc71-47bf-893f-2408ddee21c4,0.9,1.0,0.0,5,5,5,0.0
dcc0fbfe-bc71-47bf-893f-2408ddee21c4,0.85,1.0,0.0,5,5,5,0.0
dcc0fbfe-bc71-47bf-893f-2408ddee21c4,0.8,1.0,0.0,5,5,5,0.0
dcc0fbfe-bc71-47bf-893f-2408ddee21c4,0.75,1.0,0.0,5,5,5,0.0
dcc0fbfe-bc71-47bf-893f-2408ddee21c4,0.7,1.0,0.0,5,5,5,0.0
de162d74-a62a-4d53-9846-c5379f62b242,0.95,0.0,0.0,5,5,5,1.0
de162d74-a62a-4d53-9846-c5379f62b242,0.9,0.0,0.0,5,5,5,1.0
de162d74-a62a-4d53-9846-c5379f62b242,0.85,1.0,0.0,5,5,5,0.0
de162d74-a62a-4d53-9846-c5379f62b242,0.8,0.0,0.0,5,5,5,1.0
de162d74-a62a-4d53-9846-c5379f62b242,0.75,0.0,0.0,5,5,5,1.0
de162d74-a62a-4d53-9846-c5379f62b242,0.7,0.0,0.0,5,5,5,1.0
de80efab-9f8b-483e-a85e-93a70123458e,0.95,1.0,0.0,5,5,5,0.0
de80efab-9f8b-483e-a85e-93a70123458e,0.9,1.0,0.0,5,5,5,0.0
de80efab-9f8b-483e-a85e-93a70123458e,0.85,1.0,0.0,5,5,5,0.0
de80efab-9f8b-483e-a85e-93a70123458e,0.8,1.0,0.0,5,5,5,0.0
de80efab-9f8b-483e-a85e-93a70123458e,0.75,1.0,0.0,5,5,5,0.0
de80efab-9f8b-483e-a85e-93a70123458e,0.7,1.0,0.0,5,5,5,0.0
df1082e8-f242-4212-b831-06de41c1318c,0.95,0.0,0.0,5,5,5,1.0
df1082e8-f242-4212-b831-06de41c1318c,0.9,0.0,0.0,5,5,5,1.0
df1082e8-f242-4212-b831-06de41c1318c,0.85,0.0,0.0,5,5,5,1.0
df1082e8-f242-4212-b831-06de41c1318c,0.8,0.0,0.0,5,5,5,1.0
df1082e8-f242-4212-b831-06de41c1318c,0.75,0.0,0.0,5,5,5,1.0
df1082e8-f242-4212-b831-06de41c1318c,0.7,0.0,0.0,5,5,5,1.0
df202fbb-9a52-4f75-9d04-24834884ec3b,0.95,0.0,0.0,5,5,5,1.0
df202fbb-9a52-4f75-9d04-24834884ec3b,0.9,0.0,0.0,5,5,5,1.0
df202fbb-9a52-4f75-9d04-24834884ec3b,0.85,0.0,0.0,5,5,5,1.0
df202fbb-9a52-4f75-9d04-24834884ec3b,0.8,1.0,0.0,5,5,5,0.0
df202fbb-9a52-4f75-9d04-24834884ec3b,0.75,1.0,0.0,5,5,5,0.0
df202fbb-9a52-4f75-9d04-24834884ec3b,0.7,0.0,0.0,5,5,5,1.0
df2ec646-4120-41e0-b9c7-61ac78460a48,0.95,0.0,0.0,5,5,5,1.0
df2ec646-4120-41e0-b9c7-61ac78460a48,0.9,0.0,0.0,5,5,5,1.0
df2ec646-4120-41e0-b9c7-61ac78460a48,0.85,0.0,0.0,5,5,5,1.0
df2ec646-4120-41e0-b9c7-61ac78460a48,0.8,0.0,0.0,5,5,5,1.0
df2ec646-4120-41e0-b9c7-61ac78460a48,0.75,0.0,0.0,5,5,5,1.0
df2ec646-4120-41e0-b9c7-61ac78460a48,0.7,0.0,0.0,5,5,5,1.0
dfc7ae50-5612-419c-937c-e326d7090dc0,0.95,1.0,0.0,5,5,5,0.0
dfc7ae50-5612-419c-937c-e326d7090dc0,0.9,1.0,0.0,5,5,5,0.0
dfc7ae50-5612-419c-937c-e326d7090dc0,0.85,1.0,0.0,5,5,5,0.0
dfc7ae50-5612-419c-937c-e326d7090dc0,0.8,0.0,0.0,5,5,5,1.0
dfc7ae50-5612-419c-937c-e326d7090dc0,0.75,0.0,0.0,5,5,5,1.0
dfc7ae50-5612-419c-937c-e326d7090dc0,0.7,1.0,0.0,5,5,5,0.0
e01baa0d-e062-4c8d-b121-a47251ca5228,0.95,1.0,0.0,5,5,5,0.0
e01baa0d-e062-4c8d-b121-a47251ca5228,0.9,1.0,0.0,5,5,5,0.0
e01baa0d-e062-4c8d-b121-a47251ca5228,0.85,1.0,0.0,5,5,5,0.0
e01baa0d-e062-4c8d-b121-a47251ca5228,0.8,1.0,0.0,5,5,5,0.0
e01baa0d-e062-4c8d-b121-a47251ca5228,0.75,1.0,0.0,5,5,5,0.0
e01baa0d-e062-4c8d-b121-a47251ca5228,0.7,1.0,0.0,5,5,5,0.0
e0be045b-be6a-4570-9aee-b38479b43044,0.95,1.0,0.0,5,5,5,0.0
e0be045b-be6a-4570-9aee-b38479b43044,0.9,1.0,0.0,5,5,5,0.0
e0be045b-be6a-4570-9aee-b38479b43044,0.85,1.0,0.0,5,5,5,0.0
e0be045b-be6a-4570-9aee-b38479b43044,0.8,1.0,0.0,5,5,5,0.0
e0be045b-be6a-4570-9aee-b38479b43044,0.75,1.0,0.0,5,5,5,0.0
e0be045b-be6a-4570-9aee-b38479b43044,0.7,1.0,0.0,5,5,5,0.0
e0f73c07-80ba-47c6-987d-6862288db5b1,0.95,1.0,0.0,5,5,5,0.0
e0f73c07-80ba-47c6-987d-6862288db5b1,0.9,1.0,0.0,5,5,5,0.0
e0f73c07-80ba-47c6-987d-6862288db5b1,0.85,0.0,0.0,5,5,5,1.0
e0f73c07-80ba-47c6-987d-6862288db5b1,0.8,0.0,0.0,5,5,5,1.0
e0f73c07-80ba-47c6-987d-6862288db5b1,0.75,0.0,0.0,5,5,5,1.0
e0f73c07-80ba-47c6-987d-6862288db5b1,0.7,1.0,0.0,5,5,5,0.0
e15cc1a8-4027-4bce-b6b7-ad34d85a4c48,0.95,0.0,0.0,5,5,5,1.0
e15cc1a8-4027-4bce-b6b7-ad34d85a4c48,0.9,0.0,0.0,5,5,5,1.0
e15cc1a8-4027-4bce-b6b7-ad34d85a4c48,0.85,1.0,0.0,5,5,5,0.0
e15cc1a8-4027-4bce-b6b7-ad34d85a4c48,0.8,1.0,0.0,5,5,5,0.0
e15cc1a8-4027-4bce-b6b7-ad34d85a4c48,0.75,1.0,0.0,5,5,5,0.0
e15cc1a8-4027-4bce-b6b7-ad34d85a4c48,0.7,1.0,0.0,5,5,5,0.0
e1653f73-fd04-4783-b02b-30b5d5a15da8,0.95,1.0,0.0,5,5,5,0.0
e1653f73-fd04-4783-b02b-30b5d5a15da8,0.9,1.0,0.0,5,5,5,0.0
e1653f73-fd04-4783-b02b-30b5d5a15da8,0.85,1.0,0.0,5,5,5,0.0
e1653f73-fd04-4783-b02b-30b5d5a15da8,0.8,1.0,0.0,5,5,5,0.0
e1653f73-fd04-4783-b02b-30b5d5a15da8,0.75,1.0,0.0,5,5,5,0.0
e1653f73-fd04-4783-b02b-30b5d5a15da8,0.7,1.0,0.0,5,5,5,0.0
e23d5c87-5bb4-4db4-a3a0-eecc3ce51c42,0.95,1.0,0.0,5,5,5,0.0
e23d5c87-5bb4-4db4-a3a0-eecc3ce51c42,0.9,1.0,0.0,5,5,5,0.0
e23d5c87-5bb4-4db4-a3a0-eecc3ce51c42,0.85,1.0,0.0,5,5,5,0.0
e23d5c87-5bb4-4db4-a3a0-eecc3ce51c42,0.8,1.0,0.0,5,5,5,0.0
e23d5c87-5bb4-4db4-a3a0-eecc3ce51c42,0.75,1.0,0.0,5,5,5,0.0
e23d5c87-5bb4-4db4-a3a0-eecc3ce51c42,0.7,1.0,0.0,5,5,5,0.0
e258051a-9bf0-465e-b909-2fc3d577c7f9,0.95,0.0,0.0,5,5,5,1.0
e258051a-9bf0-465e-b909-2fc3d577c7f9,0.9,0.0,0.0,5,5,5,1.0
e258051a-9bf0-465e-b909-2fc3d577c7f9,0.85,0.0,0.0,5,5,5,1.0
e258051a-9bf0-465e-b909-2fc3d577c7f9,0.8,0.0,0.0,5,5,5,1.0
e258051a-9bf0-465e-b909-2fc3d577c7f9,0.75,1.0,0.0,5,5,5,0.0
e258051a-9bf0-465e-b909-2fc3d577c7f9,0.7,1.0,0.0,5,5,5,0.0
e402ca07-c4b6-4e5b-9f5f-f179d51e5970,0.95,0.0,0.0,5,5,5,1.0
e402ca07-c4b6-4e5b-9f5f-f179d51e5970,0.9,0.0,0.0,5,5,5,1.0
e402ca07-c4b6-4e5b-9f5f-f179d51e5970,0.85,0.0,0.0,5,5,5,1.0
e402ca07-c4b6-4e5b-9f5f-f179d51e5970,0.8,0.0,0.0,5,5,5,1.0
e402ca07-c4b6-4e5b-9f5f-f179d51e5970,0.75,0.0,0.0,5,5,5,1.0
e402ca07-c4b6-4e5b-9f5f-f179d51e5970,0.7,0.0,0.0,5,5,5,1.0
e4b5ac74-f584-4011-9ce7-0fda01d0bae7,0.95,1.0,0.0,5,5,5,0.0
e4b5ac74-f584-4011-9ce7-0fda01d0bae7,0.9,1.0,0.0,5,5,5,0.0
e4b5ac74-f584-4011-9ce7-0fda01d0bae7,0.85,1.0,0.0,5,5,5,0.0
e4b5ac74-f584-4011-9ce7-0fda01d0bae7,0.8,1.0,0.0,5,5,5,0.0
e4b5ac74-f584-4011-9ce7-0fda01d0bae7,0.75,1.0,0.0,5,5,5,0.0
e4b5ac74-f584-4011-9ce7-0fda01d0bae7,0.7,1.0,0.0,5,5,5,0.0
e6159e3d-69b4-463c-82af-83f9c71987ce,0.95,1.0,0.0,5,5,5,0.0
e6159e3d-69b4-463c-82af-83f9c71987ce,0.9,1.0,0.0,5,5,5,0.0
e6159e3d-69b4-463c-82af-83f9c71987ce,0.85,1.0,0.0,5,5,5,0.0
e6159e3d-69b4-463c-82af-83f9c71987ce,0.8,1.0,0.0,5,5,5,0.0
e6159e3d-69b4-463c-82af-83f9c71987ce,0.75,1.0,0.0,5,5,5,0.0
e6159e3d-69b4-463c-82af-83f9c71987ce,0.7,1.0,0.0,5,5,5,0.0
e68a9456-b32b-4188-a7fb-5a6c544876e8,0.95,1.0,0.0,5,5,5,0.0
e68a9456-b32b-4188-a7fb-5a6c544876e8,0.9,1.0,0.0,5,5,5,0.0
e68a9456-b32b-4188-a7fb-5a6c544876e8,0.85,1.0,0.0,5,5,5,0.0
e68a9456-b32b-4188-a7fb-5a6c544876e8,0.8,1.0,0.0,5,5,5,0.0
e68a9456-b32b-4188-a7fb-5a6c544876e8,0.75,1.0,0.0,5,5,5,0.0
e68a9456-b32b-4188-a7fb-5a6c544876e8,0.7,1.0,0.0,5,5,5,0.0
e6aeb32a-3572-4fef-b95a-c4ee0e2849cf,0.95,1.0,0.0,5,5,5,0.0
e6aeb32a-3572-4fef-b95a-c4ee0e2849cf,0.9,1.0,0.0,5,5,5,0.0
e6aeb32a-3572-4fef-b95a-c4ee0e2849cf,0.85,1.0,0.0,5,5,5,0.0
e6aeb32a-3572-4fef-b95a-c4ee0e2849cf,0.8,1.0,0.0,5,5,5,0.0
e6aeb32a-3572-4fef-b95a-c4ee0e2849cf,0.75,1.0,0.0,5,5,5,0.0
e6aeb32a-3572-4fef-b95a-c4ee0e2849cf,0.7,1.0,0.0,5,5,5,0.0
e6c2c7be-b040-4e14-94dc-61bf101d89b6,0.95,0.0,0.0,5,5,5,1.0
e6c2c7be-b040-4e14-94dc-61bf101d89b6,0.9,0.0,0.0,5,5,5,1.0
e6c2c7be-b040-4e14-94dc-61bf101d89b6,0.85,0.0,0.0,5,5,5,1.0
e6c2c7be-b040-4e14-94dc-61bf101d89b6,0.8,0.0,0.0,5,5,5,1.0
e6c2c7be-b040-4e14-94dc-61bf101d89b6,0.75,1.0,0.0,5,5,5,0.0
e6c2c7be-b040-4e14-94dc-61bf101d89b6,0.7,1.0,0.0,5,5,5,0.0
e7c228ff-e335-486b-97a0-92e560adc91d,0.95,1.0,0.0,5,5,5,0.0
e7c228ff-e335-486b-97a0-92e560adc91d,0.9,1.0,0.0,5,5,5,0.0
e7c228ff-e335-486b-97a0-92e560adc91d,0.85,1.0,0.0,5,5,5,0.0
e7c228ff-e335-486b-97a0-92e560adc91d,0.8,1.0,0.0,5,5,5,0.0
e7c228ff-e335-486b-97a0-92e560adc91d,0.75,1.0,0.0,5,5,5,0.0
e7c228ff-e335-486b-97a0-92e560adc91d,0.7,1.0,0.0,5,5,5,0.0
e7d068db-28d3-485a-b5f4-af4770b40496,0.95,1.0,0.0,5,5,5,0.0
e7d068db-28d3-485a-b5f4-af4770b40496,0.9,1.0,0.0,5,5,5,0.0
e7d068db-28d3-485a-b5f4-af4770b40496,0.85,1.0,0.0,5,5,5,0.0
e7d068db-28d3-485a-b5f4-af4770b40496,0.8,1.0,0.0,5,5,5,0.0
e7d068db-28d3-485a-b5f4-af4770b40496,0.75,0.0,0.0,5,5,5,1.0
e7d068db-28d3-485a-b5f4-af4770b40496,0.7,1.0,0.0,5,5,5,0.0
e89a85cf-caa5-48ae-9a4a-434c7738cc38,0.95,1.0,0.0,5,5,5,0.0
e89a85cf-caa5-48ae-9a4a-434c7738cc38,0.9,1.0,0.0,5,5,5,0.0
e89a85cf-caa5-48ae-9a4a-434c7738cc38,0.85,1.0,0.0,5,5,5,0.0
e89a85cf-caa5-48ae-9a4a-434c7738cc38,0.8,1.0,0.0,5,5,5,0.0
e89a85cf-caa5-48ae-9a4a-434c7738cc38,0.75,1.0,0.0,5,5,5,0.0
e89a85cf-caa5-48ae-9a4a-434c7738cc38,0.7,1.0,0.0,5,5,5,0.0
e8d3e779-7693-42c1-a1ca-e45de94e3595,0.95,0.0,0.0,5,5,5,1.0
e8d3e779-7693-42c1-a1ca-e45de94e3595,0.9,0.0,0.0,5,5,5,1.0
e8d3e779-7693-42c1-a1ca-e45de94e3595,0.85,0.0,0.0,5,5,5,1.0
e8d3e779-7693-42c1-a1ca-e45de94e3595,0.8,0.0,0.0,5,5,5,1.0
e8d3e779-7693-42c1-a1ca-e45de94e3595,0.75,0.0,0.0,5,5,5,1.0
e8d3e779-7693-42c1-a1ca-e45de94e3595,0.7,1.0,0.0,5,5,5,0.0
e91ed2b3-8fdc-4eef-8f46-2b4f14914738,0.95,1.0,0.0,5,5,5,0.0
e91ed2b3-8fdc-4eef-8f46-2b4f14914738,0.9,1.0,0.0,5,5,5,0.0
e91ed2b3-8fdc-4eef-8f46-2b4f14914738,0.85,1.0,0.0,5,5,5,0.0
e91ed2b3-8fdc-4eef-8f46-2b4f14914738,0.8,1.0,0.0,5,5,5,0.0
e91ed2b3-8fdc-4eef-8f46-2b4f14914738,0.75,1.0,0.0,5,5,5,0.0
e91ed2b3-8fdc-4eef-8f46-2b4f14914738,0.7,1.0,0.0,5,5,5,0.0
e95a813e-9199-4396-bc91-67193675cbd2,0.95,0.0,0.0,5,5,5,1.0
e95a813e-9199-4396-bc91-67193675cbd2,0.9,0.0,0.0,5,5,5,1.0
e95a813e-9199-4396-bc91-67193675cbd2,0.85,0.0,0.0,5,5,5,1.0
e95a813e-9199-4396-bc91-67193675cbd2,0.8,0.0,0.0,5,5,5,1.0
e95a813e-9199-4396-bc91-67193675cbd2,0.75,0.0,0.0,5,5,5,1.0
e95a813e-9199-4396-bc91-67193675cbd2,0.7,0.0,0.0,5,5,5,1.0
e9b1cfa5-a606-42e3-9124-2d4d30eaec6c,0.95,1.0,0.0,5,5,5,0.0
e9b1cfa5-a606-42e3-9124-2d4d30eaec6c,0.9,1.0,0.0,5,5,5,0.0
e9b1cfa5-a606-42e3-9124-2d4d30eaec6c,0.85,1.0,0.0,5,5,5,0.0
e9b1cfa5-a606-42e3-9124-2d4d30eaec6c,0.8,1.0,0.0,5,5,5,0.0
e9b1cfa5-a606-42e3-9124-2d4d30eaec6c,0.75,1.0,0.0,5,5,5,0.0
e9b1cfa5-a606-42e3-9124-2d4d30eaec6c,0.7,1.0,0.0,5,5,5,0.0
ea8164d6-d2fe-424e-8bf1-d233b3dccd92,0.95,1.0,0.0,5,5,5,0.0
ea8164d6-d2fe-424e-8bf1-d233b3dccd92,0.9,1.0,0.0,5,5,5,0.0
ea8164d6-d2fe-424e-8bf1-d233b3dccd92,0.85,1.0,0.0,5,5,5,0.0
ea8164d6-d2fe-424e-8bf1-d233b3dccd92,0.8,1.0,0.0,5,5,5,0.0
ea8164d6-d2fe-424e-8bf1-d233b3dccd92,0.75,0.0,0.0,5,5,5,1.0
ea8164d6-d2fe-424e-8bf1-d233b3dccd92,0.7,1.0,0.0,5,5,5,0.0
ebaeb143-4115-43bb-a3a7-5af8d9232310,0.95,1.0,0.0,5,5,5,0.0
ebaeb143-4115-43bb-a3a7-5af8d9232310,0.9,1.0,0.0,5,5,5,0.0
ebaeb143-4115-43bb-a3a7-5af8d9232310,0.85,1.0,0.0,5,5,5,0.0
ebaeb143-4115-43bb-a3a7-5af8d9232310,0.8,1.0,0.0,5,5,5,0.0
ebaeb143-4115-43bb-a3a7-5af8d9232310,0.75,1.0,0.0,5,5,5,0.0
ebaeb143-4115-43bb-a3a7-5af8d9232310,0.7,1.0,0.0,5,5,5,0.0
ebfef89c-d5c7-4632-a288-dc5f45667c01,0.95,1.0,0.0,5,5,5,0.0
ebfef89c-d5c7-4632-a288-dc5f45667c01,0.9,1.0,0.0,5,5,5,0.0
ebfef89c-d5c7-4632-a288-dc5f45667c01,0.85,1.0,0.0,5,5,5,0.0
ebfef89c-d5c7-4632-a288-dc5f45667c01,0.8,1.0,0.0,5,5,5,0.0
ebfef89c-d5c7-4632-a288-dc5f45667c01,0.75,1.0,0.0,5,5,5,0.0
ebfef89c-d5c7-4632-a288-dc5f45667c01,0.7,1.0,0.0,5,5,5,0.0
ec0a96be-9e39-41fa-9cc4-04e4427b78cb,0.95,1.0,0.0,5,5,5,0.0
ec0a96be-9e39-41fa-9cc4-04e4427b78cb,0.9,1.0,0.0,5,5,5,0.0
ec0a96be-9e39-41fa-9cc4-04e4427b78cb,0.85,1.0,0.0,5,5,5,0.0
ec0a96be-9e39-41fa-9cc4-04e4427b78cb,0.8,1.0,0.0,5,5,5,0.0
ec0a96be-9e39-41fa-9cc4-04e4427b78cb,0.75,1.0,0.0,5,5,5,0.0
ec0a96be-9e39-41fa-9cc4-04e4427b78cb,0.7,1.0,0.0,5,5,5,0.0
ec7b9899-36c4-43cf-b017-bbbe2b89c8c2,0.95,1.0,0.0,5,5,5,0.0
ec7b9899-36c4-43cf-b017-bbbe2b89c8c2,0.9,1.0,0.0,5,5,5,0.0
ec7b9899-36c4-43cf-b017-bbbe2b89c8c2,0.85,1.0,0.0,5,5,5,0.0
ec7b9899-36c4-43cf-b017-bbbe2b89c8c2,0.8,1.0,0.0,5,5,5,0.0
ec7b9899-36c4-43cf-b017-bbbe2b89c8c2,0.75,1.0,0.0,5,5,5,0.0
ec7b9899-36c4-43cf-b017-bbbe2b89c8c2,0.7,1.0,0.0,5,5,5,0.0
eca70eb1-12dd-43e0-bf8e-003ee9d5d590,0.95,0.0,0.0,5,5,5,1.0
eca70eb1-12dd-43e0-bf8e-003ee9d5d590,0.9,0.0,0.0,5,5,5,1.0
eca70eb1-12dd-43e0-bf8e-003ee9d5d590,0.85,0.0,0.0,5,5,5,1.0
eca70eb1-12dd-43e0-bf8e-003ee9d5d590,0.8,0.0,0.0,5,5,5,1.0
eca70eb1-12dd-43e0-bf8e-003ee9d5d590,0.75,1.0,0.0,5,5,5,0.0
eca70eb1-12dd-43e0-bf8e-003ee9d5d590,0.7,1.0,0.0,5,5,5,0.0
ecb34c25-aae9-4350-b3c2-db26579b3a62,0.95,1.0,0.0,8,8,8,0.0
ecb34c25-aae9-4350-b3c2-db26579b3a62,0.9,1.0,0.0,8,8,8,0.0
ecb34c25-aae9-4350-b3c2-db26579b3a62,0.85,1.0,0.0,8,8,8,0.0
ecb34c25-aae9-4350-b3c2-db26579b3a62,0.8,1.0,0.0,8,8,8,0.0
ecb34c25-aae9-4350-b3c2-db26579b3a62,0.75,0.0,0.0,8,8,8,1.0
ecb34c25-aae9-4350-b3c2-db26579b3a62,0.7,1.0,0.0,8,8,8,0.0
ecd035ba-74ab-489d-bc89-3930df37d344,0.95,1.0,0.0,5,5,5,0.0
ecd035ba-74ab-489d-bc89-3930df37d344,0.9,1.0,0.0,5,5,5,0.0
ecd035ba-74ab-489d-bc89-3930df37d344,0.85,1.0,0.0,5,5,5,0.0
ecd035ba-74ab-489d-bc89-3930df37d344,0.8,1.0,0.0,5,5,5,0.0
ecd035ba-74ab-489d-bc89-3930df37d344,0.75,1.0,0.0,5,5,5,0.0
ecd035ba-74ab-489d-bc89-3930df37d344,0.7,1.0,0.2,5,5,5,0.2
eda8b651-6d74-48bf-8938-0bac4193d308,0.95,1.0,0.0,5,5,5,0.0
eda8b651-6d74-48bf-8938-0bac4193d308,0.9,1.0,0.0,5,5,5,0.0
eda8b651-6d74-48bf-8938-0bac4193d308,0.85,1.0,0.0,5,5,5,0.0
eda8b651-6d74-48bf-8938-0bac4193d308,0.8,1.0,0.0,5,5,5,0.0
eda8b651-6d74-48bf-8938-0bac4193d308,0.75,0.0,0.0,5,5,5,1.0
eda8b651-6d74-48bf-8938-0bac4193d308,0.7,0.0,0.0,5,5,5,1.0
ede5b1e7-05d3-472f-a912-d4ab39f4ddad,0.95,0.0,0.0,5,5,5,1.0
ede5b1e7-05d3-472f-a912-d4ab39f4ddad,0.9,0.0,0.0,5,5,5,1.0
ede5b1e7-05d3-472f-a912-d4ab39f4ddad,0.85,0.0,0.0,5,5,5,1.0
ede5b1e7-05d3-472f-a912-d4ab39f4ddad,0.8,0.0,0.0,5,5,5,1.0
ede5b1e7-05d3-472f-a912-d4ab39f4ddad,0.75,1.0,0.0,5,5,5,0.0
ede5b1e7-05d3-472f-a912-d4ab39f4ddad,0.7,1.0,0.0,5,5,5,0.0
ee8de4d9-9f31-40db-a059-b095b3da6874,0.95,1.0,0.0,6,6,6,0.0
ee8de4d9-9f31-40db-a059-b095b3da6874,0.9,1.0,0.0,6,6,6,0.0
ee8de4d9-9f31-40db-a059-b095b3da6874,0.85,1.0,0.0,6,6,6,0.0
ee8de4d9-9f31-40db-a059-b095b3da6874,0.8,1.0,0.0,6,6,6,0.0
ee8de4d9-9f31-40db-a059-b095b3da6874,0.75,1.0,0.0,6,6,6,0.0
ee8de4d9-9f31-40db-a059-b095b3da6874,0.7,1.0,0.0,6,6,6,0.0
ef5611a9-f3cd-4b0b-8e27-0679583b5dec,0.95,1.0,0.0,5,5,5,0.0
ef5611a9-f3cd-4b0b-8e27-0679583b5dec,0.9,1.0,0.0,5,5,5,0.0
ef5611a9-f3cd-4b0b-8e27-0679583b5dec,0.85,1.0,0.0,5,5,5,0.0
ef5611a9-f3cd-4b0b-8e27-0679583b5dec,0.8,1.0,0.0,5,5,5,0.0
ef5611a9-f3cd-4b0b-8e27-0679583b5dec,0.75,1.0,0.0,5,5,5,0.0
ef5611a9-f3cd-4b0b-8e27-0679583b5dec,0.7,1.0,0.0,5,5,5,0.0
ef66ba50-38b5-47cc-aeda-14221928696b,0.95,0.0,0.0,5,5,5,1.0
ef66ba50-38b5-47cc-aeda-14221928696b,0.9,0.0,0.0,5,5,5,1.0
ef66ba50-38b5-47cc-aeda-14221928696b,0.85,0.0,0.0,5,5,5,1.0
ef66ba50-38b5-47cc-aeda-14221928696b,0.8,0.0,0.0,5,5,5,1.0
ef66ba50-38b5-47cc-aeda-14221928696b,0.75,1.0,0.0,5,5,5,0.0
ef66ba50-38b5-47cc-aeda-14221928696b,0.7,1.0,0.0,5,5,5,0.0
efd8c262-6cf4-42e9-ba00-f745bc19ad93,0.95,1.0,0.0,5,5,5,0.0
efd8c262-6cf4-42e9-ba00-f745bc19ad93,0.9,1.0,0.0,5,5,5,0.0
efd8c262-6cf4-42e9-ba00-f745bc19ad93,0.85,1.0,0.0,5,5,5,0.0
efd8c262-6cf4-42e9-ba00-f745bc19ad93,0.8,1.0,0.0,5,5,5,0.0
efd8c262-6cf4-42e9-ba00-f745bc19ad93,0.75,1.0,0.0,5,5,5,0.0
efd8c262-6cf4-42e9-ba00-f745bc19ad93,0.7,0.0,0.0,5,5,5,1.0
f12f1f2b-437d-4486-a69d-d6770efd710e,0.95,0.0,0.0,5,5,5,1.0
f12f1f2b-437d-4486-a69d-d6770efd710e,0.9,1.0,0.0,5,5,5,0.0
f12f1f2b-437d-4486-a69d-d6770efd710e,0.85,1.0,0.0,5,5,5,0.0
f12f1f2b-437d-4486-a69d-d6770efd710e,0.8,1.0,0.0,5,5,5,0.0
f12f1f2b-437d-4486-a69d-d6770efd710e,0.75,1.0,0.0,5,5,5,0.0
f12f1f2b-437d-4486-a69d-d6770efd710e,0.7,1.0,0.0,5,5,5,0.0
f1365093-ce15-4f81-a7a0-6f826593588c,0.95,0.0,0.0,5,5,5,1.0
f1365093-ce15-4f81-a7a0-6f826593588c,0.9,1.0,0.0,5,5,5,0.0
f1365093-ce15-4f81-a7a0-6f826593588c,0.85,1.0,0.0,5,5,5,0.0
f1365093-ce15-4f81-a7a0-6f826593588c,0.8,1.0,0.0,5,5,5,0.0
f1365093-ce15-4f81-a7a0-6f826593588c,0.75,1.0,0.0,5,5,5,0.0
f1365093-ce15-4f81-a7a0-6f826593588c,0.7,1.0,0.0,5,5,5,0.0
f13fd5e8-fe19-4701-a745-aa25c22aaf12,0.95,1.0,0.0,5,5,5,0.0
f13fd5e8-fe19-4701-a745-aa25c22aaf12,0.9,1.0,0.0,5,5,5,0.0
f13fd5e8-fe19-4701-a745-aa25c22aaf12,0.85,1.0,0.0,5,5,5,0.0
f13fd5e8-fe19-4701-a745-aa25c22aaf12,0.8,1.0,0.0,5,5,5,0.0
f13fd5e8-fe19-4701-a745-aa25c22aaf12,0.75,1.0,0.0,5,5,5,0.0
f13fd5e8-fe19-4701-a745-aa25c22aaf12,0.7,1.0,0.0,5,5,5,0.0
f1ebdd97-f39b-4bdb-805a-2dd0ffd98f6a,0.95,0.0,0.0,5,5,5,1.0
f1ebdd97-f39b-4bdb-805a-2dd0ffd98f6a,0.9,0.0,0.0,5,5,5,1.0
f1ebdd97-f39b-4bdb-805a-2dd0ffd98f6a,0.85,0.0,0.0,5,5,5,1.0
f1ebdd97-f39b-4bdb-805a-2dd0ffd98f6a,0.8,0.0,0.0,5,5,5,1.0
f1ebdd97-f39b-4bdb-805a-2dd0ffd98f6a,0.75,0.0,0.0,5,5,5,1.0
f1ebdd97-f39b-4bdb-805a-2dd0ffd98f6a,0.7,0.0,0.0,5,5,5,1.0
f1fa9f85-9d94-496b-aa92-23452f4d59b2,0.95,0.0,0.0,5,5,5,1.0
f1fa9f85-9d94-496b-aa92-23452f4d59b2,0.9,0.0,0.0,5,5,5,1.0
f1fa9f85-9d94-496b-aa92-23452f4d59b2,0.85,1.0,0.0,5,5,5,0.0
f1fa9f85-9d94-496b-aa92-23452f4d59b2,0.8,1.0,0.0,5,5,5,0.0
f1fa9f85-9d94-496b-aa92-23452f4d59b2,0.75,1.0,0.0,5,5,5,0.0
f1fa9f85-9d94-496b-aa92-23452f4d59b2,0.7,1.0,0.0,5,5,5,0.0
f319124e-8884-4715-89a8-7f028b907651,0.95,0.0,0.0,5,5,5,1.0
f319124e-8884-4715-89a8-7f028b907651,0.9,0.0,0.0,5,5,5,1.0
f319124e-8884-4715-89a8-7f028b907651,0.85,0.0,0.0,5,5,5,1.0
f319124e-8884-4715-89a8-7f028b907651,0.8,1.0,0.0,5,5,5,0.0
f319124e-8884-4715-89a8-7f028b907651,0.75,1.0,0.0,5,5,5,0.0
f319124e-8884-4715-89a8-7f028b907651,0.7,1.0,0.0,5,5,5,0.0
f3abaefd-d6e2-4139-9012-2b5875865a6f,0.95,0.0,0.0,5,5,5,1.0
f3abaefd-d6e2-4139-9012-2b5875865a6f,0.9,0.0,0.0,5,5,5,1.0
f3abaefd-d6e2-4139-9012-2b5875865a6f,0.85,0.0,0.0,5,5,5,1.0
f3abaefd-d6e2-4139-9012-2b5875865a6f,0.8,0.0,0.0,5,5,5,1.0
f3abaefd-d6e2-4139-9012-2b5875865a6f,0.75,1.0,0.0,5,5,5,0.0
f3abaefd-d6e2-4139-9012-2b5875865a6f,0.7,1.0,0.0,5,5,5,0.0
f5ccabd5-ef9e-4ef7-8f40-bf97062f84c9,0.95,1.0,0.0,5,5,5,0.0
f5ccabd5-ef9e-4ef7-8f40-bf97062f84c9,0.9,1.0,0.0,5,5,5,0.0
f5ccabd5-ef9e-4ef7-8f40-bf97062f84c9,0.85,1.0,0.0,5,5,5,0.0
f5ccabd5-ef9e-4ef7-8f40-bf97062f84c9,0.8,1.0,0.0,5,5,5,0.0
f5ccabd5-ef9e-4ef7-8f40-bf97062f84c9,0.75,1.0,0.0,5,5,5,0.0
f5ccabd5-ef9e-4ef7-8f40-bf97062f84c9,0.7,1.0,0.0,5,5,5,0.0
f63bb6f5-afbd-4f7c-8f9d-42407e716aba,0.95,1.0,0.0,5,5,5,0.0
f63bb6f5-afbd-4f7c-8f9d-42407e716aba,0.9,1.0,0.0,5,5,5,0.0
f63bb6f5-afbd-4f7c-8f9d-42407e716aba,0.85,1.0,0.0,5,5,5,0.0
f63bb6f5-afbd-4f7c-8f9d-42407e716aba,0.8,1.0,0.0,5,5,5,0.0
f63bb6f5-afbd-4f7c-8f9d-42407e716aba,0.75,1.0,0.0,5,5,5,0.0
f63bb6f5-afbd-4f7c-8f9d-42407e716aba,0.7,1.0,0.0,5,5,5,0.0
f72a2d98-3528-43b7-a533-70a6d565a1b1,0.95,1.0,0.0,5,5,5,0.0
f72a2d98-3528-43b7-a533-70a6d565a1b1,0.9,1.0,0.0,5,5,5,0.0
f72a2d98-3528-43b7-a533-70a6d565a1b1,0.85,1.0,0.0,5,5,5,0.0
f72a2d98-3528-43b7-a533-70a6d565a1b1,0.8,1.0,0.0,5,5,5,0.0
f72a2d98-3528-43b7-a533-70a6d565a1b1,0.75,1.0,0.0,5,5,5,0.0
f72a2d98-3528-43b7-a533-70a6d565a1b1,0.7,1.0,0.0,5,5,5,0.0
f88acc90-2f2e-4b2a-b4ae-7c33448b4bf4,0.95,0.0,0.0,5,5,5,1.0
f88acc90-2f2e-4b2a-b4ae-7c33448b4bf4,0.9,0.0,0.0,5,5,5,1.0
f88acc90-2f2e-4b2a-b4ae-7c33448b4bf4,0.85,0.0,0.0,5,5,5,1.0
f88acc90-2f2e-4b2a-b4ae-7c33448b4bf4,0.8,0.0,0.0,5,5,5,1.0
f88acc90-2f2e-4b2a-b4ae-7c33448b4bf4,0.75,1.0,0.0,5,5,5,0.0
f88acc90-2f2e-4b2a-b4ae-7c33448b4bf4,0.7,1.0,0.0,5,5,5,0.0
f8baad49-0485-46f8-8adf-40cc3816dd4c,0.95,1.0,0.0,5,5,5,0.0
f8baad49-0485-46f8-8adf-40cc3816dd4c,0.9,1.0,0.0,5,5,5,0.0
f8baad49-0485-46f8-8adf-40cc3816dd4c,0.85,1.0,0.0,5,5,5,0.0
f8baad49-0485-46f8-8adf-40cc3816dd4c,0.8,0.0,0.0,5,5,5,1.0
f8baad49-0485-46f8-8adf-40cc3816dd4c,0.75,0.0,0.0,5,5,5,1.0
f8baad49-0485-46f8-8adf-40cc3816dd4c,0.7,1.0,0.0,5,5,5,0.0
f8cdfddf-9cf6-47a0-9325-02b2b957f3a4,0.95,1.0,0.0,5,5,5,0.0
f8cdfddf-9cf6-47a0-9325-02b2b957f3a4,0.9,1.0,0.0,5,5,5,0.0
f8cdfddf-9cf6-47a0-9325-02b2b957f3a4,0.85,1.0,0.0,5,5,5,0.0
f8cdfddf-9cf6-47a0-9325-02b2b957f3a4,0.8,1.0,0.0,5,5,5,0.0
f8cdfddf-9cf6-47a0-9325-02b2b957f3a4,0.75,1.0,0.0,5,5,5,0.0
f8cdfddf-9cf6-47a0-9325-02b2b957f3a4,0.7,1.0,0.0,5,5,5,0.0
f985fa77-3155-4224-aa1d-d2e8f3b440ff,0.95,1.0,0.0,5,5,5,0.0
f985fa77-3155-4224-aa1d-d2e8f3b440ff,0.9,1.0,0.0,5,5,5,0.0
f985fa77-3155-4224-aa1d-d2e8f3b440ff,0.85,1.0,0.0,5,5,5,0.0
f985fa77-3155-4224-aa1d-d2e8f3b440ff,0.8,1.0,0.0,5,5,5,0.0
f985fa77-3155-4224-aa1d-d2e8f3b440ff,0.75,1.0,0.0,5,5,5,0.0
f985fa77-3155-4224-aa1d-d2e8f3b440ff,0.7,1.0,0.0,5,5,5,0.0
fa324236-1591-4f69-a456-5bb0e4fbe09f,0.95,0.0,0.0,5,5,5,1.0
fa324236-1591-4f69-a456-5bb0e4fbe09f,0.9,0.0,0.0,5,5,5,1.0
fa324236-1591-4f69-a456-5bb0e4fbe09f,0.85,0.0,0.0,5,5,5,1.0
fa324236-1591-4f69-a456-5bb0e4fbe09f,0.8,0.0,0.0,5,5,5,1.0
fa324236-1591-4f69-a456-5bb0e4fbe09f,0.75,1.0,0.0,5,5,5,0.0
fa324236-1591-4f69-a456-5bb0e4fbe09f,0.7,1.0,0.0,5,5,5,0.0
fa3aada7-7a6e-4980-b303-4159aa3566dc,0.95,0.0,0.0,9,9,9,1.0
fa3aada7-7a6e-4980-b303-4159aa3566dc,0.9,1.0,0.0,9,9,9,0.0
fa3aada7-7a6e-4980-b303-4159aa3566dc,0.85,1.0,0.0,9,9,9,0.0
fa3aada7-7a6e-4980-b303-4159aa3566dc,0.8,1.0,0.0,9,9,9,0.0
fa3aada7-7a6e-4980-b303-4159aa3566dc,0.75,1.0,0.0,9,9,9,0.0
fa3aada7-7a6e-4980-b303-4159aa3566dc,0.7,1.0,0.0,9,9,9,0.0
fac7a10b-10bf-442b-8720-ca2ec1d01150,0.95,0.0,0.0,5,5,5,1.0
fac7a10b-10bf-442b-8720-ca2ec1d01150,0.9,0.0,0.0,5,5,5,1.0
fac7a10b-10bf-442b-8720-ca2ec1d01150,0.85,0.0,0.0,5,5,5,1.0
fac7a10b-10bf-442b-8720-ca2ec1d01150,0.8,0.0,0.0,5,5,5,1.0
fac7a10b-10bf-442b-8720-ca2ec1d01150,0.75,0.0,0.0,5,5,5,1.0
fac7a10b-10bf-442b-8720-ca2ec1d01150,0.7,0.0,0.0,5,5,5,1.0
fb4c3422-a0a4-409f-99d7-cad7cbfafb58,0.95,0.0,0.0,5,5,5,1.0
fb4c3422-a0a4-409f-99d7-cad7cbfafb58,0.9,0.0,0.0,5,5,5,1.0
fb4c3422-a0a4-409f-99d7-cad7cbfafb58,0.85,1.0,0.0,5,5,5,0.0
fb4c3422-a0a4-409f-99d7-cad7cbfafb58,0.8,1.0,0.0,5,5,5,0.0
fb4c3422-a0a4-409f-99d7-cad7cbfafb58,0.75,1.0,0.0,5,5,5,0.0
fb4c3422-a0a4-409f-99d7-cad7cbfafb58,0.7,1.0,0.0,5,5,5,0.0
fbea0ee3-a3e6-4766-a9d8-a6460a536eb5,0.95,0.0,0.0,5,5,5,1.0
fbea0ee3-a3e6-4766-a9d8-a6460a536eb5,0.9,0.0,0.0,5,5,5,1.0
fbea0ee3-a3e6-4766-a9d8-a6460a536eb5,0.85,0.0,0.0,5,5,5,1.0
fbea0ee3-a3e6-4766-a9d8-a6460a536eb5,0.8,1.0,0.0,5,5,5,0.0
fbea0ee3-a3e6-4766-a9d8-a6460a536eb5,0.75,1.0,0.0,5,5,5,0.0
fbea0ee3-a3e6-4766-a9d8-a6460a536eb5,0.7,1.0,0.0,5,5,5,0.0
fc5c3093-35f3-410f-b9c6-994b15894c82,0.95,1.0,0.0,5,5,5,0.0
fc5c3093-35f3-410f-b9c6-994b15894c82,0.9,1.0,0.0,5,5,5,0.0
fc5c3093-35f3-410f-b9c6-994b15894c82,0.85,1.0,0.0,5,5,5,0.0
fc5c3093-35f3-410f-b9c6-994b15894c82,0.8,1.0,0.0,5,5,5,0.0
fc5c3093-35f3-410f-b9c6-994b15894c82,0.75,1.0,0.0,5,5,5,0.0
fc5c3093-35f3-410f-b9c6-994b15894c82,0.7,1.0,0.0,5,5,5,0.0
fcfc4d7e-7051-46c5-9d1d-c10b8af6f19a,0.95,1.0,0.0,10,10,10,0.0
fcfc4d7e-7051-46c5-9d1d-c10b8af6f19a,0.9,1.0,0.0,10,10,10,0.0
fcfc4d7e-7051-46c5-9d1d-c10b8af6f19a,0.85,1.0,0.0,10,10,10,0.0
fcfc4d7e-7051-46c5-9d1d-c10b8af6f19a,0.8,1.0,0.0,10,10,10,0.0
fcfc4d7e-7051-46c5-9d1d-c10b8af6f19a,0.75,1.0,0.0,10,10,10,0.0
fcfc4d7e-7051-46c5-9d1d-c10b8af6f19a,0.7,0.0,0.0,10,10,10,1.0
fd585f26-8c6e-486e-9b6f-d3b768dd455e,0.95,0.0,0.0,5,5,5,1.0
fd585f26-8c6e-486e-9b6f-d3b768dd455e,0.9,0.0,0.0,5,5,5,1.0
fd585f26-8c6e-486e-9b6f-d3b768dd455e,0.85,0.0,0.0,5,5,5,1.0
fd585f26-8c6e-486e-9b6f-d3b768dd455e,0.8,0.0,0.0,5,5,5,1.0
fd585f26-8c6e-486e-9b6f-d3b768dd455e,0.75,0.0,0.0,5,5,5,1.0
fd585f26-8c6e-486e-9b6f-d3b768dd455e,0.7,0.0,0.0,5,5,5,1.0
fd9469cb-8b12-49b5-9eff-78d8b1313864,0.95,1.0,0.0,5,5,5,0.0
fd9469cb-8b12-49b5-9eff-78d8b1313864,0.9,1.0,0.0,5,5,5,0.0
fd9469cb-8b12-49b5-9eff-78d8b1313864,0.85,1.0,0.0,5,5,5,0.0
fd9469cb-8b12-49b5-9eff-78d8b1313864,0.8,1.0,0.0,5,5,5,0.0
fd9469cb-8b12-49b5-9eff-78d8b1313864,0.75,1.0,0.0,5,5,5,0.0
fd9469cb-8b12-49b5-9eff-78d8b1313864,0.7,1.0,0.0,5,5,5,0.0
fd977403-6339-4364-a644-50c9492ea449,0.95,0.0,0.0,8,8,8,1.0
fd977403-6339-4364-a644-50c9492ea449,0.9,0.0,0.0,8,8,8,1.0
fd977403-6339-4364-a644-50c9492ea449,0.85,0.0,0.0,8,8,8,1.0
fd977403-6339-4364-a644-50c9492ea449,0.8,0.0,0.0,8,8,8,1.0
fd977403-6339-4364-a644-50c9492ea449,0.75,1.0,0.0,8,8,8,0.0
fd977403-6339-4364-a644-50c9492ea449,0.7,1.0,0.0,8,8,8,0.0
fdf6687c-6d21-40a0-8f01-241dd59eb4b7,0.95,1.0,0.0,5,5,5,0.0
fdf6687c-6d21-40a0-8f01-241dd59eb4b7,0.9,1.0,0.0,5,5,5,0.0
fdf6687c-6d21-40a0-8f01-241dd59eb4b7,0.85,1.0,0.0,5,5,5,0.0
fdf6687c-6d21-40a0-8f01-241dd59eb4b7,0.8,1.0,0.0,5,5,5,0.0
fdf6687c-6d21-40a0-8f01-241dd59eb4b7,0.75,1.0,0.0,5,5,5,0.0
fdf6687c-6d21-40a0-8f01-241dd59eb4b7,0.7,1.0,0.0,5,5,5,0.0
fe442040-187a-4836-9fcf-711b94c499b0,0.95,0.0,0.0,5,5,5,1.0
fe442040-187a-4836-9fcf-711b94c499b0,0.9,0.0,0.0,5,5,5,1.0
fe442040-187a-4836-9fcf-711b94c499b0,0.85,0.0,0.0,5,5,5,1.0
fe442040-187a-4836-9fcf-711b94c499b0,0.8,1.0,0.0,5,5,5,0.0
fe442040-187a-4836-9fcf-711b94c499b0,0.75,0.0,0.0,5,5,5,1.0
fe442040-187a-4836-9fcf-711b94c499b0,0.7,1.0,0.0,5,5,5,0.0
fe4456cb-9e4d-42e5-90e7-59b4ba93d524,0.95,1.0,0.0,5,5,5,0.0
fe4456cb-9e4d-42e5-90e7-59b4ba93d524,0.9,1.0,0.0,5,5,5,0.0
fe4456cb-9e4d-42e5-90e7-59b4ba93d524,0.85,1.0,0.0,5,5,5,0.0
fe4456cb-9e4d-42e5-90e7-59b4ba93d524,0.8,1.0,0.0,5,5,5,0.0
fe4456cb-9e4d-42e5-90e7-59b4ba93d524,0.75,0.0,0.0,5,5,5,1.0
fe4456cb-9e4d-42e5-90e7-59b4ba93d524,0.7,1.0,0.0,5,5,5,0.0
feacc88b-0b9e-4302-a542-51c5b2a97563,0.95,1.0,0.0,5,5,5,0.0
feacc88b-0b9e-4302-a542-51c5b2a97563,0.9,1.0,0.0,5,5,5,0.0
feacc88b-0b9e-4302-a542-51c5b2a97563,0.85,1.0,0.0,5,5,5,0.0
feacc88b-0b9e-4302-a542-51c5b2a97563,0.8,1.0,0.0,5,5,5,0.0
feacc88b-0b9e-4302-a542-51c5b2a97563,0.75,0.0,0.0,5,5,5,1.0
feacc88b-0b9e-4302-a542-51c5b2a97563,0.7,0.0,0.0,5,5,5,1.0
ffbb104d-54d5-42c3-a6a7-0e5b6c060ff4,0.95,0.0,0.0,5,5,5,1.0
ffbb104d-54d5-42c3-a6a7-0e5b6c060ff4,0.9,1.0,0.0,5,5,5,0.0
ffbb104d-54d5-42c3-a6a7-0e5b6c060ff4,0.85,1.0,0.0,5,5,5,0.0
ffbb104d-54d5-42c3-a6a7-0e5b6c060ff4,0.8,1.0,0.0,5,5,5,0.0
ffbb104d-54d5-42c3-a6a7-0e5b6c060ff4,0.75,0.0,0.0,5,5,5,1.0
ffbb104d-54d5-42c3-a6a7-0e5b6c060ff4,0.7,1.0,0.0,5,5,5,0.0
ffeb80c5-0461-40d9-92b7-0e4f307ade56,0.95,1.0,0.0,5,5,5,0.0
ffeb80c5-0461-40d9-92b7-0e4f307ade56,0.9,1.0,0.0,5,5,5,0.0
ffeb80c5-0461-40d9-92b7-0e4f307ade56,0.85,1.0,0.0,5,5,5,0.0
ffeb80c5-0461-40d9-92b7-0e4f307ade56,0.8,1.0,0.0,5,5,5,0.0
ffeb80c5-0461-40d9-92b7-0e4f307ade56,0.75,1.0,0.0,5,5,5,0.0
ffeb80c5-0461-40d9-92b7-0e4f307ade56,0.7,1.0,0.0,5,5,5,0.0
